2026-05-18 00:49:50 URL:https://blog.curiouscardinals.com/how-podcasts-can-spark-your-teens-next-passion [77427] -> "/Users/briannazajicek/Documents/illuminairy/archives/curious-cardinals-2026-05-18/blog/blog.curiouscardinals.com/how-podcasts-can-spark-your-teens-next-passion.html" [1]
Cookie coming from blog.curiouscardinals.com attempted to set domain to hubspotusercontent-na2.net
2026-05-18 00:49:50 URL:https://blog.curiouscardinals.com/hubfs/LogoSymbol.png [1847/1847] -> "/Users/briannazajicek/Documents/illuminairy/archives/curious-cardinals-2026-05-18/blog/blog.curiouscardinals.com/hubfs/LogoSymbol.png" [1]
2026-05-18 00:49:50 URL:https://7052064.fs1.hubspotusercontent-na1.net/hubfs/7052064/hub_generated/template_assets/DEFAULT_ASSET/1778089434575/template_main.min.css [26133/26133] -> "/Users/briannazajicek/Documents/illuminairy/archives/curious-cardinals-2026-05-18/blog/7052064.fs1.hubspotusercontent-na1.net/hubfs/7052064/hub_generated/template_assets/DEFAULT_ASSET/1778089434575/template_main.min.css" [1]
2026-05-18 00:49:51 URL:https://7052064.fs1.hubspotusercontent-na1.net/hubfs/7052064/hub_generated/template_assets/DEFAULT_ASSET/1778089451961/template_blog.min.css [6237/6237] -> "/Users/briannazajicek/Documents/illuminairy/archives/curious-cardinals-2026-05-18/blog/7052064.fs1.hubspotusercontent-na1.net/hubfs/7052064/hub_generated/template_assets/DEFAULT_ASSET/1778089451961/template_blog.min.css" [1]
2026-05-18 00:49:51 URL:https://7052064.fs1.hubspotusercontent-na1.net/hubfs/7052064/hub_generated/module_assets/1/-25202732329/1778089497076/module_menu-section.min.css [3742/3742] -> "/Users/briannazajicek/Documents/illuminairy/archives/curious-cardinals-2026-05-18/blog/7052064.fs1.hubspotusercontent-na1.net/hubfs/7052064/hub_generated/module_assets/1/-25202732329/1778089497076/module_menu-section.min.css" [1]
Cookie coming from blog.curiouscardinals.com attempted to set domain to hubspotusercontent.com
2026-05-18 00:49:51 URL:https://blog.curiouscardinals.com/hs/hsstatic/AsyncSupport/static-1.501/sass/comments_listing_asset.css [1090] -> "/Users/briannazajicek/Documents/illuminairy/archives/curious-cardinals-2026-05-18/blog/blog.curiouscardinals.com/hs/hsstatic/AsyncSupport/static-1.501/sass/comments_listing_asset.css" [1]
2026-05-18 00:49:52 URL:https://7052064.fs1.hubspotusercontent-na1.net/hubfs/7052064/hub_generated/module_assets/1/-25202478151/1778089500748/module_related-post-listing.min.css [1350/1350] -> "/Users/briannazajicek/Documents/illuminairy/archives/curious-cardinals-2026-05-18/blog/7052064.fs1.hubspotusercontent-na1.net/hubfs/7052064/hub_generated/module_assets/1/-25202478151/1778089500748/module_related-post-listing.min.css" [1]
2026-05-18 00:49:52 URL:https://7052064.fs1.hubspotusercontent-na1.net/hubfs/7052064/hub_generated/module_assets/1/-25202478153/1778089498973/module_social-follow.min.css [459/459] -> "/Users/briannazajicek/Documents/illuminairy/archives/curious-cardinals-2026-05-18/blog/7052064.fs1.hubspotusercontent-na1.net/hubfs/7052064/hub_generated/module_assets/1/-25202478153/1778089498973/module_social-follow.min.css" [1]
Cookie coming from blog.curiouscardinals.com attempted to set domain to hubspotusercontent-na2.net
2026-05-18 00:49:53 URL:https://blog.curiouscardinals.com/_hcms/googlefonts/Inter/500.woff2 [111688/111688] -> "/Users/briannazajicek/Documents/illuminairy/archives/curious-cardinals-2026-05-18/blog/blog.curiouscardinals.com/_hcms/googlefonts/Inter/500.woff2" [1]
Cookie coming from blog.curiouscardinals.com attempted to set domain to hubspotusercontent-na2.net
2026-05-18 00:49:53 URL:https://blog.curiouscardinals.com/_hcms/googlefonts/Inter/500.woff [142912/142912] -> "/Users/briannazajicek/Documents/illuminairy/archives/curious-cardinals-2026-05-18/blog/blog.curiouscardinals.com/_hcms/googlefonts/Inter/500.woff" [1]
Cookie coming from blog.curiouscardinals.com attempted to set domain to hubspotusercontent-na2.net
2026-05-18 00:49:53 URL:https://blog.curiouscardinals.com/_hcms/googlefonts/Inter/regular.woff2 [108176/108176] -> "/Users/briannazajicek/Documents/illuminairy/archives/curious-cardinals-2026-05-18/blog/blog.curiouscardinals.com/_hcms/googlefonts/Inter/regular.woff2" [1]
Cookie coming from blog.curiouscardinals.com attempted to set domain to hubspotusercontent-na2.net
2026-05-18 00:49:54 URL:https://blog.curiouscardinals.com/_hcms/googlefonts/Inter/regular.woff [139512/139512] -> "/Users/briannazajicek/Documents/illuminairy/archives/curious-cardinals-2026-05-18/blog/blog.curiouscardinals.com/_hcms/googlefonts/Inter/regular.woff" [1]
Cookie coming from blog.curiouscardinals.com attempted to set domain to hubspotusercontent-na2.net
2026-05-18 00:49:54 URL:https://blog.curiouscardinals.com/_hcms/googlefonts/Inter/700.woff2 [112368/112368] -> "/Users/briannazajicek/Documents/illuminairy/archives/curious-cardinals-2026-05-18/blog/blog.curiouscardinals.com/_hcms/googlefonts/Inter/700.woff2" [1]
Cookie coming from blog.curiouscardinals.com attempted to set domain to hubspotusercontent-na2.net
2026-05-18 00:49:54 URL:https://blog.curiouscardinals.com/_hcms/googlefonts/Inter/700.woff [144024/144024] -> "/Users/briannazajicek/Documents/illuminairy/archives/curious-cardinals-2026-05-18/blog/blog.curiouscardinals.com/_hcms/googlefonts/Inter/700.woff" [1]
Cookie coming from blog.curiouscardinals.com attempted to set domain to hubspotusercontent-na2.net
2026-05-18 00:49:55 URL:https://blog.curiouscardinals.com/_hcms/googlefonts/Lato/900.woff2 [14840/14840] -> "/Users/briannazajicek/Documents/illuminairy/archives/curious-cardinals-2026-05-18/blog/blog.curiouscardinals.com/_hcms/googlefonts/Lato/900.woff2" [1]
Cookie coming from blog.curiouscardinals.com attempted to set domain to hubspotusercontent-na2.net
2026-05-18 00:49:55 URL:https://blog.curiouscardinals.com/_hcms/googlefonts/Lato/900.woff [18592/18592] -> "/Users/briannazajicek/Documents/illuminairy/archives/curious-cardinals-2026-05-18/blog/blog.curiouscardinals.com/_hcms/googlefonts/Lato/900.woff" [1]
Cookie coming from blog.curiouscardinals.com attempted to set domain to hubspotusercontent-na2.net
2026-05-18 00:49:55 URL:https://blog.curiouscardinals.com/_hcms/googlefonts/Lato/700.woff2 [15280/15280] -> "/Users/briannazajicek/Documents/illuminairy/archives/curious-cardinals-2026-05-18/blog/blog.curiouscardinals.com/_hcms/googlefonts/Lato/700.woff2" [1]
Cookie coming from blog.curiouscardinals.com attempted to set domain to hubspotusercontent-na2.net
2026-05-18 00:49:55 URL:https://blog.curiouscardinals.com/_hcms/googlefonts/Lato/700.woff [19076/19076] -> "/Users/briannazajicek/Documents/illuminairy/archives/curious-cardinals-2026-05-18/blog/blog.curiouscardinals.com/_hcms/googlefonts/Lato/700.woff" [1]
Cookie coming from blog.curiouscardinals.com attempted to set domain to hubspotusercontent-na2.net
2026-05-18 00:49:56 URL:https://blog.curiouscardinals.com/_hcms/googlefonts/Lato/300.woff2 [14988/14988] -> "/Users/briannazajicek/Documents/illuminairy/archives/curious-cardinals-2026-05-18/blog/blog.curiouscardinals.com/_hcms/googlefonts/Lato/300.woff2" [1]
Cookie coming from blog.curiouscardinals.com attempted to set domain to hubspotusercontent-na2.net
2026-05-18 00:49:56 URL:https://blog.curiouscardinals.com/_hcms/googlefonts/Lato/300.woff [18844/18844] -> "/Users/briannazajicek/Documents/illuminairy/archives/curious-cardinals-2026-05-18/blog/blog.curiouscardinals.com/_hcms/googlefonts/Lato/300.woff" [1]
Cookie coming from blog.curiouscardinals.com attempted to set domain to hubspotusercontent-na2.net
2026-05-18 00:49:56 URL:https://blog.curiouscardinals.com/_hcms/googlefonts/Lato/regular.woff2 [15088/15088] -> "/Users/briannazajicek/Documents/illuminairy/archives/curious-cardinals-2026-05-18/blog/blog.curiouscardinals.com/_hcms/googlefonts/Lato/regular.woff2" [1]
Cookie coming from blog.curiouscardinals.com attempted to set domain to hubspotusercontent-na2.net
2026-05-18 00:49:57 URL:https://blog.curiouscardinals.com/_hcms/googlefonts/Lato/regular.woff [18840/18840] -> "/Users/briannazajicek/Documents/illuminairy/archives/curious-cardinals-2026-05-18/blog/blog.curiouscardinals.com/_hcms/googlefonts/Lato/regular.woff" [1]
Cookie coming from blog.curiouscardinals.com attempted to set domain to hubspotusercontent-na2.net
2026-05-18 00:49:57 URL:https://blog.curiouscardinals.com/_hcms/googlefonts/Nunito_Sans/800.woff2 [35848/35848] -> "/Users/briannazajicek/Documents/illuminairy/archives/curious-cardinals-2026-05-18/blog/blog.curiouscardinals.com/_hcms/googlefonts/Nunito_Sans/800.woff2" [1]
Cookie coming from blog.curiouscardinals.com attempted to set domain to hubspotusercontent-na2.net
2026-05-18 00:49:57 URL:https://blog.curiouscardinals.com/_hcms/googlefonts/Nunito_Sans/800.woff [46072/46072] -> "/Users/briannazajicek/Documents/illuminairy/archives/curious-cardinals-2026-05-18/blog/blog.curiouscardinals.com/_hcms/googlefonts/Nunito_Sans/800.woff" [1]
Cookie coming from blog.curiouscardinals.com attempted to set domain to hubspotusercontent-na2.net
2026-05-18 00:49:58 URL:https://blog.curiouscardinals.com/_hcms/googlefonts/Nunito_Sans/900.woff2 [36064/36064] -> "/Users/briannazajicek/Documents/illuminairy/archives/curious-cardinals-2026-05-18/blog/blog.curiouscardinals.com/_hcms/googlefonts/Nunito_Sans/900.woff2" [1]
Cookie coming from blog.curiouscardinals.com attempted to set domain to hubspotusercontent-na2.net
2026-05-18 00:49:59 URL:https://blog.curiouscardinals.com/_hcms/googlefonts/Nunito_Sans/900.woff [46304/46304] -> "/Users/briannazajicek/Documents/illuminairy/archives/curious-cardinals-2026-05-18/blog/blog.curiouscardinals.com/_hcms/googlefonts/Nunito_Sans/900.woff" [1]
Cookie coming from blog.curiouscardinals.com attempted to set domain to hubspotusercontent-na2.net
2026-05-18 00:49:59 URL:https://blog.curiouscardinals.com/_hcms/googlefonts/Nunito_Sans/700.woff2 [35296/35296] -> "/Users/briannazajicek/Documents/illuminairy/archives/curious-cardinals-2026-05-18/blog/blog.curiouscardinals.com/_hcms/googlefonts/Nunito_Sans/700.woff2" [1]
Cookie coming from blog.curiouscardinals.com attempted to set domain to hubspotusercontent-na2.net
2026-05-18 00:50:00 URL:https://blog.curiouscardinals.com/_hcms/googlefonts/Nunito_Sans/700.woff [45412/45412] -> "/Users/briannazajicek/Documents/illuminairy/archives/curious-cardinals-2026-05-18/blog/blog.curiouscardinals.com/_hcms/googlefonts/Nunito_Sans/700.woff" [1]
Cookie coming from blog.curiouscardinals.com attempted to set domain to hubspotusercontent-na2.net
2026-05-18 00:50:01 URL:https://blog.curiouscardinals.com/_hcms/googlefonts/Nunito_Sans/300.woff2 [35308/35308] -> "/Users/briannazajicek/Documents/illuminairy/archives/curious-cardinals-2026-05-18/blog/blog.curiouscardinals.com/_hcms/googlefonts/Nunito_Sans/300.woff2" [1]
Cookie coming from blog.curiouscardinals.com attempted to set domain to hubspotusercontent-na2.net
2026-05-18 00:50:01 URL:https://blog.curiouscardinals.com/_hcms/googlefonts/Nunito_Sans/300.woff [45444/45444] -> "/Users/briannazajicek/Documents/illuminairy/archives/curious-cardinals-2026-05-18/blog/blog.curiouscardinals.com/_hcms/googlefonts/Nunito_Sans/300.woff" [1]
Cookie coming from blog.curiouscardinals.com attempted to set domain to hubspotusercontent-na2.net
2026-05-18 00:50:02 URL:https://blog.curiouscardinals.com/_hcms/googlefonts/Nunito_Sans/regular.woff2 [35676/35676] -> "/Users/briannazajicek/Documents/illuminairy/archives/curious-cardinals-2026-05-18/blog/blog.curiouscardinals.com/_hcms/googlefonts/Nunito_Sans/regular.woff2" [1]
Cookie coming from blog.curiouscardinals.com attempted to set domain to hubspotusercontent-na2.net
2026-05-18 00:50:02 URL:https://blog.curiouscardinals.com/_hcms/googlefonts/Nunito_Sans/regular.woff [45828/45828] -> "/Users/briannazajicek/Documents/illuminairy/archives/curious-cardinals-2026-05-18/blog/blog.curiouscardinals.com/_hcms/googlefonts/Nunito_Sans/regular.woff" [1]
2026-05-18 00:50:03 URL:https://blog.curiouscardinals.com/hs-fs/hubfs/cc-logo-black-1.png?width=173&height=57&name=cc-logo-black-1.png [3765/3765] -> "/Users/briannazajicek/Documents/illuminairy/archives/curious-cardinals-2026-05-18/blog/blog.curiouscardinals.com/hs-fs/hubfs/cc-logo-black-1.png?width=173&height=57&name=cc-logo-black-1.png" [1]
2026-05-18 00:50:03 URL:https://blog.curiouscardinals.com/hs-fs/hubfs/cc-logo-black-1.png?width=87&height=29&name=cc-logo-black-1.png [2130/2130] -> "/Users/briannazajicek/Documents/illuminairy/archives/curious-cardinals-2026-05-18/blog/blog.curiouscardinals.com/hs-fs/hubfs/cc-logo-black-1.png?width=87&height=29&name=cc-logo-black-1.png" [1]
2026-05-18 00:50:04 URL:https://blog.curiouscardinals.com/hs-fs/hubfs/cc-logo-black-1.png?width=260&height=86&name=cc-logo-black-1.png [5542/5542] -> "/Users/briannazajicek/Documents/illuminairy/archives/curious-cardinals-2026-05-18/blog/blog.curiouscardinals.com/hs-fs/hubfs/cc-logo-black-1.png?width=260&height=86&name=cc-logo-black-1.png" [1]
2026-05-18 00:50:04 URL:https://blog.curiouscardinals.com/hs-fs/hubfs/cc-logo-black-1.png?width=346&height=114&name=cc-logo-black-1.png [7331/7331] -> "/Users/briannazajicek/Documents/illuminairy/archives/curious-cardinals-2026-05-18/blog/blog.curiouscardinals.com/hs-fs/hubfs/cc-logo-black-1.png?width=346&height=114&name=cc-logo-black-1.png" [1]
2026-05-18 00:50:04 URL:https://blog.curiouscardinals.com/hs-fs/hubfs/cc-logo-black-1.png?width=433&height=143&name=cc-logo-black-1.png [9019/9019] -> "/Users/briannazajicek/Documents/illuminairy/archives/curious-cardinals-2026-05-18/blog/blog.curiouscardinals.com/hs-fs/hubfs/cc-logo-black-1.png?width=433&height=143&name=cc-logo-black-1.png" [1]
2026-05-18 00:50:04 URL:https://blog.curiouscardinals.com/hs-fs/hubfs/cc-logo-black-1.png?width=519&height=171&name=cc-logo-black-1.png [10810/10810] -> "/Users/briannazajicek/Documents/illuminairy/archives/curious-cardinals-2026-05-18/blog/blog.curiouscardinals.com/hs-fs/hubfs/cc-logo-black-1.png?width=519&height=171&name=cc-logo-black-1.png" [1]
Cookie coming from blog.curiouscardinals.com attempted to set domain to hubspotusercontent-na2.net
2026-05-18 00:50:06 URL:https://blog.curiouscardinals.com/hubfs/Screen%20Shot%202025-04-28%20at%203.19.47%20PM.png [617569/617569] -> "/Users/briannazajicek/Documents/illuminairy/archives/curious-cardinals-2026-05-18/blog/blog.curiouscardinals.com/hubfs/Screen Shot 2025-04-28 at 3.19.47 PM.png" [1]
2026-05-18 00:50:07 URL:https://blog.curiouscardinals.com/hs-fs/hubfs/Screen%20Shot%202025-04-08%20at%206.34.31%20PM.png?width=1114&height=1060&name=Screen%20Shot%202025-04-08%20at%206.34.31%20PM.png [1238062/1238062] -> "/Users/briannazajicek/Documents/illuminairy/archives/curious-cardinals-2026-05-18/blog/blog.curiouscardinals.com/hs-fs/hubfs/Screen Shot 2025-04-08 at 6.34.31 PM.png?width=1114&height=1060&name=Screen Shot 2025-04-08 at 6.34.31 PM.png" [1]
2026-05-18 00:50:08 URL:https://blog.curiouscardinals.com/hs-fs/hubfs/Screen%20Shot%202025-04-08%20at%206.34.31%20PM.png?width=557&height=530&name=Screen%20Shot%202025-04-08%20at%206.34.31%20PM.png [169007/169007] -> "/Users/briannazajicek/Documents/illuminairy/archives/curious-cardinals-2026-05-18/blog/blog.curiouscardinals.com/hs-fs/hubfs/Screen Shot 2025-04-08 at 6.34.31 PM.png?width=557&height=530&name=Screen Shot 2025-04-08 at 6.34.31 PM.png" [1]
2026-05-18 00:50:09 URL:https://blog.curiouscardinals.com/hs-fs/hubfs/Screen%20Shot%202025-04-08%20at%206.34.31%20PM.png?width=1671&height=1590&name=Screen%20Shot%202025-04-08%20at%206.34.31%20PM.png [1238062/1238062] -> "/Users/briannazajicek/Documents/illuminairy/archives/curious-cardinals-2026-05-18/blog/blog.curiouscardinals.com/hs-fs/hubfs/Screen Shot 2025-04-08 at 6.34.31 PM.png?width=1671&height=1590&name=Screen Shot 2025-04-08 at 6.34.31 PM.png" [1]
2026-05-18 00:50:11 URL:https://blog.curiouscardinals.com/hs-fs/hubfs/Screen%20Shot%202025-04-08%20at%206.34.31%20PM.png?width=2228&height=2120&name=Screen%20Shot%202025-04-08%20at%206.34.31%20PM.png [1238062/1238062] -> "/Users/briannazajicek/Documents/illuminairy/archives/curious-cardinals-2026-05-18/blog/blog.curiouscardinals.com/hs-fs/hubfs/Screen Shot 2025-04-08 at 6.34.31 PM.png?width=2228&height=2120&name=Screen Shot 2025-04-08 at 6.34.31 PM.png" [1]
2026-05-18 00:50:12 URL:https://blog.curiouscardinals.com/hs-fs/hubfs/Screen%20Shot%202025-04-08%20at%206.34.31%20PM.png?width=2785&height=2650&name=Screen%20Shot%202025-04-08%20at%206.34.31%20PM.png [1238062/1238062] -> "/Users/briannazajicek/Documents/illuminairy/archives/curious-cardinals-2026-05-18/blog/blog.curiouscardinals.com/hs-fs/hubfs/Screen Shot 2025-04-08 at 6.34.31 PM.png?width=2785&height=2650&name=Screen Shot 2025-04-08 at 6.34.31 PM.png" [1]
2026-05-18 00:50:13 URL:https://blog.curiouscardinals.com/hs-fs/hubfs/Screen%20Shot%202025-04-08%20at%206.34.31%20PM.png?width=3342&height=3180&name=Screen%20Shot%202025-04-08%20at%206.34.31%20PM.png [1238062/1238062] -> "/Users/briannazajicek/Documents/illuminairy/archives/curious-cardinals-2026-05-18/blog/blog.curiouscardinals.com/hs-fs/hubfs/Screen Shot 2025-04-08 at 6.34.31 PM.png?width=3342&height=3180&name=Screen Shot 2025-04-08 at 6.34.31 PM.png" [1]
2026-05-18 00:50:14 URL:https://blog.curiouscardinals.com/hs-fs/hubfs/Screen%20Shot%202025-04-08%20at%206.36.44%20PM.png?width=2238&height=1482&name=Screen%20Shot%202025-04-08%20at%206.36.44%20PM.png [4449009/4449009] -> "/Users/briannazajicek/Documents/illuminairy/archives/curious-cardinals-2026-05-18/blog/blog.curiouscardinals.com/hs-fs/hubfs/Screen Shot 2025-04-08 at 6.36.44 PM.png?width=2238&height=1482&name=Screen Shot 2025-04-08 at 6.36.44 PM.png" [1]
2026-05-18 00:50:16 URL:https://blog.curiouscardinals.com/hs-fs/hubfs/Screen%20Shot%202025-04-08%20at%206.36.44%20PM.png?width=1119&height=741&name=Screen%20Shot%202025-04-08%20at%206.36.44%20PM.png [491486/491486] -> "/Users/briannazajicek/Documents/illuminairy/archives/curious-cardinals-2026-05-18/blog/blog.curiouscardinals.com/hs-fs/hubfs/Screen Shot 2025-04-08 at 6.36.44 PM.png?width=1119&height=741&name=Screen Shot 2025-04-08 at 6.36.44 PM.png" [1]
2026-05-18 00:50:18 URL:https://blog.curiouscardinals.com/hs-fs/hubfs/Screen%20Shot%202025-04-08%20at%206.36.44%20PM.png?width=3357&height=2223&name=Screen%20Shot%202025-04-08%20at%206.36.44%20PM.png [4449009/4449009] -> "/Users/briannazajicek/Documents/illuminairy/archives/curious-cardinals-2026-05-18/blog/blog.curiouscardinals.com/hs-fs/hubfs/Screen Shot 2025-04-08 at 6.36.44 PM.png?width=3357&height=2223&name=Screen Shot 2025-04-08 at 6.36.44 PM.png" [1]
2026-05-18 00:50:20 URL:https://blog.curiouscardinals.com/hs-fs/hubfs/Screen%20Shot%202025-04-08%20at%206.36.44%20PM.png?width=4476&height=2964&name=Screen%20Shot%202025-04-08%20at%206.36.44%20PM.png [4449009/4449009] -> "/Users/briannazajicek/Documents/illuminairy/archives/curious-cardinals-2026-05-18/blog/blog.curiouscardinals.com/hs-fs/hubfs/Screen Shot 2025-04-08 at 6.36.44 PM.png?width=4476&height=2964&name=Screen Shot 2025-04-08 at 6.36.44 PM.png" [1]
2026-05-18 00:50:21 URL:https://blog.curiouscardinals.com/hs-fs/hubfs/Screen%20Shot%202025-04-08%20at%206.36.44%20PM.png?width=5595&height=3705&name=Screen%20Shot%202025-04-08%20at%206.36.44%20PM.png [4449009/4449009] -> "/Users/briannazajicek/Documents/illuminairy/archives/curious-cardinals-2026-05-18/blog/blog.curiouscardinals.com/hs-fs/hubfs/Screen Shot 2025-04-08 at 6.36.44 PM.png?width=5595&height=3705&name=Screen Shot 2025-04-08 at 6.36.44 PM.png" [1]
2026-05-18 00:50:23 URL:https://blog.curiouscardinals.com/hs-fs/hubfs/Screen%20Shot%202025-04-08%20at%206.36.44%20PM.png?width=6714&height=4446&name=Screen%20Shot%202025-04-08%20at%206.36.44%20PM.png [4449009/4449009] -> "/Users/briannazajicek/Documents/illuminairy/archives/curious-cardinals-2026-05-18/blog/blog.curiouscardinals.com/hs-fs/hubfs/Screen Shot 2025-04-08 at 6.36.44 PM.png?width=6714&height=4446&name=Screen Shot 2025-04-08 at 6.36.44 PM.png" [1]
Cookie coming from blog.curiouscardinals.com attempted to set domain to hubspotusercontent-na2.net
2026-05-18 00:50:24 URL:https://blog.curiouscardinals.com/hubfs/blog%20banners%20--%20CC%20(3)-2.png [1471993/1471993] -> "/Users/briannazajicek/Documents/illuminairy/archives/curious-cardinals-2026-05-18/blog/blog.curiouscardinals.com/hubfs/blog banners -- CC (3)-2.png" [1]
Cookie coming from blog.curiouscardinals.com attempted to set domain to hubspotusercontent-na2.net
2026-05-18 00:50:25 URL:https://blog.curiouscardinals.com/hubfs/climate%20change.png [211111/211111] -> "/Users/briannazajicek/Documents/illuminairy/archives/curious-cardinals-2026-05-18/blog/blog.curiouscardinals.com/hubfs/climate change.png" [1]
Cookie coming from blog.curiouscardinals.com attempted to set domain to hubspotusercontent.com
2026-05-18 00:50:25 URL:https://blog.curiouscardinals.com/hs/hsstatic/content-cwv-embed/static-1.1293/embed.js [13757] -> "/Users/briannazajicek/Documents/illuminairy/archives/curious-cardinals-2026-05-18/blog/blog.curiouscardinals.com/hs/hsstatic/content-cwv-embed/static-1.1293/embed.js" [1]
2026-05-18 00:50:26 URL:https://7052064.fs1.hubspotusercontent-na1.net/hubfs/7052064/hub_generated/template_assets/DEFAULT_ASSET/1778089455916/template_main.min.js [1281/1281] -> "/Users/briannazajicek/Documents/illuminairy/archives/curious-cardinals-2026-05-18/blog/7052064.fs1.hubspotusercontent-na1.net/hubfs/7052064/hub_generated/template_assets/DEFAULT_ASSET/1778089455916/template_main.min.js" [1]
Cookie coming from blog.curiouscardinals.com attempted to set domain to hubspotusercontent.com
2026-05-18 00:50:26 URL:https://blog.curiouscardinals.com/hs/hsstatic/cos-i18n/static-1.53/bundles/project.js [1243] -> "/Users/briannazajicek/Documents/illuminairy/archives/curious-cardinals-2026-05-18/blog/blog.curiouscardinals.com/hs/hsstatic/cos-i18n/static-1.53/bundles/project.js" [1]
2026-05-18 00:50:27 URL:https://7052064.fs1.hubspotusercontent-na1.net/hubfs/7052064/hub_generated/module_assets/1/-25202732329/1778089497076/module_menu-section.min.js [498/498] -> "/Users/briannazajicek/Documents/illuminairy/archives/curious-cardinals-2026-05-18/blog/7052064.fs1.hubspotusercontent-na1.net/hubfs/7052064/hub_generated/module_assets/1/-25202732329/1778089497076/module_menu-section.min.js" [1]
Cookie coming from blog.curiouscardinals.com attempted to set domain to hubspotusercontent.com
2026-05-18 00:50:27 URL:https://blog.curiouscardinals.com/hs/hsstatic/AsyncSupport/static-1.501/js/comment_listing_asset.js [6038] -> "/Users/briannazajicek/Documents/illuminairy/archives/curious-cardinals-2026-05-18/blog/blog.curiouscardinals.com/hs/hsstatic/AsyncSupport/static-1.501/js/comment_listing_asset.js" [1]
Cookie coming from blog.curiouscardinals.com attempted to set domain to hsforms.net
2026-05-18 00:50:28 URL:https://blog.curiouscardinals.com/_hcms/forms/v2.js [607907] -> "/Users/briannazajicek/Documents/illuminairy/archives/curious-cardinals-2026-05-18/blog/blog.curiouscardinals.com/_hcms/forms/v2.js" [1]
Cookie coming from blog.curiouscardinals.com attempted to set domain to hs-scripts.com
2026-05-18 00:50:28 URL:https://blog.curiouscardinals.com/hs/scriptloader/21557089.js [1691] -> "/Users/briannazajicek/Documents/illuminairy/archives/curious-cardinals-2026-05-18/blog/blog.curiouscardinals.com/hs/scriptloader/21557089.js" [1]
Cookie coming from blog.curiouscardinals.com attempted to set domain to hubspotusercontent.com
2026-05-18 00:50:28 URL:https://blog.curiouscardinals.com/hs/hsstatic/HubspotToolsMenu/static-1.640/js/index.js [15413] -> "/Users/briannazajicek/Documents/illuminairy/archives/curious-cardinals-2026-05-18/blog/blog.curiouscardinals.com/hs/hsstatic/HubspotToolsMenu/static-1.640/js/index.js" [1]
2026-05-18 00:50:28 URL:https://blog.curiouscardinals.com/audreys-thoughts-on-toxic-achievement-culture [81022] -> "/Users/briannazajicek/Documents/illuminairy/archives/curious-cardinals-2026-05-18/blog/blog.curiouscardinals.com/audreys-thoughts-on-toxic-achievement-culture.html" [1]
Cookie coming from blog.curiouscardinals.com attempted to set domain to hubspotusercontent-na2.net
2026-05-18 00:50:29 URL:https://blog.curiouscardinals.com/hubfs/blog%20banners%20--%20CC%20(4)-1.png [1485019/1485019] -> "/Users/briannazajicek/Documents/illuminairy/archives/curious-cardinals-2026-05-18/blog/blog.curiouscardinals.com/hubfs/blog banners -- CC (4)-1.png" [1]
2026-05-18 00:50:31 URL:https://blog.curiouscardinals.com/hs-fs/hubfs/CC_Cornell-72.jpg?width=196&height=294&name=CC_Cornell-72.jpg [17094/17094] -> "/Users/briannazajicek/Documents/illuminairy/archives/curious-cardinals-2026-05-18/blog/blog.curiouscardinals.com/hs-fs/hubfs/CC_Cornell-72.jpg?width=196&height=294&name=CC_Cornell-72.jpg" [1]
2026-05-18 00:50:33 URL:https://blog.curiouscardinals.com/hs-fs/hubfs/CC_Cornell-72.jpg?width=98&height=147&name=CC_Cornell-72.jpg [6684/6684] -> "/Users/briannazajicek/Documents/illuminairy/archives/curious-cardinals-2026-05-18/blog/blog.curiouscardinals.com/hs-fs/hubfs/CC_Cornell-72.jpg?width=98&height=147&name=CC_Cornell-72.jpg" [1]
2026-05-18 00:50:36 URL:https://blog.curiouscardinals.com/hs-fs/hubfs/CC_Cornell-72.jpg?width=294&height=441&name=CC_Cornell-72.jpg [29909/29909] -> "/Users/briannazajicek/Documents/illuminairy/archives/curious-cardinals-2026-05-18/blog/blog.curiouscardinals.com/hs-fs/hubfs/CC_Cornell-72.jpg?width=294&height=441&name=CC_Cornell-72.jpg" [1]
2026-05-18 00:50:40 URL:https://blog.curiouscardinals.com/hs-fs/hubfs/CC_Cornell-72.jpg?width=392&height=588&name=CC_Cornell-72.jpg [47605/47605] -> "/Users/briannazajicek/Documents/illuminairy/archives/curious-cardinals-2026-05-18/blog/blog.curiouscardinals.com/hs-fs/hubfs/CC_Cornell-72.jpg?width=392&height=588&name=CC_Cornell-72.jpg" [1]
2026-05-18 00:50:43 URL:https://blog.curiouscardinals.com/hs-fs/hubfs/CC_Cornell-72.jpg?width=490&height=735&name=CC_Cornell-72.jpg [69672/69672] -> "/Users/briannazajicek/Documents/illuminairy/archives/curious-cardinals-2026-05-18/blog/blog.curiouscardinals.com/hs-fs/hubfs/CC_Cornell-72.jpg?width=490&height=735&name=CC_Cornell-72.jpg" [1]
2026-05-18 00:50:45 URL:https://blog.curiouscardinals.com/hs-fs/hubfs/CC_Cornell-72.jpg?width=588&height=882&name=CC_Cornell-72.jpg [95713/95713] -> "/Users/briannazajicek/Documents/illuminairy/archives/curious-cardinals-2026-05-18/blog/blog.curiouscardinals.com/hs-fs/hubfs/CC_Cornell-72.jpg?width=588&height=882&name=CC_Cornell-72.jpg" [1]
2026-05-18 00:50:47 URL:https://blog.curiouscardinals.com/hs-fs/hubfs/william%20damon%20graphic%20--%20CC.gif?width=600&height=300&name=william%20damon%20graphic%20--%20CC.gif [178737/178737] -> "/Users/briannazajicek/Documents/illuminairy/archives/curious-cardinals-2026-05-18/blog/blog.curiouscardinals.com/hs-fs/hubfs/william damon graphic -- CC.gif?width=600&height=300&name=william damon graphic -- CC.gif" [1]
2026-05-18 00:50:49 URL:https://blog.curiouscardinals.com/hs-fs/hubfs/william%20damon%20graphic%20--%20CC.gif?width=300&height=150&name=william%20damon%20graphic%20--%20CC.gif [226402/226402] -> "/Users/briannazajicek/Documents/illuminairy/archives/curious-cardinals-2026-05-18/blog/blog.curiouscardinals.com/hs-fs/hubfs/william damon graphic -- CC.gif?width=300&height=150&name=william damon graphic -- CC.gif" [1]
2026-05-18 00:50:50 URL:https://blog.curiouscardinals.com/hs-fs/hubfs/william%20damon%20graphic%20--%20CC.gif?width=900&height=450&name=william%20damon%20graphic%20--%20CC.gif [178737/178737] -> "/Users/briannazajicek/Documents/illuminairy/archives/curious-cardinals-2026-05-18/blog/blog.curiouscardinals.com/hs-fs/hubfs/william damon graphic -- CC.gif?width=900&height=450&name=william damon graphic -- CC.gif" [1]
2026-05-18 00:50:51 URL:https://blog.curiouscardinals.com/hs-fs/hubfs/william%20damon%20graphic%20--%20CC.gif?width=1200&height=600&name=william%20damon%20graphic%20--%20CC.gif [178737/178737] -> "/Users/briannazajicek/Documents/illuminairy/archives/curious-cardinals-2026-05-18/blog/blog.curiouscardinals.com/hs-fs/hubfs/william damon graphic -- CC.gif?width=1200&height=600&name=william damon graphic -- CC.gif" [1]
2026-05-18 00:50:53 URL:https://blog.curiouscardinals.com/hs-fs/hubfs/william%20damon%20graphic%20--%20CC.gif?width=1500&height=750&name=william%20damon%20graphic%20--%20CC.gif [178737/178737] -> "/Users/briannazajicek/Documents/illuminairy/archives/curious-cardinals-2026-05-18/blog/blog.curiouscardinals.com/hs-fs/hubfs/william damon graphic -- CC.gif?width=1500&height=750&name=william damon graphic -- CC.gif" [1]
2026-05-18 00:50:54 URL:https://blog.curiouscardinals.com/hs-fs/hubfs/william%20damon%20graphic%20--%20CC.gif?width=1800&height=900&name=william%20damon%20graphic%20--%20CC.gif [178737/178737] -> "/Users/briannazajicek/Documents/illuminairy/archives/curious-cardinals-2026-05-18/blog/blog.curiouscardinals.com/hs-fs/hubfs/william damon graphic -- CC.gif?width=1800&height=900&name=william damon graphic -- CC.gif" [1]
2026-05-18 00:50:55 URL:https://blog.curiouscardinals.com/hs-fs/hubfs/Screenshot%202023-11-01%203.55.11%20AM.png?width=550&height=286&name=Screenshot%202023-11-01%203.55.11%20AM.png [39000/39000] -> "/Users/briannazajicek/Documents/illuminairy/archives/curious-cardinals-2026-05-18/blog/blog.curiouscardinals.com/hs-fs/hubfs/Screenshot 2023-11-01 3.55.11 AM.png?width=550&height=286&name=Screenshot 2023-11-01 3.55.11 AM.png" [1]
2026-05-18 00:50:56 URL:https://blog.curiouscardinals.com/hs-fs/hubfs/Screenshot%202023-11-01%203.55.11%20AM.png?width=275&height=143&name=Screenshot%202023-11-01%203.55.11%20AM.png [14418/14418] -> "/Users/briannazajicek/Documents/illuminairy/archives/curious-cardinals-2026-05-18/blog/blog.curiouscardinals.com/hs-fs/hubfs/Screenshot 2023-11-01 3.55.11 AM.png?width=275&height=143&name=Screenshot 2023-11-01 3.55.11 AM.png" [1]
2026-05-18 00:50:57 URL:https://blog.curiouscardinals.com/hs-fs/hubfs/Screenshot%202023-11-01%203.55.11%20AM.png?width=825&height=429&name=Screenshot%202023-11-01%203.55.11%20AM.png [89157/89157] -> "/Users/briannazajicek/Documents/illuminairy/archives/curious-cardinals-2026-05-18/blog/blog.curiouscardinals.com/hs-fs/hubfs/Screenshot 2023-11-01 3.55.11 AM.png?width=825&height=429&name=Screenshot 2023-11-01 3.55.11 AM.png" [1]
2026-05-18 00:50:58 URL:https://blog.curiouscardinals.com/hs-fs/hubfs/Screenshot%202023-11-01%203.55.11%20AM.png?width=1100&height=572&name=Screenshot%202023-11-01%203.55.11%20AM.png [89157/89157] -> "/Users/briannazajicek/Documents/illuminairy/archives/curious-cardinals-2026-05-18/blog/blog.curiouscardinals.com/hs-fs/hubfs/Screenshot 2023-11-01 3.55.11 AM.png?width=1100&height=572&name=Screenshot 2023-11-01 3.55.11 AM.png" [1]
2026-05-18 00:50:59 URL:https://blog.curiouscardinals.com/hs-fs/hubfs/Screenshot%202023-11-01%203.55.11%20AM.png?width=1375&height=715&name=Screenshot%202023-11-01%203.55.11%20AM.png [89157/89157] -> "/Users/briannazajicek/Documents/illuminairy/archives/curious-cardinals-2026-05-18/blog/blog.curiouscardinals.com/hs-fs/hubfs/Screenshot 2023-11-01 3.55.11 AM.png?width=1375&height=715&name=Screenshot 2023-11-01 3.55.11 AM.png" [1]
2026-05-18 00:51:00 URL:https://blog.curiouscardinals.com/hs-fs/hubfs/Screenshot%202023-11-01%203.55.11%20AM.png?width=1650&height=858&name=Screenshot%202023-11-01%203.55.11%20AM.png [89157/89157] -> "/Users/briannazajicek/Documents/illuminairy/archives/curious-cardinals-2026-05-18/blog/blog.curiouscardinals.com/hs-fs/hubfs/Screenshot 2023-11-01 3.55.11 AM.png?width=1650&height=858&name=Screenshot 2023-11-01 3.55.11 AM.png" [1]
2026-05-18 00:51:01 URL:https://blog.curiouscardinals.com/hs-fs/hubfs/Screenshot%202023-11-01%204.23.08%20AM.png?width=550&height=221&name=Screenshot%202023-11-01%204.23.08%20AM.png [39118/39118] -> "/Users/briannazajicek/Documents/illuminairy/archives/curious-cardinals-2026-05-18/blog/blog.curiouscardinals.com/hs-fs/hubfs/Screenshot 2023-11-01 4.23.08 AM.png?width=550&height=221&name=Screenshot 2023-11-01 4.23.08 AM.png" [1]
2026-05-18 00:51:02 URL:https://blog.curiouscardinals.com/hs-fs/hubfs/Screenshot%202023-11-01%204.23.08%20AM.png?width=275&height=111&name=Screenshot%202023-11-01%204.23.08%20AM.png [13511/13511] -> "/Users/briannazajicek/Documents/illuminairy/archives/curious-cardinals-2026-05-18/blog/blog.curiouscardinals.com/hs-fs/hubfs/Screenshot 2023-11-01 4.23.08 AM.png?width=275&height=111&name=Screenshot 2023-11-01 4.23.08 AM.png" [1]
2026-05-18 00:51:03 URL:https://blog.curiouscardinals.com/hs-fs/hubfs/Screenshot%202023-11-01%204.23.08%20AM.png?width=825&height=332&name=Screenshot%202023-11-01%204.23.08%20AM.png [82284/82284] -> "/Users/briannazajicek/Documents/illuminairy/archives/curious-cardinals-2026-05-18/blog/blog.curiouscardinals.com/hs-fs/hubfs/Screenshot 2023-11-01 4.23.08 AM.png?width=825&height=332&name=Screenshot 2023-11-01 4.23.08 AM.png" [1]
2026-05-18 00:51:04 URL:https://blog.curiouscardinals.com/hs-fs/hubfs/Screenshot%202023-11-01%204.23.08%20AM.png?width=1100&height=442&name=Screenshot%202023-11-01%204.23.08%20AM.png [82284/82284] -> "/Users/briannazajicek/Documents/illuminairy/archives/curious-cardinals-2026-05-18/blog/blog.curiouscardinals.com/hs-fs/hubfs/Screenshot 2023-11-01 4.23.08 AM.png?width=1100&height=442&name=Screenshot 2023-11-01 4.23.08 AM.png" [1]
2026-05-18 00:51:05 URL:https://blog.curiouscardinals.com/hs-fs/hubfs/Screenshot%202023-11-01%204.23.08%20AM.png?width=1375&height=553&name=Screenshot%202023-11-01%204.23.08%20AM.png [82284/82284] -> "/Users/briannazajicek/Documents/illuminairy/archives/curious-cardinals-2026-05-18/blog/blog.curiouscardinals.com/hs-fs/hubfs/Screenshot 2023-11-01 4.23.08 AM.png?width=1375&height=553&name=Screenshot 2023-11-01 4.23.08 AM.png" [1]
2026-05-18 00:51:06 URL:https://blog.curiouscardinals.com/hs-fs/hubfs/Screenshot%202023-11-01%204.23.08%20AM.png?width=1650&height=663&name=Screenshot%202023-11-01%204.23.08%20AM.png [82284/82284] -> "/Users/briannazajicek/Documents/illuminairy/archives/curious-cardinals-2026-05-18/blog/blog.curiouscardinals.com/hs-fs/hubfs/Screenshot 2023-11-01 4.23.08 AM.png?width=1650&height=663&name=Screenshot 2023-11-01 4.23.08 AM.png" [1]
2026-05-18 00:51:07 URL:https://blog.curiouscardinals.com/hs-fs/hubfs/Screenshot%202023-11-01%203.59.31%20AM.png?width=550&height=315&name=Screenshot%202023-11-01%203.59.31%20AM.png [47954/47954] -> "/Users/briannazajicek/Documents/illuminairy/archives/curious-cardinals-2026-05-18/blog/blog.curiouscardinals.com/hs-fs/hubfs/Screenshot 2023-11-01 3.59.31 AM.png?width=550&height=315&name=Screenshot 2023-11-01 3.59.31 AM.png" [1]
2026-05-18 00:51:08 URL:https://blog.curiouscardinals.com/hs-fs/hubfs/Screenshot%202023-11-01%203.59.31%20AM.png?width=275&height=158&name=Screenshot%202023-11-01%203.59.31%20AM.png [17305/17305] -> "/Users/briannazajicek/Documents/illuminairy/archives/curious-cardinals-2026-05-18/blog/blog.curiouscardinals.com/hs-fs/hubfs/Screenshot 2023-11-01 3.59.31 AM.png?width=275&height=158&name=Screenshot 2023-11-01 3.59.31 AM.png" [1]
2026-05-18 00:51:09 URL:https://blog.curiouscardinals.com/hs-fs/hubfs/Screenshot%202023-11-01%203.59.31%20AM.png?width=825&height=473&name=Screenshot%202023-11-01%203.59.31%20AM.png [102150/102150] -> "/Users/briannazajicek/Documents/illuminairy/archives/curious-cardinals-2026-05-18/blog/blog.curiouscardinals.com/hs-fs/hubfs/Screenshot 2023-11-01 3.59.31 AM.png?width=825&height=473&name=Screenshot 2023-11-01 3.59.31 AM.png" [1]
2026-05-18 00:51:10 URL:https://blog.curiouscardinals.com/hs-fs/hubfs/Screenshot%202023-11-01%203.59.31%20AM.png?width=1100&height=630&name=Screenshot%202023-11-01%203.59.31%20AM.png [102150/102150] -> "/Users/briannazajicek/Documents/illuminairy/archives/curious-cardinals-2026-05-18/blog/blog.curiouscardinals.com/hs-fs/hubfs/Screenshot 2023-11-01 3.59.31 AM.png?width=1100&height=630&name=Screenshot 2023-11-01 3.59.31 AM.png" [1]
2026-05-18 00:51:11 URL:https://blog.curiouscardinals.com/hs-fs/hubfs/Screenshot%202023-11-01%203.59.31%20AM.png?width=1375&height=788&name=Screenshot%202023-11-01%203.59.31%20AM.png [102150/102150] -> "/Users/briannazajicek/Documents/illuminairy/archives/curious-cardinals-2026-05-18/blog/blog.curiouscardinals.com/hs-fs/hubfs/Screenshot 2023-11-01 3.59.31 AM.png?width=1375&height=788&name=Screenshot 2023-11-01 3.59.31 AM.png" [1]
2026-05-18 00:51:12 URL:https://blog.curiouscardinals.com/hs-fs/hubfs/Screenshot%202023-11-01%203.59.31%20AM.png?width=1650&height=945&name=Screenshot%202023-11-01%203.59.31%20AM.png [102150/102150] -> "/Users/briannazajicek/Documents/illuminairy/archives/curious-cardinals-2026-05-18/blog/blog.curiouscardinals.com/hs-fs/hubfs/Screenshot 2023-11-01 3.59.31 AM.png?width=1650&height=945&name=Screenshot 2023-11-01 3.59.31 AM.png" [1]
Cookie coming from blog.curiouscardinals.com attempted to set domain to hubspotusercontent-na2.net
2026-05-18 00:51:13 URL:https://blog.curiouscardinals.com/hubfs/blog%20banners%20--%20CC%20(5).png [590761/590761] -> "/Users/briannazajicek/Documents/illuminairy/archives/curious-cardinals-2026-05-18/blog/blog.curiouscardinals.com/hubfs/blog banners -- CC (5).png" [1]
Cookie coming from blog.curiouscardinals.com attempted to set domain to hubspotusercontent-na2.net
2026-05-18 00:51:15 URL:https://blog.curiouscardinals.com/hubfs/best%20tips%20for%20beating%20BTS%20stress.png [1490789/1490789] -> "/Users/briannazajicek/Documents/illuminairy/archives/curious-cardinals-2026-05-18/blog/blog.curiouscardinals.com/hubfs/best tips for beating BTS stress.png" [1]
2026-05-18 00:51:15 URL:https://blog.curiouscardinals.com/happy-global-parents-day [80338] -> "/Users/briannazajicek/Documents/illuminairy/archives/curious-cardinals-2026-05-18/blog/blog.curiouscardinals.com/happy-global-parents-day.html" [1]
Cookie coming from blog.curiouscardinals.com attempted to set domain to hubspotusercontent-na2.net
2026-05-18 00:51:17 URL:https://blog.curiouscardinals.com/hubfs/July%20Blog%20(1).png [966923/966923] -> "/Users/briannazajicek/Documents/illuminairy/archives/curious-cardinals-2026-05-18/blog/blog.curiouscardinals.com/hubfs/July Blog (1).png" [1]
2026-05-18 00:51:17 URL:https://blog.curiouscardinals.com/hs-fs/hubfs/Screen%20Shot%202023-07-21%20at%2011.36.55.png?width=200&height=357&name=Screen%20Shot%202023-07-21%20at%2011.36.55.png [39907/39907] -> "/Users/briannazajicek/Documents/illuminairy/archives/curious-cardinals-2026-05-18/blog/blog.curiouscardinals.com/hs-fs/hubfs/Screen Shot 2023-07-21 at 11.36.55.png?width=200&height=357&name=Screen Shot 2023-07-21 at 11.36.55.png" [1]
2026-05-18 00:51:17 URL:https://blog.curiouscardinals.com/hs-fs/hubfs/Screen%20Shot%202023-07-21%20at%2011.36.55.png?width=100&height=179&name=Screen%20Shot%202023-07-21%20at%2011.36.55.png [14044/14044] -> "/Users/briannazajicek/Documents/illuminairy/archives/curious-cardinals-2026-05-18/blog/blog.curiouscardinals.com/hs-fs/hubfs/Screen Shot 2023-07-21 at 11.36.55.png?width=100&height=179&name=Screen Shot 2023-07-21 at 11.36.55.png" [1]
2026-05-18 00:51:18 URL:https://blog.curiouscardinals.com/hs-fs/hubfs/Screen%20Shot%202023-07-21%20at%2011.36.55.png?width=300&height=536&name=Screen%20Shot%202023-07-21%20at%2011.36.55.png [75391/75391] -> "/Users/briannazajicek/Documents/illuminairy/archives/curious-cardinals-2026-05-18/blog/blog.curiouscardinals.com/hs-fs/hubfs/Screen Shot 2023-07-21 at 11.36.55.png?width=300&height=536&name=Screen Shot 2023-07-21 at 11.36.55.png" [1]
2026-05-18 00:51:19 URL:https://blog.curiouscardinals.com/hs-fs/hubfs/Screen%20Shot%202023-07-21%20at%2011.36.55.png?width=400&height=714&name=Screen%20Shot%202023-07-21%20at%2011.36.55.png [135438/135438] -> "/Users/briannazajicek/Documents/illuminairy/archives/curious-cardinals-2026-05-18/blog/blog.curiouscardinals.com/hs-fs/hubfs/Screen Shot 2023-07-21 at 11.36.55.png?width=400&height=714&name=Screen Shot 2023-07-21 at 11.36.55.png" [1]
2026-05-18 00:51:19 URL:https://blog.curiouscardinals.com/hs-fs/hubfs/Screen%20Shot%202023-07-21%20at%2011.36.55.png?width=500&height=893&name=Screen%20Shot%202023-07-21%20at%2011.36.55.png [196005/196005] -> "/Users/briannazajicek/Documents/illuminairy/archives/curious-cardinals-2026-05-18/blog/blog.curiouscardinals.com/hs-fs/hubfs/Screen Shot 2023-07-21 at 11.36.55.png?width=500&height=893&name=Screen Shot 2023-07-21 at 11.36.55.png" [1]
2026-05-18 00:51:20 URL:https://blog.curiouscardinals.com/hs-fs/hubfs/Screen%20Shot%202023-07-21%20at%2011.36.55.png?width=600&height=1071&name=Screen%20Shot%202023-07-21%20at%2011.36.55.png [274515/274515] -> "/Users/briannazajicek/Documents/illuminairy/archives/curious-cardinals-2026-05-18/blog/blog.curiouscardinals.com/hs-fs/hubfs/Screen Shot 2023-07-21 at 11.36.55.png?width=600&height=1071&name=Screen Shot 2023-07-21 at 11.36.55.png" [1]
2026-05-18 00:51:21 URL:https://blog.curiouscardinals.com/hs-fs/hubfs/Screen%20Shot%202023-07-21%20at%2012.19.02.png?width=200&height=352&name=Screen%20Shot%202023-07-21%20at%2012.19.02.png [43526/43526] -> "/Users/briannazajicek/Documents/illuminairy/archives/curious-cardinals-2026-05-18/blog/blog.curiouscardinals.com/hs-fs/hubfs/Screen Shot 2023-07-21 at 12.19.02.png?width=200&height=352&name=Screen Shot 2023-07-21 at 12.19.02.png" [1]
2026-05-18 00:51:21 URL:https://blog.curiouscardinals.com/hs-fs/hubfs/Screen%20Shot%202023-07-21%20at%2012.19.02.png?width=100&height=176&name=Screen%20Shot%202023-07-21%20at%2012.19.02.png [14431/14431] -> "/Users/briannazajicek/Documents/illuminairy/archives/curious-cardinals-2026-05-18/blog/blog.curiouscardinals.com/hs-fs/hubfs/Screen Shot 2023-07-21 at 12.19.02.png?width=100&height=176&name=Screen Shot 2023-07-21 at 12.19.02.png" [1]
2026-05-18 00:51:21 URL:https://blog.curiouscardinals.com/hs-fs/hubfs/Screen%20Shot%202023-07-21%20at%2012.19.02.png?width=300&height=528&name=Screen%20Shot%202023-07-21%20at%2012.19.02.png [84625/84625] -> "/Users/briannazajicek/Documents/illuminairy/archives/curious-cardinals-2026-05-18/blog/blog.curiouscardinals.com/hs-fs/hubfs/Screen Shot 2023-07-21 at 12.19.02.png?width=300&height=528&name=Screen Shot 2023-07-21 at 12.19.02.png" [1]
2026-05-18 00:51:22 URL:https://blog.curiouscardinals.com/hs-fs/hubfs/Screen%20Shot%202023-07-21%20at%2012.19.02.png?width=400&height=704&name=Screen%20Shot%202023-07-21%20at%2012.19.02.png [148055/148055] -> "/Users/briannazajicek/Documents/illuminairy/archives/curious-cardinals-2026-05-18/blog/blog.curiouscardinals.com/hs-fs/hubfs/Screen Shot 2023-07-21 at 12.19.02.png?width=400&height=704&name=Screen Shot 2023-07-21 at 12.19.02.png" [1]
2026-05-18 00:51:22 URL:https://blog.curiouscardinals.com/hs-fs/hubfs/Screen%20Shot%202023-07-21%20at%2012.19.02.png?width=500&height=880&name=Screen%20Shot%202023-07-21%20at%2012.19.02.png [214806/214806] -> "/Users/briannazajicek/Documents/illuminairy/archives/curious-cardinals-2026-05-18/blog/blog.curiouscardinals.com/hs-fs/hubfs/Screen Shot 2023-07-21 at 12.19.02.png?width=500&height=880&name=Screen Shot 2023-07-21 at 12.19.02.png" [1]
2026-05-18 00:51:23 URL:https://blog.curiouscardinals.com/hs-fs/hubfs/Screen%20Shot%202023-07-21%20at%2012.19.02.png?width=600&height=1056&name=Screen%20Shot%202023-07-21%20at%2012.19.02.png [297414/297414] -> "/Users/briannazajicek/Documents/illuminairy/archives/curious-cardinals-2026-05-18/blog/blog.curiouscardinals.com/hs-fs/hubfs/Screen Shot 2023-07-21 at 12.19.02.png?width=600&height=1056&name=Screen Shot 2023-07-21 at 12.19.02.png" [1]
2026-05-18 00:51:23 URL:https://blog.curiouscardinals.com/hs-fs/hubfs/stay_curious_cursive.png?width=424&height=95&name=stay_curious_cursive.png [6847/6847] -> "/Users/briannazajicek/Documents/illuminairy/archives/curious-cardinals-2026-05-18/blog/blog.curiouscardinals.com/hs-fs/hubfs/stay_curious_cursive.png?width=424&height=95&name=stay_curious_cursive.png" [1]
2026-05-18 00:51:23 URL:https://blog.curiouscardinals.com/hs-fs/hubfs/stay_curious_cursive.png?width=212&height=48&name=stay_curious_cursive.png [3432/3432] -> "/Users/briannazajicek/Documents/illuminairy/archives/curious-cardinals-2026-05-18/blog/blog.curiouscardinals.com/hs-fs/hubfs/stay_curious_cursive.png?width=212&height=48&name=stay_curious_cursive.png" [1]
2026-05-18 00:51:24 URL:https://blog.curiouscardinals.com/hs-fs/hubfs/stay_curious_cursive.png?width=636&height=143&name=stay_curious_cursive.png [6847/6847] -> "/Users/briannazajicek/Documents/illuminairy/archives/curious-cardinals-2026-05-18/blog/blog.curiouscardinals.com/hs-fs/hubfs/stay_curious_cursive.png?width=636&height=143&name=stay_curious_cursive.png" [1]
2026-05-18 00:51:24 URL:https://blog.curiouscardinals.com/hs-fs/hubfs/stay_curious_cursive.png?width=848&height=190&name=stay_curious_cursive.png [6847/6847] -> "/Users/briannazajicek/Documents/illuminairy/archives/curious-cardinals-2026-05-18/blog/blog.curiouscardinals.com/hs-fs/hubfs/stay_curious_cursive.png?width=848&height=190&name=stay_curious_cursive.png" [1]
2026-05-18 00:51:25 URL:https://blog.curiouscardinals.com/hs-fs/hubfs/stay_curious_cursive.png?width=1060&height=238&name=stay_curious_cursive.png [6847/6847] -> "/Users/briannazajicek/Documents/illuminairy/archives/curious-cardinals-2026-05-18/blog/blog.curiouscardinals.com/hs-fs/hubfs/stay_curious_cursive.png?width=1060&height=238&name=stay_curious_cursive.png" [1]
2026-05-18 00:51:25 URL:https://blog.curiouscardinals.com/hs-fs/hubfs/stay_curious_cursive.png?width=1272&height=285&name=stay_curious_cursive.png [6847/6847] -> "/Users/briannazajicek/Documents/illuminairy/archives/curious-cardinals-2026-05-18/blog/blog.curiouscardinals.com/hs-fs/hubfs/stay_curious_cursive.png?width=1272&height=285&name=stay_curious_cursive.png" [1]
2026-05-18 00:51:25 URL:https://blog.curiouscardinals.com/4-things-to-remember-when-discussing-lgbt-identities-at-home [78279] -> "/Users/briannazajicek/Documents/illuminairy/archives/curious-cardinals-2026-05-18/blog/blog.curiouscardinals.com/4-things-to-remember-when-discussing-lgbt-identities-at-home.html" [1]
Cookie coming from blog.curiouscardinals.com attempted to set domain to hubspotusercontent-na2.net
2026-05-18 00:51:26 URL:https://blog.curiouscardinals.com/hubfs/June%20Blog%203.png [581095/581095] -> "/Users/briannazajicek/Documents/illuminairy/archives/curious-cardinals-2026-05-18/blog/blog.curiouscardinals.com/hubfs/June Blog 3.png" [1]
2026-05-18 00:51:27 URL:https://blog.curiouscardinals.com/hs-fs/hubfs/4-1.png?width=300&height=400&name=4-1.png [22708/22708] -> "/Users/briannazajicek/Documents/illuminairy/archives/curious-cardinals-2026-05-18/blog/blog.curiouscardinals.com/hs-fs/hubfs/4-1.png?width=300&height=400&name=4-1.png" [1]
2026-05-18 00:51:28 URL:https://blog.curiouscardinals.com/hs-fs/hubfs/4-1.png?width=150&height=200&name=4-1.png [6852/6852] -> "/Users/briannazajicek/Documents/illuminairy/archives/curious-cardinals-2026-05-18/blog/blog.curiouscardinals.com/hs-fs/hubfs/4-1.png?width=150&height=200&name=4-1.png" [1]
2026-05-18 00:51:30 URL:https://blog.curiouscardinals.com/hs-fs/hubfs/4-1.png?width=450&height=600&name=4-1.png [51171/51171] -> "/Users/briannazajicek/Documents/illuminairy/archives/curious-cardinals-2026-05-18/blog/blog.curiouscardinals.com/hs-fs/hubfs/4-1.png?width=450&height=600&name=4-1.png" [1]
2026-05-18 00:51:31 URL:https://blog.curiouscardinals.com/hs-fs/hubfs/4-1.png?width=600&height=800&name=4-1.png [95057/95057] -> "/Users/briannazajicek/Documents/illuminairy/archives/curious-cardinals-2026-05-18/blog/blog.curiouscardinals.com/hs-fs/hubfs/4-1.png?width=600&height=800&name=4-1.png" [1]
2026-05-18 00:51:32 URL:https://blog.curiouscardinals.com/hs-fs/hubfs/4-1.png?width=750&height=1000&name=4-1.png [157660/157660] -> "/Users/briannazajicek/Documents/illuminairy/archives/curious-cardinals-2026-05-18/blog/blog.curiouscardinals.com/hs-fs/hubfs/4-1.png?width=750&height=1000&name=4-1.png" [1]
2026-05-18 00:51:33 URL:https://blog.curiouscardinals.com/hs-fs/hubfs/4-1.png?width=900&height=1200&name=4-1.png [573780/573780] -> "/Users/briannazajicek/Documents/illuminairy/archives/curious-cardinals-2026-05-18/blog/blog.curiouscardinals.com/hs-fs/hubfs/4-1.png?width=900&height=1200&name=4-1.png" [1]
2026-05-18 00:51:34 URL:https://blog.curiouscardinals.com/hs-fs/hubfs/5.jpeg?width=300&height=400&name=5.jpeg [15177/15177] -> "/Users/briannazajicek/Documents/illuminairy/archives/curious-cardinals-2026-05-18/blog/blog.curiouscardinals.com/hs-fs/hubfs/5.jpeg?width=300&height=400&name=5.jpeg" [1]
2026-05-18 00:51:35 URL:https://blog.curiouscardinals.com/hs-fs/hubfs/5.jpeg?width=150&height=200&name=5.jpeg [4353/4353] -> "/Users/briannazajicek/Documents/illuminairy/archives/curious-cardinals-2026-05-18/blog/blog.curiouscardinals.com/hs-fs/hubfs/5.jpeg?width=150&height=200&name=5.jpeg" [1]
2026-05-18 00:51:36 URL:https://blog.curiouscardinals.com/hs-fs/hubfs/5.jpeg?width=450&height=600&name=5.jpeg [36380/36380] -> "/Users/briannazajicek/Documents/illuminairy/archives/curious-cardinals-2026-05-18/blog/blog.curiouscardinals.com/hs-fs/hubfs/5.jpeg?width=450&height=600&name=5.jpeg" [1]
2026-05-18 00:51:38 URL:https://blog.curiouscardinals.com/hs-fs/hubfs/5.jpeg?width=600&height=800&name=5.jpeg [69433/69433] -> "/Users/briannazajicek/Documents/illuminairy/archives/curious-cardinals-2026-05-18/blog/blog.curiouscardinals.com/hs-fs/hubfs/5.jpeg?width=600&height=800&name=5.jpeg" [1]
2026-05-18 00:51:39 URL:https://blog.curiouscardinals.com/hs-fs/hubfs/5.jpeg?width=750&height=1000&name=5.jpeg [117566/117566] -> "/Users/briannazajicek/Documents/illuminairy/archives/curious-cardinals-2026-05-18/blog/blog.curiouscardinals.com/hs-fs/hubfs/5.jpeg?width=750&height=1000&name=5.jpeg" [1]
2026-05-18 00:51:40 URL:https://blog.curiouscardinals.com/hs-fs/hubfs/5.jpeg?width=900&height=1200&name=5.jpeg [236161/236161] -> "/Users/briannazajicek/Documents/illuminairy/archives/curious-cardinals-2026-05-18/blog/blog.curiouscardinals.com/hs-fs/hubfs/5.jpeg?width=900&height=1200&name=5.jpeg" [1]
Cookie coming from blog.curiouscardinals.com attempted to set domain to hubspot.com
2026-05-18 00:51:40 URL:https://blog.curiouscardinals.com/hs/cta/cta/current.js [18993] -> "/Users/briannazajicek/Documents/illuminairy/archives/curious-cardinals-2026-05-18/blog/blog.curiouscardinals.com/hs/cta/cta/current.js" [1]
2026-05-18 00:51:41 URL:https://blog.curiouscardinals.com/hs-fs/hubfs/stay_curious_cursive.png?width=350&height=78&name=stay_curious_cursive.png [6355/6355] -> "/Users/briannazajicek/Documents/illuminairy/archives/curious-cardinals-2026-05-18/blog/blog.curiouscardinals.com/hs-fs/hubfs/stay_curious_cursive.png?width=350&height=78&name=stay_curious_cursive.png" [1]
2026-05-18 00:51:42 URL:https://blog.curiouscardinals.com/hs-fs/hubfs/stay_curious_cursive.png?width=175&height=39&name=stay_curious_cursive.png [2880/2880] -> "/Users/briannazajicek/Documents/illuminairy/archives/curious-cardinals-2026-05-18/blog/blog.curiouscardinals.com/hs-fs/hubfs/stay_curious_cursive.png?width=175&height=39&name=stay_curious_cursive.png" [1]
2026-05-18 00:51:43 URL:https://blog.curiouscardinals.com/hs-fs/hubfs/stay_curious_cursive.png?width=525&height=117&name=stay_curious_cursive.png [6847/6847] -> "/Users/briannazajicek/Documents/illuminairy/archives/curious-cardinals-2026-05-18/blog/blog.curiouscardinals.com/hs-fs/hubfs/stay_curious_cursive.png?width=525&height=117&name=stay_curious_cursive.png" [1]
2026-05-18 00:51:44 URL:https://blog.curiouscardinals.com/hs-fs/hubfs/stay_curious_cursive.png?width=700&height=156&name=stay_curious_cursive.png [6847/6847] -> "/Users/briannazajicek/Documents/illuminairy/archives/curious-cardinals-2026-05-18/blog/blog.curiouscardinals.com/hs-fs/hubfs/stay_curious_cursive.png?width=700&height=156&name=stay_curious_cursive.png" [1]
2026-05-18 00:51:44 URL:https://blog.curiouscardinals.com/hs-fs/hubfs/stay_curious_cursive.png?width=875&height=195&name=stay_curious_cursive.png [6847/6847] -> "/Users/briannazajicek/Documents/illuminairy/archives/curious-cardinals-2026-05-18/blog/blog.curiouscardinals.com/hs-fs/hubfs/stay_curious_cursive.png?width=875&height=195&name=stay_curious_cursive.png" [1]
2026-05-18 00:51:45 URL:https://blog.curiouscardinals.com/hs-fs/hubfs/stay_curious_cursive.png?width=1050&height=234&name=stay_curious_cursive.png [6847/6847] -> "/Users/briannazajicek/Documents/illuminairy/archives/curious-cardinals-2026-05-18/blog/blog.curiouscardinals.com/hs-fs/hubfs/stay_curious_cursive.png?width=1050&height=234&name=stay_curious_cursive.png" [1]
2026-05-18 00:51:45 URL:https://blog.curiouscardinals.com/announcing-a-new-feature-we-know-youll-love [80676] -> "/Users/briannazajicek/Documents/illuminairy/archives/curious-cardinals-2026-05-18/blog/blog.curiouscardinals.com/announcing-a-new-feature-we-know-youll-love.html" [1]
2026-05-18 00:51:46 URL:https://blog.curiouscardinals.com/hs-fs/hubfs/Generated%20Session%20Notes%20(1).png?width=637&height=418&name=Generated%20Session%20Notes%20(1).png [42534/42534] -> "/Users/briannazajicek/Documents/illuminairy/archives/curious-cardinals-2026-05-18/blog/blog.curiouscardinals.com/hs-fs/hubfs/Generated Session Notes (1).png?width=637&height=418&name=Generated Session Notes (1).png" [1]
2026-05-18 00:51:46 URL:https://blog.curiouscardinals.com/hs-fs/hubfs/Generated%20Session%20Notes%20(1).png?width=319&height=209&name=Generated%20Session%20Notes%20(1).png [17089/17089] -> "/Users/briannazajicek/Documents/illuminairy/archives/curious-cardinals-2026-05-18/blog/blog.curiouscardinals.com/hs-fs/hubfs/Generated Session Notes (1).png?width=319&height=209&name=Generated Session Notes (1).png" [1]
2026-05-18 00:51:47 URL:https://blog.curiouscardinals.com/hs-fs/hubfs/Generated%20Session%20Notes%20(1).png?width=956&height=627&name=Generated%20Session%20Notes%20(1).png [74304/74304] -> "/Users/briannazajicek/Documents/illuminairy/archives/curious-cardinals-2026-05-18/blog/blog.curiouscardinals.com/hs-fs/hubfs/Generated Session Notes (1).png?width=956&height=627&name=Generated Session Notes (1).png" [1]
2026-05-18 00:51:47 URL:https://blog.curiouscardinals.com/hs-fs/hubfs/Generated%20Session%20Notes%20(1).png?width=1274&height=836&name=Generated%20Session%20Notes%20(1).png [110927/110927] -> "/Users/briannazajicek/Documents/illuminairy/archives/curious-cardinals-2026-05-18/blog/blog.curiouscardinals.com/hs-fs/hubfs/Generated Session Notes (1).png?width=1274&height=836&name=Generated Session Notes (1).png" [1]
2026-05-18 00:51:48 URL:https://blog.curiouscardinals.com/hs-fs/hubfs/Generated%20Session%20Notes%20(1).png?width=1593&height=1045&name=Generated%20Session%20Notes%20(1).png [146906/146906] -> "/Users/briannazajicek/Documents/illuminairy/archives/curious-cardinals-2026-05-18/blog/blog.curiouscardinals.com/hs-fs/hubfs/Generated Session Notes (1).png?width=1593&height=1045&name=Generated Session Notes (1).png" [1]
2026-05-18 00:51:48 URL:https://blog.curiouscardinals.com/hs-fs/hubfs/Generated%20Session%20Notes%20(1).png?width=1911&height=1254&name=Generated%20Session%20Notes%20(1).png [185840/185840] -> "/Users/briannazajicek/Documents/illuminairy/archives/curious-cardinals-2026-05-18/blog/blog.curiouscardinals.com/hs-fs/hubfs/Generated Session Notes (1).png?width=1911&height=1254&name=Generated Session Notes (1).png" [1]
2026-05-18 00:51:48 URL:https://blog.curiouscardinals.com/hs-fs/hubfs/Screenshot%202024-02-12%206.09.41%20PM.png?width=363&height=438&name=Screenshot%202024-02-12%206.09.41%20PM.png [22383/22383] -> "/Users/briannazajicek/Documents/illuminairy/archives/curious-cardinals-2026-05-18/blog/blog.curiouscardinals.com/hs-fs/hubfs/Screenshot 2024-02-12 6.09.41 PM.png?width=363&height=438&name=Screenshot 2024-02-12 6.09.41 PM.png" [1]
2026-05-18 00:51:49 URL:https://blog.curiouscardinals.com/hs-fs/hubfs/Screenshot%202024-02-12%206.09.41%20PM.png?width=182&height=219&name=Screenshot%202024-02-12%206.09.41%20PM.png [8032/8032] -> "/Users/briannazajicek/Documents/illuminairy/archives/curious-cardinals-2026-05-18/blog/blog.curiouscardinals.com/hs-fs/hubfs/Screenshot 2024-02-12 6.09.41 PM.png?width=182&height=219&name=Screenshot 2024-02-12 6.09.41 PM.png" [1]
2026-05-18 00:51:49 URL:https://blog.curiouscardinals.com/hs-fs/hubfs/Screenshot%202024-02-12%206.09.41%20PM.png?width=545&height=657&name=Screenshot%202024-02-12%206.09.41%20PM.png [22383/22383] -> "/Users/briannazajicek/Documents/illuminairy/archives/curious-cardinals-2026-05-18/blog/blog.curiouscardinals.com/hs-fs/hubfs/Screenshot 2024-02-12 6.09.41 PM.png?width=545&height=657&name=Screenshot 2024-02-12 6.09.41 PM.png" [1]
2026-05-18 00:51:49 URL:https://blog.curiouscardinals.com/hs-fs/hubfs/Screenshot%202024-02-12%206.09.41%20PM.png?width=726&height=876&name=Screenshot%202024-02-12%206.09.41%20PM.png [22383/22383] -> "/Users/briannazajicek/Documents/illuminairy/archives/curious-cardinals-2026-05-18/blog/blog.curiouscardinals.com/hs-fs/hubfs/Screenshot 2024-02-12 6.09.41 PM.png?width=726&height=876&name=Screenshot 2024-02-12 6.09.41 PM.png" [1]
2026-05-18 00:51:50 URL:https://blog.curiouscardinals.com/hs-fs/hubfs/Screenshot%202024-02-12%206.09.41%20PM.png?width=908&height=1095&name=Screenshot%202024-02-12%206.09.41%20PM.png [22383/22383] -> "/Users/briannazajicek/Documents/illuminairy/archives/curious-cardinals-2026-05-18/blog/blog.curiouscardinals.com/hs-fs/hubfs/Screenshot 2024-02-12 6.09.41 PM.png?width=908&height=1095&name=Screenshot 2024-02-12 6.09.41 PM.png" [1]
2026-05-18 00:51:50 URL:https://blog.curiouscardinals.com/hs-fs/hubfs/Screenshot%202024-02-12%206.09.41%20PM.png?width=1089&height=1314&name=Screenshot%202024-02-12%206.09.41%20PM.png [22383/22383] -> "/Users/briannazajicek/Documents/illuminairy/archives/curious-cardinals-2026-05-18/blog/blog.curiouscardinals.com/hs-fs/hubfs/Screenshot 2024-02-12 6.09.41 PM.png?width=1089&height=1314&name=Screenshot 2024-02-12 6.09.41 PM.png" [1]
2026-05-18 00:51:51 URL:https://blog.curiouscardinals.com/hs-fs/hubfs/image-1.png?width=418&height=216&name=image-1.png [18343/18343] -> "/Users/briannazajicek/Documents/illuminairy/archives/curious-cardinals-2026-05-18/blog/blog.curiouscardinals.com/hs-fs/hubfs/image-1.png?width=418&height=216&name=image-1.png" [1]
2026-05-18 00:51:51 URL:https://blog.curiouscardinals.com/hs-fs/hubfs/image-1.png?width=209&height=108&name=image-1.png [4096/4096] -> "/Users/briannazajicek/Documents/illuminairy/archives/curious-cardinals-2026-05-18/blog/blog.curiouscardinals.com/hs-fs/hubfs/image-1.png?width=209&height=108&name=image-1.png" [1]
2026-05-18 00:51:51 URL:https://blog.curiouscardinals.com/hs-fs/hubfs/image-1.png?width=627&height=324&name=image-1.png [18343/18343] -> "/Users/briannazajicek/Documents/illuminairy/archives/curious-cardinals-2026-05-18/blog/blog.curiouscardinals.com/hs-fs/hubfs/image-1.png?width=627&height=324&name=image-1.png" [1]
2026-05-18 00:51:52 URL:https://blog.curiouscardinals.com/hs-fs/hubfs/image-1.png?width=836&height=432&name=image-1.png [18343/18343] -> "/Users/briannazajicek/Documents/illuminairy/archives/curious-cardinals-2026-05-18/blog/blog.curiouscardinals.com/hs-fs/hubfs/image-1.png?width=836&height=432&name=image-1.png" [1]
2026-05-18 00:51:52 URL:https://blog.curiouscardinals.com/hs-fs/hubfs/image-1.png?width=1045&height=540&name=image-1.png [18343/18343] -> "/Users/briannazajicek/Documents/illuminairy/archives/curious-cardinals-2026-05-18/blog/blog.curiouscardinals.com/hs-fs/hubfs/image-1.png?width=1045&height=540&name=image-1.png" [1]
2026-05-18 00:51:53 URL:https://blog.curiouscardinals.com/hs-fs/hubfs/image-1.png?width=1254&height=648&name=image-1.png [18343/18343] -> "/Users/briannazajicek/Documents/illuminairy/archives/curious-cardinals-2026-05-18/blog/blog.curiouscardinals.com/hs-fs/hubfs/image-1.png?width=1254&height=648&name=image-1.png" [1]
2026-05-18 00:51:53 URL:https://blog.curiouscardinals.com/hs-fs/hubfs/Audrey%20(1).png?width=200&height=50&name=Audrey%20(1).png [4045/4045] -> "/Users/briannazajicek/Documents/illuminairy/archives/curious-cardinals-2026-05-18/blog/blog.curiouscardinals.com/hs-fs/hubfs/Audrey (1).png?width=200&height=50&name=Audrey (1).png" [1]
2026-05-18 00:51:54 URL:https://blog.curiouscardinals.com/hs-fs/hubfs/Audrey%20(1).png?width=100&height=25&name=Audrey%20(1).png [1058/1058] -> "/Users/briannazajicek/Documents/illuminairy/archives/curious-cardinals-2026-05-18/blog/blog.curiouscardinals.com/hs-fs/hubfs/Audrey (1).png?width=100&height=25&name=Audrey (1).png" [1]
2026-05-18 00:51:54 URL:https://blog.curiouscardinals.com/hs-fs/hubfs/Audrey%20(1).png?width=300&height=75&name=Audrey%20(1).png [4045/4045] -> "/Users/briannazajicek/Documents/illuminairy/archives/curious-cardinals-2026-05-18/blog/blog.curiouscardinals.com/hs-fs/hubfs/Audrey (1).png?width=300&height=75&name=Audrey (1).png" [1]
2026-05-18 00:51:54 URL:https://blog.curiouscardinals.com/hs-fs/hubfs/Audrey%20(1).png?width=400&height=100&name=Audrey%20(1).png [4045/4045] -> "/Users/briannazajicek/Documents/illuminairy/archives/curious-cardinals-2026-05-18/blog/blog.curiouscardinals.com/hs-fs/hubfs/Audrey (1).png?width=400&height=100&name=Audrey (1).png" [1]
2026-05-18 00:51:54 URL:https://blog.curiouscardinals.com/hs-fs/hubfs/Audrey%20(1).png?width=500&height=125&name=Audrey%20(1).png [4045/4045] -> "/Users/briannazajicek/Documents/illuminairy/archives/curious-cardinals-2026-05-18/blog/blog.curiouscardinals.com/hs-fs/hubfs/Audrey (1).png?width=500&height=125&name=Audrey (1).png" [1]
2026-05-18 00:51:55 URL:https://blog.curiouscardinals.com/hs-fs/hubfs/Audrey%20(1).png?width=600&height=150&name=Audrey%20(1).png [4045/4045] -> "/Users/briannazajicek/Documents/illuminairy/archives/curious-cardinals-2026-05-18/blog/blog.curiouscardinals.com/hs-fs/hubfs/Audrey (1).png?width=600&height=150&name=Audrey (1).png" [1]
2026-05-18 00:51:55 URL:https://blog.curiouscardinals.com/hs-fs/hubfs/Square%20Luma%20Headers%20(2).png?width=310&height=310&name=Square%20Luma%20Headers%20(2).png [30422/30422] -> "/Users/briannazajicek/Documents/illuminairy/archives/curious-cardinals-2026-05-18/blog/blog.curiouscardinals.com/hs-fs/hubfs/Square Luma Headers (2).png?width=310&height=310&name=Square Luma Headers (2).png" [1]
2026-05-18 00:51:56 URL:https://blog.curiouscardinals.com/hs-fs/hubfs/Square%20Luma%20Headers%20(2).png?width=155&height=155&name=Square%20Luma%20Headers%20(2).png [11684/11684] -> "/Users/briannazajicek/Documents/illuminairy/archives/curious-cardinals-2026-05-18/blog/blog.curiouscardinals.com/hs-fs/hubfs/Square Luma Headers (2).png?width=155&height=155&name=Square Luma Headers (2).png" [1]
2026-05-18 00:51:56 URL:https://blog.curiouscardinals.com/hs-fs/hubfs/Square%20Luma%20Headers%20(2).png?width=465&height=465&name=Square%20Luma%20Headers%20(2).png [52560/52560] -> "/Users/briannazajicek/Documents/illuminairy/archives/curious-cardinals-2026-05-18/blog/blog.curiouscardinals.com/hs-fs/hubfs/Square Luma Headers (2).png?width=465&height=465&name=Square Luma Headers (2).png" [1]
2026-05-18 00:51:56 URL:https://blog.curiouscardinals.com/hs-fs/hubfs/Square%20Luma%20Headers%20(2).png?width=620&height=620&name=Square%20Luma%20Headers%20(2).png [84319/84319] -> "/Users/briannazajicek/Documents/illuminairy/archives/curious-cardinals-2026-05-18/blog/blog.curiouscardinals.com/hs-fs/hubfs/Square Luma Headers (2).png?width=620&height=620&name=Square Luma Headers (2).png" [1]
2026-05-18 00:51:57 URL:https://blog.curiouscardinals.com/hs-fs/hubfs/Square%20Luma%20Headers%20(2).png?width=775&height=775&name=Square%20Luma%20Headers%20(2).png [115217/115217] -> "/Users/briannazajicek/Documents/illuminairy/archives/curious-cardinals-2026-05-18/blog/blog.curiouscardinals.com/hs-fs/hubfs/Square Luma Headers (2).png?width=775&height=775&name=Square Luma Headers (2).png" [1]
2026-05-18 00:51:57 URL:https://blog.curiouscardinals.com/hs-fs/hubfs/Square%20Luma%20Headers%20(2).png?width=930&height=930&name=Square%20Luma%20Headers%20(2).png [155351/155351] -> "/Users/briannazajicek/Documents/illuminairy/archives/curious-cardinals-2026-05-18/blog/blog.curiouscardinals.com/hs-fs/hubfs/Square Luma Headers (2).png?width=930&height=930&name=Square Luma Headers (2).png" [1]
Cookie coming from blog.curiouscardinals.com attempted to set domain to hubspotusercontent-na2.net
2026-05-18 00:51:58 URL:https://blog.curiouscardinals.com/hubfs/Scheduling.png [228343/228343] -> "/Users/briannazajicek/Documents/illuminairy/archives/curious-cardinals-2026-05-18/blog/blog.curiouscardinals.com/hubfs/Scheduling.png" [1]
2026-05-18 00:51:58 URL:https://blog.curiouscardinals.com/the-first-workshop-mass-incarceration [84763] -> "/Users/briannazajicek/Documents/illuminairy/archives/curious-cardinals-2026-05-18/blog/blog.curiouscardinals.com/the-first-workshop-mass-incarceration.html" [1]
Cookie coming from blog.curiouscardinals.com attempted to set domain to hubspotusercontent-na2.net
2026-05-18 00:51:59 URL:https://blog.curiouscardinals.com/hubfs/61708ac0a79688124740a7ed_IMG_7039_edited.jpeg [970355/970355] -> "/Users/briannazajicek/Documents/illuminairy/archives/curious-cardinals-2026-05-18/blog/blog.curiouscardinals.com/hubfs/61708ac0a79688124740a7ed_IMG_7039_edited.jpeg" [1]
2026-05-18 00:52:00 URL:https://blog.curiouscardinals.com/tutoring-doesnt-breed-success.-but-mentorships-does [72143] -> "/Users/briannazajicek/Documents/illuminairy/archives/curious-cardinals-2026-05-18/blog/blog.curiouscardinals.com/tutoring-doesnt-breed-success.-but-mentorships-does.html" [1]
Cookie coming from blog.curiouscardinals.com attempted to set domain to hubspotusercontent-na2.net
2026-05-18 00:52:00 URL:https://blog.curiouscardinals.com/hubfs/Student%20v1-9.png [1041565/1041565] -> "/Users/briannazajicek/Documents/illuminairy/archives/curious-cardinals-2026-05-18/blog/blog.curiouscardinals.com/hubfs/Student v1-9.png" [1]
2026-05-18 00:52:01 URL:https://blog.curiouscardinals.com/hs-fs/hubfs/Screen%20Shot%202022-12-19%20at%206.10.33%20PM.png?width=300&height=400&name=Screen%20Shot%202022-12-19%20at%206.10.33%20PM.png [37367/37367] -> "/Users/briannazajicek/Documents/illuminairy/archives/curious-cardinals-2026-05-18/blog/blog.curiouscardinals.com/hs-fs/hubfs/Screen Shot 2022-12-19 at 6.10.33 PM.png?width=300&height=400&name=Screen Shot 2022-12-19 at 6.10.33 PM.png" [1]
2026-05-18 00:52:02 URL:https://blog.curiouscardinals.com/hs-fs/hubfs/Screen%20Shot%202022-12-19%20at%206.10.33%20PM.png?width=150&height=200&name=Screen%20Shot%202022-12-19%20at%206.10.33%20PM.png [12275/12275] -> "/Users/briannazajicek/Documents/illuminairy/archives/curious-cardinals-2026-05-18/blog/blog.curiouscardinals.com/hs-fs/hubfs/Screen Shot 2022-12-19 at 6.10.33 PM.png?width=150&height=200&name=Screen Shot 2022-12-19 at 6.10.33 PM.png" [1]
2026-05-18 00:52:03 URL:https://blog.curiouscardinals.com/hs-fs/hubfs/Screen%20Shot%202022-12-19%20at%206.10.33%20PM.png?width=450&height=600&name=Screen%20Shot%202022-12-19%20at%206.10.33%20PM.png [105245/105245] -> "/Users/briannazajicek/Documents/illuminairy/archives/curious-cardinals-2026-05-18/blog/blog.curiouscardinals.com/hs-fs/hubfs/Screen Shot 2022-12-19 at 6.10.33 PM.png?width=450&height=600&name=Screen Shot 2022-12-19 at 6.10.33 PM.png" [1]
2026-05-18 00:52:04 URL:https://blog.curiouscardinals.com/hs-fs/hubfs/Screen%20Shot%202022-12-19%20at%206.10.33%20PM.png?width=600&height=800&name=Screen%20Shot%202022-12-19%20at%206.10.33%20PM.png [100557/100557] -> "/Users/briannazajicek/Documents/illuminairy/archives/curious-cardinals-2026-05-18/blog/blog.curiouscardinals.com/hs-fs/hubfs/Screen Shot 2022-12-19 at 6.10.33 PM.png?width=600&height=800&name=Screen Shot 2022-12-19 at 6.10.33 PM.png" [1]
2026-05-18 00:52:06 URL:https://blog.curiouscardinals.com/hs-fs/hubfs/Screen%20Shot%202022-12-19%20at%206.10.33%20PM.png?width=750&height=1000&name=Screen%20Shot%202022-12-19%20at%206.10.33%20PM.png [100557/100557] -> "/Users/briannazajicek/Documents/illuminairy/archives/curious-cardinals-2026-05-18/blog/blog.curiouscardinals.com/hs-fs/hubfs/Screen Shot 2022-12-19 at 6.10.33 PM.png?width=750&height=1000&name=Screen Shot 2022-12-19 at 6.10.33 PM.png" [1]
2026-05-18 00:52:07 URL:https://blog.curiouscardinals.com/hs-fs/hubfs/Screen%20Shot%202022-12-19%20at%206.10.33%20PM.png?width=900&height=1200&name=Screen%20Shot%202022-12-19%20at%206.10.33%20PM.png [100557/100557] -> "/Users/briannazajicek/Documents/illuminairy/archives/curious-cardinals-2026-05-18/blog/blog.curiouscardinals.com/hs-fs/hubfs/Screen Shot 2022-12-19 at 6.10.33 PM.png?width=900&height=1200&name=Screen Shot 2022-12-19 at 6.10.33 PM.png" [1]
2026-05-18 00:52:07 URL:https://blog.curiouscardinals.com/hs-fs/hubfs/Screen%20Shot%202022-12-19%20at%206.09.13%20PM.png?width=300&height=341&name=Screen%20Shot%202022-12-19%20at%206.09.13%20PM.png [30618/30618] -> "/Users/briannazajicek/Documents/illuminairy/archives/curious-cardinals-2026-05-18/blog/blog.curiouscardinals.com/hs-fs/hubfs/Screen Shot 2022-12-19 at 6.09.13 PM.png?width=300&height=341&name=Screen Shot 2022-12-19 at 6.09.13 PM.png" [1]
2026-05-18 00:52:09 URL:https://blog.curiouscardinals.com/hs-fs/hubfs/Screen%20Shot%202022-12-19%20at%206.09.13%20PM.png?width=150&height=171&name=Screen%20Shot%202022-12-19%20at%206.09.13%20PM.png [10295/10295] -> "/Users/briannazajicek/Documents/illuminairy/archives/curious-cardinals-2026-05-18/blog/blog.curiouscardinals.com/hs-fs/hubfs/Screen Shot 2022-12-19 at 6.09.13 PM.png?width=150&height=171&name=Screen Shot 2022-12-19 at 6.09.13 PM.png" [1]
2026-05-18 00:52:10 URL:https://blog.curiouscardinals.com/hs-fs/hubfs/Screen%20Shot%202022-12-19%20at%206.09.13%20PM.png?width=450&height=512&name=Screen%20Shot%202022-12-19%20at%206.09.13%20PM.png [83636/83636] -> "/Users/briannazajicek/Documents/illuminairy/archives/curious-cardinals-2026-05-18/blog/blog.curiouscardinals.com/hs-fs/hubfs/Screen Shot 2022-12-19 at 6.09.13 PM.png?width=450&height=512&name=Screen Shot 2022-12-19 at 6.09.13 PM.png" [1]
2026-05-18 00:52:11 URL:https://blog.curiouscardinals.com/hs-fs/hubfs/Screen%20Shot%202022-12-19%20at%206.09.13%20PM.png?width=600&height=682&name=Screen%20Shot%202022-12-19%20at%206.09.13%20PM.png [85274/85274] -> "/Users/briannazajicek/Documents/illuminairy/archives/curious-cardinals-2026-05-18/blog/blog.curiouscardinals.com/hs-fs/hubfs/Screen Shot 2022-12-19 at 6.09.13 PM.png?width=600&height=682&name=Screen Shot 2022-12-19 at 6.09.13 PM.png" [1]
2026-05-18 00:52:12 URL:https://blog.curiouscardinals.com/hs-fs/hubfs/Screen%20Shot%202022-12-19%20at%206.09.13%20PM.png?width=750&height=853&name=Screen%20Shot%202022-12-19%20at%206.09.13%20PM.png [85274/85274] -> "/Users/briannazajicek/Documents/illuminairy/archives/curious-cardinals-2026-05-18/blog/blog.curiouscardinals.com/hs-fs/hubfs/Screen Shot 2022-12-19 at 6.09.13 PM.png?width=750&height=853&name=Screen Shot 2022-12-19 at 6.09.13 PM.png" [1]
2026-05-18 00:52:13 URL:https://blog.curiouscardinals.com/hs-fs/hubfs/Screen%20Shot%202022-12-19%20at%206.09.13%20PM.png?width=900&height=1023&name=Screen%20Shot%202022-12-19%20at%206.09.13%20PM.png [85274/85274] -> "/Users/briannazajicek/Documents/illuminairy/archives/curious-cardinals-2026-05-18/blog/blog.curiouscardinals.com/hs-fs/hubfs/Screen Shot 2022-12-19 at 6.09.13 PM.png?width=900&height=1023&name=Screen Shot 2022-12-19 at 6.09.13 PM.png" [1]
Cookie coming from blog.curiouscardinals.com attempted to set domain to hubspotusercontent-na2.net
2026-05-18 00:52:15 URL:https://blog.curiouscardinals.com/hubfs/Twitter%20Banner-2.png [512256/512256] -> "/Users/briannazajicek/Documents/illuminairy/archives/curious-cardinals-2026-05-18/blog/blog.curiouscardinals.com/hubfs/Twitter Banner-2.png" [1]
2026-05-18 00:52:15 URL:https://blog.curiouscardinals.com/dream-mentor-newsletter [80938] -> "/Users/briannazajicek/Documents/illuminairy/archives/curious-cardinals-2026-05-18/blog/blog.curiouscardinals.com/dream-mentor-newsletter.html" [1]
2026-05-18 00:52:16 URL:https://blog.curiouscardinals.com/hs-fs/hubfs/cc%20dream%20mentor.webp?width=1200&height=300&name=cc%20dream%20mentor.webp [47652/47652] -> "/Users/briannazajicek/Documents/illuminairy/archives/curious-cardinals-2026-05-18/blog/blog.curiouscardinals.com/hs-fs/hubfs/cc dream mentor.webp?width=1200&height=300&name=cc dream mentor.webp" [1]
2026-05-18 00:52:18 URL:https://blog.curiouscardinals.com/hs-fs/hubfs/cc%20dream%20mentor.webp?width=600&height=150&name=cc%20dream%20mentor.webp [19865/19865] -> "/Users/briannazajicek/Documents/illuminairy/archives/curious-cardinals-2026-05-18/blog/blog.curiouscardinals.com/hs-fs/hubfs/cc dream mentor.webp?width=600&height=150&name=cc dream mentor.webp" [1]
2026-05-18 00:52:19 URL:https://blog.curiouscardinals.com/hs-fs/hubfs/cc%20dream%20mentor.webp?width=1800&height=450&name=cc%20dream%20mentor.webp [47652/47652] -> "/Users/briannazajicek/Documents/illuminairy/archives/curious-cardinals-2026-05-18/blog/blog.curiouscardinals.com/hs-fs/hubfs/cc dream mentor.webp?width=1800&height=450&name=cc dream mentor.webp" [1]
2026-05-18 00:52:19 URL:https://blog.curiouscardinals.com/hs-fs/hubfs/cc%20dream%20mentor.webp?width=2400&height=600&name=cc%20dream%20mentor.webp [47652/47652] -> "/Users/briannazajicek/Documents/illuminairy/archives/curious-cardinals-2026-05-18/blog/blog.curiouscardinals.com/hs-fs/hubfs/cc dream mentor.webp?width=2400&height=600&name=cc dream mentor.webp" [1]
2026-05-18 00:52:20 URL:https://blog.curiouscardinals.com/hs-fs/hubfs/cc%20dream%20mentor.webp?width=3000&height=750&name=cc%20dream%20mentor.webp [47652/47652] -> "/Users/briannazajicek/Documents/illuminairy/archives/curious-cardinals-2026-05-18/blog/blog.curiouscardinals.com/hs-fs/hubfs/cc dream mentor.webp?width=3000&height=750&name=cc dream mentor.webp" [1]
2026-05-18 00:52:21 URL:https://blog.curiouscardinals.com/hs-fs/hubfs/cc%20dream%20mentor.webp?width=3600&height=900&name=cc%20dream%20mentor.webp [47652/47652] -> "/Users/briannazajicek/Documents/illuminairy/archives/curious-cardinals-2026-05-18/blog/blog.curiouscardinals.com/hs-fs/hubfs/cc dream mentor.webp?width=3600&height=900&name=cc dream mentor.webp" [1]
2026-05-18 00:52:22 URL:https://blog.curiouscardinals.com/hs-fs/hubfs/TaraClark.jpeg?width=223&height=396&name=TaraClark.jpeg [20168/20168] -> "/Users/briannazajicek/Documents/illuminairy/archives/curious-cardinals-2026-05-18/blog/blog.curiouscardinals.com/hs-fs/hubfs/TaraClark.jpeg?width=223&height=396&name=TaraClark.jpeg" [1]
2026-05-18 00:52:23 URL:https://blog.curiouscardinals.com/hs-fs/hubfs/TaraClark.jpeg?width=112&height=198&name=TaraClark.jpeg [7081/7081] -> "/Users/briannazajicek/Documents/illuminairy/archives/curious-cardinals-2026-05-18/blog/blog.curiouscardinals.com/hs-fs/hubfs/TaraClark.jpeg?width=112&height=198&name=TaraClark.jpeg" [1]
2026-05-18 00:52:24 URL:https://blog.curiouscardinals.com/hs-fs/hubfs/TaraClark.jpeg?width=335&height=594&name=TaraClark.jpeg [45815/45815] -> "/Users/briannazajicek/Documents/illuminairy/archives/curious-cardinals-2026-05-18/blog/blog.curiouscardinals.com/hs-fs/hubfs/TaraClark.jpeg?width=335&height=594&name=TaraClark.jpeg" [1]
2026-05-18 00:52:25 URL:https://blog.curiouscardinals.com/hs-fs/hubfs/TaraClark.jpeg?width=446&height=792&name=TaraClark.jpeg [45815/45815] -> "/Users/briannazajicek/Documents/illuminairy/archives/curious-cardinals-2026-05-18/blog/blog.curiouscardinals.com/hs-fs/hubfs/TaraClark.jpeg?width=446&height=792&name=TaraClark.jpeg" [1]
2026-05-18 00:52:26 URL:https://blog.curiouscardinals.com/hs-fs/hubfs/TaraClark.jpeg?width=558&height=990&name=TaraClark.jpeg [45815/45815] -> "/Users/briannazajicek/Documents/illuminairy/archives/curious-cardinals-2026-05-18/blog/blog.curiouscardinals.com/hs-fs/hubfs/TaraClark.jpeg?width=558&height=990&name=TaraClark.jpeg" [1]
2026-05-18 00:52:26 URL:https://blog.curiouscardinals.com/hs-fs/hubfs/TaraClark.jpeg?width=669&height=1188&name=TaraClark.jpeg [45815/45815] -> "/Users/briannazajicek/Documents/illuminairy/archives/curious-cardinals-2026-05-18/blog/blog.curiouscardinals.com/hs-fs/hubfs/TaraClark.jpeg?width=669&height=1188&name=TaraClark.jpeg" [1]
2026-05-18 00:52:27 URL:https://blog.curiouscardinals.com/hs-fs/hubfs/pop.jpeg?width=213&height=378&name=pop.jpeg [15502/15502] -> "/Users/briannazajicek/Documents/illuminairy/archives/curious-cardinals-2026-05-18/blog/blog.curiouscardinals.com/hs-fs/hubfs/pop.jpeg?width=213&height=378&name=pop.jpeg" [1]
2026-05-18 00:52:29 URL:https://blog.curiouscardinals.com/hs-fs/hubfs/pop.jpeg?width=107&height=189&name=pop.jpeg [5890/5890] -> "/Users/briannazajicek/Documents/illuminairy/archives/curious-cardinals-2026-05-18/blog/blog.curiouscardinals.com/hs-fs/hubfs/pop.jpeg?width=107&height=189&name=pop.jpeg" [1]
2026-05-18 00:52:29 URL:https://blog.curiouscardinals.com/hs-fs/hubfs/pop.jpeg?width=320&height=567&name=pop.jpeg [34890/34890] -> "/Users/briannazajicek/Documents/illuminairy/archives/curious-cardinals-2026-05-18/blog/blog.curiouscardinals.com/hs-fs/hubfs/pop.jpeg?width=320&height=567&name=pop.jpeg" [1]
2026-05-18 00:52:30 URL:https://blog.curiouscardinals.com/hs-fs/hubfs/pop.jpeg?width=426&height=756&name=pop.jpeg [34890/34890] -> "/Users/briannazajicek/Documents/illuminairy/archives/curious-cardinals-2026-05-18/blog/blog.curiouscardinals.com/hs-fs/hubfs/pop.jpeg?width=426&height=756&name=pop.jpeg" [1]
2026-05-18 00:52:31 URL:https://blog.curiouscardinals.com/hs-fs/hubfs/pop.jpeg?width=533&height=945&name=pop.jpeg [34890/34890] -> "/Users/briannazajicek/Documents/illuminairy/archives/curious-cardinals-2026-05-18/blog/blog.curiouscardinals.com/hs-fs/hubfs/pop.jpeg?width=533&height=945&name=pop.jpeg" [1]
2026-05-18 00:52:32 URL:https://blog.curiouscardinals.com/hs-fs/hubfs/pop.jpeg?width=639&height=1134&name=pop.jpeg [34890/34890] -> "/Users/briannazajicek/Documents/illuminairy/archives/curious-cardinals-2026-05-18/blog/blog.curiouscardinals.com/hs-fs/hubfs/pop.jpeg?width=639&height=1134&name=pop.jpeg" [1]
2026-05-18 00:52:33 URL:https://blog.curiouscardinals.com/hs-fs/hubfs/pop2.webp?width=298&height=263&name=pop2.webp [17934/17934] -> "/Users/briannazajicek/Documents/illuminairy/archives/curious-cardinals-2026-05-18/blog/blog.curiouscardinals.com/hs-fs/hubfs/pop2.webp?width=298&height=263&name=pop2.webp" [1]
2026-05-18 00:52:34 URL:https://blog.curiouscardinals.com/hs-fs/hubfs/pop2.webp?width=149&height=132&name=pop2.webp [6319/6319] -> "/Users/briannazajicek/Documents/illuminairy/archives/curious-cardinals-2026-05-18/blog/blog.curiouscardinals.com/hs-fs/hubfs/pop2.webp?width=149&height=132&name=pop2.webp" [1]
2026-05-18 00:52:36 URL:https://blog.curiouscardinals.com/hs-fs/hubfs/pop2.webp?width=447&height=395&name=pop2.webp [33918/33918] -> "/Users/briannazajicek/Documents/illuminairy/archives/curious-cardinals-2026-05-18/blog/blog.curiouscardinals.com/hs-fs/hubfs/pop2.webp?width=447&height=395&name=pop2.webp" [1]
2026-05-18 00:52:37 URL:https://blog.curiouscardinals.com/hs-fs/hubfs/pop2.webp?width=596&height=526&name=pop2.webp [126246/126246] -> "/Users/briannazajicek/Documents/illuminairy/archives/curious-cardinals-2026-05-18/blog/blog.curiouscardinals.com/hs-fs/hubfs/pop2.webp?width=596&height=526&name=pop2.webp" [1]
2026-05-18 00:52:38 URL:https://blog.curiouscardinals.com/hs-fs/hubfs/pop2.webp?width=745&height=658&name=pop2.webp [126246/126246] -> "/Users/briannazajicek/Documents/illuminairy/archives/curious-cardinals-2026-05-18/blog/blog.curiouscardinals.com/hs-fs/hubfs/pop2.webp?width=745&height=658&name=pop2.webp" [1]
2026-05-18 00:52:39 URL:https://blog.curiouscardinals.com/hs-fs/hubfs/pop2.webp?width=894&height=789&name=pop2.webp [126246/126246] -> "/Users/briannazajicek/Documents/illuminairy/archives/curious-cardinals-2026-05-18/blog/blog.curiouscardinals.com/hs-fs/hubfs/pop2.webp?width=894&height=789&name=pop2.webp" [1]
2026-05-18 00:52:40 URL:https://blog.curiouscardinals.com/hs-fs/hubfs/Audrey%20signature.webp?width=100&height=50&name=Audrey%20signature.webp [2076/2076] -> "/Users/briannazajicek/Documents/illuminairy/archives/curious-cardinals-2026-05-18/blog/blog.curiouscardinals.com/hs-fs/hubfs/Audrey signature.webp?width=100&height=50&name=Audrey signature.webp" [1]
2026-05-18 00:52:41 URL:https://blog.curiouscardinals.com/hs-fs/hubfs/Audrey%20signature.webp?width=50&height=25&name=Audrey%20signature.webp [1107/1107] -> "/Users/briannazajicek/Documents/illuminairy/archives/curious-cardinals-2026-05-18/blog/blog.curiouscardinals.com/hs-fs/hubfs/Audrey signature.webp?width=50&height=25&name=Audrey signature.webp" [1]
2026-05-18 00:52:41 URL:https://blog.curiouscardinals.com/hs-fs/hubfs/Audrey%20signature.webp?width=150&height=75&name=Audrey%20signature.webp [2076/2076] -> "/Users/briannazajicek/Documents/illuminairy/archives/curious-cardinals-2026-05-18/blog/blog.curiouscardinals.com/hs-fs/hubfs/Audrey signature.webp?width=150&height=75&name=Audrey signature.webp" [1]
2026-05-18 00:52:43 URL:https://blog.curiouscardinals.com/hs-fs/hubfs/Audrey%20signature.webp?width=200&height=100&name=Audrey%20signature.webp [2076/2076] -> "/Users/briannazajicek/Documents/illuminairy/archives/curious-cardinals-2026-05-18/blog/blog.curiouscardinals.com/hs-fs/hubfs/Audrey signature.webp?width=200&height=100&name=Audrey signature.webp" [1]
2026-05-18 00:52:44 URL:https://blog.curiouscardinals.com/hs-fs/hubfs/Audrey%20signature.webp?width=250&height=125&name=Audrey%20signature.webp [2076/2076] -> "/Users/briannazajicek/Documents/illuminairy/archives/curious-cardinals-2026-05-18/blog/blog.curiouscardinals.com/hs-fs/hubfs/Audrey signature.webp?width=250&height=125&name=Audrey signature.webp" [1]
2026-05-18 00:52:45 URL:https://blog.curiouscardinals.com/hs-fs/hubfs/Audrey%20signature.webp?width=300&height=150&name=Audrey%20signature.webp [2076/2076] -> "/Users/briannazajicek/Documents/illuminairy/archives/curious-cardinals-2026-05-18/blog/blog.curiouscardinals.com/hs-fs/hubfs/Audrey signature.webp?width=300&height=150&name=Audrey signature.webp" [1]
2026-05-18 00:52:46 URL:https://blog.curiouscardinals.com/hs-fs/hubfs/Screen%20Shot%202025-01-09%20at%2011.53.55%20AM.png?width=202&height=64&name=Screen%20Shot%202025-01-09%20at%2011.53.55%20AM.png [3605/3605] -> "/Users/briannazajicek/Documents/illuminairy/archives/curious-cardinals-2026-05-18/blog/blog.curiouscardinals.com/hs-fs/hubfs/Screen Shot 2025-01-09 at 11.53.55 AM.png?width=202&height=64&name=Screen Shot 2025-01-09 at 11.53.55 AM.png" [1]
2026-05-18 00:52:48 URL:https://blog.curiouscardinals.com/hs-fs/hubfs/Screen%20Shot%202025-01-09%20at%2011.53.55%20AM.png?width=101&height=32&name=Screen%20Shot%202025-01-09%20at%2011.53.55%20AM.png [1511/1511] -> "/Users/briannazajicek/Documents/illuminairy/archives/curious-cardinals-2026-05-18/blog/blog.curiouscardinals.com/hs-fs/hubfs/Screen Shot 2025-01-09 at 11.53.55 AM.png?width=101&height=32&name=Screen Shot 2025-01-09 at 11.53.55 AM.png" [1]
2026-05-18 00:52:49 URL:https://blog.curiouscardinals.com/hs-fs/hubfs/Screen%20Shot%202025-01-09%20at%2011.53.55%20AM.png?width=303&height=96&name=Screen%20Shot%202025-01-09%20at%2011.53.55%20AM.png [11753/11753] -> "/Users/briannazajicek/Documents/illuminairy/archives/curious-cardinals-2026-05-18/blog/blog.curiouscardinals.com/hs-fs/hubfs/Screen Shot 2025-01-09 at 11.53.55 AM.png?width=303&height=96&name=Screen Shot 2025-01-09 at 11.53.55 AM.png" [1]
2026-05-18 00:52:50 URL:https://blog.curiouscardinals.com/hs-fs/hubfs/Screen%20Shot%202025-01-09%20at%2011.53.55%20AM.png?width=404&height=128&name=Screen%20Shot%202025-01-09%20at%2011.53.55%20AM.png [23177/23177] -> "/Users/briannazajicek/Documents/illuminairy/archives/curious-cardinals-2026-05-18/blog/blog.curiouscardinals.com/hs-fs/hubfs/Screen Shot 2025-01-09 at 11.53.55 AM.png?width=404&height=128&name=Screen Shot 2025-01-09 at 11.53.55 AM.png" [1]
2026-05-18 00:52:52 URL:https://blog.curiouscardinals.com/hs-fs/hubfs/Screen%20Shot%202025-01-09%20at%2011.53.55%20AM.png?width=505&height=160&name=Screen%20Shot%202025-01-09%20at%2011.53.55%20AM.png [23177/23177] -> "/Users/briannazajicek/Documents/illuminairy/archives/curious-cardinals-2026-05-18/blog/blog.curiouscardinals.com/hs-fs/hubfs/Screen Shot 2025-01-09 at 11.53.55 AM.png?width=505&height=160&name=Screen Shot 2025-01-09 at 11.53.55 AM.png" [1]
2026-05-18 00:52:52 URL:https://blog.curiouscardinals.com/hs-fs/hubfs/Screen%20Shot%202025-01-09%20at%2011.53.55%20AM.png?width=606&height=192&name=Screen%20Shot%202025-01-09%20at%2011.53.55%20AM.png [23177/23177] -> "/Users/briannazajicek/Documents/illuminairy/archives/curious-cardinals-2026-05-18/blog/blog.curiouscardinals.com/hs-fs/hubfs/Screen Shot 2025-01-09 at 11.53.55 AM.png?width=606&height=192&name=Screen Shot 2025-01-09 at 11.53.55 AM.png" [1]
2026-05-18 00:52:53 URL:https://blog.curiouscardinals.com/hs-fs/hubfs/Screen%20Shot%202025-01-06%20at%208.27.20%20PM.png?width=188&height=150&name=Screen%20Shot%202025-01-06%20at%208.27.20%20PM.png [11168/11168] -> "/Users/briannazajicek/Documents/illuminairy/archives/curious-cardinals-2026-05-18/blog/blog.curiouscardinals.com/hs-fs/hubfs/Screen Shot 2025-01-06 at 8.27.20 PM.png?width=188&height=150&name=Screen Shot 2025-01-06 at 8.27.20 PM.png" [1]
2026-05-18 00:52:55 URL:https://blog.curiouscardinals.com/hs-fs/hubfs/Screen%20Shot%202025-01-06%20at%208.27.20%20PM.png?width=94&height=75&name=Screen%20Shot%202025-01-06%20at%208.27.20%20PM.png [4179/4179] -> "/Users/briannazajicek/Documents/illuminairy/archives/curious-cardinals-2026-05-18/blog/blog.curiouscardinals.com/hs-fs/hubfs/Screen Shot 2025-01-06 at 8.27.20 PM.png?width=94&height=75&name=Screen Shot 2025-01-06 at 8.27.20 PM.png" [1]
2026-05-18 00:52:56 URL:https://blog.curiouscardinals.com/hs-fs/hubfs/Screen%20Shot%202025-01-06%20at%208.27.20%20PM.png?width=282&height=225&name=Screen%20Shot%202025-01-06%20at%208.27.20%20PM.png [29897/29897] -> "/Users/briannazajicek/Documents/illuminairy/archives/curious-cardinals-2026-05-18/blog/blog.curiouscardinals.com/hs-fs/hubfs/Screen Shot 2025-01-06 at 8.27.20 PM.png?width=282&height=225&name=Screen Shot 2025-01-06 at 8.27.20 PM.png" [1]
2026-05-18 00:52:57 URL:https://blog.curiouscardinals.com/hs-fs/hubfs/Screen%20Shot%202025-01-06%20at%208.27.20%20PM.png?width=376&height=300&name=Screen%20Shot%202025-01-06%20at%208.27.20%20PM.png [93393/93393] -> "/Users/briannazajicek/Documents/illuminairy/archives/curious-cardinals-2026-05-18/blog/blog.curiouscardinals.com/hs-fs/hubfs/Screen Shot 2025-01-06 at 8.27.20 PM.png?width=376&height=300&name=Screen Shot 2025-01-06 at 8.27.20 PM.png" [1]
2026-05-18 00:52:59 URL:https://blog.curiouscardinals.com/hs-fs/hubfs/Screen%20Shot%202025-01-06%20at%208.27.20%20PM.png?width=470&height=375&name=Screen%20Shot%202025-01-06%20at%208.27.20%20PM.png [93393/93393] -> "/Users/briannazajicek/Documents/illuminairy/archives/curious-cardinals-2026-05-18/blog/blog.curiouscardinals.com/hs-fs/hubfs/Screen Shot 2025-01-06 at 8.27.20 PM.png?width=470&height=375&name=Screen Shot 2025-01-06 at 8.27.20 PM.png" [1]
2026-05-18 00:53:00 URL:https://blog.curiouscardinals.com/hs-fs/hubfs/Screen%20Shot%202025-01-06%20at%208.27.20%20PM.png?width=564&height=450&name=Screen%20Shot%202025-01-06%20at%208.27.20%20PM.png [93393/93393] -> "/Users/briannazajicek/Documents/illuminairy/archives/curious-cardinals-2026-05-18/blog/blog.curiouscardinals.com/hs-fs/hubfs/Screen Shot 2025-01-06 at 8.27.20 PM.png?width=564&height=450&name=Screen Shot 2025-01-06 at 8.27.20 PM.png" [1]
2026-05-18 00:53:00 URL:https://blog.curiouscardinals.com/the-secret-to-raising-organized-independent-kids [76877] -> "/Users/briannazajicek/Documents/illuminairy/archives/curious-cardinals-2026-05-18/blog/blog.curiouscardinals.com/the-secret-to-raising-organized-independent-kids.html" [1]
Cookie coming from blog.curiouscardinals.com attempted to set domain to hubspotusercontent-na2.net
2026-05-18 00:53:02 URL:https://blog.curiouscardinals.com/hubfs/canva%20blog%20image.png [1011883/1011883] -> "/Users/briannazajicek/Documents/illuminairy/archives/curious-cardinals-2026-05-18/blog/blog.curiouscardinals.com/hubfs/canva blog image.png" [1]
2026-05-18 00:53:02 URL:https://blog.curiouscardinals.com/hs-fs/hubfs/cccanva.png?width=1766&height=592&name=cccanva.png [470375/470375] -> "/Users/briannazajicek/Documents/illuminairy/archives/curious-cardinals-2026-05-18/blog/blog.curiouscardinals.com/hs-fs/hubfs/cccanva.png?width=1766&height=592&name=cccanva.png" [1]
2026-05-18 00:53:02 URL:https://blog.curiouscardinals.com/hs-fs/hubfs/cccanva.png?width=883&height=296&name=cccanva.png [52605/52605] -> "/Users/briannazajicek/Documents/illuminairy/archives/curious-cardinals-2026-05-18/blog/blog.curiouscardinals.com/hs-fs/hubfs/cccanva.png?width=883&height=296&name=cccanva.png" [1]
2026-05-18 00:53:03 URL:https://blog.curiouscardinals.com/hs-fs/hubfs/cccanva.png?width=2649&height=888&name=cccanva.png [470375/470375] -> "/Users/briannazajicek/Documents/illuminairy/archives/curious-cardinals-2026-05-18/blog/blog.curiouscardinals.com/hs-fs/hubfs/cccanva.png?width=2649&height=888&name=cccanva.png" [1]
2026-05-18 00:53:03 URL:https://blog.curiouscardinals.com/hs-fs/hubfs/cccanva.png?width=3532&height=1184&name=cccanva.png [470375/470375] -> "/Users/briannazajicek/Documents/illuminairy/archives/curious-cardinals-2026-05-18/blog/blog.curiouscardinals.com/hs-fs/hubfs/cccanva.png?width=3532&height=1184&name=cccanva.png" [1]
2026-05-18 00:53:04 URL:https://blog.curiouscardinals.com/hs-fs/hubfs/cccanva.png?width=4415&height=1480&name=cccanva.png [470375/470375] -> "/Users/briannazajicek/Documents/illuminairy/archives/curious-cardinals-2026-05-18/blog/blog.curiouscardinals.com/hs-fs/hubfs/cccanva.png?width=4415&height=1480&name=cccanva.png" [1]
2026-05-18 00:53:04 URL:https://blog.curiouscardinals.com/hs-fs/hubfs/cccanva.png?width=5298&height=1776&name=cccanva.png [470375/470375] -> "/Users/briannazajicek/Documents/illuminairy/archives/curious-cardinals-2026-05-18/blog/blog.curiouscardinals.com/hs-fs/hubfs/cccanva.png?width=5298&height=1776&name=cccanva.png" [1]
2026-05-18 00:53:04 URL:https://blog.curiouscardinals.com/hs-fs/hubfs/corner%20(1).png?width=229&height=229&name=corner%20(1).png [15640/15640] -> "/Users/briannazajicek/Documents/illuminairy/archives/curious-cardinals-2026-05-18/blog/blog.curiouscardinals.com/hs-fs/hubfs/corner (1).png?width=229&height=229&name=corner (1).png" [1]
2026-05-18 00:53:05 URL:https://blog.curiouscardinals.com/hs-fs/hubfs/corner%20(1).png?width=115&height=115&name=corner%20(1).png [5628/5628] -> "/Users/briannazajicek/Documents/illuminairy/archives/curious-cardinals-2026-05-18/blog/blog.curiouscardinals.com/hs-fs/hubfs/corner (1).png?width=115&height=115&name=corner (1).png" [1]
2026-05-18 00:53:05 URL:https://blog.curiouscardinals.com/hs-fs/hubfs/corner%20(1).png?width=344&height=344&name=corner%20(1).png [28546/28546] -> "/Users/briannazajicek/Documents/illuminairy/archives/curious-cardinals-2026-05-18/blog/blog.curiouscardinals.com/hs-fs/hubfs/corner (1).png?width=344&height=344&name=corner (1).png" [1]
2026-05-18 00:53:06 URL:https://blog.curiouscardinals.com/hs-fs/hubfs/corner%20(1).png?width=458&height=458&name=corner%20(1).png [44316/44316] -> "/Users/briannazajicek/Documents/illuminairy/archives/curious-cardinals-2026-05-18/blog/blog.curiouscardinals.com/hs-fs/hubfs/corner (1).png?width=458&height=458&name=corner (1).png" [1]
2026-05-18 00:53:06 URL:https://blog.curiouscardinals.com/hs-fs/hubfs/corner%20(1).png?width=573&height=573&name=corner%20(1).png [67980/67980] -> "/Users/briannazajicek/Documents/illuminairy/archives/curious-cardinals-2026-05-18/blog/blog.curiouscardinals.com/hs-fs/hubfs/corner (1).png?width=573&height=573&name=corner (1).png" [1]
2026-05-18 00:53:07 URL:https://blog.curiouscardinals.com/hs-fs/hubfs/corner%20(1).png?width=687&height=687&name=corner%20(1).png [93278/93278] -> "/Users/briannazajicek/Documents/illuminairy/archives/curious-cardinals-2026-05-18/blog/blog.curiouscardinals.com/hs-fs/hubfs/corner (1).png?width=687&height=687&name=corner (1).png" [1]
2026-05-18 00:53:07 URL:https://blog.curiouscardinals.com/hs-fs/hubfs/IMG_2597.jpg?width=173&height=231&name=IMG_2597.jpg [10291/10291] -> "/Users/briannazajicek/Documents/illuminairy/archives/curious-cardinals-2026-05-18/blog/blog.curiouscardinals.com/hs-fs/hubfs/IMG_2597.jpg?width=173&height=231&name=IMG_2597.jpg" [1]
2026-05-18 00:53:07 URL:https://blog.curiouscardinals.com/hs-fs/hubfs/IMG_2597.jpg?width=87&height=116&name=IMG_2597.jpg [2842/2842] -> "/Users/briannazajicek/Documents/illuminairy/archives/curious-cardinals-2026-05-18/blog/blog.curiouscardinals.com/hs-fs/hubfs/IMG_2597.jpg?width=87&height=116&name=IMG_2597.jpg" [1]
2026-05-18 00:53:08 URL:https://blog.curiouscardinals.com/hs-fs/hubfs/IMG_2597.jpg?width=260&height=347&name=IMG_2597.jpg [23063/23063] -> "/Users/briannazajicek/Documents/illuminairy/archives/curious-cardinals-2026-05-18/blog/blog.curiouscardinals.com/hs-fs/hubfs/IMG_2597.jpg?width=260&height=347&name=IMG_2597.jpg" [1]
2026-05-18 00:53:08 URL:https://blog.curiouscardinals.com/hs-fs/hubfs/IMG_2597.jpg?width=346&height=462&name=IMG_2597.jpg [38200/38200] -> "/Users/briannazajicek/Documents/illuminairy/archives/curious-cardinals-2026-05-18/blog/blog.curiouscardinals.com/hs-fs/hubfs/IMG_2597.jpg?width=346&height=462&name=IMG_2597.jpg" [1]
2026-05-18 00:53:09 URL:https://blog.curiouscardinals.com/hs-fs/hubfs/IMG_2597.jpg?width=433&height=578&name=IMG_2597.jpg [61017/61017] -> "/Users/briannazajicek/Documents/illuminairy/archives/curious-cardinals-2026-05-18/blog/blog.curiouscardinals.com/hs-fs/hubfs/IMG_2597.jpg?width=433&height=578&name=IMG_2597.jpg" [1]
2026-05-18 00:53:09 URL:https://blog.curiouscardinals.com/hs-fs/hubfs/IMG_2597.jpg?width=519&height=693&name=IMG_2597.jpg [88122/88122] -> "/Users/briannazajicek/Documents/illuminairy/archives/curious-cardinals-2026-05-18/blog/blog.curiouscardinals.com/hs-fs/hubfs/IMG_2597.jpg?width=519&height=693&name=IMG_2597.jpg" [1]
Cookie coming from blog.curiouscardinals.com attempted to set domain to hubspotusercontent-na2.net
2026-05-18 00:53:10 URL:https://blog.curiouscardinals.com/hubfs/future%20of%20k-12%20blog%20image.png [738368/738368] -> "/Users/briannazajicek/Documents/illuminairy/archives/curious-cardinals-2026-05-18/blog/blog.curiouscardinals.com/hubfs/future of k-12 blog image.png" [1]
2026-05-18 00:53:10 URL:https://blog.curiouscardinals.com/curious-cardinals-on-the-today-show [73365] -> "/Users/briannazajicek/Documents/illuminairy/archives/curious-cardinals-2026-05-18/blog/blog.curiouscardinals.com/curious-cardinals-on-the-today-show.html" [1]
Cookie coming from blog.curiouscardinals.com attempted to set domain to hubspotusercontent-na2.net
2026-05-18 00:53:11 URL:https://blog.curiouscardinals.com/hubfs/CC%20on%20Today%20Show.png [547032/547032] -> "/Users/briannazajicek/Documents/illuminairy/archives/curious-cardinals-2026-05-18/blog/blog.curiouscardinals.com/hubfs/CC on Today Show.png" [1]
2026-05-18 00:53:13 URL:https://blog.curiouscardinals.com/hs-fs/hubfs/Untitled%20design.png?width=1366&height=768&name=Untitled%20design.png [292533/292533] -> "/Users/briannazajicek/Documents/illuminairy/archives/curious-cardinals-2026-05-18/blog/blog.curiouscardinals.com/hs-fs/hubfs/Untitled design.png?width=1366&height=768&name=Untitled design.png" [1]
2026-05-18 00:53:14 URL:https://blog.curiouscardinals.com/hs-fs/hubfs/Untitled%20design.png?width=683&height=384&name=Untitled%20design.png [86008/86008] -> "/Users/briannazajicek/Documents/illuminairy/archives/curious-cardinals-2026-05-18/blog/blog.curiouscardinals.com/hs-fs/hubfs/Untitled design.png?width=683&height=384&name=Untitled design.png" [1]
2026-05-18 00:53:15 URL:https://blog.curiouscardinals.com/hs-fs/hubfs/Untitled%20design.png?width=2049&height=1152&name=Untitled%20design.png [292533/292533] -> "/Users/briannazajicek/Documents/illuminairy/archives/curious-cardinals-2026-05-18/blog/blog.curiouscardinals.com/hs-fs/hubfs/Untitled design.png?width=2049&height=1152&name=Untitled design.png" [1]
2026-05-18 00:53:17 URL:https://blog.curiouscardinals.com/hs-fs/hubfs/Untitled%20design.png?width=2732&height=1536&name=Untitled%20design.png [292533/292533] -> "/Users/briannazajicek/Documents/illuminairy/archives/curious-cardinals-2026-05-18/blog/blog.curiouscardinals.com/hs-fs/hubfs/Untitled design.png?width=2732&height=1536&name=Untitled design.png" [1]
2026-05-18 00:53:18 URL:https://blog.curiouscardinals.com/hs-fs/hubfs/Untitled%20design.png?width=3415&height=1920&name=Untitled%20design.png [292533/292533] -> "/Users/briannazajicek/Documents/illuminairy/archives/curious-cardinals-2026-05-18/blog/blog.curiouscardinals.com/hs-fs/hubfs/Untitled design.png?width=3415&height=1920&name=Untitled design.png" [1]
2026-05-18 00:53:19 URL:https://blog.curiouscardinals.com/hs-fs/hubfs/Untitled%20design.png?width=4098&height=2304&name=Untitled%20design.png [292533/292533] -> "/Users/briannazajicek/Documents/illuminairy/archives/curious-cardinals-2026-05-18/blog/blog.curiouscardinals.com/hs-fs/hubfs/Untitled design.png?width=4098&height=2304&name=Untitled design.png" [1]
2026-05-18 00:53:20 URL:https://blog.curiouscardinals.com/hs-fs/hubfs/Audrey%20(1).png?width=248&height=62&name=Audrey%20(1).png [4045/4045] -> "/Users/briannazajicek/Documents/illuminairy/archives/curious-cardinals-2026-05-18/blog/blog.curiouscardinals.com/hs-fs/hubfs/Audrey (1).png?width=248&height=62&name=Audrey (1).png" [1]
2026-05-18 00:53:21 URL:https://blog.curiouscardinals.com/hs-fs/hubfs/Audrey%20(1).png?width=124&height=31&name=Audrey%20(1).png [1391/1391] -> "/Users/briannazajicek/Documents/illuminairy/archives/curious-cardinals-2026-05-18/blog/blog.curiouscardinals.com/hs-fs/hubfs/Audrey (1).png?width=124&height=31&name=Audrey (1).png" [1]
2026-05-18 00:53:23 URL:https://blog.curiouscardinals.com/hs-fs/hubfs/Audrey%20(1).png?width=372&height=93&name=Audrey%20(1).png [4045/4045] -> "/Users/briannazajicek/Documents/illuminairy/archives/curious-cardinals-2026-05-18/blog/blog.curiouscardinals.com/hs-fs/hubfs/Audrey (1).png?width=372&height=93&name=Audrey (1).png" [1]
2026-05-18 00:53:24 URL:https://blog.curiouscardinals.com/hs-fs/hubfs/Audrey%20(1).png?width=496&height=124&name=Audrey%20(1).png [4045/4045] -> "/Users/briannazajicek/Documents/illuminairy/archives/curious-cardinals-2026-05-18/blog/blog.curiouscardinals.com/hs-fs/hubfs/Audrey (1).png?width=496&height=124&name=Audrey (1).png" [1]
2026-05-18 00:53:25 URL:https://blog.curiouscardinals.com/hs-fs/hubfs/Audrey%20(1).png?width=620&height=155&name=Audrey%20(1).png [4045/4045] -> "/Users/briannazajicek/Documents/illuminairy/archives/curious-cardinals-2026-05-18/blog/blog.curiouscardinals.com/hs-fs/hubfs/Audrey (1).png?width=620&height=155&name=Audrey (1).png" [1]
2026-05-18 00:53:25 URL:https://blog.curiouscardinals.com/hs-fs/hubfs/Audrey%20(1).png?width=744&height=186&name=Audrey%20(1).png [4045/4045] -> "/Users/briannazajicek/Documents/illuminairy/archives/curious-cardinals-2026-05-18/blog/blog.curiouscardinals.com/hs-fs/hubfs/Audrey (1).png?width=744&height=186&name=Audrey (1).png" [1]
Cookie coming from blog.curiouscardinals.com attempted to set domain to hubspotusercontent-na2.net
2026-05-18 00:53:27 URL:https://blog.curiouscardinals.com/hubfs/299F5AB4-D7F8-44ED-A453-D87D369F7635_1_105_c.jpeg [244799/244799] -> "/Users/briannazajicek/Documents/illuminairy/archives/curious-cardinals-2026-05-18/blog/blog.curiouscardinals.com/hubfs/299F5AB4-D7F8-44ED-A453-D87D369F7635_1_105_c.jpeg" [1]
2026-05-18 00:53:27 URL:https://blog.curiouscardinals.com/shakespeare-and-finding-your-students-why [81914] -> "/Users/briannazajicek/Documents/illuminairy/archives/curious-cardinals-2026-05-18/blog/blog.curiouscardinals.com/shakespeare-and-finding-your-students-why.html" [1]
Cookie coming from blog.curiouscardinals.com attempted to set domain to hubspotusercontent-na2.net
2026-05-18 00:53:28 URL:https://blog.curiouscardinals.com/hubfs/shakespeare%20%26%20finding%20your%20why%20blog%20image.png [523810/523810] -> "/Users/briannazajicek/Documents/illuminairy/archives/curious-cardinals-2026-05-18/blog/blog.curiouscardinals.com/hubfs/shakespeare & finding your why blog image.png" [1]
2026-05-18 00:53:29 URL:https://blog.curiouscardinals.com/hs-fs/hubfs/corner%20(1).png?width=245&height=245&name=corner%20(1).png [17230/17230] -> "/Users/briannazajicek/Documents/illuminairy/archives/curious-cardinals-2026-05-18/blog/blog.curiouscardinals.com/hs-fs/hubfs/corner (1).png?width=245&height=245&name=corner (1).png" [1]
2026-05-18 00:53:30 URL:https://blog.curiouscardinals.com/hs-fs/hubfs/corner%20(1).png?width=123&height=123&name=corner%20(1).png [6140/6140] -> "/Users/briannazajicek/Documents/illuminairy/archives/curious-cardinals-2026-05-18/blog/blog.curiouscardinals.com/hs-fs/hubfs/corner (1).png?width=123&height=123&name=corner (1).png" [1]
2026-05-18 00:53:31 URL:https://blog.curiouscardinals.com/hs-fs/hubfs/corner%20(1).png?width=368&height=368&name=corner%20(1).png [31700/31700] -> "/Users/briannazajicek/Documents/illuminairy/archives/curious-cardinals-2026-05-18/blog/blog.curiouscardinals.com/hs-fs/hubfs/corner (1).png?width=368&height=368&name=corner (1).png" [1]
2026-05-18 00:53:32 URL:https://blog.curiouscardinals.com/hs-fs/hubfs/corner%20(1).png?width=490&height=490&name=corner%20(1).png [48559/48559] -> "/Users/briannazajicek/Documents/illuminairy/archives/curious-cardinals-2026-05-18/blog/blog.curiouscardinals.com/hs-fs/hubfs/corner (1).png?width=490&height=490&name=corner (1).png" [1]
2026-05-18 00:53:34 URL:https://blog.curiouscardinals.com/hs-fs/hubfs/corner%20(1).png?width=613&height=613&name=corner%20(1).png [76512/76512] -> "/Users/briannazajicek/Documents/illuminairy/archives/curious-cardinals-2026-05-18/blog/blog.curiouscardinals.com/hs-fs/hubfs/corner (1).png?width=613&height=613&name=corner (1).png" [1]
2026-05-18 00:53:35 URL:https://blog.curiouscardinals.com/hs-fs/hubfs/corner%20(1).png?width=735&height=735&name=corner%20(1).png [94746/94746] -> "/Users/briannazajicek/Documents/illuminairy/archives/curious-cardinals-2026-05-18/blog/blog.curiouscardinals.com/hs-fs/hubfs/corner (1).png?width=735&height=735&name=corner (1).png" [1]
2026-05-18 00:53:36 URL:https://blog.curiouscardinals.com/hs-fs/hubfs/Screenshot%202023-10-15%206.47.02%20PM.png?width=631&height=364&name=Screenshot%202023-10-15%206.47.02%20PM.png [105179/105179] -> "/Users/briannazajicek/Documents/illuminairy/archives/curious-cardinals-2026-05-18/blog/blog.curiouscardinals.com/hs-fs/hubfs/Screenshot 2023-10-15 6.47.02 PM.png?width=631&height=364&name=Screenshot 2023-10-15 6.47.02 PM.png" [1]
2026-05-18 00:53:37 URL:https://blog.curiouscardinals.com/hs-fs/hubfs/Screenshot%202023-10-15%206.47.02%20PM.png?width=316&height=182&name=Screenshot%202023-10-15%206.47.02%20PM.png [23283/23283] -> "/Users/briannazajicek/Documents/illuminairy/archives/curious-cardinals-2026-05-18/blog/blog.curiouscardinals.com/hs-fs/hubfs/Screenshot 2023-10-15 6.47.02 PM.png?width=316&height=182&name=Screenshot 2023-10-15 6.47.02 PM.png" [1]
2026-05-18 00:53:37 URL:https://blog.curiouscardinals.com/hs-fs/hubfs/Screenshot%202023-10-15%206.47.02%20PM.png?width=947&height=546&name=Screenshot%202023-10-15%206.47.02%20PM.png [105179/105179] -> "/Users/briannazajicek/Documents/illuminairy/archives/curious-cardinals-2026-05-18/blog/blog.curiouscardinals.com/hs-fs/hubfs/Screenshot 2023-10-15 6.47.02 PM.png?width=947&height=546&name=Screenshot 2023-10-15 6.47.02 PM.png" [1]
2026-05-18 00:53:38 URL:https://blog.curiouscardinals.com/hs-fs/hubfs/Screenshot%202023-10-15%206.47.02%20PM.png?width=1262&height=728&name=Screenshot%202023-10-15%206.47.02%20PM.png [105179/105179] -> "/Users/briannazajicek/Documents/illuminairy/archives/curious-cardinals-2026-05-18/blog/blog.curiouscardinals.com/hs-fs/hubfs/Screenshot 2023-10-15 6.47.02 PM.png?width=1262&height=728&name=Screenshot 2023-10-15 6.47.02 PM.png" [1]
2026-05-18 00:53:39 URL:https://blog.curiouscardinals.com/hs-fs/hubfs/Screenshot%202023-10-15%206.47.02%20PM.png?width=1578&height=910&name=Screenshot%202023-10-15%206.47.02%20PM.png [105179/105179] -> "/Users/briannazajicek/Documents/illuminairy/archives/curious-cardinals-2026-05-18/blog/blog.curiouscardinals.com/hs-fs/hubfs/Screenshot 2023-10-15 6.47.02 PM.png?width=1578&height=910&name=Screenshot 2023-10-15 6.47.02 PM.png" [1]
2026-05-18 00:53:41 URL:https://blog.curiouscardinals.com/hs-fs/hubfs/Screenshot%202023-10-15%206.47.02%20PM.png?width=1893&height=1092&name=Screenshot%202023-10-15%206.47.02%20PM.png [105179/105179] -> "/Users/briannazajicek/Documents/illuminairy/archives/curious-cardinals-2026-05-18/blog/blog.curiouscardinals.com/hs-fs/hubfs/Screenshot 2023-10-15 6.47.02 PM.png?width=1893&height=1092&name=Screenshot 2023-10-15 6.47.02 PM.png" [1]
2026-05-18 00:53:41 URL:https://blog.curiouscardinals.com/hs-fs/hubfs/Screenshot%202023-10-15%201.16.14%20PM.png?width=630&height=237&name=Screenshot%202023-10-15%201.16.14%20PM.png [58581/58581] -> "/Users/briannazajicek/Documents/illuminairy/archives/curious-cardinals-2026-05-18/blog/blog.curiouscardinals.com/hs-fs/hubfs/Screenshot 2023-10-15 1.16.14 PM.png?width=630&height=237&name=Screenshot 2023-10-15 1.16.14 PM.png" [1]
2026-05-18 00:53:42 URL:https://blog.curiouscardinals.com/hs-fs/hubfs/Screenshot%202023-10-15%201.16.14%20PM.png?width=315&height=119&name=Screenshot%202023-10-15%201.16.14%20PM.png [11813/11813] -> "/Users/briannazajicek/Documents/illuminairy/archives/curious-cardinals-2026-05-18/blog/blog.curiouscardinals.com/hs-fs/hubfs/Screenshot 2023-10-15 1.16.14 PM.png?width=315&height=119&name=Screenshot 2023-10-15 1.16.14 PM.png" [1]
2026-05-18 00:53:43 URL:https://blog.curiouscardinals.com/hs-fs/hubfs/Screenshot%202023-10-15%201.16.14%20PM.png?width=945&height=356&name=Screenshot%202023-10-15%201.16.14%20PM.png [58581/58581] -> "/Users/briannazajicek/Documents/illuminairy/archives/curious-cardinals-2026-05-18/blog/blog.curiouscardinals.com/hs-fs/hubfs/Screenshot 2023-10-15 1.16.14 PM.png?width=945&height=356&name=Screenshot 2023-10-15 1.16.14 PM.png" [1]
2026-05-18 00:53:44 URL:https://blog.curiouscardinals.com/hs-fs/hubfs/Screenshot%202023-10-15%201.16.14%20PM.png?width=1260&height=474&name=Screenshot%202023-10-15%201.16.14%20PM.png [58581/58581] -> "/Users/briannazajicek/Documents/illuminairy/archives/curious-cardinals-2026-05-18/blog/blog.curiouscardinals.com/hs-fs/hubfs/Screenshot 2023-10-15 1.16.14 PM.png?width=1260&height=474&name=Screenshot 2023-10-15 1.16.14 PM.png" [1]
2026-05-18 00:53:45 URL:https://blog.curiouscardinals.com/hs-fs/hubfs/Screenshot%202023-10-15%201.16.14%20PM.png?width=1575&height=593&name=Screenshot%202023-10-15%201.16.14%20PM.png [58581/58581] -> "/Users/briannazajicek/Documents/illuminairy/archives/curious-cardinals-2026-05-18/blog/blog.curiouscardinals.com/hs-fs/hubfs/Screenshot 2023-10-15 1.16.14 PM.png?width=1575&height=593&name=Screenshot 2023-10-15 1.16.14 PM.png" [1]
2026-05-18 00:53:46 URL:https://blog.curiouscardinals.com/hs-fs/hubfs/Screenshot%202023-10-15%201.16.14%20PM.png?width=1890&height=711&name=Screenshot%202023-10-15%201.16.14%20PM.png [58581/58581] -> "/Users/briannazajicek/Documents/illuminairy/archives/curious-cardinals-2026-05-18/blog/blog.curiouscardinals.com/hs-fs/hubfs/Screenshot 2023-10-15 1.16.14 PM.png?width=1890&height=711&name=Screenshot 2023-10-15 1.16.14 PM.png" [1]
2026-05-18 00:53:47 URL:https://blog.curiouscardinals.com/hs-fs/hubfs/Screenshot%202023-07-31%206.37.10%20PM.png?width=628&height=300&name=Screenshot%202023-07-31%206.37.10%20PM.png [99730/99730] -> "/Users/briannazajicek/Documents/illuminairy/archives/curious-cardinals-2026-05-18/blog/blog.curiouscardinals.com/hs-fs/hubfs/Screenshot 2023-07-31 6.37.10 PM.png?width=628&height=300&name=Screenshot 2023-07-31 6.37.10 PM.png" [1]
2026-05-18 00:53:48 URL:https://blog.curiouscardinals.com/hs-fs/hubfs/Screenshot%202023-07-31%206.37.10%20PM.png?width=314&height=150&name=Screenshot%202023-07-31%206.37.10%20PM.png [18742/18742] -> "/Users/briannazajicek/Documents/illuminairy/archives/curious-cardinals-2026-05-18/blog/blog.curiouscardinals.com/hs-fs/hubfs/Screenshot 2023-07-31 6.37.10 PM.png?width=314&height=150&name=Screenshot 2023-07-31 6.37.10 PM.png" [1]
2026-05-18 00:53:49 URL:https://blog.curiouscardinals.com/hs-fs/hubfs/Screenshot%202023-07-31%206.37.10%20PM.png?width=942&height=450&name=Screenshot%202023-07-31%206.37.10%20PM.png [99730/99730] -> "/Users/briannazajicek/Documents/illuminairy/archives/curious-cardinals-2026-05-18/blog/blog.curiouscardinals.com/hs-fs/hubfs/Screenshot 2023-07-31 6.37.10 PM.png?width=942&height=450&name=Screenshot 2023-07-31 6.37.10 PM.png" [1]
2026-05-18 00:53:50 URL:https://blog.curiouscardinals.com/hs-fs/hubfs/Screenshot%202023-07-31%206.37.10%20PM.png?width=1256&height=600&name=Screenshot%202023-07-31%206.37.10%20PM.png [99730/99730] -> "/Users/briannazajicek/Documents/illuminairy/archives/curious-cardinals-2026-05-18/blog/blog.curiouscardinals.com/hs-fs/hubfs/Screenshot 2023-07-31 6.37.10 PM.png?width=1256&height=600&name=Screenshot 2023-07-31 6.37.10 PM.png" [1]
2026-05-18 00:53:51 URL:https://blog.curiouscardinals.com/hs-fs/hubfs/Screenshot%202023-07-31%206.37.10%20PM.png?width=1570&height=750&name=Screenshot%202023-07-31%206.37.10%20PM.png [99730/99730] -> "/Users/briannazajicek/Documents/illuminairy/archives/curious-cardinals-2026-05-18/blog/blog.curiouscardinals.com/hs-fs/hubfs/Screenshot 2023-07-31 6.37.10 PM.png?width=1570&height=750&name=Screenshot 2023-07-31 6.37.10 PM.png" [1]
2026-05-18 00:53:52 URL:https://blog.curiouscardinals.com/hs-fs/hubfs/Screenshot%202023-07-31%206.37.10%20PM.png?width=1884&height=900&name=Screenshot%202023-07-31%206.37.10%20PM.png [99730/99730] -> "/Users/briannazajicek/Documents/illuminairy/archives/curious-cardinals-2026-05-18/blog/blog.curiouscardinals.com/hs-fs/hubfs/Screenshot 2023-07-31 6.37.10 PM.png?width=1884&height=900&name=Screenshot 2023-07-31 6.37.10 PM.png" [1]
2026-05-18 00:53:53 URL:https://blog.curiouscardinals.com/transformed-by-a-gap-year-choosing-mental-health-over-timelines [71216] -> "/Users/briannazajicek/Documents/illuminairy/archives/curious-cardinals-2026-05-18/blog/blog.curiouscardinals.com/transformed-by-a-gap-year-choosing-mental-health-over-timelines.html" [1]
Cookie coming from blog.curiouscardinals.com attempted to set domain to hubspotusercontent-na2.net
2026-05-18 00:53:54 URL:https://blog.curiouscardinals.com/hubfs/BlogPost%20header%20image%20(1)-1.png [663388/663388] -> "/Users/briannazajicek/Documents/illuminairy/archives/curious-cardinals-2026-05-18/blog/blog.curiouscardinals.com/hubfs/BlogPost header image (1)-1.png" [1]
2026-05-18 00:53:54 URL:https://blog.curiouscardinals.com/hs-fs/hubfs/Screen%20Shot%202022-06-01%20at%2012.13.27%20PM_0.png?width=245&height=278&name=Screen%20Shot%202022-06-01%20at%2012.13.27%20PM_0.png [43171/43171] -> "/Users/briannazajicek/Documents/illuminairy/archives/curious-cardinals-2026-05-18/blog/blog.curiouscardinals.com/hs-fs/hubfs/Screen Shot 2022-06-01 at 12.13.27 PM_0.png?width=245&height=278&name=Screen Shot 2022-06-01 at 12.13.27 PM_0.png" [1]
2026-05-18 00:53:55 URL:https://blog.curiouscardinals.com/hs-fs/hubfs/Screen%20Shot%202022-06-01%20at%2012.13.27%20PM_0.png?width=123&height=139&name=Screen%20Shot%202022-06-01%20at%2012.13.27%20PM_0.png [14707/14707] -> "/Users/briannazajicek/Documents/illuminairy/archives/curious-cardinals-2026-05-18/blog/blog.curiouscardinals.com/hs-fs/hubfs/Screen Shot 2022-06-01 at 12.13.27 PM_0.png?width=123&height=139&name=Screen Shot 2022-06-01 at 12.13.27 PM_0.png" [1]
2026-05-18 00:53:56 URL:https://blog.curiouscardinals.com/hs-fs/hubfs/Screen%20Shot%202022-06-01%20at%2012.13.27%20PM_0.png?width=368&height=417&name=Screen%20Shot%202022-06-01%20at%2012.13.27%20PM_0.png [169510/169510] -> "/Users/briannazajicek/Documents/illuminairy/archives/curious-cardinals-2026-05-18/blog/blog.curiouscardinals.com/hs-fs/hubfs/Screen Shot 2022-06-01 at 12.13.27 PM_0.png?width=368&height=417&name=Screen Shot 2022-06-01 at 12.13.27 PM_0.png" [1]
2026-05-18 00:53:57 URL:https://blog.curiouscardinals.com/hs-fs/hubfs/Screen%20Shot%202022-06-01%20at%2012.13.27%20PM_0.png?width=490&height=556&name=Screen%20Shot%202022-06-01%20at%2012.13.27%20PM_0.png [169510/169510] -> "/Users/briannazajicek/Documents/illuminairy/archives/curious-cardinals-2026-05-18/blog/blog.curiouscardinals.com/hs-fs/hubfs/Screen Shot 2022-06-01 at 12.13.27 PM_0.png?width=490&height=556&name=Screen Shot 2022-06-01 at 12.13.27 PM_0.png" [1]
2026-05-18 00:53:58 URL:https://blog.curiouscardinals.com/hs-fs/hubfs/Screen%20Shot%202022-06-01%20at%2012.13.27%20PM_0.png?width=613&height=695&name=Screen%20Shot%202022-06-01%20at%2012.13.27%20PM_0.png [169510/169510] -> "/Users/briannazajicek/Documents/illuminairy/archives/curious-cardinals-2026-05-18/blog/blog.curiouscardinals.com/hs-fs/hubfs/Screen Shot 2022-06-01 at 12.13.27 PM_0.png?width=613&height=695&name=Screen Shot 2022-06-01 at 12.13.27 PM_0.png" [1]
2026-05-18 00:53:59 URL:https://blog.curiouscardinals.com/hs-fs/hubfs/Screen%20Shot%202022-06-01%20at%2012.13.27%20PM_0.png?width=735&height=834&name=Screen%20Shot%202022-06-01%20at%2012.13.27%20PM_0.png [169510/169510] -> "/Users/briannazajicek/Documents/illuminairy/archives/curious-cardinals-2026-05-18/blog/blog.curiouscardinals.com/hs-fs/hubfs/Screen Shot 2022-06-01 at 12.13.27 PM_0.png?width=735&height=834&name=Screen Shot 2022-06-01 at 12.13.27 PM_0.png" [1]
2026-05-18 00:54:00 URL:https://blog.curiouscardinals.com/hs-fs/hubfs/bookblock-LGL1lebgrQI-unsplash.jpg?width=435&height=290&name=bookblock-LGL1lebgrQI-unsplash.jpg [15543/15543] -> "/Users/briannazajicek/Documents/illuminairy/archives/curious-cardinals-2026-05-18/blog/blog.curiouscardinals.com/hs-fs/hubfs/bookblock-LGL1lebgrQI-unsplash.jpg?width=435&height=290&name=bookblock-LGL1lebgrQI-unsplash.jpg" [1]
2026-05-18 00:54:01 URL:https://blog.curiouscardinals.com/hs-fs/hubfs/bookblock-LGL1lebgrQI-unsplash.jpg?width=218&height=145&name=bookblock-LGL1lebgrQI-unsplash.jpg [5856/5856] -> "/Users/briannazajicek/Documents/illuminairy/archives/curious-cardinals-2026-05-18/blog/blog.curiouscardinals.com/hs-fs/hubfs/bookblock-LGL1lebgrQI-unsplash.jpg?width=218&height=145&name=bookblock-LGL1lebgrQI-unsplash.jpg" [1]
2026-05-18 00:54:02 URL:https://blog.curiouscardinals.com/hs-fs/hubfs/bookblock-LGL1lebgrQI-unsplash.jpg?width=653&height=435&name=bookblock-LGL1lebgrQI-unsplash.jpg [28157/28157] -> "/Users/briannazajicek/Documents/illuminairy/archives/curious-cardinals-2026-05-18/blog/blog.curiouscardinals.com/hs-fs/hubfs/bookblock-LGL1lebgrQI-unsplash.jpg?width=653&height=435&name=bookblock-LGL1lebgrQI-unsplash.jpg" [1]
2026-05-18 00:54:04 URL:https://blog.curiouscardinals.com/hs-fs/hubfs/bookblock-LGL1lebgrQI-unsplash.jpg?width=870&height=580&name=bookblock-LGL1lebgrQI-unsplash.jpg [43769/43769] -> "/Users/briannazajicek/Documents/illuminairy/archives/curious-cardinals-2026-05-18/blog/blog.curiouscardinals.com/hs-fs/hubfs/bookblock-LGL1lebgrQI-unsplash.jpg?width=870&height=580&name=bookblock-LGL1lebgrQI-unsplash.jpg" [1]
2026-05-18 00:54:05 URL:https://blog.curiouscardinals.com/hs-fs/hubfs/bookblock-LGL1lebgrQI-unsplash.jpg?width=1088&height=725&name=bookblock-LGL1lebgrQI-unsplash.jpg [62621/62621] -> "/Users/briannazajicek/Documents/illuminairy/archives/curious-cardinals-2026-05-18/blog/blog.curiouscardinals.com/hs-fs/hubfs/bookblock-LGL1lebgrQI-unsplash.jpg?width=1088&height=725&name=bookblock-LGL1lebgrQI-unsplash.jpg" [1]
2026-05-18 00:54:06 URL:https://blog.curiouscardinals.com/hs-fs/hubfs/bookblock-LGL1lebgrQI-unsplash.jpg?width=1305&height=870&name=bookblock-LGL1lebgrQI-unsplash.jpg [107963/107963] -> "/Users/briannazajicek/Documents/illuminairy/archives/curious-cardinals-2026-05-18/blog/blog.curiouscardinals.com/hs-fs/hubfs/bookblock-LGL1lebgrQI-unsplash.jpg?width=1305&height=870&name=bookblock-LGL1lebgrQI-unsplash.jpg" [1]
Cookie coming from blog.curiouscardinals.com attempted to set domain to hubspotusercontent-na2.net
2026-05-18 00:54:07 URL:https://blog.curiouscardinals.com/hubfs/Screen%20Shot%202022-06-14%20at%2010.30.35%20AM.png [3123109/3123109] -> "/Users/briannazajicek/Documents/illuminairy/archives/curious-cardinals-2026-05-18/blog/blog.curiouscardinals.com/hubfs/Screen Shot 2022-06-14 at 10.30.35 AM.png" [1]
2026-05-18 00:54:08 URL:https://blog.curiouscardinals.com/6-lessons-from-dr.-fei-fei-lis-the-worlds-i-see [70465] -> "/Users/briannazajicek/Documents/illuminairy/archives/curious-cardinals-2026-05-18/blog/blog.curiouscardinals.com/6-lessons-from-dr.-fei-fei-lis-the-worlds-i-see.html" [1]
Cookie coming from blog.curiouscardinals.com attempted to set domain to hubspotusercontent-na2.net
2026-05-18 00:54:09 URL:https://blog.curiouscardinals.com/hubfs/blog%20banners%20--%20CC%20(1)-1.png [593122/593122] -> "/Users/briannazajicek/Documents/illuminairy/archives/curious-cardinals-2026-05-18/blog/blog.curiouscardinals.com/hubfs/blog banners -- CC (1)-1.png" [1]
Cookie coming from blog.curiouscardinals.com attempted to set domain to hubspotusercontent-na2.net
2026-05-18 00:54:10 URL:https://blog.curiouscardinals.com/hubfs/blog%20banners%20--%20CC%20(3).png [525683/525683] -> "/Users/briannazajicek/Documents/illuminairy/archives/curious-cardinals-2026-05-18/blog/blog.curiouscardinals.com/hubfs/blog banners -- CC (3).png" [1]
Cookie coming from blog.curiouscardinals.com attempted to set domain to hubspotusercontent-na2.net
2026-05-18 00:54:11 URL:https://blog.curiouscardinals.com/hubfs/Student%20v1-7.png [794125/794125] -> "/Users/briannazajicek/Documents/illuminairy/archives/curious-cardinals-2026-05-18/blog/blog.curiouscardinals.com/hubfs/Student v1-7.png" [1]
2026-05-18 00:54:12 URL:https://blog.curiouscardinals.com/why-having-a-mentor-who-looks-like-you-changes-lives [77670] -> "/Users/briannazajicek/Documents/illuminairy/archives/curious-cardinals-2026-05-18/blog/blog.curiouscardinals.com/why-having-a-mentor-who-looks-like-you-changes-lives.html" [1]
Cookie coming from blog.curiouscardinals.com attempted to set domain to hubspotusercontent-na2.net
2026-05-18 00:54:12 URL:https://blog.curiouscardinals.com/hubfs/unnamed-1-2.jpeg [171547/171547] -> "/Users/briannazajicek/Documents/illuminairy/archives/curious-cardinals-2026-05-18/blog/blog.curiouscardinals.com/hubfs/unnamed-1-2.jpeg" [1]
2026-05-18 00:54:13 URL:https://blog.curiouscardinals.com/hs-fs/hubfs/unnamed-1-1.jpeg?width=1119&height=784&name=unnamed-1-1.jpeg [187719/187719] -> "/Users/briannazajicek/Documents/illuminairy/archives/curious-cardinals-2026-05-18/blog/blog.curiouscardinals.com/hs-fs/hubfs/unnamed-1-1.jpeg?width=1119&height=784&name=unnamed-1-1.jpeg" [1]
2026-05-18 00:54:14 URL:https://blog.curiouscardinals.com/hs-fs/hubfs/unnamed-1-1.jpeg?width=560&height=392&name=unnamed-1-1.jpeg [55225/55225] -> "/Users/briannazajicek/Documents/illuminairy/archives/curious-cardinals-2026-05-18/blog/blog.curiouscardinals.com/hs-fs/hubfs/unnamed-1-1.jpeg?width=560&height=392&name=unnamed-1-1.jpeg" [1]
2026-05-18 00:54:15 URL:https://blog.curiouscardinals.com/hs-fs/hubfs/unnamed-1-1.jpeg?width=1679&height=1176&name=unnamed-1-1.jpeg [187719/187719] -> "/Users/briannazajicek/Documents/illuminairy/archives/curious-cardinals-2026-05-18/blog/blog.curiouscardinals.com/hs-fs/hubfs/unnamed-1-1.jpeg?width=1679&height=1176&name=unnamed-1-1.jpeg" [1]
2026-05-18 00:54:16 URL:https://blog.curiouscardinals.com/hs-fs/hubfs/unnamed-1-1.jpeg?width=2238&height=1568&name=unnamed-1-1.jpeg [187719/187719] -> "/Users/briannazajicek/Documents/illuminairy/archives/curious-cardinals-2026-05-18/blog/blog.curiouscardinals.com/hs-fs/hubfs/unnamed-1-1.jpeg?width=2238&height=1568&name=unnamed-1-1.jpeg" [1]
2026-05-18 00:54:17 URL:https://blog.curiouscardinals.com/hs-fs/hubfs/unnamed-1-1.jpeg?width=2798&height=1960&name=unnamed-1-1.jpeg [187719/187719] -> "/Users/briannazajicek/Documents/illuminairy/archives/curious-cardinals-2026-05-18/blog/blog.curiouscardinals.com/hs-fs/hubfs/unnamed-1-1.jpeg?width=2798&height=1960&name=unnamed-1-1.jpeg" [1]
2026-05-18 00:54:18 URL:https://blog.curiouscardinals.com/hs-fs/hubfs/unnamed-1-1.jpeg?width=3357&height=2352&name=unnamed-1-1.jpeg [187719/187719] -> "/Users/briannazajicek/Documents/illuminairy/archives/curious-cardinals-2026-05-18/blog/blog.curiouscardinals.com/hs-fs/hubfs/unnamed-1-1.jpeg?width=3357&height=2352&name=unnamed-1-1.jpeg" [1]
2026-05-18 00:54:19 URL:https://blog.curiouscardinals.com/hs-fs/hubfs/mari%202-1-1.jpeg?width=280&height=340&name=mari%202-1-1.jpeg [25395/25395] -> "/Users/briannazajicek/Documents/illuminairy/archives/curious-cardinals-2026-05-18/blog/blog.curiouscardinals.com/hs-fs/hubfs/mari 2-1-1.jpeg?width=280&height=340&name=mari 2-1-1.jpeg" [1]
2026-05-18 00:54:20 URL:https://blog.curiouscardinals.com/hs-fs/hubfs/mari%202-1-1.jpeg?width=140&height=170&name=mari%202-1-1.jpeg [8445/8445] -> "/Users/briannazajicek/Documents/illuminairy/archives/curious-cardinals-2026-05-18/blog/blog.curiouscardinals.com/hs-fs/hubfs/mari 2-1-1.jpeg?width=140&height=170&name=mari 2-1-1.jpeg" [1]
2026-05-18 00:54:21 URL:https://blog.curiouscardinals.com/hs-fs/hubfs/mari%202-1-1.jpeg?width=420&height=510&name=mari%202-1-1.jpeg [51986/51986] -> "/Users/briannazajicek/Documents/illuminairy/archives/curious-cardinals-2026-05-18/blog/blog.curiouscardinals.com/hs-fs/hubfs/mari 2-1-1.jpeg?width=420&height=510&name=mari 2-1-1.jpeg" [1]
2026-05-18 00:54:22 URL:https://blog.curiouscardinals.com/hs-fs/hubfs/mari%202-1-1.jpeg?width=560&height=680&name=mari%202-1-1.jpeg [74195/74195] -> "/Users/briannazajicek/Documents/illuminairy/archives/curious-cardinals-2026-05-18/blog/blog.curiouscardinals.com/hs-fs/hubfs/mari 2-1-1.jpeg?width=560&height=680&name=mari 2-1-1.jpeg" [1]
2026-05-18 00:54:23 URL:https://blog.curiouscardinals.com/hs-fs/hubfs/mari%202-1-1.jpeg?width=700&height=850&name=mari%202-1-1.jpeg [74195/74195] -> "/Users/briannazajicek/Documents/illuminairy/archives/curious-cardinals-2026-05-18/blog/blog.curiouscardinals.com/hs-fs/hubfs/mari 2-1-1.jpeg?width=700&height=850&name=mari 2-1-1.jpeg" [1]
2026-05-18 00:54:23 URL:https://blog.curiouscardinals.com/hs-fs/hubfs/mari%202-1-1.jpeg?width=840&height=1020&name=mari%202-1-1.jpeg [74195/74195] -> "/Users/briannazajicek/Documents/illuminairy/archives/curious-cardinals-2026-05-18/blog/blog.curiouscardinals.com/hs-fs/hubfs/mari 2-1-1.jpeg?width=840&height=1020&name=mari 2-1-1.jpeg" [1]
2026-05-18 00:54:25 URL:https://blog.curiouscardinals.com/hs-fs/hubfs/mason-1.jpeg?width=330&height=330&name=mason-1.jpeg [9659/9659] -> "/Users/briannazajicek/Documents/illuminairy/archives/curious-cardinals-2026-05-18/blog/blog.curiouscardinals.com/hs-fs/hubfs/mason-1.jpeg?width=330&height=330&name=mason-1.jpeg" [1]
2026-05-18 00:54:26 URL:https://blog.curiouscardinals.com/hs-fs/hubfs/mason-1.jpeg?width=165&height=165&name=mason-1.jpeg [3720/3720] -> "/Users/briannazajicek/Documents/illuminairy/archives/curious-cardinals-2026-05-18/blog/blog.curiouscardinals.com/hs-fs/hubfs/mason-1.jpeg?width=165&height=165&name=mason-1.jpeg" [1]
2026-05-18 00:54:27 URL:https://blog.curiouscardinals.com/hs-fs/hubfs/mason-1.jpeg?width=495&height=495&name=mason-1.jpeg [17940/17940] -> "/Users/briannazajicek/Documents/illuminairy/archives/curious-cardinals-2026-05-18/blog/blog.curiouscardinals.com/hs-fs/hubfs/mason-1.jpeg?width=495&height=495&name=mason-1.jpeg" [1]
2026-05-18 00:54:28 URL:https://blog.curiouscardinals.com/hs-fs/hubfs/mason-1.jpeg?width=660&height=660&name=mason-1.jpeg [23259/23259] -> "/Users/briannazajicek/Documents/illuminairy/archives/curious-cardinals-2026-05-18/blog/blog.curiouscardinals.com/hs-fs/hubfs/mason-1.jpeg?width=660&height=660&name=mason-1.jpeg" [1]
2026-05-18 00:54:28 URL:https://blog.curiouscardinals.com/hs-fs/hubfs/mason-1.jpeg?width=825&height=825&name=mason-1.jpeg [23259/23259] -> "/Users/briannazajicek/Documents/illuminairy/archives/curious-cardinals-2026-05-18/blog/blog.curiouscardinals.com/hs-fs/hubfs/mason-1.jpeg?width=825&height=825&name=mason-1.jpeg" [1]
2026-05-18 00:54:30 URL:https://blog.curiouscardinals.com/hs-fs/hubfs/mason-1.jpeg?width=990&height=990&name=mason-1.jpeg [23259/23259] -> "/Users/briannazajicek/Documents/illuminairy/archives/curious-cardinals-2026-05-18/blog/blog.curiouscardinals.com/hs-fs/hubfs/mason-1.jpeg?width=990&height=990&name=mason-1.jpeg" [1]
Cookie coming from blog.curiouscardinals.com attempted to set domain to hubspotusercontent-na2.net
2026-05-18 00:54:30 URL:https://blog.curiouscardinals.com/hubfs/blog%20banners%20--%20CC%20(6)-1.png [461186/461186] -> "/Users/briannazajicek/Documents/illuminairy/archives/curious-cardinals-2026-05-18/blog/blog.curiouscardinals.com/hubfs/blog banners -- CC (6)-1.png" [1]
2026-05-18 00:54:31 URL:https://blog.curiouscardinals.com/hs-fs/hubfs/elise%20l.png?width=45&name=elise%20l.png [1266/1266] -> "/Users/briannazajicek/Documents/illuminairy/archives/curious-cardinals-2026-05-18/blog/blog.curiouscardinals.com/hs-fs/hubfs/elise l.png?width=45&name=elise l.png" [1]
2026-05-18 00:54:31 URL:https://blog.curiouscardinals.com/hs-fs/hubfs/elise%20l.png?width=23&name=elise%20l.png [614/614] -> "/Users/briannazajicek/Documents/illuminairy/archives/curious-cardinals-2026-05-18/blog/blog.curiouscardinals.com/hs-fs/hubfs/elise l.png?width=23&name=elise l.png" [1]
2026-05-18 00:54:32 URL:https://blog.curiouscardinals.com/hs-fs/hubfs/elise%20l.png?width=68&name=elise%20l.png [2193/2193] -> "/Users/briannazajicek/Documents/illuminairy/archives/curious-cardinals-2026-05-18/blog/blog.curiouscardinals.com/hs-fs/hubfs/elise l.png?width=68&name=elise l.png" [1]
2026-05-18 00:54:32 URL:https://blog.curiouscardinals.com/hs-fs/hubfs/elise%20l.png?width=90&name=elise%20l.png [3120/3120] -> "/Users/briannazajicek/Documents/illuminairy/archives/curious-cardinals-2026-05-18/blog/blog.curiouscardinals.com/hs-fs/hubfs/elise l.png?width=90&name=elise l.png" [1]
2026-05-18 00:54:32 URL:https://blog.curiouscardinals.com/hs-fs/hubfs/elise%20l.png?width=113&name=elise%20l.png [4267/4267] -> "/Users/briannazajicek/Documents/illuminairy/archives/curious-cardinals-2026-05-18/blog/blog.curiouscardinals.com/hs-fs/hubfs/elise l.png?width=113&name=elise l.png" [1]
2026-05-18 00:54:33 URL:https://blog.curiouscardinals.com/hs-fs/hubfs/elise%20l.png?width=135&name=elise%20l.png [5400/5400] -> "/Users/briannazajicek/Documents/illuminairy/archives/curious-cardinals-2026-05-18/blog/blog.curiouscardinals.com/hs-fs/hubfs/elise l.png?width=135&name=elise l.png" [1]
Cookie coming from blog.curiouscardinals.com attempted to set domain to hubspotusercontent-na2.net
2026-05-18 00:54:34 URL:https://blog.curiouscardinals.com/hubfs/blog%20banners%20--%20CC%20(1).png [156964/156964] -> "/Users/briannazajicek/Documents/illuminairy/archives/curious-cardinals-2026-05-18/blog/blog.curiouscardinals.com/hubfs/blog banners -- CC (1).png" [1]
2026-05-18 00:54:34 URL:https://blog.curiouscardinals.com/the-history-meaning-of-the-mentor-community [83122] -> "/Users/briannazajicek/Documents/illuminairy/archives/curious-cardinals-2026-05-18/blog/blog.curiouscardinals.com/the-history-meaning-of-the-mentor-community.html" [1]
Cookie coming from blog.curiouscardinals.com attempted to set domain to hubspotusercontent-na2.net
2026-05-18 00:54:35 URL:https://blog.curiouscardinals.com/hubfs/809ECAC6-B233-4B40-BDB2-EE17FE35B168_1_201_a.jpeg [503028/503028] -> "/Users/briannazajicek/Documents/illuminairy/archives/curious-cardinals-2026-05-18/blog/blog.curiouscardinals.com/hubfs/809ECAC6-B233-4B40-BDB2-EE17FE35B168_1_201_a.jpeg" [1]
2026-05-18 00:54:35 URL:https://blog.curiouscardinals.com/hs-fs/hubfs/6E4F367E-9C73-4486-8CC2-399C511C84D5_1_105_c.jpeg?width=531&height=398&name=6E4F367E-9C73-4486-8CC2-399C511C84D5_1_105_c.jpeg [40752/40752] -> "/Users/briannazajicek/Documents/illuminairy/archives/curious-cardinals-2026-05-18/blog/blog.curiouscardinals.com/hs-fs/hubfs/6E4F367E-9C73-4486-8CC2-399C511C84D5_1_105_c.jpeg?width=531&height=398&name=6E4F367E-9C73-4486-8CC2-399C511C84D5_1_105_c.jpeg" [1]
2026-05-18 00:54:36 URL:https://blog.curiouscardinals.com/hs-fs/hubfs/6E4F367E-9C73-4486-8CC2-399C511C84D5_1_105_c.jpeg?width=266&height=199&name=6E4F367E-9C73-4486-8CC2-399C511C84D5_1_105_c.jpeg [14199/14199] -> "/Users/briannazajicek/Documents/illuminairy/archives/curious-cardinals-2026-05-18/blog/blog.curiouscardinals.com/hs-fs/hubfs/6E4F367E-9C73-4486-8CC2-399C511C84D5_1_105_c.jpeg?width=266&height=199&name=6E4F367E-9C73-4486-8CC2-399C511C84D5_1_105_c.jpeg" [1]
2026-05-18 00:54:38 URL:https://blog.curiouscardinals.com/hs-fs/hubfs/6E4F367E-9C73-4486-8CC2-399C511C84D5_1_105_c.jpeg?width=797&height=597&name=6E4F367E-9C73-4486-8CC2-399C511C84D5_1_105_c.jpeg [74935/74935] -> "/Users/briannazajicek/Documents/illuminairy/archives/curious-cardinals-2026-05-18/blog/blog.curiouscardinals.com/hs-fs/hubfs/6E4F367E-9C73-4486-8CC2-399C511C84D5_1_105_c.jpeg?width=797&height=597&name=6E4F367E-9C73-4486-8CC2-399C511C84D5_1_105_c.jpeg" [1]
2026-05-18 00:54:39 URL:https://blog.curiouscardinals.com/hs-fs/hubfs/6E4F367E-9C73-4486-8CC2-399C511C84D5_1_105_c.jpeg?width=1062&height=796&name=6E4F367E-9C73-4486-8CC2-399C511C84D5_1_105_c.jpeg [110173/110173] -> "/Users/briannazajicek/Documents/illuminairy/archives/curious-cardinals-2026-05-18/blog/blog.curiouscardinals.com/hs-fs/hubfs/6E4F367E-9C73-4486-8CC2-399C511C84D5_1_105_c.jpeg?width=1062&height=796&name=6E4F367E-9C73-4486-8CC2-399C511C84D5_1_105_c.jpeg" [1]
2026-05-18 00:54:40 URL:https://blog.curiouscardinals.com/hs-fs/hubfs/6E4F367E-9C73-4486-8CC2-399C511C84D5_1_105_c.jpeg?width=1328&height=995&name=6E4F367E-9C73-4486-8CC2-399C511C84D5_1_105_c.jpeg [110173/110173] -> "/Users/briannazajicek/Documents/illuminairy/archives/curious-cardinals-2026-05-18/blog/blog.curiouscardinals.com/hs-fs/hubfs/6E4F367E-9C73-4486-8CC2-399C511C84D5_1_105_c.jpeg?width=1328&height=995&name=6E4F367E-9C73-4486-8CC2-399C511C84D5_1_105_c.jpeg" [1]
2026-05-18 00:54:41 URL:https://blog.curiouscardinals.com/hs-fs/hubfs/6E4F367E-9C73-4486-8CC2-399C511C84D5_1_105_c.jpeg?width=1593&height=1194&name=6E4F367E-9C73-4486-8CC2-399C511C84D5_1_105_c.jpeg [110173/110173] -> "/Users/briannazajicek/Documents/illuminairy/archives/curious-cardinals-2026-05-18/blog/blog.curiouscardinals.com/hs-fs/hubfs/6E4F367E-9C73-4486-8CC2-399C511C84D5_1_105_c.jpeg?width=1593&height=1194&name=6E4F367E-9C73-4486-8CC2-399C511C84D5_1_105_c.jpeg" [1]
2026-05-18 00:54:42 URL:https://blog.curiouscardinals.com/hs-fs/hubfs/70F5EB57-7831-4E61-AC7D-7AB1CE9DB0E5_1_105_c.jpeg?width=435&height=326&name=70F5EB57-7831-4E61-AC7D-7AB1CE9DB0E5_1_105_c.jpeg [31217/31217] -> "/Users/briannazajicek/Documents/illuminairy/archives/curious-cardinals-2026-05-18/blog/blog.curiouscardinals.com/hs-fs/hubfs/70F5EB57-7831-4E61-AC7D-7AB1CE9DB0E5_1_105_c.jpeg?width=435&height=326&name=70F5EB57-7831-4E61-AC7D-7AB1CE9DB0E5_1_105_c.jpeg" [1]
2026-05-18 00:54:43 URL:https://blog.curiouscardinals.com/hs-fs/hubfs/70F5EB57-7831-4E61-AC7D-7AB1CE9DB0E5_1_105_c.jpeg?width=218&height=163&name=70F5EB57-7831-4E61-AC7D-7AB1CE9DB0E5_1_105_c.jpeg [9410/9410] -> "/Users/briannazajicek/Documents/illuminairy/archives/curious-cardinals-2026-05-18/blog/blog.curiouscardinals.com/hs-fs/hubfs/70F5EB57-7831-4E61-AC7D-7AB1CE9DB0E5_1_105_c.jpeg?width=218&height=163&name=70F5EB57-7831-4E61-AC7D-7AB1CE9DB0E5_1_105_c.jpeg" [1]
2026-05-18 00:54:44 URL:https://blog.curiouscardinals.com/hs-fs/hubfs/70F5EB57-7831-4E61-AC7D-7AB1CE9DB0E5_1_105_c.jpeg?width=653&height=489&name=70F5EB57-7831-4E61-AC7D-7AB1CE9DB0E5_1_105_c.jpeg [65344/65344] -> "/Users/briannazajicek/Documents/illuminairy/archives/curious-cardinals-2026-05-18/blog/blog.curiouscardinals.com/hs-fs/hubfs/70F5EB57-7831-4E61-AC7D-7AB1CE9DB0E5_1_105_c.jpeg?width=653&height=489&name=70F5EB57-7831-4E61-AC7D-7AB1CE9DB0E5_1_105_c.jpeg" [1]
2026-05-18 00:54:46 URL:https://blog.curiouscardinals.com/hs-fs/hubfs/70F5EB57-7831-4E61-AC7D-7AB1CE9DB0E5_1_105_c.jpeg?width=870&height=652&name=70F5EB57-7831-4E61-AC7D-7AB1CE9DB0E5_1_105_c.jpeg [111142/111142] -> "/Users/briannazajicek/Documents/illuminairy/archives/curious-cardinals-2026-05-18/blog/blog.curiouscardinals.com/hs-fs/hubfs/70F5EB57-7831-4E61-AC7D-7AB1CE9DB0E5_1_105_c.jpeg?width=870&height=652&name=70F5EB57-7831-4E61-AC7D-7AB1CE9DB0E5_1_105_c.jpeg" [1]
2026-05-18 00:54:47 URL:https://blog.curiouscardinals.com/hs-fs/hubfs/70F5EB57-7831-4E61-AC7D-7AB1CE9DB0E5_1_105_c.jpeg?width=1088&height=815&name=70F5EB57-7831-4E61-AC7D-7AB1CE9DB0E5_1_105_c.jpeg [152136/152136] -> "/Users/briannazajicek/Documents/illuminairy/archives/curious-cardinals-2026-05-18/blog/blog.curiouscardinals.com/hs-fs/hubfs/70F5EB57-7831-4E61-AC7D-7AB1CE9DB0E5_1_105_c.jpeg?width=1088&height=815&name=70F5EB57-7831-4E61-AC7D-7AB1CE9DB0E5_1_105_c.jpeg" [1]
2026-05-18 00:54:48 URL:https://blog.curiouscardinals.com/hs-fs/hubfs/70F5EB57-7831-4E61-AC7D-7AB1CE9DB0E5_1_105_c.jpeg?width=1305&height=978&name=70F5EB57-7831-4E61-AC7D-7AB1CE9DB0E5_1_105_c.jpeg [152136/152136] -> "/Users/briannazajicek/Documents/illuminairy/archives/curious-cardinals-2026-05-18/blog/blog.curiouscardinals.com/hs-fs/hubfs/70F5EB57-7831-4E61-AC7D-7AB1CE9DB0E5_1_105_c.jpeg?width=1305&height=978&name=70F5EB57-7831-4E61-AC7D-7AB1CE9DB0E5_1_105_c.jpeg" [1]
2026-05-18 00:54:49 URL:https://blog.curiouscardinals.com/hs-fs/hubfs/2E2D6B93-FB15-40C5-AD48-E699009BDA56_1_105_c.jpeg?width=508&height=381&name=2E2D6B93-FB15-40C5-AD48-E699009BDA56_1_105_c.jpeg [43001/43001] -> "/Users/briannazajicek/Documents/illuminairy/archives/curious-cardinals-2026-05-18/blog/blog.curiouscardinals.com/hs-fs/hubfs/2E2D6B93-FB15-40C5-AD48-E699009BDA56_1_105_c.jpeg?width=508&height=381&name=2E2D6B93-FB15-40C5-AD48-E699009BDA56_1_105_c.jpeg" [1]
2026-05-18 00:54:50 URL:https://blog.curiouscardinals.com/hs-fs/hubfs/2E2D6B93-FB15-40C5-AD48-E699009BDA56_1_105_c.jpeg?width=254&height=191&name=2E2D6B93-FB15-40C5-AD48-E699009BDA56_1_105_c.jpeg [12999/12999] -> "/Users/briannazajicek/Documents/illuminairy/archives/curious-cardinals-2026-05-18/blog/blog.curiouscardinals.com/hs-fs/hubfs/2E2D6B93-FB15-40C5-AD48-E699009BDA56_1_105_c.jpeg?width=254&height=191&name=2E2D6B93-FB15-40C5-AD48-E699009BDA56_1_105_c.jpeg" [1]
2026-05-18 00:54:52 URL:https://blog.curiouscardinals.com/hs-fs/hubfs/2E2D6B93-FB15-40C5-AD48-E699009BDA56_1_105_c.jpeg?width=762&height=572&name=2E2D6B93-FB15-40C5-AD48-E699009BDA56_1_105_c.jpeg [82914/82914] -> "/Users/briannazajicek/Documents/illuminairy/archives/curious-cardinals-2026-05-18/blog/blog.curiouscardinals.com/hs-fs/hubfs/2E2D6B93-FB15-40C5-AD48-E699009BDA56_1_105_c.jpeg?width=762&height=572&name=2E2D6B93-FB15-40C5-AD48-E699009BDA56_1_105_c.jpeg" [1]
2026-05-18 00:54:53 URL:https://blog.curiouscardinals.com/hs-fs/hubfs/2E2D6B93-FB15-40C5-AD48-E699009BDA56_1_105_c.jpeg?width=1016&height=762&name=2E2D6B93-FB15-40C5-AD48-E699009BDA56_1_105_c.jpeg [130253/130253] -> "/Users/briannazajicek/Documents/illuminairy/archives/curious-cardinals-2026-05-18/blog/blog.curiouscardinals.com/hs-fs/hubfs/2E2D6B93-FB15-40C5-AD48-E699009BDA56_1_105_c.jpeg?width=1016&height=762&name=2E2D6B93-FB15-40C5-AD48-E699009BDA56_1_105_c.jpeg" [1]
2026-05-18 00:54:54 URL:https://blog.curiouscardinals.com/hs-fs/hubfs/2E2D6B93-FB15-40C5-AD48-E699009BDA56_1_105_c.jpeg?width=1270&height=953&name=2E2D6B93-FB15-40C5-AD48-E699009BDA56_1_105_c.jpeg [132262/132262] -> "/Users/briannazajicek/Documents/illuminairy/archives/curious-cardinals-2026-05-18/blog/blog.curiouscardinals.com/hs-fs/hubfs/2E2D6B93-FB15-40C5-AD48-E699009BDA56_1_105_c.jpeg?width=1270&height=953&name=2E2D6B93-FB15-40C5-AD48-E699009BDA56_1_105_c.jpeg" [1]
2026-05-18 00:54:55 URL:https://blog.curiouscardinals.com/hs-fs/hubfs/2E2D6B93-FB15-40C5-AD48-E699009BDA56_1_105_c.jpeg?width=1524&height=1143&name=2E2D6B93-FB15-40C5-AD48-E699009BDA56_1_105_c.jpeg [132262/132262] -> "/Users/briannazajicek/Documents/illuminairy/archives/curious-cardinals-2026-05-18/blog/blog.curiouscardinals.com/hs-fs/hubfs/2E2D6B93-FB15-40C5-AD48-E699009BDA56_1_105_c.jpeg?width=1524&height=1143&name=2E2D6B93-FB15-40C5-AD48-E699009BDA56_1_105_c.jpeg" [1]
2026-05-18 00:54:56 URL:https://blog.curiouscardinals.com/hs-fs/hubfs/89065EE0-94CF-488A-BDAC-DCB2909E188C_1_105_c.jpeg?width=1024&height=768&name=89065EE0-94CF-488A-BDAC-DCB2909E188C_1_105_c.jpeg [240123/240123] -> "/Users/briannazajicek/Documents/illuminairy/archives/curious-cardinals-2026-05-18/blog/blog.curiouscardinals.com/hs-fs/hubfs/89065EE0-94CF-488A-BDAC-DCB2909E188C_1_105_c.jpeg?width=1024&height=768&name=89065EE0-94CF-488A-BDAC-DCB2909E188C_1_105_c.jpeg" [1]
2026-05-18 00:54:57 URL:https://blog.curiouscardinals.com/hs-fs/hubfs/89065EE0-94CF-488A-BDAC-DCB2909E188C_1_105_c.jpeg?width=512&height=384&name=89065EE0-94CF-488A-BDAC-DCB2909E188C_1_105_c.jpeg [64724/64724] -> "/Users/briannazajicek/Documents/illuminairy/archives/curious-cardinals-2026-05-18/blog/blog.curiouscardinals.com/hs-fs/hubfs/89065EE0-94CF-488A-BDAC-DCB2909E188C_1_105_c.jpeg?width=512&height=384&name=89065EE0-94CF-488A-BDAC-DCB2909E188C_1_105_c.jpeg" [1]
2026-05-18 00:54:58 URL:https://blog.curiouscardinals.com/hs-fs/hubfs/89065EE0-94CF-488A-BDAC-DCB2909E188C_1_105_c.jpeg?width=1536&height=1152&name=89065EE0-94CF-488A-BDAC-DCB2909E188C_1_105_c.jpeg [240123/240123] -> "/Users/briannazajicek/Documents/illuminairy/archives/curious-cardinals-2026-05-18/blog/blog.curiouscardinals.com/hs-fs/hubfs/89065EE0-94CF-488A-BDAC-DCB2909E188C_1_105_c.jpeg?width=1536&height=1152&name=89065EE0-94CF-488A-BDAC-DCB2909E188C_1_105_c.jpeg" [1]
2026-05-18 00:54:59 URL:https://blog.curiouscardinals.com/hs-fs/hubfs/89065EE0-94CF-488A-BDAC-DCB2909E188C_1_105_c.jpeg?width=2048&height=1536&name=89065EE0-94CF-488A-BDAC-DCB2909E188C_1_105_c.jpeg [240123/240123] -> "/Users/briannazajicek/Documents/illuminairy/archives/curious-cardinals-2026-05-18/blog/blog.curiouscardinals.com/hs-fs/hubfs/89065EE0-94CF-488A-BDAC-DCB2909E188C_1_105_c.jpeg?width=2048&height=1536&name=89065EE0-94CF-488A-BDAC-DCB2909E188C_1_105_c.jpeg" [1]
2026-05-18 00:55:01 URL:https://blog.curiouscardinals.com/hs-fs/hubfs/89065EE0-94CF-488A-BDAC-DCB2909E188C_1_105_c.jpeg?width=2560&height=1920&name=89065EE0-94CF-488A-BDAC-DCB2909E188C_1_105_c.jpeg [240123/240123] -> "/Users/briannazajicek/Documents/illuminairy/archives/curious-cardinals-2026-05-18/blog/blog.curiouscardinals.com/hs-fs/hubfs/89065EE0-94CF-488A-BDAC-DCB2909E188C_1_105_c.jpeg?width=2560&height=1920&name=89065EE0-94CF-488A-BDAC-DCB2909E188C_1_105_c.jpeg" [1]
2026-05-18 00:55:02 URL:https://blog.curiouscardinals.com/hs-fs/hubfs/89065EE0-94CF-488A-BDAC-DCB2909E188C_1_105_c.jpeg?width=3072&height=2304&name=89065EE0-94CF-488A-BDAC-DCB2909E188C_1_105_c.jpeg [240123/240123] -> "/Users/briannazajicek/Documents/illuminairy/archives/curious-cardinals-2026-05-18/blog/blog.curiouscardinals.com/hs-fs/hubfs/89065EE0-94CF-488A-BDAC-DCB2909E188C_1_105_c.jpeg?width=3072&height=2304&name=89065EE0-94CF-488A-BDAC-DCB2909E188C_1_105_c.jpeg" [1]
Cookie coming from blog.curiouscardinals.com attempted to set domain to hubspotusercontent-na2.net
2026-05-18 00:55:03 URL:https://blog.curiouscardinals.com/hubfs/blog%20banners%20--%20CC-2.png [234490/234490] -> "/Users/briannazajicek/Documents/illuminairy/archives/curious-cardinals-2026-05-18/blog/blog.curiouscardinals.com/hubfs/blog banners -- CC-2.png" [1]
Cookie coming from blog.curiouscardinals.com attempted to set domain to hubspotusercontent-na2.net
2026-05-18 00:55:04 URL:https://blog.curiouscardinals.com/hubfs/62c5bb1d5fbf350a9c783ed5_6d33b04e-0223-4235-8807-f2bc2c48788d-p-500.jpg [33533/33533] -> "/Users/briannazajicek/Documents/illuminairy/archives/curious-cardinals-2026-05-18/blog/blog.curiouscardinals.com/hubfs/62c5bb1d5fbf350a9c783ed5_6d33b04e-0223-4235-8807-f2bc2c48788d-p-500.jpg" [1]
2026-05-18 00:55:04 URL:https://blog.curiouscardinals.com/introducing-the-flightplan [75526] -> "/Users/briannazajicek/Documents/illuminairy/archives/curious-cardinals-2026-05-18/blog/blog.curiouscardinals.com/introducing-the-flightplan.html" [1]
Cookie coming from blog.curiouscardinals.com attempted to set domain to hubspotusercontent-na2.net
2026-05-18 00:55:05 URL:https://blog.curiouscardinals.com/hubfs/undefined-May-01-2026-03-52-18-6808-AM.png [1135150/1135150] -> "/Users/briannazajicek/Documents/illuminairy/archives/curious-cardinals-2026-05-18/blog/blog.curiouscardinals.com/hubfs/undefined-May-01-2026-03-52-18-6808-AM.png" [1]
2026-05-18 00:55:06 URL:https://blog.curiouscardinals.com/hs-fs/hubfs/undefined-May-01-2026-03-52-18-6808-AM.png?width=1024&height=768&name=undefined-May-01-2026-03-52-18-6808-AM.png [1135150/1135150] -> "/Users/briannazajicek/Documents/illuminairy/archives/curious-cardinals-2026-05-18/blog/blog.curiouscardinals.com/hs-fs/hubfs/undefined-May-01-2026-03-52-18-6808-AM.png?width=1024&height=768&name=undefined-May-01-2026-03-52-18-6808-AM.png" [1]
2026-05-18 00:55:07 URL:https://blog.curiouscardinals.com/hs-fs/hubfs/undefined-May-01-2026-03-52-18-6808-AM.png?width=512&height=384&name=undefined-May-01-2026-03-52-18-6808-AM.png [118263/118263] -> "/Users/briannazajicek/Documents/illuminairy/archives/curious-cardinals-2026-05-18/blog/blog.curiouscardinals.com/hs-fs/hubfs/undefined-May-01-2026-03-52-18-6808-AM.png?width=512&height=384&name=undefined-May-01-2026-03-52-18-6808-AM.png" [1]
2026-05-18 00:55:08 URL:https://blog.curiouscardinals.com/hs-fs/hubfs/undefined-May-01-2026-03-52-18-6808-AM.png?width=1536&height=1152&name=undefined-May-01-2026-03-52-18-6808-AM.png [1135150/1135150] -> "/Users/briannazajicek/Documents/illuminairy/archives/curious-cardinals-2026-05-18/blog/blog.curiouscardinals.com/hs-fs/hubfs/undefined-May-01-2026-03-52-18-6808-AM.png?width=1536&height=1152&name=undefined-May-01-2026-03-52-18-6808-AM.png" [1]
2026-05-18 00:55:09 URL:https://blog.curiouscardinals.com/hs-fs/hubfs/undefined-May-01-2026-03-52-18-6808-AM.png?width=2048&height=1536&name=undefined-May-01-2026-03-52-18-6808-AM.png [1135150/1135150] -> "/Users/briannazajicek/Documents/illuminairy/archives/curious-cardinals-2026-05-18/blog/blog.curiouscardinals.com/hs-fs/hubfs/undefined-May-01-2026-03-52-18-6808-AM.png?width=2048&height=1536&name=undefined-May-01-2026-03-52-18-6808-AM.png" [1]
2026-05-18 00:55:11 URL:https://blog.curiouscardinals.com/hs-fs/hubfs/undefined-May-01-2026-03-52-18-6808-AM.png?width=2560&height=1920&name=undefined-May-01-2026-03-52-18-6808-AM.png [1135150/1135150] -> "/Users/briannazajicek/Documents/illuminairy/archives/curious-cardinals-2026-05-18/blog/blog.curiouscardinals.com/hs-fs/hubfs/undefined-May-01-2026-03-52-18-6808-AM.png?width=2560&height=1920&name=undefined-May-01-2026-03-52-18-6808-AM.png" [1]
2026-05-18 00:55:12 URL:https://blog.curiouscardinals.com/hs-fs/hubfs/undefined-May-01-2026-03-52-18-6808-AM.png?width=3072&height=2304&name=undefined-May-01-2026-03-52-18-6808-AM.png [1135150/1135150] -> "/Users/briannazajicek/Documents/illuminairy/archives/curious-cardinals-2026-05-18/blog/blog.curiouscardinals.com/hs-fs/hubfs/undefined-May-01-2026-03-52-18-6808-AM.png?width=3072&height=2304&name=undefined-May-01-2026-03-52-18-6808-AM.png" [1]
Cookie coming from blog.curiouscardinals.com attempted to set domain to hubspotusercontent-na2.net
2026-05-18 00:55:13 URL:https://blog.curiouscardinals.com/hubfs/Screen%20Shot%202022-08-24%20at%2010.01.36%20AM.png [1089918/1089918] -> "/Users/briannazajicek/Documents/illuminairy/archives/curious-cardinals-2026-05-18/blog/blog.curiouscardinals.com/hubfs/Screen Shot 2022-08-24 at 10.01.36 AM.png" [1]
Cookie coming from blog.curiouscardinals.com attempted to set domain to hubspotusercontent-na2.net
2026-05-18 00:55:14 URL:https://blog.curiouscardinals.com/hubfs/blog%20banners%20--%20CC%20(8).png [552062/552062] -> "/Users/briannazajicek/Documents/illuminairy/archives/curious-cardinals-2026-05-18/blog/blog.curiouscardinals.com/hubfs/blog banners -- CC (8).png" [1]
2026-05-18 00:55:14 URL:https://blog.curiouscardinals.com/why-kids-arent-learning-anything-in-school [74451] -> "/Users/briannazajicek/Documents/illuminairy/archives/curious-cardinals-2026-05-18/blog/blog.curiouscardinals.com/why-kids-arent-learning-anything-in-school.html" [1]
2026-05-18 00:55:15 URL:https://7052064.fs1.hubspotusercontent-na1.net/hubfs/7052064/hub_generated/template_assets/DEFAULT_ASSET/1778777401783/template_main.min.css [26133/26133] -> "/Users/briannazajicek/Documents/illuminairy/archives/curious-cardinals-2026-05-18/blog/7052064.fs1.hubspotusercontent-na1.net/hubfs/7052064/hub_generated/template_assets/DEFAULT_ASSET/1778777401783/template_main.min.css" [1]
2026-05-18 00:55:15 URL:https://7052064.fs1.hubspotusercontent-na1.net/hubfs/7052064/hub_generated/template_assets/DEFAULT_ASSET/1778777418447/template_blog.min.css [6237/6237] -> "/Users/briannazajicek/Documents/illuminairy/archives/curious-cardinals-2026-05-18/blog/7052064.fs1.hubspotusercontent-na1.net/hubfs/7052064/hub_generated/template_assets/DEFAULT_ASSET/1778777418447/template_blog.min.css" [1]
2026-05-18 00:55:15 URL:https://7052064.fs1.hubspotusercontent-na1.net/hubfs/7052064/hub_generated/module_assets/1/-25202732329/1778779139068/module_menu-section.min.css [3742/3742] -> "/Users/briannazajicek/Documents/illuminairy/archives/curious-cardinals-2026-05-18/blog/7052064.fs1.hubspotusercontent-na1.net/hubfs/7052064/hub_generated/module_assets/1/-25202732329/1778779139068/module_menu-section.min.css" [1]
2026-05-18 00:55:16 URL:https://7052064.fs1.hubspotusercontent-na1.net/hubfs/7052064/hub_generated/module_assets/1/-25202478151/1778779142310/module_related-post-listing.min.css [1350/1350] -> "/Users/briannazajicek/Documents/illuminairy/archives/curious-cardinals-2026-05-18/blog/7052064.fs1.hubspotusercontent-na1.net/hubfs/7052064/hub_generated/module_assets/1/-25202478151/1778779142310/module_related-post-listing.min.css" [1]
2026-05-18 00:55:16 URL:https://7052064.fs1.hubspotusercontent-na1.net/hubfs/7052064/hub_generated/module_assets/1/-25202478153/1778779140862/module_social-follow.min.css [459/459] -> "/Users/briannazajicek/Documents/illuminairy/archives/curious-cardinals-2026-05-18/blog/7052064.fs1.hubspotusercontent-na1.net/hubfs/7052064/hub_generated/module_assets/1/-25202478153/1778779140862/module_social-follow.min.css" [1]
2026-05-18 00:55:17 URL:https://blog.curiouscardinals.com/hs-fs/hubfs/curious%20cardinals%20newsletter%20banners.gif?upscale=true&upscale=true&width=664&height=346&name=curious%20cardinals%20newsletter%20banners.gif [307538/307538] -> "/Users/briannazajicek/Documents/illuminairy/archives/curious-cardinals-2026-05-18/blog/blog.curiouscardinals.com/hs-fs/hubfs/curious cardinals newsletter banners.gif?upscale=true&upscale=true&width=664&height=346&name=curious cardinals newsletter banners.gif" [1]
2026-05-18 00:55:18 URL:https://blog.curiouscardinals.com/hs-fs/hubfs/curious%20cardinals%20newsletter%20banners.gif?upscale=true&upscale=true&width=332&height=173&name=curious%20cardinals%20newsletter%20banners.gif [307538/307538] -> "/Users/briannazajicek/Documents/illuminairy/archives/curious-cardinals-2026-05-18/blog/blog.curiouscardinals.com/hs-fs/hubfs/curious cardinals newsletter banners.gif?upscale=true&upscale=true&width=332&height=173&name=curious cardinals newsletter banners.gif" [1]
2026-05-18 00:55:20 URL:https://blog.curiouscardinals.com/hs-fs/hubfs/curious%20cardinals%20newsletter%20banners.gif?upscale=true&upscale=true&width=996&height=519&name=curious%20cardinals%20newsletter%20banners.gif [307538/307538] -> "/Users/briannazajicek/Documents/illuminairy/archives/curious-cardinals-2026-05-18/blog/blog.curiouscardinals.com/hs-fs/hubfs/curious cardinals newsletter banners.gif?upscale=true&upscale=true&width=996&height=519&name=curious cardinals newsletter banners.gif" [1]
2026-05-18 00:55:21 URL:https://blog.curiouscardinals.com/hs-fs/hubfs/curious%20cardinals%20newsletter%20banners.gif?upscale=true&upscale=true&width=1328&height=692&name=curious%20cardinals%20newsletter%20banners.gif [307538/307538] -> "/Users/briannazajicek/Documents/illuminairy/archives/curious-cardinals-2026-05-18/blog/blog.curiouscardinals.com/hs-fs/hubfs/curious cardinals newsletter banners.gif?upscale=true&upscale=true&width=1328&height=692&name=curious cardinals newsletter banners.gif" [1]
2026-05-18 00:55:22 URL:https://blog.curiouscardinals.com/hs-fs/hubfs/curious%20cardinals%20newsletter%20banners.gif?upscale=true&upscale=true&width=1660&height=865&name=curious%20cardinals%20newsletter%20banners.gif [307538/307538] -> "/Users/briannazajicek/Documents/illuminairy/archives/curious-cardinals-2026-05-18/blog/blog.curiouscardinals.com/hs-fs/hubfs/curious cardinals newsletter banners.gif?upscale=true&upscale=true&width=1660&height=865&name=curious cardinals newsletter banners.gif" [1]
2026-05-18 00:55:23 URL:https://blog.curiouscardinals.com/hs-fs/hubfs/curious%20cardinals%20newsletter%20banners.gif?upscale=true&upscale=true&width=1992&height=1038&name=curious%20cardinals%20newsletter%20banners.gif [307538/307538] -> "/Users/briannazajicek/Documents/illuminairy/archives/curious-cardinals-2026-05-18/blog/blog.curiouscardinals.com/hs-fs/hubfs/curious cardinals newsletter banners.gif?upscale=true&upscale=true&width=1992&height=1038&name=curious cardinals newsletter banners.gif" [1]
2026-05-18 00:55:23 URL:https://blog.curiouscardinals.com/hs-fs/hubfs/events%20-%20Curious%20Cardinals%20(1)-2.png?width=422&height=422&name=events%20-%20Curious%20Cardinals%20(1)-2.png [28166/28166] -> "/Users/briannazajicek/Documents/illuminairy/archives/curious-cardinals-2026-05-18/blog/blog.curiouscardinals.com/hs-fs/hubfs/events - Curious Cardinals (1)-2.png?width=422&height=422&name=events - Curious Cardinals (1)-2.png" [1]
2026-05-18 00:55:24 URL:https://blog.curiouscardinals.com/hs-fs/hubfs/events%20-%20Curious%20Cardinals%20(1)-2.png?width=211&height=211&name=events%20-%20Curious%20Cardinals%20(1)-2.png [10902/10902] -> "/Users/briannazajicek/Documents/illuminairy/archives/curious-cardinals-2026-05-18/blog/blog.curiouscardinals.com/hs-fs/hubfs/events - Curious Cardinals (1)-2.png?width=211&height=211&name=events - Curious Cardinals (1)-2.png" [1]
2026-05-18 00:55:25 URL:https://blog.curiouscardinals.com/hs-fs/hubfs/events%20-%20Curious%20Cardinals%20(1)-2.png?width=633&height=633&name=events%20-%20Curious%20Cardinals%20(1)-2.png [51386/51386] -> "/Users/briannazajicek/Documents/illuminairy/archives/curious-cardinals-2026-05-18/blog/blog.curiouscardinals.com/hs-fs/hubfs/events - Curious Cardinals (1)-2.png?width=633&height=633&name=events - Curious Cardinals (1)-2.png" [1]
2026-05-18 00:55:26 URL:https://blog.curiouscardinals.com/hs-fs/hubfs/events%20-%20Curious%20Cardinals%20(1)-2.png?width=844&height=844&name=events%20-%20Curious%20Cardinals%20(1)-2.png [78071/78071] -> "/Users/briannazajicek/Documents/illuminairy/archives/curious-cardinals-2026-05-18/blog/blog.curiouscardinals.com/hs-fs/hubfs/events - Curious Cardinals (1)-2.png?width=844&height=844&name=events - Curious Cardinals (1)-2.png" [1]
2026-05-18 00:55:27 URL:https://blog.curiouscardinals.com/hs-fs/hubfs/events%20-%20Curious%20Cardinals%20(1)-2.png?width=1055&height=1055&name=events%20-%20Curious%20Cardinals%20(1)-2.png [105992/105992] -> "/Users/briannazajicek/Documents/illuminairy/archives/curious-cardinals-2026-05-18/blog/blog.curiouscardinals.com/hs-fs/hubfs/events - Curious Cardinals (1)-2.png?width=1055&height=1055&name=events - Curious Cardinals (1)-2.png" [1]
2026-05-18 00:55:28 URL:https://blog.curiouscardinals.com/hs-fs/hubfs/events%20-%20Curious%20Cardinals%20(1)-2.png?width=1266&height=1266&name=events%20-%20Curious%20Cardinals%20(1)-2.png [166758/166758] -> "/Users/briannazajicek/Documents/illuminairy/archives/curious-cardinals-2026-05-18/blog/blog.curiouscardinals.com/hs-fs/hubfs/events - Curious Cardinals (1)-2.png?width=1266&height=1266&name=events - Curious Cardinals (1)-2.png" [1]
2026-05-18 00:55:29 URL:https://blog.curiouscardinals.com/hs-fs/hubfs/blog%20banners%20--%20CC-2.png?width=398&height=199&name=blog%20banners%20--%20CC-2.png [18040/18040] -> "/Users/briannazajicek/Documents/illuminairy/archives/curious-cardinals-2026-05-18/blog/blog.curiouscardinals.com/hs-fs/hubfs/blog banners -- CC-2.png?width=398&height=199&name=blog banners -- CC-2.png" [1]
2026-05-18 00:55:30 URL:https://blog.curiouscardinals.com/hs-fs/hubfs/blog%20banners%20--%20CC-2.png?width=199&height=100&name=blog%20banners%20--%20CC-2.png [6917/6917] -> "/Users/briannazajicek/Documents/illuminairy/archives/curious-cardinals-2026-05-18/blog/blog.curiouscardinals.com/hs-fs/hubfs/blog banners -- CC-2.png?width=199&height=100&name=blog banners -- CC-2.png" [1]
2026-05-18 00:55:31 URL:https://blog.curiouscardinals.com/hs-fs/hubfs/blog%20banners%20--%20CC-2.png?width=597&height=299&name=blog%20banners%20--%20CC-2.png [32388/32388] -> "/Users/briannazajicek/Documents/illuminairy/archives/curious-cardinals-2026-05-18/blog/blog.curiouscardinals.com/hs-fs/hubfs/blog banners -- CC-2.png?width=597&height=299&name=blog banners -- CC-2.png" [1]
2026-05-18 00:55:32 URL:https://blog.curiouscardinals.com/hs-fs/hubfs/blog%20banners%20--%20CC-2.png?width=796&height=398&name=blog%20banners%20--%20CC-2.png [48845/48845] -> "/Users/briannazajicek/Documents/illuminairy/archives/curious-cardinals-2026-05-18/blog/blog.curiouscardinals.com/hs-fs/hubfs/blog banners -- CC-2.png?width=796&height=398&name=blog banners -- CC-2.png" [1]
2026-05-18 00:55:34 URL:https://blog.curiouscardinals.com/hs-fs/hubfs/blog%20banners%20--%20CC-2.png?width=995&height=498&name=blog%20banners%20--%20CC-2.png [66742/66742] -> "/Users/briannazajicek/Documents/illuminairy/archives/curious-cardinals-2026-05-18/blog/blog.curiouscardinals.com/hs-fs/hubfs/blog banners -- CC-2.png?width=995&height=498&name=blog banners -- CC-2.png" [1]
2026-05-18 00:55:34 URL:https://blog.curiouscardinals.com/hs-fs/hubfs/blog%20banners%20--%20CC-2.png?width=1194&height=597&name=blog%20banners%20--%20CC-2.png [87562/87562] -> "/Users/briannazajicek/Documents/illuminairy/archives/curious-cardinals-2026-05-18/blog/blog.curiouscardinals.com/hs-fs/hubfs/blog banners -- CC-2.png?width=1194&height=597&name=blog banners -- CC-2.png" [1]
2026-05-18 00:55:35 URL:https://7052064.fs1.hubspotusercontent-na1.net/hubfs/7052064/hub_generated/template_assets/DEFAULT_ASSET/1778777422411/template_main.min.js [1281/1281] -> "/Users/briannazajicek/Documents/illuminairy/archives/curious-cardinals-2026-05-18/blog/7052064.fs1.hubspotusercontent-na1.net/hubfs/7052064/hub_generated/template_assets/DEFAULT_ASSET/1778777422411/template_main.min.js" [1]
2026-05-18 00:55:35 URL:https://7052064.fs1.hubspotusercontent-na1.net/hubfs/7052064/hub_generated/module_assets/1/-25202732329/1778779139068/module_menu-section.min.js [498/498] -> "/Users/briannazajicek/Documents/illuminairy/archives/curious-cardinals-2026-05-18/blog/7052064.fs1.hubspotusercontent-na1.net/hubfs/7052064/hub_generated/module_assets/1/-25202732329/1778779139068/module_menu-section.min.js" [1]
2026-05-18 00:55:35 URL:https://blog.curiouscardinals.com/singers-songwriters-producers...and-more [79858] -> "/Users/briannazajicek/Documents/illuminairy/archives/curious-cardinals-2026-05-18/blog/blog.curiouscardinals.com/singers-songwriters-producers...and-more.html" [1]
2026-05-18 00:55:36 URL:https://blog.curiouscardinals.com/smart-goals-for-new-families-2025 [76463] -> "/Users/briannazajicek/Documents/illuminairy/archives/curious-cardinals-2026-05-18/blog/blog.curiouscardinals.com/smart-goals-for-new-families-2025.html" [1]
2026-05-18 00:55:36 URL:https://blog.curiouscardinals.com/hs-fs/hubfs/empathizing%20with%20parent%20stress.png?width=1584&height=396&name=empathizing%20with%20parent%20stress.png [613560/613560] -> "/Users/briannazajicek/Documents/illuminairy/archives/curious-cardinals-2026-05-18/blog/blog.curiouscardinals.com/hs-fs/hubfs/empathizing with parent stress.png?width=1584&height=396&name=empathizing with parent stress.png" [1]
2026-05-18 00:55:38 URL:https://blog.curiouscardinals.com/hs-fs/hubfs/empathizing%20with%20parent%20stress.png?width=792&height=198&name=empathizing%20with%20parent%20stress.png [94250/94250] -> "/Users/briannazajicek/Documents/illuminairy/archives/curious-cardinals-2026-05-18/blog/blog.curiouscardinals.com/hs-fs/hubfs/empathizing with parent stress.png?width=792&height=198&name=empathizing with parent stress.png" [1]
2026-05-18 00:55:39 URL:https://blog.curiouscardinals.com/hs-fs/hubfs/empathizing%20with%20parent%20stress.png?width=2376&height=594&name=empathizing%20with%20parent%20stress.png [613560/613560] -> "/Users/briannazajicek/Documents/illuminairy/archives/curious-cardinals-2026-05-18/blog/blog.curiouscardinals.com/hs-fs/hubfs/empathizing with parent stress.png?width=2376&height=594&name=empathizing with parent stress.png" [1]
2026-05-18 00:55:40 URL:https://blog.curiouscardinals.com/hs-fs/hubfs/empathizing%20with%20parent%20stress.png?width=3168&height=792&name=empathizing%20with%20parent%20stress.png [613560/613560] -> "/Users/briannazajicek/Documents/illuminairy/archives/curious-cardinals-2026-05-18/blog/blog.curiouscardinals.com/hs-fs/hubfs/empathizing with parent stress.png?width=3168&height=792&name=empathizing with parent stress.png" [1]
2026-05-18 00:55:41 URL:https://blog.curiouscardinals.com/hs-fs/hubfs/empathizing%20with%20parent%20stress.png?width=3960&height=990&name=empathizing%20with%20parent%20stress.png [613560/613560] -> "/Users/briannazajicek/Documents/illuminairy/archives/curious-cardinals-2026-05-18/blog/blog.curiouscardinals.com/hs-fs/hubfs/empathizing with parent stress.png?width=3960&height=990&name=empathizing with parent stress.png" [1]
2026-05-18 00:55:42 URL:https://blog.curiouscardinals.com/hs-fs/hubfs/empathizing%20with%20parent%20stress.png?width=4752&height=1188&name=empathizing%20with%20parent%20stress.png [613560/613560] -> "/Users/briannazajicek/Documents/illuminairy/archives/curious-cardinals-2026-05-18/blog/blog.curiouscardinals.com/hs-fs/hubfs/empathizing with parent stress.png?width=4752&height=1188&name=empathizing with parent stress.png" [1]
2026-05-18 00:55:43 URL:https://blog.curiouscardinals.com/hs-fs/hubfs/BA05C6B3-0FB1-47F2-886B-1266D0E857E3_1_105_c.webp?width=510&height=680&name=BA05C6B3-0FB1-47F2-886B-1266D0E857E3_1_105_c.webp [50930/50930] -> "/Users/briannazajicek/Documents/illuminairy/archives/curious-cardinals-2026-05-18/blog/blog.curiouscardinals.com/hs-fs/hubfs/BA05C6B3-0FB1-47F2-886B-1266D0E857E3_1_105_c.webp?width=510&height=680&name=BA05C6B3-0FB1-47F2-886B-1266D0E857E3_1_105_c.webp" [1]
2026-05-18 00:55:44 URL:https://blog.curiouscardinals.com/hs-fs/hubfs/BA05C6B3-0FB1-47F2-886B-1266D0E857E3_1_105_c.webp?width=255&height=340&name=BA05C6B3-0FB1-47F2-886B-1266D0E857E3_1_105_c.webp [16621/16621] -> "/Users/briannazajicek/Documents/illuminairy/archives/curious-cardinals-2026-05-18/blog/blog.curiouscardinals.com/hs-fs/hubfs/BA05C6B3-0FB1-47F2-886B-1266D0E857E3_1_105_c.webp?width=255&height=340&name=BA05C6B3-0FB1-47F2-886B-1266D0E857E3_1_105_c.webp" [1]
2026-05-18 00:55:45 URL:https://blog.curiouscardinals.com/hs-fs/hubfs/BA05C6B3-0FB1-47F2-886B-1266D0E857E3_1_105_c.webp?width=765&height=1020&name=BA05C6B3-0FB1-47F2-886B-1266D0E857E3_1_105_c.webp [96919/96919] -> "/Users/briannazajicek/Documents/illuminairy/archives/curious-cardinals-2026-05-18/blog/blog.curiouscardinals.com/hs-fs/hubfs/BA05C6B3-0FB1-47F2-886B-1266D0E857E3_1_105_c.webp?width=765&height=1020&name=BA05C6B3-0FB1-47F2-886B-1266D0E857E3_1_105_c.webp" [1]
2026-05-18 00:55:46 URL:https://blog.curiouscardinals.com/hs-fs/hubfs/BA05C6B3-0FB1-47F2-886B-1266D0E857E3_1_105_c.webp?width=1020&height=1360&name=BA05C6B3-0FB1-47F2-886B-1266D0E857E3_1_105_c.webp [96735/96735] -> "/Users/briannazajicek/Documents/illuminairy/archives/curious-cardinals-2026-05-18/blog/blog.curiouscardinals.com/hs-fs/hubfs/BA05C6B3-0FB1-47F2-886B-1266D0E857E3_1_105_c.webp?width=1020&height=1360&name=BA05C6B3-0FB1-47F2-886B-1266D0E857E3_1_105_c.webp" [1]
2026-05-18 00:55:47 URL:https://blog.curiouscardinals.com/hs-fs/hubfs/BA05C6B3-0FB1-47F2-886B-1266D0E857E3_1_105_c.webp?width=1275&height=1700&name=BA05C6B3-0FB1-47F2-886B-1266D0E857E3_1_105_c.webp [96735/96735] -> "/Users/briannazajicek/Documents/illuminairy/archives/curious-cardinals-2026-05-18/blog/blog.curiouscardinals.com/hs-fs/hubfs/BA05C6B3-0FB1-47F2-886B-1266D0E857E3_1_105_c.webp?width=1275&height=1700&name=BA05C6B3-0FB1-47F2-886B-1266D0E857E3_1_105_c.webp" [1]
2026-05-18 00:55:48 URL:https://blog.curiouscardinals.com/hs-fs/hubfs/BA05C6B3-0FB1-47F2-886B-1266D0E857E3_1_105_c.webp?width=1530&height=2040&name=BA05C6B3-0FB1-47F2-886B-1266D0E857E3_1_105_c.webp [96735/96735] -> "/Users/briannazajicek/Documents/illuminairy/archives/curious-cardinals-2026-05-18/blog/blog.curiouscardinals.com/hs-fs/hubfs/BA05C6B3-0FB1-47F2-886B-1266D0E857E3_1_105_c.webp?width=1530&height=2040&name=BA05C6B3-0FB1-47F2-886B-1266D0E857E3_1_105_c.webp" [1]
2026-05-18 00:55:49 URL:https://blog.curiouscardinals.com/hs-fs/hubfs/Screen%20Shot%202025-01-20%20at%2010.21.50%20AM.png?width=354&height=80&name=Screen%20Shot%202025-01-20%20at%2010.21.50%20AM.png [5554/5554] -> "/Users/briannazajicek/Documents/illuminairy/archives/curious-cardinals-2026-05-18/blog/blog.curiouscardinals.com/hs-fs/hubfs/Screen Shot 2025-01-20 at 10.21.50 AM.png?width=354&height=80&name=Screen Shot 2025-01-20 at 10.21.50 AM.png" [1]
2026-05-18 00:55:50 URL:https://blog.curiouscardinals.com/hs-fs/hubfs/Screen%20Shot%202025-01-20%20at%2010.21.50%20AM.png?width=177&height=40&name=Screen%20Shot%202025-01-20%20at%2010.21.50%20AM.png [1985/1985] -> "/Users/briannazajicek/Documents/illuminairy/archives/curious-cardinals-2026-05-18/blog/blog.curiouscardinals.com/hs-fs/hubfs/Screen Shot 2025-01-20 at 10.21.50 AM.png?width=177&height=40&name=Screen Shot 2025-01-20 at 10.21.50 AM.png" [1]
2026-05-18 00:55:51 URL:https://blog.curiouscardinals.com/hs-fs/hubfs/Screen%20Shot%202025-01-20%20at%2010.21.50%20AM.png?width=531&height=120&name=Screen%20Shot%202025-01-20%20at%2010.21.50%20AM.png [27453/27453] -> "/Users/briannazajicek/Documents/illuminairy/archives/curious-cardinals-2026-05-18/blog/blog.curiouscardinals.com/hs-fs/hubfs/Screen Shot 2025-01-20 at 10.21.50 AM.png?width=531&height=120&name=Screen Shot 2025-01-20 at 10.21.50 AM.png" [1]
2026-05-18 00:55:52 URL:https://blog.curiouscardinals.com/hs-fs/hubfs/Screen%20Shot%202025-01-20%20at%2010.21.50%20AM.png?width=708&height=160&name=Screen%20Shot%202025-01-20%20at%2010.21.50%20AM.png [27453/27453] -> "/Users/briannazajicek/Documents/illuminairy/archives/curious-cardinals-2026-05-18/blog/blog.curiouscardinals.com/hs-fs/hubfs/Screen Shot 2025-01-20 at 10.21.50 AM.png?width=708&height=160&name=Screen Shot 2025-01-20 at 10.21.50 AM.png" [1]
2026-05-18 00:55:53 URL:https://blog.curiouscardinals.com/hs-fs/hubfs/Screen%20Shot%202025-01-20%20at%2010.21.50%20AM.png?width=885&height=200&name=Screen%20Shot%202025-01-20%20at%2010.21.50%20AM.png [27453/27453] -> "/Users/briannazajicek/Documents/illuminairy/archives/curious-cardinals-2026-05-18/blog/blog.curiouscardinals.com/hs-fs/hubfs/Screen Shot 2025-01-20 at 10.21.50 AM.png?width=885&height=200&name=Screen Shot 2025-01-20 at 10.21.50 AM.png" [1]
2026-05-18 00:55:54 URL:https://blog.curiouscardinals.com/hs-fs/hubfs/Screen%20Shot%202025-01-20%20at%2010.21.50%20AM.png?width=1062&height=240&name=Screen%20Shot%202025-01-20%20at%2010.21.50%20AM.png [27453/27453] -> "/Users/briannazajicek/Documents/illuminairy/archives/curious-cardinals-2026-05-18/blog/blog.curiouscardinals.com/hs-fs/hubfs/Screen Shot 2025-01-20 at 10.21.50 AM.png?width=1062&height=240&name=Screen Shot 2025-01-20 at 10.21.50 AM.png" [1]
2026-05-18 00:55:55 URL:https://blog.curiouscardinals.com/hs-fs/hubfs/Screen%20Shot%202025-01-06%20at%208.27.20%20PM.png?width=201&height=161&name=Screen%20Shot%202025-01-06%20at%208.27.20%20PM.png [12762/12762] -> "/Users/briannazajicek/Documents/illuminairy/archives/curious-cardinals-2026-05-18/blog/blog.curiouscardinals.com/hs-fs/hubfs/Screen Shot 2025-01-06 at 8.27.20 PM.png?width=201&height=161&name=Screen Shot 2025-01-06 at 8.27.20 PM.png" [1]
2026-05-18 00:55:56 URL:https://blog.curiouscardinals.com/hs-fs/hubfs/Screen%20Shot%202025-01-06%20at%208.27.20%20PM.png?width=101&height=81&name=Screen%20Shot%202025-01-06%20at%208.27.20%20PM.png [4558/4558] -> "/Users/briannazajicek/Documents/illuminairy/archives/curious-cardinals-2026-05-18/blog/blog.curiouscardinals.com/hs-fs/hubfs/Screen Shot 2025-01-06 at 8.27.20 PM.png?width=101&height=81&name=Screen Shot 2025-01-06 at 8.27.20 PM.png" [1]
2026-05-18 00:55:57 URL:https://blog.curiouscardinals.com/hs-fs/hubfs/Screen%20Shot%202025-01-06%20at%208.27.20%20PM.png?width=302&height=242&name=Screen%20Shot%202025-01-06%20at%208.27.20%20PM.png [34284/34284] -> "/Users/briannazajicek/Documents/illuminairy/archives/curious-cardinals-2026-05-18/blog/blog.curiouscardinals.com/hs-fs/hubfs/Screen Shot 2025-01-06 at 8.27.20 PM.png?width=302&height=242&name=Screen Shot 2025-01-06 at 8.27.20 PM.png" [1]
2026-05-18 00:55:58 URL:https://blog.curiouscardinals.com/hs-fs/hubfs/Screen%20Shot%202025-01-06%20at%208.27.20%20PM.png?width=402&height=322&name=Screen%20Shot%202025-01-06%20at%208.27.20%20PM.png [93393/93393] -> "/Users/briannazajicek/Documents/illuminairy/archives/curious-cardinals-2026-05-18/blog/blog.curiouscardinals.com/hs-fs/hubfs/Screen Shot 2025-01-06 at 8.27.20 PM.png?width=402&height=322&name=Screen Shot 2025-01-06 at 8.27.20 PM.png" [1]
2026-05-18 00:55:59 URL:https://blog.curiouscardinals.com/hs-fs/hubfs/Screen%20Shot%202025-01-06%20at%208.27.20%20PM.png?width=503&height=403&name=Screen%20Shot%202025-01-06%20at%208.27.20%20PM.png [93393/93393] -> "/Users/briannazajicek/Documents/illuminairy/archives/curious-cardinals-2026-05-18/blog/blog.curiouscardinals.com/hs-fs/hubfs/Screen Shot 2025-01-06 at 8.27.20 PM.png?width=503&height=403&name=Screen Shot 2025-01-06 at 8.27.20 PM.png" [1]
2026-05-18 00:56:01 URL:https://blog.curiouscardinals.com/hs-fs/hubfs/Screen%20Shot%202025-01-06%20at%208.27.20%20PM.png?width=603&height=483&name=Screen%20Shot%202025-01-06%20at%208.27.20%20PM.png [93393/93393] -> "/Users/briannazajicek/Documents/illuminairy/archives/curious-cardinals-2026-05-18/blog/blog.curiouscardinals.com/hs-fs/hubfs/Screen Shot 2025-01-06 at 8.27.20 PM.png?width=603&height=483&name=Screen Shot 2025-01-06 at 8.27.20 PM.png" [1]
Cookie coming from blog.curiouscardinals.com attempted to set domain to hubspotusercontent-na2.net
2026-05-18 00:56:01 URL:https://blog.curiouscardinals.com/hubfs/Student%20v1-6-1.png [1019839/1019839] -> "/Users/briannazajicek/Documents/illuminairy/archives/curious-cardinals-2026-05-18/blog/blog.curiouscardinals.com/hubfs/Student v1-6-1.png" [1]
2026-05-18 00:56:02 URL:https://blog.curiouscardinals.com/subscription-faqs [85918] -> "/Users/briannazajicek/Documents/illuminairy/archives/curious-cardinals-2026-05-18/blog/blog.curiouscardinals.com/subscription-faqs.html" [1]
Cookie coming from blog.curiouscardinals.com attempted to set domain to hubspotusercontent-na2.net
2026-05-18 00:56:03 URL:https://blog.curiouscardinals.com/hubfs/9717d0df-2a00-9db6-8a73-483d8b21fa12.png [361691/361691] -> "/Users/briannazajicek/Documents/illuminairy/archives/curious-cardinals-2026-05-18/blog/blog.curiouscardinals.com/hubfs/9717d0df-2a00-9db6-8a73-483d8b21fa12.png" [1]
Cookie coming from blog.curiouscardinals.com attempted to set domain to hubspotusercontent-na2.net
2026-05-18 00:56:04 URL:https://blog.curiouscardinals.com/hubfs/Student%20v1-1.png [211418/211418] -> "/Users/briannazajicek/Documents/illuminairy/archives/curious-cardinals-2026-05-18/blog/blog.curiouscardinals.com/hubfs/Student v1-1.png" [1]
2026-05-18 00:56:04 URL:https://blog.curiouscardinals.com/curious-cardinals-partners-with-uncommon-schools [110620] -> "/Users/briannazajicek/Documents/illuminairy/archives/curious-cardinals-2026-05-18/blog/blog.curiouscardinals.com/curious-cardinals-partners-with-uncommon-schools.html" [1]
Cookie coming from blog.curiouscardinals.com attempted to set domain to hubspotusercontent-na2.net
2026-05-18 00:56:05 URL:https://blog.curiouscardinals.com/hubfs/Uncommon%20Highlight%20Reel.png [136936/136936] -> "/Users/briannazajicek/Documents/illuminairy/archives/curious-cardinals-2026-05-18/blog/blog.curiouscardinals.com/hubfs/Uncommon Highlight Reel.png" [1]
2026-05-18 00:56:05 URL:https://blog.curiouscardinals.com/hs-fs/hubfs/Screenshot%202024-02-28%202.24.54%20PM.png?width=366&height=206&name=Screenshot%202024-02-28%202.24.54%20PM.png [23477/23477] -> "/Users/briannazajicek/Documents/illuminairy/archives/curious-cardinals-2026-05-18/blog/blog.curiouscardinals.com/hs-fs/hubfs/Screenshot 2024-02-28 2.24.54 PM.png?width=366&height=206&name=Screenshot 2024-02-28 2.24.54 PM.png" [1]
2026-05-18 00:56:07 URL:https://blog.curiouscardinals.com/hs-fs/hubfs/Screenshot%202024-02-28%202.24.54%20PM.png?width=183&height=103&name=Screenshot%202024-02-28%202.24.54%20PM.png [8800/8800] -> "/Users/briannazajicek/Documents/illuminairy/archives/curious-cardinals-2026-05-18/blog/blog.curiouscardinals.com/hs-fs/hubfs/Screenshot 2024-02-28 2.24.54 PM.png?width=183&height=103&name=Screenshot 2024-02-28 2.24.54 PM.png" [1]
2026-05-18 00:56:08 URL:https://blog.curiouscardinals.com/hs-fs/hubfs/Screenshot%202024-02-28%202.24.54%20PM.png?width=549&height=309&name=Screenshot%202024-02-28%202.24.54%20PM.png [41647/41647] -> "/Users/briannazajicek/Documents/illuminairy/archives/curious-cardinals-2026-05-18/blog/blog.curiouscardinals.com/hs-fs/hubfs/Screenshot 2024-02-28 2.24.54 PM.png?width=549&height=309&name=Screenshot 2024-02-28 2.24.54 PM.png" [1]
2026-05-18 00:56:09 URL:https://blog.curiouscardinals.com/hs-fs/hubfs/Screenshot%202024-02-28%202.24.54%20PM.png?width=732&height=412&name=Screenshot%202024-02-28%202.24.54%20PM.png [140276/140276] -> "/Users/briannazajicek/Documents/illuminairy/archives/curious-cardinals-2026-05-18/blog/blog.curiouscardinals.com/hs-fs/hubfs/Screenshot 2024-02-28 2.24.54 PM.png?width=732&height=412&name=Screenshot 2024-02-28 2.24.54 PM.png" [1]
2026-05-18 00:56:10 URL:https://blog.curiouscardinals.com/hs-fs/hubfs/Screenshot%202024-02-28%202.24.54%20PM.png?width=915&height=515&name=Screenshot%202024-02-28%202.24.54%20PM.png [140276/140276] -> "/Users/briannazajicek/Documents/illuminairy/archives/curious-cardinals-2026-05-18/blog/blog.curiouscardinals.com/hs-fs/hubfs/Screenshot 2024-02-28 2.24.54 PM.png?width=915&height=515&name=Screenshot 2024-02-28 2.24.54 PM.png" [1]
2026-05-18 00:56:11 URL:https://blog.curiouscardinals.com/hs-fs/hubfs/Screenshot%202024-02-28%202.24.54%20PM.png?width=1098&height=618&name=Screenshot%202024-02-28%202.24.54%20PM.png [140276/140276] -> "/Users/briannazajicek/Documents/illuminairy/archives/curious-cardinals-2026-05-18/blog/blog.curiouscardinals.com/hs-fs/hubfs/Screenshot 2024-02-28 2.24.54 PM.png?width=1098&height=618&name=Screenshot 2024-02-28 2.24.54 PM.png" [1]
2026-05-18 00:56:12 URL:https://blog.curiouscardinals.com/hs-fs/hubfs/Screenshot%202024-02-28%202.25.02%20PM.png?width=368&height=207&name=Screenshot%202024-02-28%202.25.02%20PM.png [10824/10824] -> "/Users/briannazajicek/Documents/illuminairy/archives/curious-cardinals-2026-05-18/blog/blog.curiouscardinals.com/hs-fs/hubfs/Screenshot 2024-02-28 2.25.02 PM.png?width=368&height=207&name=Screenshot 2024-02-28 2.25.02 PM.png" [1]
2026-05-18 00:56:13 URL:https://blog.curiouscardinals.com/hs-fs/hubfs/Screenshot%202024-02-28%202.25.02%20PM.png?width=184&height=104&name=Screenshot%202024-02-28%202.25.02%20PM.png [4586/4586] -> "/Users/briannazajicek/Documents/illuminairy/archives/curious-cardinals-2026-05-18/blog/blog.curiouscardinals.com/hs-fs/hubfs/Screenshot 2024-02-28 2.25.02 PM.png?width=184&height=104&name=Screenshot 2024-02-28 2.25.02 PM.png" [1]
2026-05-18 00:56:13 URL:https://blog.curiouscardinals.com/hs-fs/hubfs/Screenshot%202024-02-28%202.25.02%20PM.png?width=552&height=311&name=Screenshot%202024-02-28%202.25.02%20PM.png [18351/18351] -> "/Users/briannazajicek/Documents/illuminairy/archives/curious-cardinals-2026-05-18/blog/blog.curiouscardinals.com/hs-fs/hubfs/Screenshot 2024-02-28 2.25.02 PM.png?width=552&height=311&name=Screenshot 2024-02-28 2.25.02 PM.png" [1]
2026-05-18 00:56:14 URL:https://blog.curiouscardinals.com/hs-fs/hubfs/Screenshot%202024-02-28%202.25.02%20PM.png?width=736&height=414&name=Screenshot%202024-02-28%202.25.02%20PM.png [27225/27225] -> "/Users/briannazajicek/Documents/illuminairy/archives/curious-cardinals-2026-05-18/blog/blog.curiouscardinals.com/hs-fs/hubfs/Screenshot 2024-02-28 2.25.02 PM.png?width=736&height=414&name=Screenshot 2024-02-28 2.25.02 PM.png" [1]
2026-05-18 00:56:16 URL:https://blog.curiouscardinals.com/hs-fs/hubfs/Screenshot%202024-02-28%202.25.02%20PM.png?width=920&height=518&name=Screenshot%202024-02-28%202.25.02%20PM.png [27225/27225] -> "/Users/briannazajicek/Documents/illuminairy/archives/curious-cardinals-2026-05-18/blog/blog.curiouscardinals.com/hs-fs/hubfs/Screenshot 2024-02-28 2.25.02 PM.png?width=920&height=518&name=Screenshot 2024-02-28 2.25.02 PM.png" [1]
2026-05-18 00:56:17 URL:https://blog.curiouscardinals.com/hs-fs/hubfs/Screenshot%202024-02-28%202.25.02%20PM.png?width=1104&height=621&name=Screenshot%202024-02-28%202.25.02%20PM.png [27225/27225] -> "/Users/briannazajicek/Documents/illuminairy/archives/curious-cardinals-2026-05-18/blog/blog.curiouscardinals.com/hs-fs/hubfs/Screenshot 2024-02-28 2.25.02 PM.png?width=1104&height=621&name=Screenshot 2024-02-28 2.25.02 PM.png" [1]
2026-05-18 00:56:17 URL:https://blog.curiouscardinals.com/hs-fs/hubfs/image-png-Feb-28-2024-07-14-57-3904-PM.png?width=502&height=283&name=image-png-Feb-28-2024-07-14-57-3904-PM.png [22984/22984] -> "/Users/briannazajicek/Documents/illuminairy/archives/curious-cardinals-2026-05-18/blog/blog.curiouscardinals.com/hs-fs/hubfs/image-png-Feb-28-2024-07-14-57-3904-PM.png?width=502&height=283&name=image-png-Feb-28-2024-07-14-57-3904-PM.png" [1]
2026-05-18 00:56:18 URL:https://blog.curiouscardinals.com/hs-fs/hubfs/image-png-Feb-28-2024-07-14-57-3904-PM.png?width=251&height=142&name=image-png-Feb-28-2024-07-14-57-3904-PM.png [7544/7544] -> "/Users/briannazajicek/Documents/illuminairy/archives/curious-cardinals-2026-05-18/blog/blog.curiouscardinals.com/hs-fs/hubfs/image-png-Feb-28-2024-07-14-57-3904-PM.png?width=251&height=142&name=image-png-Feb-28-2024-07-14-57-3904-PM.png" [1]
2026-05-18 00:56:19 URL:https://blog.curiouscardinals.com/hs-fs/hubfs/image-png-Feb-28-2024-07-14-57-3904-PM.png?width=753&height=425&name=image-png-Feb-28-2024-07-14-57-3904-PM.png [129866/129866] -> "/Users/briannazajicek/Documents/illuminairy/archives/curious-cardinals-2026-05-18/blog/blog.curiouscardinals.com/hs-fs/hubfs/image-png-Feb-28-2024-07-14-57-3904-PM.png?width=753&height=425&name=image-png-Feb-28-2024-07-14-57-3904-PM.png" [1]
2026-05-18 00:56:20 URL:https://blog.curiouscardinals.com/hs-fs/hubfs/image-png-Feb-28-2024-07-14-57-3904-PM.png?width=1004&height=566&name=image-png-Feb-28-2024-07-14-57-3904-PM.png [129866/129866] -> "/Users/briannazajicek/Documents/illuminairy/archives/curious-cardinals-2026-05-18/blog/blog.curiouscardinals.com/hs-fs/hubfs/image-png-Feb-28-2024-07-14-57-3904-PM.png?width=1004&height=566&name=image-png-Feb-28-2024-07-14-57-3904-PM.png" [1]
2026-05-18 00:56:21 URL:https://blog.curiouscardinals.com/hs-fs/hubfs/image-png-Feb-28-2024-07-14-57-3904-PM.png?width=1255&height=708&name=image-png-Feb-28-2024-07-14-57-3904-PM.png [129866/129866] -> "/Users/briannazajicek/Documents/illuminairy/archives/curious-cardinals-2026-05-18/blog/blog.curiouscardinals.com/hs-fs/hubfs/image-png-Feb-28-2024-07-14-57-3904-PM.png?width=1255&height=708&name=image-png-Feb-28-2024-07-14-57-3904-PM.png" [1]
2026-05-18 00:56:22 URL:https://blog.curiouscardinals.com/hs-fs/hubfs/image-png-Feb-28-2024-07-14-57-3904-PM.png?width=1506&height=849&name=image-png-Feb-28-2024-07-14-57-3904-PM.png [129866/129866] -> "/Users/briannazajicek/Documents/illuminairy/archives/curious-cardinals-2026-05-18/blog/blog.curiouscardinals.com/hs-fs/hubfs/image-png-Feb-28-2024-07-14-57-3904-PM.png?width=1506&height=849&name=image-png-Feb-28-2024-07-14-57-3904-PM.png" [1]
2026-05-18 00:56:23 URL:https://blog.curiouscardinals.com/hs-fs/hubfs/image-png-Feb-28-2024-07-18-13-8352-PM.png?width=500&height=281&name=image-png-Feb-28-2024-07-18-13-8352-PM.png [13147/13147] -> "/Users/briannazajicek/Documents/illuminairy/archives/curious-cardinals-2026-05-18/blog/blog.curiouscardinals.com/hs-fs/hubfs/image-png-Feb-28-2024-07-18-13-8352-PM.png?width=500&height=281&name=image-png-Feb-28-2024-07-18-13-8352-PM.png" [1]
2026-05-18 00:56:24 URL:https://blog.curiouscardinals.com/hs-fs/hubfs/image-png-Feb-28-2024-07-18-13-8352-PM.png?width=250&height=141&name=image-png-Feb-28-2024-07-18-13-8352-PM.png [4493/4493] -> "/Users/briannazajicek/Documents/illuminairy/archives/curious-cardinals-2026-05-18/blog/blog.curiouscardinals.com/hs-fs/hubfs/image-png-Feb-28-2024-07-18-13-8352-PM.png?width=250&height=141&name=image-png-Feb-28-2024-07-18-13-8352-PM.png" [1]
2026-05-18 00:56:25 URL:https://blog.curiouscardinals.com/hs-fs/hubfs/image-png-Feb-28-2024-07-18-13-8352-PM.png?width=750&height=422&name=image-png-Feb-28-2024-07-18-13-8352-PM.png [26272/26272] -> "/Users/briannazajicek/Documents/illuminairy/archives/curious-cardinals-2026-05-18/blog/blog.curiouscardinals.com/hs-fs/hubfs/image-png-Feb-28-2024-07-18-13-8352-PM.png?width=750&height=422&name=image-png-Feb-28-2024-07-18-13-8352-PM.png" [1]
2026-05-18 00:56:25 URL:https://blog.curiouscardinals.com/hs-fs/hubfs/image-png-Feb-28-2024-07-18-13-8352-PM.png?width=1000&height=562&name=image-png-Feb-28-2024-07-18-13-8352-PM.png [26272/26272] -> "/Users/briannazajicek/Documents/illuminairy/archives/curious-cardinals-2026-05-18/blog/blog.curiouscardinals.com/hs-fs/hubfs/image-png-Feb-28-2024-07-18-13-8352-PM.png?width=1000&height=562&name=image-png-Feb-28-2024-07-18-13-8352-PM.png" [1]
2026-05-18 00:56:26 URL:https://blog.curiouscardinals.com/hs-fs/hubfs/image-png-Feb-28-2024-07-18-13-8352-PM.png?width=1250&height=703&name=image-png-Feb-28-2024-07-18-13-8352-PM.png [26272/26272] -> "/Users/briannazajicek/Documents/illuminairy/archives/curious-cardinals-2026-05-18/blog/blog.curiouscardinals.com/hs-fs/hubfs/image-png-Feb-28-2024-07-18-13-8352-PM.png?width=1250&height=703&name=image-png-Feb-28-2024-07-18-13-8352-PM.png" [1]
2026-05-18 00:56:27 URL:https://blog.curiouscardinals.com/hs-fs/hubfs/image-png-Feb-28-2024-07-18-13-8352-PM.png?width=1500&height=843&name=image-png-Feb-28-2024-07-18-13-8352-PM.png [26272/26272] -> "/Users/briannazajicek/Documents/illuminairy/archives/curious-cardinals-2026-05-18/blog/blog.curiouscardinals.com/hs-fs/hubfs/image-png-Feb-28-2024-07-18-13-8352-PM.png?width=1500&height=843&name=image-png-Feb-28-2024-07-18-13-8352-PM.png" [1]
2026-05-18 00:56:27 URL:https://blog.curiouscardinals.com/hs-fs/hubfs/Tara%20M..png?width=172&height=235&name=Tara%20M..png [15095/15095] -> "/Users/briannazajicek/Documents/illuminairy/archives/curious-cardinals-2026-05-18/blog/blog.curiouscardinals.com/hs-fs/hubfs/Tara M..png?width=172&height=235&name=Tara M..png" [1]
2026-05-18 00:56:29 URL:https://blog.curiouscardinals.com/hs-fs/hubfs/Tara%20M..png?width=86&height=118&name=Tara%20M..png [5620/5620] -> "/Users/briannazajicek/Documents/illuminairy/archives/curious-cardinals-2026-05-18/blog/blog.curiouscardinals.com/hs-fs/hubfs/Tara M..png?width=86&height=118&name=Tara M..png" [1]
2026-05-18 00:56:30 URL:https://blog.curiouscardinals.com/hs-fs/hubfs/Tara%20M..png?width=258&height=353&name=Tara%20M..png [27445/27445] -> "/Users/briannazajicek/Documents/illuminairy/archives/curious-cardinals-2026-05-18/blog/blog.curiouscardinals.com/hs-fs/hubfs/Tara M..png?width=258&height=353&name=Tara M..png" [1]
2026-05-18 00:56:30 URL:https://blog.curiouscardinals.com/hs-fs/hubfs/Tara%20M..png?width=344&height=470&name=Tara%20M..png [43443/43443] -> "/Users/briannazajicek/Documents/illuminairy/archives/curious-cardinals-2026-05-18/blog/blog.curiouscardinals.com/hs-fs/hubfs/Tara M..png?width=344&height=470&name=Tara M..png" [1]
2026-05-18 00:56:31 URL:https://blog.curiouscardinals.com/hs-fs/hubfs/Tara%20M..png?width=430&height=588&name=Tara%20M..png [176080/176080] -> "/Users/briannazajicek/Documents/illuminairy/archives/curious-cardinals-2026-05-18/blog/blog.curiouscardinals.com/hs-fs/hubfs/Tara M..png?width=430&height=588&name=Tara M..png" [1]
2026-05-18 00:56:33 URL:https://blog.curiouscardinals.com/hs-fs/hubfs/Tara%20M..png?width=516&height=705&name=Tara%20M..png [176080/176080] -> "/Users/briannazajicek/Documents/illuminairy/archives/curious-cardinals-2026-05-18/blog/blog.curiouscardinals.com/hs-fs/hubfs/Tara M..png?width=516&height=705&name=Tara M..png" [1]
2026-05-18 00:56:33 URL:https://blog.curiouscardinals.com/hs-fs/hubfs/Ilyana%20B.%20(1).png?width=172&height=235&name=Ilyana%20B.%20(1).png [18059/18059] -> "/Users/briannazajicek/Documents/illuminairy/archives/curious-cardinals-2026-05-18/blog/blog.curiouscardinals.com/hs-fs/hubfs/Ilyana B. (1).png?width=172&height=235&name=Ilyana B. (1).png" [1]
2026-05-18 00:56:34 URL:https://blog.curiouscardinals.com/hs-fs/hubfs/Ilyana%20B.%20(1).png?width=86&height=118&name=Ilyana%20B.%20(1).png [5965/5965] -> "/Users/briannazajicek/Documents/illuminairy/archives/curious-cardinals-2026-05-18/blog/blog.curiouscardinals.com/hs-fs/hubfs/Ilyana B. (1).png?width=86&height=118&name=Ilyana B. (1).png" [1]
2026-05-18 00:56:35 URL:https://blog.curiouscardinals.com/hs-fs/hubfs/Ilyana%20B.%20(1).png?width=258&height=353&name=Ilyana%20B.%20(1).png [34860/34860] -> "/Users/briannazajicek/Documents/illuminairy/archives/curious-cardinals-2026-05-18/blog/blog.curiouscardinals.com/hs-fs/hubfs/Ilyana B. (1).png?width=258&height=353&name=Ilyana B. (1).png" [1]
2026-05-18 00:56:36 URL:https://blog.curiouscardinals.com/hs-fs/hubfs/Ilyana%20B.%20(1).png?width=344&height=470&name=Ilyana%20B.%20(1).png [56178/56178] -> "/Users/briannazajicek/Documents/illuminairy/archives/curious-cardinals-2026-05-18/blog/blog.curiouscardinals.com/hs-fs/hubfs/Ilyana B. (1).png?width=344&height=470&name=Ilyana B. (1).png" [1]
2026-05-18 00:56:38 URL:https://blog.curiouscardinals.com/hs-fs/hubfs/Ilyana%20B.%20(1).png?width=430&height=588&name=Ilyana%20B.%20(1).png [199331/199331] -> "/Users/briannazajicek/Documents/illuminairy/archives/curious-cardinals-2026-05-18/blog/blog.curiouscardinals.com/hs-fs/hubfs/Ilyana B. (1).png?width=430&height=588&name=Ilyana B. (1).png" [1]
2026-05-18 00:56:38 URL:https://blog.curiouscardinals.com/hs-fs/hubfs/Ilyana%20B.%20(1).png?width=516&height=705&name=Ilyana%20B.%20(1).png [199331/199331] -> "/Users/briannazajicek/Documents/illuminairy/archives/curious-cardinals-2026-05-18/blog/blog.curiouscardinals.com/hs-fs/hubfs/Ilyana B. (1).png?width=516&height=705&name=Ilyana B. (1).png" [1]
2026-05-18 00:56:40 URL:https://blog.curiouscardinals.com/hs-fs/hubfs/Leyla%20G.%20(1).png?width=173&height=237&name=Leyla%20G.%20(1).png [15085/15085] -> "/Users/briannazajicek/Documents/illuminairy/archives/curious-cardinals-2026-05-18/blog/blog.curiouscardinals.com/hs-fs/hubfs/Leyla G. (1).png?width=173&height=237&name=Leyla G. (1).png" [1]
2026-05-18 00:56:41 URL:https://blog.curiouscardinals.com/hs-fs/hubfs/Leyla%20G.%20(1).png?width=87&height=119&name=Leyla%20G.%20(1).png [5417/5417] -> "/Users/briannazajicek/Documents/illuminairy/archives/curious-cardinals-2026-05-18/blog/blog.curiouscardinals.com/hs-fs/hubfs/Leyla G. (1).png?width=87&height=119&name=Leyla G. (1).png" [1]
2026-05-18 00:56:42 URL:https://blog.curiouscardinals.com/hs-fs/hubfs/Leyla%20G.%20(1).png?width=260&height=356&name=Leyla%20G.%20(1).png [28795/28795] -> "/Users/briannazajicek/Documents/illuminairy/archives/curious-cardinals-2026-05-18/blog/blog.curiouscardinals.com/hs-fs/hubfs/Leyla G. (1).png?width=260&height=356&name=Leyla G. (1).png" [1]
2026-05-18 00:56:43 URL:https://blog.curiouscardinals.com/hs-fs/hubfs/Leyla%20G.%20(1).png?width=346&height=474&name=Leyla%20G.%20(1).png [45233/45233] -> "/Users/briannazajicek/Documents/illuminairy/archives/curious-cardinals-2026-05-18/blog/blog.curiouscardinals.com/hs-fs/hubfs/Leyla G. (1).png?width=346&height=474&name=Leyla G. (1).png" [1]
2026-05-18 00:56:44 URL:https://blog.curiouscardinals.com/hs-fs/hubfs/Leyla%20G.%20(1).png?width=433&height=593&name=Leyla%20G.%20(1).png [134653/134653] -> "/Users/briannazajicek/Documents/illuminairy/archives/curious-cardinals-2026-05-18/blog/blog.curiouscardinals.com/hs-fs/hubfs/Leyla G. (1).png?width=433&height=593&name=Leyla G. (1).png" [1]
2026-05-18 00:56:45 URL:https://blog.curiouscardinals.com/hs-fs/hubfs/Leyla%20G.%20(1).png?width=519&height=711&name=Leyla%20G.%20(1).png [134653/134653] -> "/Users/briannazajicek/Documents/illuminairy/archives/curious-cardinals-2026-05-18/blog/blog.curiouscardinals.com/hs-fs/hubfs/Leyla G. (1).png?width=519&height=711&name=Leyla G. (1).png" [1]
2026-05-18 00:56:46 URL:https://blog.curiouscardinals.com/hs-fs/hubfs/Claire%20S..png?width=173&height=237&name=Claire%20S..png [17613/17613] -> "/Users/briannazajicek/Documents/illuminairy/archives/curious-cardinals-2026-05-18/blog/blog.curiouscardinals.com/hs-fs/hubfs/Claire S..png?width=173&height=237&name=Claire S..png" [1]
2026-05-18 00:56:47 URL:https://blog.curiouscardinals.com/hs-fs/hubfs/Claire%20S..png?width=87&height=119&name=Claire%20S..png [6091/6091] -> "/Users/briannazajicek/Documents/illuminairy/archives/curious-cardinals-2026-05-18/blog/blog.curiouscardinals.com/hs-fs/hubfs/Claire S..png?width=87&height=119&name=Claire S..png" [1]
2026-05-18 00:56:48 URL:https://blog.curiouscardinals.com/hs-fs/hubfs/Claire%20S..png?width=260&height=356&name=Claire%20S..png [31963/31963] -> "/Users/briannazajicek/Documents/illuminairy/archives/curious-cardinals-2026-05-18/blog/blog.curiouscardinals.com/hs-fs/hubfs/Claire S..png?width=260&height=356&name=Claire S..png" [1]
2026-05-18 00:56:49 URL:https://blog.curiouscardinals.com/hs-fs/hubfs/Claire%20S..png?width=346&height=474&name=Claire%20S..png [48129/48129] -> "/Users/briannazajicek/Documents/illuminairy/archives/curious-cardinals-2026-05-18/blog/blog.curiouscardinals.com/hs-fs/hubfs/Claire S..png?width=346&height=474&name=Claire S..png" [1]
2026-05-18 00:56:50 URL:https://blog.curiouscardinals.com/hs-fs/hubfs/Claire%20S..png?width=433&height=593&name=Claire%20S..png [170209/170209] -> "/Users/briannazajicek/Documents/illuminairy/archives/curious-cardinals-2026-05-18/blog/blog.curiouscardinals.com/hs-fs/hubfs/Claire S..png?width=433&height=593&name=Claire S..png" [1]
2026-05-18 00:56:51 URL:https://blog.curiouscardinals.com/hs-fs/hubfs/Claire%20S..png?width=519&height=711&name=Claire%20S..png [170209/170209] -> "/Users/briannazajicek/Documents/illuminairy/archives/curious-cardinals-2026-05-18/blog/blog.curiouscardinals.com/hs-fs/hubfs/Claire S..png?width=519&height=711&name=Claire S..png" [1]
2026-05-18 00:56:52 URL:https://blog.curiouscardinals.com/hs-fs/hubfs/Sarah%20M.%20(1).png?width=173&height=237&name=Sarah%20M.%20(1).png [16808/16808] -> "/Users/briannazajicek/Documents/illuminairy/archives/curious-cardinals-2026-05-18/blog/blog.curiouscardinals.com/hs-fs/hubfs/Sarah M. (1).png?width=173&height=237&name=Sarah M. (1).png" [1]
2026-05-18 00:56:53 URL:https://blog.curiouscardinals.com/hs-fs/hubfs/Sarah%20M.%20(1).png?width=87&height=119&name=Sarah%20M.%20(1).png [5831/5831] -> "/Users/briannazajicek/Documents/illuminairy/archives/curious-cardinals-2026-05-18/blog/blog.curiouscardinals.com/hs-fs/hubfs/Sarah M. (1).png?width=87&height=119&name=Sarah M. (1).png" [1]
2026-05-18 00:56:55 URL:https://blog.curiouscardinals.com/hs-fs/hubfs/Sarah%20M.%20(1).png?width=260&height=356&name=Sarah%20M.%20(1).png [30633/30633] -> "/Users/briannazajicek/Documents/illuminairy/archives/curious-cardinals-2026-05-18/blog/blog.curiouscardinals.com/hs-fs/hubfs/Sarah M. (1).png?width=260&height=356&name=Sarah M. (1).png" [1]
2026-05-18 00:56:56 URL:https://blog.curiouscardinals.com/hs-fs/hubfs/Sarah%20M.%20(1).png?width=346&height=474&name=Sarah%20M.%20(1).png [47239/47239] -> "/Users/briannazajicek/Documents/illuminairy/archives/curious-cardinals-2026-05-18/blog/blog.curiouscardinals.com/hs-fs/hubfs/Sarah M. (1).png?width=346&height=474&name=Sarah M. (1).png" [1]
2026-05-18 00:56:57 URL:https://blog.curiouscardinals.com/hs-fs/hubfs/Sarah%20M.%20(1).png?width=433&height=593&name=Sarah%20M.%20(1).png [187209/187209] -> "/Users/briannazajicek/Documents/illuminairy/archives/curious-cardinals-2026-05-18/blog/blog.curiouscardinals.com/hs-fs/hubfs/Sarah M. (1).png?width=433&height=593&name=Sarah M. (1).png" [1]
2026-05-18 00:56:58 URL:https://blog.curiouscardinals.com/hs-fs/hubfs/Sarah%20M.%20(1).png?width=519&height=711&name=Sarah%20M.%20(1).png [187209/187209] -> "/Users/briannazajicek/Documents/illuminairy/archives/curious-cardinals-2026-05-18/blog/blog.curiouscardinals.com/hs-fs/hubfs/Sarah M. (1).png?width=519&height=711&name=Sarah M. (1).png" [1]
2026-05-18 00:56:58 URL:https://blog.curiouscardinals.com/hs-fs/hubfs/Megan%20Z..png?width=173&height=236&name=Megan%20Z..png [17667/17667] -> "/Users/briannazajicek/Documents/illuminairy/archives/curious-cardinals-2026-05-18/blog/blog.curiouscardinals.com/hs-fs/hubfs/Megan Z..png?width=173&height=236&name=Megan Z..png" [1]
2026-05-18 00:57:00 URL:https://blog.curiouscardinals.com/hs-fs/hubfs/Megan%20Z..png?width=87&height=118&name=Megan%20Z..png [6019/6019] -> "/Users/briannazajicek/Documents/illuminairy/archives/curious-cardinals-2026-05-18/blog/blog.curiouscardinals.com/hs-fs/hubfs/Megan Z..png?width=87&height=118&name=Megan Z..png" [1]
2026-05-18 00:57:01 URL:https://blog.curiouscardinals.com/hs-fs/hubfs/Megan%20Z..png?width=260&height=354&name=Megan%20Z..png [32532/32532] -> "/Users/briannazajicek/Documents/illuminairy/archives/curious-cardinals-2026-05-18/blog/blog.curiouscardinals.com/hs-fs/hubfs/Megan Z..png?width=260&height=354&name=Megan Z..png" [1]
2026-05-18 00:57:02 URL:https://blog.curiouscardinals.com/hs-fs/hubfs/Megan%20Z..png?width=346&height=472&name=Megan%20Z..png [49620/49620] -> "/Users/briannazajicek/Documents/illuminairy/archives/curious-cardinals-2026-05-18/blog/blog.curiouscardinals.com/hs-fs/hubfs/Megan Z..png?width=346&height=472&name=Megan Z..png" [1]
2026-05-18 00:57:03 URL:https://blog.curiouscardinals.com/hs-fs/hubfs/Megan%20Z..png?width=433&height=590&name=Megan%20Z..png [171661/171661] -> "/Users/briannazajicek/Documents/illuminairy/archives/curious-cardinals-2026-05-18/blog/blog.curiouscardinals.com/hs-fs/hubfs/Megan Z..png?width=433&height=590&name=Megan Z..png" [1]
2026-05-18 00:57:04 URL:https://blog.curiouscardinals.com/hs-fs/hubfs/Megan%20Z..png?width=519&height=708&name=Megan%20Z..png [171661/171661] -> "/Users/briannazajicek/Documents/illuminairy/archives/curious-cardinals-2026-05-18/blog/blog.curiouscardinals.com/hs-fs/hubfs/Megan Z..png?width=519&height=708&name=Megan Z..png" [1]
2026-05-18 00:57:05 URL:https://blog.curiouscardinals.com/hs-fs/hubfs/Abrar%20T.%20(1).png?width=173&height=237&name=Abrar%20T.%20(1).png [16774/16774] -> "/Users/briannazajicek/Documents/illuminairy/archives/curious-cardinals-2026-05-18/blog/blog.curiouscardinals.com/hs-fs/hubfs/Abrar T. (1).png?width=173&height=237&name=Abrar T. (1).png" [1]
2026-05-18 00:57:07 URL:https://blog.curiouscardinals.com/hs-fs/hubfs/Abrar%20T.%20(1).png?width=87&height=119&name=Abrar%20T.%20(1).png [5810/5810] -> "/Users/briannazajicek/Documents/illuminairy/archives/curious-cardinals-2026-05-18/blog/blog.curiouscardinals.com/hs-fs/hubfs/Abrar T. (1).png?width=87&height=119&name=Abrar T. (1).png" [1]
2026-05-18 00:57:08 URL:https://blog.curiouscardinals.com/hs-fs/hubfs/Abrar%20T.%20(1).png?width=260&height=356&name=Abrar%20T.%20(1).png [31990/31990] -> "/Users/briannazajicek/Documents/illuminairy/archives/curious-cardinals-2026-05-18/blog/blog.curiouscardinals.com/hs-fs/hubfs/Abrar T. (1).png?width=260&height=356&name=Abrar T. (1).png" [1]
2026-05-18 00:57:09 URL:https://blog.curiouscardinals.com/hs-fs/hubfs/Abrar%20T.%20(1).png?width=346&height=474&name=Abrar%20T.%20(1).png [49508/49508] -> "/Users/briannazajicek/Documents/illuminairy/archives/curious-cardinals-2026-05-18/blog/blog.curiouscardinals.com/hs-fs/hubfs/Abrar T. (1).png?width=346&height=474&name=Abrar T. (1).png" [1]
2026-05-18 00:57:10 URL:https://blog.curiouscardinals.com/hs-fs/hubfs/Abrar%20T.%20(1).png?width=433&height=593&name=Abrar%20T.%20(1).png [168542/168542] -> "/Users/briannazajicek/Documents/illuminairy/archives/curious-cardinals-2026-05-18/blog/blog.curiouscardinals.com/hs-fs/hubfs/Abrar T. (1).png?width=433&height=593&name=Abrar T. (1).png" [1]
2026-05-18 00:57:11 URL:https://blog.curiouscardinals.com/hs-fs/hubfs/Abrar%20T.%20(1).png?width=519&height=711&name=Abrar%20T.%20(1).png [168542/168542] -> "/Users/briannazajicek/Documents/illuminairy/archives/curious-cardinals-2026-05-18/blog/blog.curiouscardinals.com/hs-fs/hubfs/Abrar T. (1).png?width=519&height=711&name=Abrar T. (1).png" [1]
2026-05-18 00:57:12 URL:https://blog.curiouscardinals.com/hs-fs/hubfs/Anya%20S..png?width=173&height=237&name=Anya%20S..png [17431/17431] -> "/Users/briannazajicek/Documents/illuminairy/archives/curious-cardinals-2026-05-18/blog/blog.curiouscardinals.com/hs-fs/hubfs/Anya S..png?width=173&height=237&name=Anya S..png" [1]
2026-05-18 00:57:13 URL:https://blog.curiouscardinals.com/hs-fs/hubfs/Anya%20S..png?width=87&height=119&name=Anya%20S..png [6012/6012] -> "/Users/briannazajicek/Documents/illuminairy/archives/curious-cardinals-2026-05-18/blog/blog.curiouscardinals.com/hs-fs/hubfs/Anya S..png?width=87&height=119&name=Anya S..png" [1]
2026-05-18 00:57:14 URL:https://blog.curiouscardinals.com/hs-fs/hubfs/Anya%20S..png?width=260&height=356&name=Anya%20S..png [33529/33529] -> "/Users/briannazajicek/Documents/illuminairy/archives/curious-cardinals-2026-05-18/blog/blog.curiouscardinals.com/hs-fs/hubfs/Anya S..png?width=260&height=356&name=Anya S..png" [1]
2026-05-18 00:57:15 URL:https://blog.curiouscardinals.com/hs-fs/hubfs/Anya%20S..png?width=346&height=474&name=Anya%20S..png [52718/52718] -> "/Users/briannazajicek/Documents/illuminairy/archives/curious-cardinals-2026-05-18/blog/blog.curiouscardinals.com/hs-fs/hubfs/Anya S..png?width=346&height=474&name=Anya S..png" [1]
2026-05-18 00:57:17 URL:https://blog.curiouscardinals.com/hs-fs/hubfs/Anya%20S..png?width=433&height=593&name=Anya%20S..png [178907/178907] -> "/Users/briannazajicek/Documents/illuminairy/archives/curious-cardinals-2026-05-18/blog/blog.curiouscardinals.com/hs-fs/hubfs/Anya S..png?width=433&height=593&name=Anya S..png" [1]
2026-05-18 00:57:18 URL:https://blog.curiouscardinals.com/hs-fs/hubfs/Anya%20S..png?width=519&height=711&name=Anya%20S..png [178907/178907] -> "/Users/briannazajicek/Documents/illuminairy/archives/curious-cardinals-2026-05-18/blog/blog.curiouscardinals.com/hs-fs/hubfs/Anya S..png?width=519&height=711&name=Anya S..png" [1]
2026-05-18 00:57:18 URL:https://blog.curiouscardinals.com/hs-fs/hubfs/Hayden%20J..png?width=173&height=237&name=Hayden%20J..png [13633/13633] -> "/Users/briannazajicek/Documents/illuminairy/archives/curious-cardinals-2026-05-18/blog/blog.curiouscardinals.com/hs-fs/hubfs/Hayden J..png?width=173&height=237&name=Hayden J..png" [1]
2026-05-18 00:57:19 URL:https://blog.curiouscardinals.com/hs-fs/hubfs/Hayden%20J..png?width=87&height=119&name=Hayden%20J..png [5148/5148] -> "/Users/briannazajicek/Documents/illuminairy/archives/curious-cardinals-2026-05-18/blog/blog.curiouscardinals.com/hs-fs/hubfs/Hayden J..png?width=87&height=119&name=Hayden J..png" [1]
2026-05-18 00:57:20 URL:https://blog.curiouscardinals.com/hs-fs/hubfs/Hayden%20J..png?width=260&height=356&name=Hayden%20J..png [25023/25023] -> "/Users/briannazajicek/Documents/illuminairy/archives/curious-cardinals-2026-05-18/blog/blog.curiouscardinals.com/hs-fs/hubfs/Hayden J..png?width=260&height=356&name=Hayden J..png" [1]
2026-05-18 00:57:22 URL:https://blog.curiouscardinals.com/hs-fs/hubfs/Hayden%20J..png?width=346&height=474&name=Hayden%20J..png [38440/38440] -> "/Users/briannazajicek/Documents/illuminairy/archives/curious-cardinals-2026-05-18/blog/blog.curiouscardinals.com/hs-fs/hubfs/Hayden J..png?width=346&height=474&name=Hayden J..png" [1]
2026-05-18 00:57:23 URL:https://blog.curiouscardinals.com/hs-fs/hubfs/Hayden%20J..png?width=433&height=593&name=Hayden%20J..png [108192/108192] -> "/Users/briannazajicek/Documents/illuminairy/archives/curious-cardinals-2026-05-18/blog/blog.curiouscardinals.com/hs-fs/hubfs/Hayden J..png?width=433&height=593&name=Hayden J..png" [1]
2026-05-18 00:57:24 URL:https://blog.curiouscardinals.com/hs-fs/hubfs/Hayden%20J..png?width=519&height=711&name=Hayden%20J..png [108192/108192] -> "/Users/briannazajicek/Documents/illuminairy/archives/curious-cardinals-2026-05-18/blog/blog.curiouscardinals.com/hs-fs/hubfs/Hayden J..png?width=519&height=711&name=Hayden J..png" [1]
2026-05-18 00:57:24 URL:https://blog.curiouscardinals.com/hs-fs/hubfs/HeeJoo%20R..png?width=173&height=237&name=HeeJoo%20R..png [14931/14931] -> "/Users/briannazajicek/Documents/illuminairy/archives/curious-cardinals-2026-05-18/blog/blog.curiouscardinals.com/hs-fs/hubfs/HeeJoo R..png?width=173&height=237&name=HeeJoo R..png" [1]
2026-05-18 00:57:26 URL:https://blog.curiouscardinals.com/hs-fs/hubfs/HeeJoo%20R..png?width=87&height=119&name=HeeJoo%20R..png [5416/5416] -> "/Users/briannazajicek/Documents/illuminairy/archives/curious-cardinals-2026-05-18/blog/blog.curiouscardinals.com/hs-fs/hubfs/HeeJoo R..png?width=87&height=119&name=HeeJoo R..png" [1]
2026-05-18 00:57:27 URL:https://blog.curiouscardinals.com/hs-fs/hubfs/HeeJoo%20R..png?width=260&height=356&name=HeeJoo%20R..png [28267/28267] -> "/Users/briannazajicek/Documents/illuminairy/archives/curious-cardinals-2026-05-18/blog/blog.curiouscardinals.com/hs-fs/hubfs/HeeJoo R..png?width=260&height=356&name=HeeJoo R..png" [1]
2026-05-18 00:57:28 URL:https://blog.curiouscardinals.com/hs-fs/hubfs/HeeJoo%20R..png?width=346&height=474&name=HeeJoo%20R..png [44986/44986] -> "/Users/briannazajicek/Documents/illuminairy/archives/curious-cardinals-2026-05-18/blog/blog.curiouscardinals.com/hs-fs/hubfs/HeeJoo R..png?width=346&height=474&name=HeeJoo R..png" [1]
2026-05-18 00:57:29 URL:https://blog.curiouscardinals.com/hs-fs/hubfs/HeeJoo%20R..png?width=433&height=593&name=HeeJoo%20R..png [156167/156167] -> "/Users/briannazajicek/Documents/illuminairy/archives/curious-cardinals-2026-05-18/blog/blog.curiouscardinals.com/hs-fs/hubfs/HeeJoo R..png?width=433&height=593&name=HeeJoo R..png" [1]
2026-05-18 00:57:30 URL:https://blog.curiouscardinals.com/hs-fs/hubfs/HeeJoo%20R..png?width=519&height=711&name=HeeJoo%20R..png [156167/156167] -> "/Users/briannazajicek/Documents/illuminairy/archives/curious-cardinals-2026-05-18/blog/blog.curiouscardinals.com/hs-fs/hubfs/HeeJoo R..png?width=519&height=711&name=HeeJoo R..png" [1]
2026-05-18 00:57:31 URL:https://blog.curiouscardinals.com/hs-fs/hubfs/Chibuzo%20E.%20(1).png?width=173&height=237&name=Chibuzo%20E.%20(1).png [13303/13303] -> "/Users/briannazajicek/Documents/illuminairy/archives/curious-cardinals-2026-05-18/blog/blog.curiouscardinals.com/hs-fs/hubfs/Chibuzo E. (1).png?width=173&height=237&name=Chibuzo E. (1).png" [1]
2026-05-18 00:57:32 URL:https://blog.curiouscardinals.com/hs-fs/hubfs/Chibuzo%20E.%20(1).png?width=87&height=119&name=Chibuzo%20E.%20(1).png [5176/5176] -> "/Users/briannazajicek/Documents/illuminairy/archives/curious-cardinals-2026-05-18/blog/blog.curiouscardinals.com/hs-fs/hubfs/Chibuzo E. (1).png?width=87&height=119&name=Chibuzo E. (1).png" [1]
2026-05-18 00:57:33 URL:https://blog.curiouscardinals.com/hs-fs/hubfs/Chibuzo%20E.%20(1).png?width=260&height=356&name=Chibuzo%20E.%20(1).png [24676/24676] -> "/Users/briannazajicek/Documents/illuminairy/archives/curious-cardinals-2026-05-18/blog/blog.curiouscardinals.com/hs-fs/hubfs/Chibuzo E. (1).png?width=260&height=356&name=Chibuzo E. (1).png" [1]
2026-05-18 00:57:34 URL:https://blog.curiouscardinals.com/hs-fs/hubfs/Chibuzo%20E.%20(1).png?width=346&height=474&name=Chibuzo%20E.%20(1).png [37531/37531] -> "/Users/briannazajicek/Documents/illuminairy/archives/curious-cardinals-2026-05-18/blog/blog.curiouscardinals.com/hs-fs/hubfs/Chibuzo E. (1).png?width=346&height=474&name=Chibuzo E. (1).png" [1]
2026-05-18 00:57:36 URL:https://blog.curiouscardinals.com/hs-fs/hubfs/Chibuzo%20E.%20(1).png?width=433&height=593&name=Chibuzo%20E.%20(1).png [154471/154471] -> "/Users/briannazajicek/Documents/illuminairy/archives/curious-cardinals-2026-05-18/blog/blog.curiouscardinals.com/hs-fs/hubfs/Chibuzo E. (1).png?width=433&height=593&name=Chibuzo E. (1).png" [1]
2026-05-18 00:57:36 URL:https://blog.curiouscardinals.com/hs-fs/hubfs/Chibuzo%20E.%20(1).png?width=519&height=711&name=Chibuzo%20E.%20(1).png [154471/154471] -> "/Users/briannazajicek/Documents/illuminairy/archives/curious-cardinals-2026-05-18/blog/blog.curiouscardinals.com/hs-fs/hubfs/Chibuzo E. (1).png?width=519&height=711&name=Chibuzo E. (1).png" [1]
2026-05-18 00:57:37 URL:https://blog.curiouscardinals.com/hs-fs/hubfs/Keza%20L..png?width=173&height=237&name=Keza%20L..png [18214/18214] -> "/Users/briannazajicek/Documents/illuminairy/archives/curious-cardinals-2026-05-18/blog/blog.curiouscardinals.com/hs-fs/hubfs/Keza L..png?width=173&height=237&name=Keza L..png" [1]
2026-05-18 00:57:39 URL:https://blog.curiouscardinals.com/hs-fs/hubfs/Keza%20L..png?width=87&height=119&name=Keza%20L..png [6199/6199] -> "/Users/briannazajicek/Documents/illuminairy/archives/curious-cardinals-2026-05-18/blog/blog.curiouscardinals.com/hs-fs/hubfs/Keza L..png?width=87&height=119&name=Keza L..png" [1]
2026-05-18 00:57:40 URL:https://blog.curiouscardinals.com/hs-fs/hubfs/Keza%20L..png?width=260&height=356&name=Keza%20L..png [34306/34306] -> "/Users/briannazajicek/Documents/illuminairy/archives/curious-cardinals-2026-05-18/blog/blog.curiouscardinals.com/hs-fs/hubfs/Keza L..png?width=260&height=356&name=Keza L..png" [1]
2026-05-18 00:57:41 URL:https://blog.curiouscardinals.com/hs-fs/hubfs/Keza%20L..png?width=346&height=474&name=Keza%20L..png [53128/53128] -> "/Users/briannazajicek/Documents/illuminairy/archives/curious-cardinals-2026-05-18/blog/blog.curiouscardinals.com/hs-fs/hubfs/Keza L..png?width=346&height=474&name=Keza L..png" [1]
2026-05-18 00:57:42 URL:https://blog.curiouscardinals.com/hs-fs/hubfs/Keza%20L..png?width=433&height=593&name=Keza%20L..png [165922/165922] -> "/Users/briannazajicek/Documents/illuminairy/archives/curious-cardinals-2026-05-18/blog/blog.curiouscardinals.com/hs-fs/hubfs/Keza L..png?width=433&height=593&name=Keza L..png" [1]
2026-05-18 00:57:43 URL:https://blog.curiouscardinals.com/hs-fs/hubfs/Keza%20L..png?width=519&height=711&name=Keza%20L..png [165922/165922] -> "/Users/briannazajicek/Documents/illuminairy/archives/curious-cardinals-2026-05-18/blog/blog.curiouscardinals.com/hs-fs/hubfs/Keza L..png?width=519&height=711&name=Keza L..png" [1]
2026-05-18 00:57:44 URL:https://blog.curiouscardinals.com/hs-fs/hubfs/Cassidy%20C..png?width=173&height=237&name=Cassidy%20C..png [13165/13165] -> "/Users/briannazajicek/Documents/illuminairy/archives/curious-cardinals-2026-05-18/blog/blog.curiouscardinals.com/hs-fs/hubfs/Cassidy C..png?width=173&height=237&name=Cassidy C..png" [1]
2026-05-18 00:57:45 URL:https://blog.curiouscardinals.com/hs-fs/hubfs/Cassidy%20C..png?width=87&height=119&name=Cassidy%20C..png [5068/5068] -> "/Users/briannazajicek/Documents/illuminairy/archives/curious-cardinals-2026-05-18/blog/blog.curiouscardinals.com/hs-fs/hubfs/Cassidy C..png?width=87&height=119&name=Cassidy C..png" [1]
2026-05-18 00:57:46 URL:https://blog.curiouscardinals.com/hs-fs/hubfs/Cassidy%20C..png?width=260&height=356&name=Cassidy%20C..png [24782/24782] -> "/Users/briannazajicek/Documents/illuminairy/archives/curious-cardinals-2026-05-18/blog/blog.curiouscardinals.com/hs-fs/hubfs/Cassidy C..png?width=260&height=356&name=Cassidy C..png" [1]
2026-05-18 00:57:47 URL:https://blog.curiouscardinals.com/hs-fs/hubfs/Cassidy%20C..png?width=346&height=474&name=Cassidy%20C..png [39499/39499] -> "/Users/briannazajicek/Documents/illuminairy/archives/curious-cardinals-2026-05-18/blog/blog.curiouscardinals.com/hs-fs/hubfs/Cassidy C..png?width=346&height=474&name=Cassidy C..png" [1]
2026-05-18 00:57:48 URL:https://blog.curiouscardinals.com/hs-fs/hubfs/Cassidy%20C..png?width=433&height=593&name=Cassidy%20C..png [134743/134743] -> "/Users/briannazajicek/Documents/illuminairy/archives/curious-cardinals-2026-05-18/blog/blog.curiouscardinals.com/hs-fs/hubfs/Cassidy C..png?width=433&height=593&name=Cassidy C..png" [1]
2026-05-18 00:57:49 URL:https://blog.curiouscardinals.com/hs-fs/hubfs/Cassidy%20C..png?width=519&height=711&name=Cassidy%20C..png [134743/134743] -> "/Users/briannazajicek/Documents/illuminairy/archives/curious-cardinals-2026-05-18/blog/blog.curiouscardinals.com/hs-fs/hubfs/Cassidy C..png?width=519&height=711&name=Cassidy C..png" [1]
Cookie coming from blog.curiouscardinals.com attempted to set domain to hubspotusercontent-na2.net
2026-05-18 00:57:50 URL:https://blog.curiouscardinals.com/hubfs/blog%20banners%20--%20CC%20(7)-1.png [162380/162380] -> "/Users/briannazajicek/Documents/illuminairy/archives/curious-cardinals-2026-05-18/blog/blog.curiouscardinals.com/hubfs/blog banners -- CC (7)-1.png" [1]
Cookie coming from blog.curiouscardinals.com attempted to set domain to hubspotusercontent-na2.net
2026-05-18 00:57:51 URL:https://blog.curiouscardinals.com/hubfs/blog%20banners%20--%20CC-1.png [1023188/1023188] -> "/Users/briannazajicek/Documents/illuminairy/archives/curious-cardinals-2026-05-18/blog/blog.curiouscardinals.com/hubfs/blog banners -- CC-1.png" [1]
2026-05-18 00:57:51 URL:https://blog.curiouscardinals.com/how-four-curious-cardinals-kids-are-working-to-cancel-cancer [73270] -> "/Users/briannazajicek/Documents/illuminairy/archives/curious-cardinals-2026-05-18/blog/blog.curiouscardinals.com/how-four-curious-cardinals-kids-are-working-to-cancel-cancer.html" [1]
Cookie coming from blog.curiouscardinals.com attempted to set domain to hubspotusercontent-na2.net
2026-05-18 00:57:52 URL:https://blog.curiouscardinals.com/hubfs/Screen%20Shot%202022-07-24%20at%204.53.36%20PM.png [271696/271696] -> "/Users/briannazajicek/Documents/illuminairy/archives/curious-cardinals-2026-05-18/blog/blog.curiouscardinals.com/hubfs/Screen Shot 2022-07-24 at 4.53.36 PM.png" [1]
Cookie coming from blog.curiouscardinals.com attempted to set domain to hubspotusercontent-na2.net
2026-05-18 00:57:53 URL:https://blog.curiouscardinals.com/hubfs/Screen%20Shot%202022-07-24%20at%204-53-04%20PM-png-1.png [409372/409372] -> "/Users/briannazajicek/Documents/illuminairy/archives/curious-cardinals-2026-05-18/blog/blog.curiouscardinals.com/hubfs/Screen Shot 2022-07-24 at 4-53-04 PM-png-1.png" [1]
Cookie coming from blog.curiouscardinals.com attempted to set domain to hubspotusercontent-na2.net
2026-05-18 00:57:54 URL:https://blog.curiouscardinals.com/hubfs/Screen%20Shot%202022-07-24%20at%204-52-47%20PM-png.png [437897/437897] -> "/Users/briannazajicek/Documents/illuminairy/archives/curious-cardinals-2026-05-18/blog/blog.curiouscardinals.com/hubfs/Screen Shot 2022-07-24 at 4-52-47 PM-png.png" [1]
Cookie coming from blog.curiouscardinals.com attempted to set domain to hubspotusercontent-na2.net
2026-05-18 00:57:55 URL:https://blog.curiouscardinals.com/hubfs/Screen%20Shot%202022-07-24%20at%204-52-55%20PM-png.png [391913/391913] -> "/Users/briannazajicek/Documents/illuminairy/archives/curious-cardinals-2026-05-18/blog/blog.curiouscardinals.com/hubfs/Screen Shot 2022-07-24 at 4-52-55 PM-png.png" [1]
Cookie coming from blog.curiouscardinals.com attempted to set domain to hubspotusercontent-na2.net
2026-05-18 00:57:57 URL:https://blog.curiouscardinals.com/hubfs/Screen%20Shot%202022-07-24%20at%204-52-39%20PM-png.png [395030/395030] -> "/Users/briannazajicek/Documents/illuminairy/archives/curious-cardinals-2026-05-18/blog/blog.curiouscardinals.com/hubfs/Screen Shot 2022-07-24 at 4-52-39 PM-png.png" [1]
Cookie coming from blog.curiouscardinals.com attempted to set domain to hubspotusercontent-na2.net
2026-05-18 00:57:58 URL:https://blog.curiouscardinals.com/hubfs/Screen%20Shot%202022-07-24%20at%204-53-52%20PM-png.png [3016203/3016203] -> "/Users/briannazajicek/Documents/illuminairy/archives/curious-cardinals-2026-05-18/blog/blog.curiouscardinals.com/hubfs/Screen Shot 2022-07-24 at 4-53-52 PM-png.png" [1]
2026-05-18 00:57:59 URL:https://blog.curiouscardinals.com/my-mentor-convinced-me-to-wake-up-early [93048] -> "/Users/briannazajicek/Documents/illuminairy/archives/curious-cardinals-2026-05-18/blog/blog.curiouscardinals.com/my-mentor-convinced-me-to-wake-up-early.html" [1]
Cookie coming from blog.curiouscardinals.com attempted to set domain to hubspotusercontent-na2.net
2026-05-18 00:57:59 URL:https://blog.curiouscardinals.com/hubfs/blog%20banners%20--%20CC%20(2).png [310031/310031] -> "/Users/briannazajicek/Documents/illuminairy/archives/curious-cardinals-2026-05-18/blog/blog.curiouscardinals.com/hubfs/blog banners -- CC (2).png" [1]
2026-05-18 00:58:00 URL:https://blog.curiouscardinals.com/hs-fs/hubfs/curious%20cardinals%20newsletter%20banners%20(2).png?width=1584&height=396&name=curious%20cardinals%20newsletter%20banners%20(2).png [92756/92756] -> "/Users/briannazajicek/Documents/illuminairy/archives/curious-cardinals-2026-05-18/blog/blog.curiouscardinals.com/hs-fs/hubfs/curious cardinals newsletter banners (2).png?width=1584&height=396&name=curious cardinals newsletter banners (2).png" [1]
2026-05-18 00:58:01 URL:https://blog.curiouscardinals.com/hs-fs/hubfs/curious%20cardinals%20newsletter%20banners%20(2).png?width=792&height=198&name=curious%20cardinals%20newsletter%20banners%20(2).png [38073/38073] -> "/Users/briannazajicek/Documents/illuminairy/archives/curious-cardinals-2026-05-18/blog/blog.curiouscardinals.com/hs-fs/hubfs/curious cardinals newsletter banners (2).png?width=792&height=198&name=curious cardinals newsletter banners (2).png" [1]
2026-05-18 00:58:02 URL:https://blog.curiouscardinals.com/hs-fs/hubfs/curious%20cardinals%20newsletter%20banners%20(2).png?width=2376&height=594&name=curious%20cardinals%20newsletter%20banners%20(2).png [92756/92756] -> "/Users/briannazajicek/Documents/illuminairy/archives/curious-cardinals-2026-05-18/blog/blog.curiouscardinals.com/hs-fs/hubfs/curious cardinals newsletter banners (2).png?width=2376&height=594&name=curious cardinals newsletter banners (2).png" [1]
2026-05-18 00:58:04 URL:https://blog.curiouscardinals.com/hs-fs/hubfs/curious%20cardinals%20newsletter%20banners%20(2).png?width=3168&height=792&name=curious%20cardinals%20newsletter%20banners%20(2).png [92756/92756] -> "/Users/briannazajicek/Documents/illuminairy/archives/curious-cardinals-2026-05-18/blog/blog.curiouscardinals.com/hs-fs/hubfs/curious cardinals newsletter banners (2).png?width=3168&height=792&name=curious cardinals newsletter banners (2).png" [1]
2026-05-18 00:58:05 URL:https://blog.curiouscardinals.com/hs-fs/hubfs/curious%20cardinals%20newsletter%20banners%20(2).png?width=3960&height=990&name=curious%20cardinals%20newsletter%20banners%20(2).png [92756/92756] -> "/Users/briannazajicek/Documents/illuminairy/archives/curious-cardinals-2026-05-18/blog/blog.curiouscardinals.com/hs-fs/hubfs/curious cardinals newsletter banners (2).png?width=3960&height=990&name=curious cardinals newsletter banners (2).png" [1]
2026-05-18 00:58:05 URL:https://blog.curiouscardinals.com/hs-fs/hubfs/curious%20cardinals%20newsletter%20banners%20(2).png?width=4752&height=1188&name=curious%20cardinals%20newsletter%20banners%20(2).png [92756/92756] -> "/Users/briannazajicek/Documents/illuminairy/archives/curious-cardinals-2026-05-18/blog/blog.curiouscardinals.com/hs-fs/hubfs/curious cardinals newsletter banners (2).png?width=4752&height=1188&name=curious cardinals newsletter banners (2).png" [1]
2026-05-18 00:58:06 URL:https://blog.curiouscardinals.com/hs-fs/hubfs/3.png?upscale=true&upscale=true&width=180&name=3.png [5239/5239] -> "/Users/briannazajicek/Documents/illuminairy/archives/curious-cardinals-2026-05-18/blog/blog.curiouscardinals.com/hs-fs/hubfs/3.png?upscale=true&upscale=true&width=180&name=3.png" [1]
2026-05-18 00:58:06 URL:https://blog.curiouscardinals.com/hs-fs/hubfs/3.png?upscale=true&upscale=true&width=90&name=3.png [2453/2453] -> "/Users/briannazajicek/Documents/illuminairy/archives/curious-cardinals-2026-05-18/blog/blog.curiouscardinals.com/hs-fs/hubfs/3.png?upscale=true&upscale=true&width=90&name=3.png" [1]
2026-05-18 00:58:07 URL:https://blog.curiouscardinals.com/hs-fs/hubfs/3.png?upscale=true&upscale=true&width=270&name=3.png [7734/7734] -> "/Users/briannazajicek/Documents/illuminairy/archives/curious-cardinals-2026-05-18/blog/blog.curiouscardinals.com/hs-fs/hubfs/3.png?upscale=true&upscale=true&width=270&name=3.png" [1]
2026-05-18 00:58:07 URL:https://blog.curiouscardinals.com/hs-fs/hubfs/3.png?upscale=true&upscale=true&width=360&name=3.png [12102/12102] -> "/Users/briannazajicek/Documents/illuminairy/archives/curious-cardinals-2026-05-18/blog/blog.curiouscardinals.com/hs-fs/hubfs/3.png?upscale=true&upscale=true&width=360&name=3.png" [1]
2026-05-18 00:58:08 URL:https://blog.curiouscardinals.com/hs-fs/hubfs/3.png?upscale=true&upscale=true&width=450&name=3.png [16217/16217] -> "/Users/briannazajicek/Documents/illuminairy/archives/curious-cardinals-2026-05-18/blog/blog.curiouscardinals.com/hs-fs/hubfs/3.png?upscale=true&upscale=true&width=450&name=3.png" [1]
2026-05-18 00:58:08 URL:https://blog.curiouscardinals.com/hs-fs/hubfs/3.png?upscale=true&upscale=true&width=540&name=3.png [18596/18596] -> "/Users/briannazajicek/Documents/illuminairy/archives/curious-cardinals-2026-05-18/blog/blog.curiouscardinals.com/hs-fs/hubfs/3.png?upscale=true&upscale=true&width=540&name=3.png" [1]
2026-05-18 00:58:09 URL:https://blog.curiouscardinals.com/hs-fs/hubfs/events%20-%20Curious%20Cardinals%20(2).png?upscale=true&upscale=true&width=180&name=events%20-%20Curious%20Cardinals%20(2).png [6247/6247] -> "/Users/briannazajicek/Documents/illuminairy/archives/curious-cardinals-2026-05-18/blog/blog.curiouscardinals.com/hs-fs/hubfs/events - Curious Cardinals (2).png?upscale=true&upscale=true&width=180&name=events - Curious Cardinals (2).png" [1]
2026-05-18 00:58:10 URL:https://blog.curiouscardinals.com/hs-fs/hubfs/events%20-%20Curious%20Cardinals%20(2).png?upscale=true&upscale=true&width=90&name=events%20-%20Curious%20Cardinals%20(2).png [2795/2795] -> "/Users/briannazajicek/Documents/illuminairy/archives/curious-cardinals-2026-05-18/blog/blog.curiouscardinals.com/hs-fs/hubfs/events - Curious Cardinals (2).png?upscale=true&upscale=true&width=90&name=events - Curious Cardinals (2).png" [1]
2026-05-18 00:58:11 URL:https://blog.curiouscardinals.com/hs-fs/hubfs/events%20-%20Curious%20Cardinals%20(2).png?upscale=true&upscale=true&width=270&name=events%20-%20Curious%20Cardinals%20(2).png [9889/9889] -> "/Users/briannazajicek/Documents/illuminairy/archives/curious-cardinals-2026-05-18/blog/blog.curiouscardinals.com/hs-fs/hubfs/events - Curious Cardinals (2).png?upscale=true&upscale=true&width=270&name=events - Curious Cardinals (2).png" [1]
2026-05-18 00:58:12 URL:https://blog.curiouscardinals.com/hs-fs/hubfs/events%20-%20Curious%20Cardinals%20(2).png?upscale=true&upscale=true&width=360&name=events%20-%20Curious%20Cardinals%20(2).png [15395/15395] -> "/Users/briannazajicek/Documents/illuminairy/archives/curious-cardinals-2026-05-18/blog/blog.curiouscardinals.com/hs-fs/hubfs/events - Curious Cardinals (2).png?upscale=true&upscale=true&width=360&name=events - Curious Cardinals (2).png" [1]
2026-05-18 00:58:13 URL:https://blog.curiouscardinals.com/hs-fs/hubfs/events%20-%20Curious%20Cardinals%20(2).png?upscale=true&upscale=true&width=450&name=events%20-%20Curious%20Cardinals%20(2).png [20736/20736] -> "/Users/briannazajicek/Documents/illuminairy/archives/curious-cardinals-2026-05-18/blog/blog.curiouscardinals.com/hs-fs/hubfs/events - Curious Cardinals (2).png?upscale=true&upscale=true&width=450&name=events - Curious Cardinals (2).png" [1]
2026-05-18 00:58:14 URL:https://blog.curiouscardinals.com/hs-fs/hubfs/events%20-%20Curious%20Cardinals%20(2).png?upscale=true&upscale=true&width=540&name=events%20-%20Curious%20Cardinals%20(2).png [24474/24474] -> "/Users/briannazajicek/Documents/illuminairy/archives/curious-cardinals-2026-05-18/blog/blog.curiouscardinals.com/hs-fs/hubfs/events - Curious Cardinals (2).png?upscale=true&upscale=true&width=540&name=events - Curious Cardinals (2).png" [1]
2026-05-18 00:58:15 URL:https://blog.curiouscardinals.com/hs-fs/hubfs/events%20-%20Curious%20Cardinals.png?upscale=true&upscale=true&width=180&name=events%20-%20Curious%20Cardinals.png [6360/6360] -> "/Users/briannazajicek/Documents/illuminairy/archives/curious-cardinals-2026-05-18/blog/blog.curiouscardinals.com/hs-fs/hubfs/events - Curious Cardinals.png?upscale=true&upscale=true&width=180&name=events - Curious Cardinals.png" [1]
2026-05-18 00:58:15 URL:https://blog.curiouscardinals.com/hs-fs/hubfs/events%20-%20Curious%20Cardinals.png?upscale=true&upscale=true&width=90&name=events%20-%20Curious%20Cardinals.png [2905/2905] -> "/Users/briannazajicek/Documents/illuminairy/archives/curious-cardinals-2026-05-18/blog/blog.curiouscardinals.com/hs-fs/hubfs/events - Curious Cardinals.png?upscale=true&upscale=true&width=90&name=events - Curious Cardinals.png" [1]
2026-05-18 00:58:16 URL:https://blog.curiouscardinals.com/hs-fs/hubfs/events%20-%20Curious%20Cardinals.png?upscale=true&upscale=true&width=270&name=events%20-%20Curious%20Cardinals.png [10019/10019] -> "/Users/briannazajicek/Documents/illuminairy/archives/curious-cardinals-2026-05-18/blog/blog.curiouscardinals.com/hs-fs/hubfs/events - Curious Cardinals.png?upscale=true&upscale=true&width=270&name=events - Curious Cardinals.png" [1]
2026-05-18 00:58:16 URL:https://blog.curiouscardinals.com/hs-fs/hubfs/events%20-%20Curious%20Cardinals.png?upscale=true&upscale=true&width=360&name=events%20-%20Curious%20Cardinals.png [15285/15285] -> "/Users/briannazajicek/Documents/illuminairy/archives/curious-cardinals-2026-05-18/blog/blog.curiouscardinals.com/hs-fs/hubfs/events - Curious Cardinals.png?upscale=true&upscale=true&width=360&name=events - Curious Cardinals.png" [1]
2026-05-18 00:58:16 URL:https://blog.curiouscardinals.com/hs-fs/hubfs/events%20-%20Curious%20Cardinals.png?upscale=true&upscale=true&width=450&name=events%20-%20Curious%20Cardinals.png [20597/20597] -> "/Users/briannazajicek/Documents/illuminairy/archives/curious-cardinals-2026-05-18/blog/blog.curiouscardinals.com/hs-fs/hubfs/events - Curious Cardinals.png?upscale=true&upscale=true&width=450&name=events - Curious Cardinals.png" [1]
2026-05-18 00:58:17 URL:https://blog.curiouscardinals.com/hs-fs/hubfs/events%20-%20Curious%20Cardinals.png?upscale=true&upscale=true&width=540&name=events%20-%20Curious%20Cardinals.png [24429/24429] -> "/Users/briannazajicek/Documents/illuminairy/archives/curious-cardinals-2026-05-18/blog/blog.curiouscardinals.com/hs-fs/hubfs/events - Curious Cardinals.png?upscale=true&upscale=true&width=540&name=events - Curious Cardinals.png" [1]
2026-05-18 00:58:18 URL:https://blog.curiouscardinals.com/hs-fs/hubfs/events%20-%20Curious%20Cardinals%20(3).png?upscale=true&upscale=true&width=180&name=events%20-%20Curious%20Cardinals%20(3).png [7298/7298] -> "/Users/briannazajicek/Documents/illuminairy/archives/curious-cardinals-2026-05-18/blog/blog.curiouscardinals.com/hs-fs/hubfs/events - Curious Cardinals (3).png?upscale=true&upscale=true&width=180&name=events - Curious Cardinals (3).png" [1]
2026-05-18 00:58:20 URL:https://blog.curiouscardinals.com/hs-fs/hubfs/events%20-%20Curious%20Cardinals%20(3).png?upscale=true&upscale=true&width=90&name=events%20-%20Curious%20Cardinals%20(3).png [3157/3157] -> "/Users/briannazajicek/Documents/illuminairy/archives/curious-cardinals-2026-05-18/blog/blog.curiouscardinals.com/hs-fs/hubfs/events - Curious Cardinals (3).png?upscale=true&upscale=true&width=90&name=events - Curious Cardinals (3).png" [1]
2026-05-18 00:58:21 URL:https://blog.curiouscardinals.com/hs-fs/hubfs/events%20-%20Curious%20Cardinals%20(3).png?upscale=true&upscale=true&width=270&name=events%20-%20Curious%20Cardinals%20(3).png [12065/12065] -> "/Users/briannazajicek/Documents/illuminairy/archives/curious-cardinals-2026-05-18/blog/blog.curiouscardinals.com/hs-fs/hubfs/events - Curious Cardinals (3).png?upscale=true&upscale=true&width=270&name=events - Curious Cardinals (3).png" [1]
2026-05-18 00:58:22 URL:https://blog.curiouscardinals.com/hs-fs/hubfs/events%20-%20Curious%20Cardinals%20(3).png?upscale=true&upscale=true&width=360&name=events%20-%20Curious%20Cardinals%20(3).png [18581/18581] -> "/Users/briannazajicek/Documents/illuminairy/archives/curious-cardinals-2026-05-18/blog/blog.curiouscardinals.com/hs-fs/hubfs/events - Curious Cardinals (3).png?upscale=true&upscale=true&width=360&name=events - Curious Cardinals (3).png" [1]
2026-05-18 00:58:23 URL:https://blog.curiouscardinals.com/hs-fs/hubfs/events%20-%20Curious%20Cardinals%20(3).png?upscale=true&upscale=true&width=450&name=events%20-%20Curious%20Cardinals%20(3).png [25001/25001] -> "/Users/briannazajicek/Documents/illuminairy/archives/curious-cardinals-2026-05-18/blog/blog.curiouscardinals.com/hs-fs/hubfs/events - Curious Cardinals (3).png?upscale=true&upscale=true&width=450&name=events - Curious Cardinals (3).png" [1]
2026-05-18 00:58:24 URL:https://blog.curiouscardinals.com/hs-fs/hubfs/events%20-%20Curious%20Cardinals%20(3).png?upscale=true&upscale=true&width=540&name=events%20-%20Curious%20Cardinals%20(3).png [31172/31172] -> "/Users/briannazajicek/Documents/illuminairy/archives/curious-cardinals-2026-05-18/blog/blog.curiouscardinals.com/hs-fs/hubfs/events - Curious Cardinals (3).png?upscale=true&upscale=true&width=540&name=events - Curious Cardinals (3).png" [1]
2026-05-18 00:58:25 URL:https://blog.curiouscardinals.com/hs-fs/hubfs/events%20-%20Curious%20Cardinals%20(1)-1.png?upscale=true&upscale=true&width=180&name=events%20-%20Curious%20Cardinals%20(1)-1.png [6526/6526] -> "/Users/briannazajicek/Documents/illuminairy/archives/curious-cardinals-2026-05-18/blog/blog.curiouscardinals.com/hs-fs/hubfs/events - Curious Cardinals (1)-1.png?upscale=true&upscale=true&width=180&name=events - Curious Cardinals (1)-1.png" [1]
2026-05-18 00:58:25 URL:https://blog.curiouscardinals.com/hs-fs/hubfs/events%20-%20Curious%20Cardinals%20(1)-1.png?upscale=true&upscale=true&width=90&name=events%20-%20Curious%20Cardinals%20(1)-1.png [2959/2959] -> "/Users/briannazajicek/Documents/illuminairy/archives/curious-cardinals-2026-05-18/blog/blog.curiouscardinals.com/hs-fs/hubfs/events - Curious Cardinals (1)-1.png?upscale=true&upscale=true&width=90&name=events - Curious Cardinals (1)-1.png" [1]
2026-05-18 00:58:26 URL:https://blog.curiouscardinals.com/hs-fs/hubfs/events%20-%20Curious%20Cardinals%20(1)-1.png?upscale=true&upscale=true&width=270&name=events%20-%20Curious%20Cardinals%20(1)-1.png [10445/10445] -> "/Users/briannazajicek/Documents/illuminairy/archives/curious-cardinals-2026-05-18/blog/blog.curiouscardinals.com/hs-fs/hubfs/events - Curious Cardinals (1)-1.png?upscale=true&upscale=true&width=270&name=events - Curious Cardinals (1)-1.png" [1]
2026-05-18 00:58:26 URL:https://blog.curiouscardinals.com/hs-fs/hubfs/events%20-%20Curious%20Cardinals%20(1)-1.png?upscale=true&upscale=true&width=360&name=events%20-%20Curious%20Cardinals%20(1)-1.png [15816/15816] -> "/Users/briannazajicek/Documents/illuminairy/archives/curious-cardinals-2026-05-18/blog/blog.curiouscardinals.com/hs-fs/hubfs/events - Curious Cardinals (1)-1.png?upscale=true&upscale=true&width=360&name=events - Curious Cardinals (1)-1.png" [1]
2026-05-18 00:58:26 URL:https://blog.curiouscardinals.com/hs-fs/hubfs/events%20-%20Curious%20Cardinals%20(1)-1.png?upscale=true&upscale=true&width=450&name=events%20-%20Curious%20Cardinals%20(1)-1.png [21625/21625] -> "/Users/briannazajicek/Documents/illuminairy/archives/curious-cardinals-2026-05-18/blog/blog.curiouscardinals.com/hs-fs/hubfs/events - Curious Cardinals (1)-1.png?upscale=true&upscale=true&width=450&name=events - Curious Cardinals (1)-1.png" [1]
2026-05-18 00:58:27 URL:https://blog.curiouscardinals.com/hs-fs/hubfs/events%20-%20Curious%20Cardinals%20(1)-1.png?upscale=true&upscale=true&width=540&name=events%20-%20Curious%20Cardinals%20(1)-1.png [26008/26008] -> "/Users/briannazajicek/Documents/illuminairy/archives/curious-cardinals-2026-05-18/blog/blog.curiouscardinals.com/hs-fs/hubfs/events - Curious Cardinals (1)-1.png?upscale=true&upscale=true&width=540&name=events - Curious Cardinals (1)-1.png" [1]
Cookie coming from blog.curiouscardinals.com attempted to set domain to hubspotusercontent-na2.net
2026-05-18 00:58:28 URL:https://blog.curiouscardinals.com/hubfs/Two%20peas%20in%20a%20pod%20Abrar%20(mentor)%20and%20Sandra%20(mentee).png [1115233/1115233] -> "/Users/briannazajicek/Documents/illuminairy/archives/curious-cardinals-2026-05-18/blog/blog.curiouscardinals.com/hubfs/Two peas in a pod Abrar (mentor) and Sandra (mentee).png" [1]
2026-05-18 00:58:28 URL:https://blog.curiouscardinals.com/what-does-science-have-to-do-with-fashion-meet-camille-0 [75643] -> "/Users/briannazajicek/Documents/illuminairy/archives/curious-cardinals-2026-05-18/blog/blog.curiouscardinals.com/what-does-science-have-to-do-with-fashion-meet-camille-0.html" [1]
Cookie coming from blog.curiouscardinals.com attempted to set domain to hubspotusercontent-na2.net
2026-05-18 00:58:29 URL:https://blog.curiouscardinals.com/hubfs/BlogPost%20header%20image%20(1)-2.png [953000/953000] -> "/Users/briannazajicek/Documents/illuminairy/archives/curious-cardinals-2026-05-18/blog/blog.curiouscardinals.com/hubfs/BlogPost header image (1)-2.png" [1]
2026-05-18 00:58:30 URL:https://blog.curiouscardinals.com/hs-fs/hubfs/image3-1.jpg?width=240&height=300&name=image3-1.jpg [9095/9095] -> "/Users/briannazajicek/Documents/illuminairy/archives/curious-cardinals-2026-05-18/blog/blog.curiouscardinals.com/hs-fs/hubfs/image3-1.jpg?width=240&height=300&name=image3-1.jpg" [1]
2026-05-18 00:58:31 URL:https://blog.curiouscardinals.com/hs-fs/hubfs/image3-1.jpg?width=120&height=150&name=image3-1.jpg [3598/3598] -> "/Users/briannazajicek/Documents/illuminairy/archives/curious-cardinals-2026-05-18/blog/blog.curiouscardinals.com/hs-fs/hubfs/image3-1.jpg?width=120&height=150&name=image3-1.jpg" [1]
2026-05-18 00:58:32 URL:https://blog.curiouscardinals.com/hs-fs/hubfs/image3-1.jpg?width=360&height=450&name=image3-1.jpg [16962/16962] -> "/Users/briannazajicek/Documents/illuminairy/archives/curious-cardinals-2026-05-18/blog/blog.curiouscardinals.com/hs-fs/hubfs/image3-1.jpg?width=360&height=450&name=image3-1.jpg" [1]
2026-05-18 00:58:33 URL:https://blog.curiouscardinals.com/hs-fs/hubfs/image3-1.jpg?width=480&height=600&name=image3-1.jpg [26145/26145] -> "/Users/briannazajicek/Documents/illuminairy/archives/curious-cardinals-2026-05-18/blog/blog.curiouscardinals.com/hs-fs/hubfs/image3-1.jpg?width=480&height=600&name=image3-1.jpg" [1]
2026-05-18 00:58:34 URL:https://blog.curiouscardinals.com/hs-fs/hubfs/image3-1.jpg?width=600&height=750&name=image3-1.jpg [37406/37406] -> "/Users/briannazajicek/Documents/illuminairy/archives/curious-cardinals-2026-05-18/blog/blog.curiouscardinals.com/hs-fs/hubfs/image3-1.jpg?width=600&height=750&name=image3-1.jpg" [1]
2026-05-18 00:58:35 URL:https://blog.curiouscardinals.com/hs-fs/hubfs/image3-1.jpg?width=720&height=900&name=image3-1.jpg [50178/50178] -> "/Users/briannazajicek/Documents/illuminairy/archives/curious-cardinals-2026-05-18/blog/blog.curiouscardinals.com/hs-fs/hubfs/image3-1.jpg?width=720&height=900&name=image3-1.jpg" [1]
2026-05-18 00:58:36 URL:https://blog.curiouscardinals.com/hs-fs/hubfs/image2.jpg?width=450&height=300&name=image2.jpg [22721/22721] -> "/Users/briannazajicek/Documents/illuminairy/archives/curious-cardinals-2026-05-18/blog/blog.curiouscardinals.com/hs-fs/hubfs/image2.jpg?width=450&height=300&name=image2.jpg" [1]
2026-05-18 00:58:37 URL:https://blog.curiouscardinals.com/hs-fs/hubfs/image2.jpg?width=225&height=150&name=image2.jpg [9058/9058] -> "/Users/briannazajicek/Documents/illuminairy/archives/curious-cardinals-2026-05-18/blog/blog.curiouscardinals.com/hs-fs/hubfs/image2.jpg?width=225&height=150&name=image2.jpg" [1]
2026-05-18 00:58:38 URL:https://blog.curiouscardinals.com/hs-fs/hubfs/image2.jpg?width=675&height=450&name=image2.jpg [39650/39650] -> "/Users/briannazajicek/Documents/illuminairy/archives/curious-cardinals-2026-05-18/blog/blog.curiouscardinals.com/hs-fs/hubfs/image2.jpg?width=675&height=450&name=image2.jpg" [1]
2026-05-18 00:58:39 URL:https://blog.curiouscardinals.com/hs-fs/hubfs/image2.jpg?width=900&height=600&name=image2.jpg [55638/55638] -> "/Users/briannazajicek/Documents/illuminairy/archives/curious-cardinals-2026-05-18/blog/blog.curiouscardinals.com/hs-fs/hubfs/image2.jpg?width=900&height=600&name=image2.jpg" [1]
2026-05-18 00:58:40 URL:https://blog.curiouscardinals.com/hs-fs/hubfs/image2.jpg?width=1125&height=750&name=image2.jpg [55638/55638] -> "/Users/briannazajicek/Documents/illuminairy/archives/curious-cardinals-2026-05-18/blog/blog.curiouscardinals.com/hs-fs/hubfs/image2.jpg?width=1125&height=750&name=image2.jpg" [1]
2026-05-18 00:58:41 URL:https://blog.curiouscardinals.com/hs-fs/hubfs/image2.jpg?width=1350&height=900&name=image2.jpg [55638/55638] -> "/Users/briannazajicek/Documents/illuminairy/archives/curious-cardinals-2026-05-18/blog/blog.curiouscardinals.com/hs-fs/hubfs/image2.jpg?width=1350&height=900&name=image2.jpg" [1]
2026-05-18 00:58:42 URL:https://blog.curiouscardinals.com/hs-fs/hubfs/image5.png?width=218&height=281&name=image5.png [27366/27366] -> "/Users/briannazajicek/Documents/illuminairy/archives/curious-cardinals-2026-05-18/blog/blog.curiouscardinals.com/hs-fs/hubfs/image5.png?width=218&height=281&name=image5.png" [1]
2026-05-18 00:58:43 URL:https://blog.curiouscardinals.com/hs-fs/hubfs/image5.png?width=109&height=141&name=image5.png [9407/9407] -> "/Users/briannazajicek/Documents/illuminairy/archives/curious-cardinals-2026-05-18/blog/blog.curiouscardinals.com/hs-fs/hubfs/image5.png?width=109&height=141&name=image5.png" [1]
2026-05-18 00:58:44 URL:https://blog.curiouscardinals.com/hs-fs/hubfs/image5.png?width=327&height=422&name=image5.png [51640/51640] -> "/Users/briannazajicek/Documents/illuminairy/archives/curious-cardinals-2026-05-18/blog/blog.curiouscardinals.com/hs-fs/hubfs/image5.png?width=327&height=422&name=image5.png" [1]
2026-05-18 00:58:45 URL:https://blog.curiouscardinals.com/hs-fs/hubfs/image5.png?width=436&height=562&name=image5.png [81870/81870] -> "/Users/briannazajicek/Documents/illuminairy/archives/curious-cardinals-2026-05-18/blog/blog.curiouscardinals.com/hs-fs/hubfs/image5.png?width=436&height=562&name=image5.png" [1]
2026-05-18 00:58:46 URL:https://blog.curiouscardinals.com/hs-fs/hubfs/image5.png?width=545&height=703&name=image5.png [118144/118144] -> "/Users/briannazajicek/Documents/illuminairy/archives/curious-cardinals-2026-05-18/blog/blog.curiouscardinals.com/hs-fs/hubfs/image5.png?width=545&height=703&name=image5.png" [1]
2026-05-18 00:58:47 URL:https://blog.curiouscardinals.com/hs-fs/hubfs/image5.png?width=654&height=843&name=image5.png [160443/160443] -> "/Users/briannazajicek/Documents/illuminairy/archives/curious-cardinals-2026-05-18/blog/blog.curiouscardinals.com/hs-fs/hubfs/image5.png?width=654&height=843&name=image5.png" [1]
2026-05-18 00:58:48 URL:https://blog.curiouscardinals.com/hs-fs/hubfs/image1.png?width=259&height=615&name=image1.png [80101/80101] -> "/Users/briannazajicek/Documents/illuminairy/archives/curious-cardinals-2026-05-18/blog/blog.curiouscardinals.com/hs-fs/hubfs/image1.png?width=259&height=615&name=image1.png" [1]
2026-05-18 00:58:49 URL:https://blog.curiouscardinals.com/hs-fs/hubfs/image1.png?width=130&height=308&name=image1.png [25196/25196] -> "/Users/briannazajicek/Documents/illuminairy/archives/curious-cardinals-2026-05-18/blog/blog.curiouscardinals.com/hs-fs/hubfs/image1.png?width=130&height=308&name=image1.png" [1]
2026-05-18 00:58:50 URL:https://blog.curiouscardinals.com/hs-fs/hubfs/image1.png?width=389&height=923&name=image1.png [176265/176265] -> "/Users/briannazajicek/Documents/illuminairy/archives/curious-cardinals-2026-05-18/blog/blog.curiouscardinals.com/hs-fs/hubfs/image1.png?width=389&height=923&name=image1.png" [1]
2026-05-18 00:58:51 URL:https://blog.curiouscardinals.com/hs-fs/hubfs/image1.png?width=518&height=1230&name=image1.png [243992/243992] -> "/Users/briannazajicek/Documents/illuminairy/archives/curious-cardinals-2026-05-18/blog/blog.curiouscardinals.com/hs-fs/hubfs/image1.png?width=518&height=1230&name=image1.png" [1]
2026-05-18 00:58:53 URL:https://blog.curiouscardinals.com/hs-fs/hubfs/image1.png?width=648&height=1538&name=image1.png [243992/243992] -> "/Users/briannazajicek/Documents/illuminairy/archives/curious-cardinals-2026-05-18/blog/blog.curiouscardinals.com/hs-fs/hubfs/image1.png?width=648&height=1538&name=image1.png" [1]
2026-05-18 00:58:53 URL:https://blog.curiouscardinals.com/hs-fs/hubfs/image1.png?width=777&height=1845&name=image1.png [243992/243992] -> "/Users/briannazajicek/Documents/illuminairy/archives/curious-cardinals-2026-05-18/blog/blog.curiouscardinals.com/hs-fs/hubfs/image1.png?width=777&height=1845&name=image1.png" [1]
Cookie coming from blog.curiouscardinals.com attempted to set domain to hubspotusercontent-na2.net
2026-05-18 00:58:55 URL:https://blog.curiouscardinals.com/hubfs/pexels-monstera-5200784-1.jpg [4654701/4654701] -> "/Users/briannazajicek/Documents/illuminairy/archives/curious-cardinals-2026-05-18/blog/blog.curiouscardinals.com/hubfs/pexels-monstera-5200784-1.jpg" [1]
2026-05-18 00:58:55 URL:https://blog.curiouscardinals.com/you-already-know-your-passion-how-can-a-mentor-help [70364] -> "/Users/briannazajicek/Documents/illuminairy/archives/curious-cardinals-2026-05-18/blog/blog.curiouscardinals.com/you-already-know-your-passion-how-can-a-mentor-help.html" [1]
Cookie coming from blog.curiouscardinals.com attempted to set domain to hubspotusercontent-na2.net
2026-05-18 00:58:56 URL:https://blog.curiouscardinals.com/hubfs/BlogPost%20header%20image-png-1.png [519437/519437] -> "/Users/briannazajicek/Documents/illuminairy/archives/curious-cardinals-2026-05-18/blog/blog.curiouscardinals.com/hubfs/BlogPost header image-png-1.png" [1]
2026-05-18 00:58:57 URL:https://blog.curiouscardinals.com/nurturing-young-entrepreneurs-the-power-of-near-peer-mentorship [74543] -> "/Users/briannazajicek/Documents/illuminairy/archives/curious-cardinals-2026-05-18/blog/blog.curiouscardinals.com/nurturing-young-entrepreneurs-the-power-of-near-peer-mentorship.html" [1]
Cookie coming from blog.curiouscardinals.com attempted to set domain to hubspotusercontent-na2.net
2026-05-18 00:58:58 URL:https://blog.curiouscardinals.com/hubfs/Who%20Is%20Ned.png [2380691/2380691] -> "/Users/briannazajicek/Documents/illuminairy/archives/curious-cardinals-2026-05-18/blog/blog.curiouscardinals.com/hubfs/Who Is Ned.png" [1]
2026-05-18 00:58:59 URL:https://blog.curiouscardinals.com/hs-fs/hubfs/Who%20Is%20Ned.png?width=651&height=365&name=Who%20Is%20Ned.png [77970/77970] -> "/Users/briannazajicek/Documents/illuminairy/archives/curious-cardinals-2026-05-18/blog/blog.curiouscardinals.com/hs-fs/hubfs/Who Is Ned.png?width=651&height=365&name=Who Is Ned.png" [1]
2026-05-18 00:59:00 URL:https://blog.curiouscardinals.com/hs-fs/hubfs/Who%20Is%20Ned.png?width=326&height=183&name=Who%20Is%20Ned.png [25500/25500] -> "/Users/briannazajicek/Documents/illuminairy/archives/curious-cardinals-2026-05-18/blog/blog.curiouscardinals.com/hs-fs/hubfs/Who Is Ned.png?width=326&height=183&name=Who Is Ned.png" [1]
2026-05-18 00:59:01 URL:https://blog.curiouscardinals.com/hs-fs/hubfs/Who%20Is%20Ned.png?width=977&height=548&name=Who%20Is%20Ned.png [165132/165132] -> "/Users/briannazajicek/Documents/illuminairy/archives/curious-cardinals-2026-05-18/blog/blog.curiouscardinals.com/hs-fs/hubfs/Who Is Ned.png?width=977&height=548&name=Who Is Ned.png" [1]
2026-05-18 00:59:03 URL:https://blog.curiouscardinals.com/hs-fs/hubfs/Who%20Is%20Ned.png?width=1302&height=730&name=Who%20Is%20Ned.png [271525/271525] -> "/Users/briannazajicek/Documents/illuminairy/archives/curious-cardinals-2026-05-18/blog/blog.curiouscardinals.com/hs-fs/hubfs/Who Is Ned.png?width=1302&height=730&name=Who Is Ned.png" [1]
2026-05-18 00:59:05 URL:https://blog.curiouscardinals.com/hs-fs/hubfs/Who%20Is%20Ned.png?width=1628&height=913&name=Who%20Is%20Ned.png [398387/398387] -> "/Users/briannazajicek/Documents/illuminairy/archives/curious-cardinals-2026-05-18/blog/blog.curiouscardinals.com/hs-fs/hubfs/Who Is Ned.png?width=1628&height=913&name=Who Is Ned.png" [1]
2026-05-18 00:59:06 URL:https://blog.curiouscardinals.com/hs-fs/hubfs/Who%20Is%20Ned.png?width=1953&height=1095&name=Who%20Is%20Ned.png [539911/539911] -> "/Users/briannazajicek/Documents/illuminairy/archives/curious-cardinals-2026-05-18/blog/blog.curiouscardinals.com/hs-fs/hubfs/Who Is Ned.png?width=1953&height=1095&name=Who Is Ned.png" [1]
2026-05-18 00:59:06 URL:https://blog.curiouscardinals.com/hs-fs/hubfs/Ned%20%26%20Alec.png?width=426&height=213&name=Ned%20%26%20Alec.png [31955/31955] -> "/Users/briannazajicek/Documents/illuminairy/archives/curious-cardinals-2026-05-18/blog/blog.curiouscardinals.com/hs-fs/hubfs/Ned & Alec.png?width=426&height=213&name=Ned & Alec.png" [1]
2026-05-18 00:59:07 URL:https://blog.curiouscardinals.com/hs-fs/hubfs/Ned%20%26%20Alec.png?width=213&height=107&name=Ned%20%26%20Alec.png [10605/10605] -> "/Users/briannazajicek/Documents/illuminairy/archives/curious-cardinals-2026-05-18/blog/blog.curiouscardinals.com/hs-fs/hubfs/Ned & Alec.png?width=213&height=107&name=Ned & Alec.png" [1]
2026-05-18 00:59:09 URL:https://blog.curiouscardinals.com/hs-fs/hubfs/Ned%20%26%20Alec.png?width=639&height=320&name=Ned%20%26%20Alec.png [60461/60461] -> "/Users/briannazajicek/Documents/illuminairy/archives/curious-cardinals-2026-05-18/blog/blog.curiouscardinals.com/hs-fs/hubfs/Ned & Alec.png?width=639&height=320&name=Ned & Alec.png" [1]
2026-05-18 00:59:10 URL:https://blog.curiouscardinals.com/hs-fs/hubfs/Ned%20%26%20Alec.png?width=852&height=426&name=Ned%20%26%20Alec.png [104669/104669] -> "/Users/briannazajicek/Documents/illuminairy/archives/curious-cardinals-2026-05-18/blog/blog.curiouscardinals.com/hs-fs/hubfs/Ned & Alec.png?width=852&height=426&name=Ned & Alec.png" [1]
2026-05-18 00:59:11 URL:https://blog.curiouscardinals.com/hs-fs/hubfs/Ned%20%26%20Alec.png?width=1065&height=533&name=Ned%20%26%20Alec.png [153147/153147] -> "/Users/briannazajicek/Documents/illuminairy/archives/curious-cardinals-2026-05-18/blog/blog.curiouscardinals.com/hs-fs/hubfs/Ned & Alec.png?width=1065&height=533&name=Ned & Alec.png" [1]
2026-05-18 00:59:12 URL:https://blog.curiouscardinals.com/hs-fs/hubfs/Ned%20%26%20Alec.png?width=1278&height=639&name=Ned%20%26%20Alec.png [213220/213220] -> "/Users/briannazajicek/Documents/illuminairy/archives/curious-cardinals-2026-05-18/blog/blog.curiouscardinals.com/hs-fs/hubfs/Ned & Alec.png?width=1278&height=639&name=Ned & Alec.png" [1]
2026-05-18 00:59:14 URL:https://blog.curiouscardinals.com/hs-fs/hubfs/Neds%20takeaways.png?width=2956&height=1546&name=Neds%20takeaways.png [2532791/2532791] -> "/Users/briannazajicek/Documents/illuminairy/archives/curious-cardinals-2026-05-18/blog/blog.curiouscardinals.com/hs-fs/hubfs/Neds takeaways.png?width=2956&height=1546&name=Neds takeaways.png" [1]
2026-05-18 00:59:16 URL:https://blog.curiouscardinals.com/hs-fs/hubfs/Neds%20takeaways.png?width=1478&height=773&name=Neds%20takeaways.png [304079/304079] -> "/Users/briannazajicek/Documents/illuminairy/archives/curious-cardinals-2026-05-18/blog/blog.curiouscardinals.com/hs-fs/hubfs/Neds takeaways.png?width=1478&height=773&name=Neds takeaways.png" [1]
2026-05-18 00:59:18 URL:https://blog.curiouscardinals.com/hs-fs/hubfs/Neds%20takeaways.png?width=4434&height=2319&name=Neds%20takeaways.png [2532791/2532791] -> "/Users/briannazajicek/Documents/illuminairy/archives/curious-cardinals-2026-05-18/blog/blog.curiouscardinals.com/hs-fs/hubfs/Neds takeaways.png?width=4434&height=2319&name=Neds takeaways.png" [1]
2026-05-18 00:59:19 URL:https://blog.curiouscardinals.com/hs-fs/hubfs/Neds%20takeaways.png?width=5912&height=3092&name=Neds%20takeaways.png [2532791/2532791] -> "/Users/briannazajicek/Documents/illuminairy/archives/curious-cardinals-2026-05-18/blog/blog.curiouscardinals.com/hs-fs/hubfs/Neds takeaways.png?width=5912&height=3092&name=Neds takeaways.png" [1]
2026-05-18 00:59:21 URL:https://blog.curiouscardinals.com/hs-fs/hubfs/Neds%20takeaways.png?width=7390&height=3865&name=Neds%20takeaways.png [2532791/2532791] -> "/Users/briannazajicek/Documents/illuminairy/archives/curious-cardinals-2026-05-18/blog/blog.curiouscardinals.com/hs-fs/hubfs/Neds takeaways.png?width=7390&height=3865&name=Neds takeaways.png" [1]
2026-05-18 00:59:23 URL:https://blog.curiouscardinals.com/hs-fs/hubfs/Neds%20takeaways.png?width=8868&height=4638&name=Neds%20takeaways.png [2532791/2532791] -> "/Users/briannazajicek/Documents/illuminairy/archives/curious-cardinals-2026-05-18/blog/blog.curiouscardinals.com/hs-fs/hubfs/Neds takeaways.png?width=8868&height=4638&name=Neds takeaways.png" [1]
2026-05-18 00:59:23 URL:https://blog.curiouscardinals.com/how-parents-can-set-up-9th-graders-for-success [97418] -> "/Users/briannazajicek/Documents/illuminairy/archives/curious-cardinals-2026-05-18/blog/blog.curiouscardinals.com/how-parents-can-set-up-9th-graders-for-success.html" [1]
Cookie coming from blog.curiouscardinals.com attempted to set domain to hubspotusercontent-na2.net
2026-05-18 00:59:24 URL:https://blog.curiouscardinals.com/hubfs/B3057512-037D-42FD-B8B1-966B426346B0_1_105_c.jpeg [247620/247620] -> "/Users/briannazajicek/Documents/illuminairy/archives/curious-cardinals-2026-05-18/blog/blog.curiouscardinals.com/hubfs/B3057512-037D-42FD-B8B1-966B426346B0_1_105_c.jpeg" [1]
2026-05-18 00:59:25 URL:https://blog.curiouscardinals.com/hs-fs/hubfs/Screen%20Shot%202022-06-21%20at%206.56.18%20PM.png?width=370&name=Screen%20Shot%202022-06-21%20at%206.56.18%20PM.png [73942/73942] -> "/Users/briannazajicek/Documents/illuminairy/archives/curious-cardinals-2026-05-18/blog/blog.curiouscardinals.com/hs-fs/hubfs/Screen Shot 2022-06-21 at 6.56.18 PM.png?width=370&name=Screen Shot 2022-06-21 at 6.56.18 PM.png" [1]
2026-05-18 00:59:26 URL:https://blog.curiouscardinals.com/hs-fs/hubfs/Screen%20Shot%202022-06-21%20at%206.56.18%20PM.png?width=185&name=Screen%20Shot%202022-06-21%20at%206.56.18%20PM.png [22952/22952] -> "/Users/briannazajicek/Documents/illuminairy/archives/curious-cardinals-2026-05-18/blog/blog.curiouscardinals.com/hs-fs/hubfs/Screen Shot 2022-06-21 at 6.56.18 PM.png?width=185&name=Screen Shot 2022-06-21 at 6.56.18 PM.png" [1]
2026-05-18 00:59:27 URL:https://blog.curiouscardinals.com/hs-fs/hubfs/Screen%20Shot%202022-06-21%20at%206.56.18%20PM.png?width=555&name=Screen%20Shot%202022-06-21%20at%206.56.18%20PM.png [164097/164097] -> "/Users/briannazajicek/Documents/illuminairy/archives/curious-cardinals-2026-05-18/blog/blog.curiouscardinals.com/hs-fs/hubfs/Screen Shot 2022-06-21 at 6.56.18 PM.png?width=555&name=Screen Shot 2022-06-21 at 6.56.18 PM.png" [1]
2026-05-18 00:59:28 URL:https://blog.curiouscardinals.com/hs-fs/hubfs/Screen%20Shot%202022-06-21%20at%206.56.18%20PM.png?width=740&name=Screen%20Shot%202022-06-21%20at%206.56.18%20PM.png [273529/273529] -> "/Users/briannazajicek/Documents/illuminairy/archives/curious-cardinals-2026-05-18/blog/blog.curiouscardinals.com/hs-fs/hubfs/Screen Shot 2022-06-21 at 6.56.18 PM.png?width=740&name=Screen Shot 2022-06-21 at 6.56.18 PM.png" [1]
2026-05-18 00:59:30 URL:https://blog.curiouscardinals.com/hs-fs/hubfs/Screen%20Shot%202022-06-21%20at%206.56.18%20PM.png?width=925&name=Screen%20Shot%202022-06-21%20at%206.56.18%20PM.png [406269/406269] -> "/Users/briannazajicek/Documents/illuminairy/archives/curious-cardinals-2026-05-18/blog/blog.curiouscardinals.com/hs-fs/hubfs/Screen Shot 2022-06-21 at 6.56.18 PM.png?width=925&name=Screen Shot 2022-06-21 at 6.56.18 PM.png" [1]
2026-05-18 00:59:30 URL:https://blog.curiouscardinals.com/hs-fs/hubfs/Screen%20Shot%202022-06-21%20at%206.56.18%20PM.png?width=1110&name=Screen%20Shot%202022-06-21%20at%206.56.18%20PM.png [515542/515542] -> "/Users/briannazajicek/Documents/illuminairy/archives/curious-cardinals-2026-05-18/blog/blog.curiouscardinals.com/hs-fs/hubfs/Screen Shot 2022-06-21 at 6.56.18 PM.png?width=1110&name=Screen Shot 2022-06-21 at 6.56.18 PM.png" [1]
2026-05-18 00:59:31 URL:https://blog.curiouscardinals.com/hs-fs/hubfs/Screen%20Shot%202022-06-21%20at%206-58-35%20PM-png.png?width=409&name=Screen%20Shot%202022-06-21%20at%206-58-35%20PM-png.png [100619/100619] -> "/Users/briannazajicek/Documents/illuminairy/archives/curious-cardinals-2026-05-18/blog/blog.curiouscardinals.com/hs-fs/hubfs/Screen Shot 2022-06-21 at 6-58-35 PM-png.png?width=409&name=Screen Shot 2022-06-21 at 6-58-35 PM-png.png" [1]
2026-05-18 00:59:32 URL:https://blog.curiouscardinals.com/hs-fs/hubfs/Screen%20Shot%202022-06-21%20at%206-58-35%20PM-png.png?width=205&name=Screen%20Shot%202022-06-21%20at%206-58-35%20PM-png.png [34271/34271] -> "/Users/briannazajicek/Documents/illuminairy/archives/curious-cardinals-2026-05-18/blog/blog.curiouscardinals.com/hs-fs/hubfs/Screen Shot 2022-06-21 at 6-58-35 PM-png.png?width=205&name=Screen Shot 2022-06-21 at 6-58-35 PM-png.png" [1]
2026-05-18 00:59:33 URL:https://blog.curiouscardinals.com/hs-fs/hubfs/Screen%20Shot%202022-06-21%20at%206-58-35%20PM-png.png?width=614&name=Screen%20Shot%202022-06-21%20at%206-58-35%20PM-png.png [222216/222216] -> "/Users/briannazajicek/Documents/illuminairy/archives/curious-cardinals-2026-05-18/blog/blog.curiouscardinals.com/hs-fs/hubfs/Screen Shot 2022-06-21 at 6-58-35 PM-png.png?width=614&name=Screen Shot 2022-06-21 at 6-58-35 PM-png.png" [1]
2026-05-18 00:59:35 URL:https://blog.curiouscardinals.com/hs-fs/hubfs/Screen%20Shot%202022-06-21%20at%206-58-35%20PM-png.png?width=818&name=Screen%20Shot%202022-06-21%20at%206-58-35%20PM-png.png [353043/353043] -> "/Users/briannazajicek/Documents/illuminairy/archives/curious-cardinals-2026-05-18/blog/blog.curiouscardinals.com/hs-fs/hubfs/Screen Shot 2022-06-21 at 6-58-35 PM-png.png?width=818&name=Screen Shot 2022-06-21 at 6-58-35 PM-png.png" [1]
2026-05-18 00:59:35 URL:https://blog.curiouscardinals.com/hs-fs/hubfs/Screen%20Shot%202022-06-21%20at%206-58-35%20PM-png.png?width=1023&name=Screen%20Shot%202022-06-21%20at%206-58-35%20PM-png.png [353043/353043] -> "/Users/briannazajicek/Documents/illuminairy/archives/curious-cardinals-2026-05-18/blog/blog.curiouscardinals.com/hs-fs/hubfs/Screen Shot 2022-06-21 at 6-58-35 PM-png.png?width=1023&name=Screen Shot 2022-06-21 at 6-58-35 PM-png.png" [1]
2026-05-18 00:59:36 URL:https://blog.curiouscardinals.com/hs-fs/hubfs/Screen%20Shot%202022-06-21%20at%206-58-35%20PM-png.png?width=1227&name=Screen%20Shot%202022-06-21%20at%206-58-35%20PM-png.png [353043/353043] -> "/Users/briannazajicek/Documents/illuminairy/archives/curious-cardinals-2026-05-18/blog/blog.curiouscardinals.com/hs-fs/hubfs/Screen Shot 2022-06-21 at 6-58-35 PM-png.png?width=1227&name=Screen Shot 2022-06-21 at 6-58-35 PM-png.png" [1]
2026-05-18 00:59:37 URL:https://blog.curiouscardinals.com/hs-fs/hubfs/Screen%20Shot%202022-06-21%20at%206-59-53%20PM-png.png?width=292&name=Screen%20Shot%202022-06-21%20at%206-59-53%20PM-png.png [44817/44817] -> "/Users/briannazajicek/Documents/illuminairy/archives/curious-cardinals-2026-05-18/blog/blog.curiouscardinals.com/hs-fs/hubfs/Screen Shot 2022-06-21 at 6-59-53 PM-png.png?width=292&name=Screen Shot 2022-06-21 at 6-59-53 PM-png.png" [1]
2026-05-18 00:59:38 URL:https://blog.curiouscardinals.com/hs-fs/hubfs/Screen%20Shot%202022-06-21%20at%206-59-53%20PM-png.png?width=146&name=Screen%20Shot%202022-06-21%20at%206-59-53%20PM-png.png [14681/14681] -> "/Users/briannazajicek/Documents/illuminairy/archives/curious-cardinals-2026-05-18/blog/blog.curiouscardinals.com/hs-fs/hubfs/Screen Shot 2022-06-21 at 6-59-53 PM-png.png?width=146&name=Screen Shot 2022-06-21 at 6-59-53 PM-png.png" [1]
2026-05-18 00:59:39 URL:https://blog.curiouscardinals.com/hs-fs/hubfs/Screen%20Shot%202022-06-21%20at%206-59-53%20PM-png.png?width=438&name=Screen%20Shot%202022-06-21%20at%206-59-53%20PM-png.png [88450/88450] -> "/Users/briannazajicek/Documents/illuminairy/archives/curious-cardinals-2026-05-18/blog/blog.curiouscardinals.com/hs-fs/hubfs/Screen Shot 2022-06-21 at 6-59-53 PM-png.png?width=438&name=Screen Shot 2022-06-21 at 6-59-53 PM-png.png" [1]
2026-05-18 00:59:40 URL:https://blog.curiouscardinals.com/hs-fs/hubfs/Screen%20Shot%202022-06-21%20at%206-59-53%20PM-png.png?width=584&name=Screen%20Shot%202022-06-21%20at%206-59-53%20PM-png.png [162993/162993] -> "/Users/briannazajicek/Documents/illuminairy/archives/curious-cardinals-2026-05-18/blog/blog.curiouscardinals.com/hs-fs/hubfs/Screen Shot 2022-06-21 at 6-59-53 PM-png.png?width=584&name=Screen Shot 2022-06-21 at 6-59-53 PM-png.png" [1]
2026-05-18 00:59:41 URL:https://blog.curiouscardinals.com/hs-fs/hubfs/Screen%20Shot%202022-06-21%20at%206-59-53%20PM-png.png?width=730&name=Screen%20Shot%202022-06-21%20at%206-59-53%20PM-png.png [240716/240716] -> "/Users/briannazajicek/Documents/illuminairy/archives/curious-cardinals-2026-05-18/blog/blog.curiouscardinals.com/hs-fs/hubfs/Screen Shot 2022-06-21 at 6-59-53 PM-png.png?width=730&name=Screen Shot 2022-06-21 at 6-59-53 PM-png.png" [1]
2026-05-18 00:59:42 URL:https://blog.curiouscardinals.com/hs-fs/hubfs/Screen%20Shot%202022-06-21%20at%206-59-53%20PM-png.png?width=876&name=Screen%20Shot%202022-06-21%20at%206-59-53%20PM-png.png [330792/330792] -> "/Users/briannazajicek/Documents/illuminairy/archives/curious-cardinals-2026-05-18/blog/blog.curiouscardinals.com/hs-fs/hubfs/Screen Shot 2022-06-21 at 6-59-53 PM-png.png?width=876&name=Screen Shot 2022-06-21 at 6-59-53 PM-png.png" [1]
2026-05-18 00:59:42 URL:https://blog.curiouscardinals.com/hs-fs/hubfs/0031D014-6092-4A9F-81D8-EA424A971302_1_105_c-jpeg.jpeg?width=337&name=0031D014-6092-4A9F-81D8-EA424A971302_1_105_c-jpeg.jpeg [20345/20345] -> "/Users/briannazajicek/Documents/illuminairy/archives/curious-cardinals-2026-05-18/blog/blog.curiouscardinals.com/hs-fs/hubfs/0031D014-6092-4A9F-81D8-EA424A971302_1_105_c-jpeg.jpeg?width=337&name=0031D014-6092-4A9F-81D8-EA424A971302_1_105_c-jpeg.jpeg" [1]
2026-05-18 00:59:44 URL:https://blog.curiouscardinals.com/hs-fs/hubfs/0031D014-6092-4A9F-81D8-EA424A971302_1_105_c-jpeg.jpeg?width=169&name=0031D014-6092-4A9F-81D8-EA424A971302_1_105_c-jpeg.jpeg [6558/6558] -> "/Users/briannazajicek/Documents/illuminairy/archives/curious-cardinals-2026-05-18/blog/blog.curiouscardinals.com/hs-fs/hubfs/0031D014-6092-4A9F-81D8-EA424A971302_1_105_c-jpeg.jpeg?width=169&name=0031D014-6092-4A9F-81D8-EA424A971302_1_105_c-jpeg.jpeg" [1]
2026-05-18 00:59:45 URL:https://blog.curiouscardinals.com/hs-fs/hubfs/0031D014-6092-4A9F-81D8-EA424A971302_1_105_c-jpeg.jpeg?width=506&name=0031D014-6092-4A9F-81D8-EA424A971302_1_105_c-jpeg.jpeg [40214/40214] -> "/Users/briannazajicek/Documents/illuminairy/archives/curious-cardinals-2026-05-18/blog/blog.curiouscardinals.com/hs-fs/hubfs/0031D014-6092-4A9F-81D8-EA424A971302_1_105_c-jpeg.jpeg?width=506&name=0031D014-6092-4A9F-81D8-EA424A971302_1_105_c-jpeg.jpeg" [1]
2026-05-18 00:59:46 URL:https://blog.curiouscardinals.com/hs-fs/hubfs/0031D014-6092-4A9F-81D8-EA424A971302_1_105_c-jpeg.jpeg?width=674&name=0031D014-6092-4A9F-81D8-EA424A971302_1_105_c-jpeg.jpeg [64932/64932] -> "/Users/briannazajicek/Documents/illuminairy/archives/curious-cardinals-2026-05-18/blog/blog.curiouscardinals.com/hs-fs/hubfs/0031D014-6092-4A9F-81D8-EA424A971302_1_105_c-jpeg.jpeg?width=674&name=0031D014-6092-4A9F-81D8-EA424A971302_1_105_c-jpeg.jpeg" [1]
2026-05-18 00:59:47 URL:https://blog.curiouscardinals.com/hs-fs/hubfs/0031D014-6092-4A9F-81D8-EA424A971302_1_105_c-jpeg.jpeg?width=843&name=0031D014-6092-4A9F-81D8-EA424A971302_1_105_c-jpeg.jpeg [93539/93539] -> "/Users/briannazajicek/Documents/illuminairy/archives/curious-cardinals-2026-05-18/blog/blog.curiouscardinals.com/hs-fs/hubfs/0031D014-6092-4A9F-81D8-EA424A971302_1_105_c-jpeg.jpeg?width=843&name=0031D014-6092-4A9F-81D8-EA424A971302_1_105_c-jpeg.jpeg" [1]
2026-05-18 00:59:47 URL:https://blog.curiouscardinals.com/hs-fs/hubfs/0031D014-6092-4A9F-81D8-EA424A971302_1_105_c-jpeg.jpeg?width=1011&name=0031D014-6092-4A9F-81D8-EA424A971302_1_105_c-jpeg.jpeg [126192/126192] -> "/Users/briannazajicek/Documents/illuminairy/archives/curious-cardinals-2026-05-18/blog/blog.curiouscardinals.com/hs-fs/hubfs/0031D014-6092-4A9F-81D8-EA424A971302_1_105_c-jpeg.jpeg?width=1011&name=0031D014-6092-4A9F-81D8-EA424A971302_1_105_c-jpeg.jpeg" [1]
2026-05-18 00:59:48 URL:https://blog.curiouscardinals.com/hs-fs/hubfs/Screen%20Shot%202022-06-21%20at%207.04.23%20PM.png?width=1458&name=Screen%20Shot%202022-06-21%20at%207.04.23%20PM.png [657243/657243] -> "/Users/briannazajicek/Documents/illuminairy/archives/curious-cardinals-2026-05-18/blog/blog.curiouscardinals.com/hs-fs/hubfs/Screen Shot 2022-06-21 at 7.04.23 PM.png?width=1458&name=Screen Shot 2022-06-21 at 7.04.23 PM.png" [1]
2026-05-18 00:59:49 URL:https://blog.curiouscardinals.com/hs-fs/hubfs/Screen%20Shot%202022-06-21%20at%207.04.23%20PM.png?width=729&name=Screen%20Shot%202022-06-21%20at%207.04.23%20PM.png [192135/192135] -> "/Users/briannazajicek/Documents/illuminairy/archives/curious-cardinals-2026-05-18/blog/blog.curiouscardinals.com/hs-fs/hubfs/Screen Shot 2022-06-21 at 7.04.23 PM.png?width=729&name=Screen Shot 2022-06-21 at 7.04.23 PM.png" [1]
2026-05-18 00:59:50 URL:https://blog.curiouscardinals.com/hs-fs/hubfs/Screen%20Shot%202022-06-21%20at%207.04.23%20PM.png?width=2187&name=Screen%20Shot%202022-06-21%20at%207.04.23%20PM.png [657243/657243] -> "/Users/briannazajicek/Documents/illuminairy/archives/curious-cardinals-2026-05-18/blog/blog.curiouscardinals.com/hs-fs/hubfs/Screen Shot 2022-06-21 at 7.04.23 PM.png?width=2187&name=Screen Shot 2022-06-21 at 7.04.23 PM.png" [1]
2026-05-18 00:59:52 URL:https://blog.curiouscardinals.com/hs-fs/hubfs/Screen%20Shot%202022-06-21%20at%207.04.23%20PM.png?width=2916&name=Screen%20Shot%202022-06-21%20at%207.04.23%20PM.png [657243/657243] -> "/Users/briannazajicek/Documents/illuminairy/archives/curious-cardinals-2026-05-18/blog/blog.curiouscardinals.com/hs-fs/hubfs/Screen Shot 2022-06-21 at 7.04.23 PM.png?width=2916&name=Screen Shot 2022-06-21 at 7.04.23 PM.png" [1]
2026-05-18 00:59:53 URL:https://blog.curiouscardinals.com/hs-fs/hubfs/Screen%20Shot%202022-06-21%20at%207.04.23%20PM.png?width=3645&name=Screen%20Shot%202022-06-21%20at%207.04.23%20PM.png [657243/657243] -> "/Users/briannazajicek/Documents/illuminairy/archives/curious-cardinals-2026-05-18/blog/blog.curiouscardinals.com/hs-fs/hubfs/Screen Shot 2022-06-21 at 7.04.23 PM.png?width=3645&name=Screen Shot 2022-06-21 at 7.04.23 PM.png" [1]
2026-05-18 00:59:54 URL:https://blog.curiouscardinals.com/hs-fs/hubfs/Screen%20Shot%202022-06-21%20at%207.04.23%20PM.png?width=4374&name=Screen%20Shot%202022-06-21%20at%207.04.23%20PM.png [657243/657243] -> "/Users/briannazajicek/Documents/illuminairy/archives/curious-cardinals-2026-05-18/blog/blog.curiouscardinals.com/hs-fs/hubfs/Screen Shot 2022-06-21 at 7.04.23 PM.png?width=4374&name=Screen Shot 2022-06-21 at 7.04.23 PM.png" [1]
Cookie coming from blog.curiouscardinals.com attempted to set domain to hubspotusercontent-na2.net
2026-05-18 00:59:55 URL:https://blog.curiouscardinals.com/hubfs/July%20Blog.png [885107/885107] -> "/Users/briannazajicek/Documents/illuminairy/archives/curious-cardinals-2026-05-18/blog/blog.curiouscardinals.com/hubfs/July Blog.png" [1]
2026-05-18 00:59:56 URL:https://blog.curiouscardinals.com/introducing-the-lightbulb [70188] -> "/Users/briannazajicek/Documents/illuminairy/archives/curious-cardinals-2026-05-18/blog/blog.curiouscardinals.com/introducing-the-lightbulb.html" [1]
2026-05-18 00:59:56 URL:https://blog.curiouscardinals.com/how-to-land-your-dream-high-school-summer-internship-a-complete-guide [76706] -> "/Users/briannazajicek/Documents/illuminairy/archives/curious-cardinals-2026-05-18/blog/blog.curiouscardinals.com/how-to-land-your-dream-high-school-summer-internship-a-complete-guide.html" [1]
Cookie coming from blog.curiouscardinals.com attempted to set domain to hubspotusercontent-na2.net
2026-05-18 00:59:57 URL:https://blog.curiouscardinals.com/hubfs/internship.png [2153097/2153097] -> "/Users/briannazajicek/Documents/illuminairy/archives/curious-cardinals-2026-05-18/blog/blog.curiouscardinals.com/hubfs/internship.png" [1]
Cookie coming from blog.curiouscardinals.com attempted to set domain to hubspotusercontent-na2.net
2026-05-18 00:59:59 URL:https://blog.curiouscardinals.com/hubfs/resume.png [1878033/1878033] -> "/Users/briannazajicek/Documents/illuminairy/archives/curious-cardinals-2026-05-18/blog/blog.curiouscardinals.com/hubfs/resume.png" [1]
2026-05-18 00:59:59 URL:https://blog.curiouscardinals.com/october-adhd-awareness-month-from-audrey [73500] -> "/Users/briannazajicek/Documents/illuminairy/archives/curious-cardinals-2026-05-18/blog/blog.curiouscardinals.com/october-adhd-awareness-month-from-audrey.html" [1]
2026-05-18 01:00:00 URL:https://blog.curiouscardinals.com/hs-fs/hubfs/ADHD%20awareness.webp?width=1200&height=300&name=ADHD%20awareness.webp [41077/41077] -> "/Users/briannazajicek/Documents/illuminairy/archives/curious-cardinals-2026-05-18/blog/blog.curiouscardinals.com/hs-fs/hubfs/ADHD awareness.webp?width=1200&height=300&name=ADHD awareness.webp" [1]
2026-05-18 01:00:01 URL:https://blog.curiouscardinals.com/hs-fs/hubfs/ADHD%20awareness.webp?width=600&height=150&name=ADHD%20awareness.webp [15777/15777] -> "/Users/briannazajicek/Documents/illuminairy/archives/curious-cardinals-2026-05-18/blog/blog.curiouscardinals.com/hs-fs/hubfs/ADHD awareness.webp?width=600&height=150&name=ADHD awareness.webp" [1]
2026-05-18 01:00:02 URL:https://blog.curiouscardinals.com/hs-fs/hubfs/ADHD%20awareness.webp?width=1800&height=450&name=ADHD%20awareness.webp [41077/41077] -> "/Users/briannazajicek/Documents/illuminairy/archives/curious-cardinals-2026-05-18/blog/blog.curiouscardinals.com/hs-fs/hubfs/ADHD awareness.webp?width=1800&height=450&name=ADHD awareness.webp" [1]
2026-05-18 01:00:03 URL:https://blog.curiouscardinals.com/hs-fs/hubfs/ADHD%20awareness.webp?width=2400&height=600&name=ADHD%20awareness.webp [41077/41077] -> "/Users/briannazajicek/Documents/illuminairy/archives/curious-cardinals-2026-05-18/blog/blog.curiouscardinals.com/hs-fs/hubfs/ADHD awareness.webp?width=2400&height=600&name=ADHD awareness.webp" [1]
2026-05-18 01:00:04 URL:https://blog.curiouscardinals.com/hs-fs/hubfs/ADHD%20awareness.webp?width=3000&height=750&name=ADHD%20awareness.webp [41077/41077] -> "/Users/briannazajicek/Documents/illuminairy/archives/curious-cardinals-2026-05-18/blog/blog.curiouscardinals.com/hs-fs/hubfs/ADHD awareness.webp?width=3000&height=750&name=ADHD awareness.webp" [1]
2026-05-18 01:00:05 URL:https://blog.curiouscardinals.com/hs-fs/hubfs/ADHD%20awareness.webp?width=3600&height=900&name=ADHD%20awareness.webp [41077/41077] -> "/Users/briannazajicek/Documents/illuminairy/archives/curious-cardinals-2026-05-18/blog/blog.curiouscardinals.com/hs-fs/hubfs/ADHD awareness.webp?width=3600&height=900&name=ADHD awareness.webp" [1]
2026-05-18 01:00:06 URL:https://blog.curiouscardinals.com/hs-fs/hubfs/audreys%20advice.webp?width=654&height=654&name=audreys%20advice.webp [91144/91144] -> "/Users/briannazajicek/Documents/illuminairy/archives/curious-cardinals-2026-05-18/blog/blog.curiouscardinals.com/hs-fs/hubfs/audreys advice.webp?width=654&height=654&name=audreys advice.webp" [1]
2026-05-18 01:00:07 URL:https://blog.curiouscardinals.com/hs-fs/hubfs/audreys%20advice.webp?width=327&height=327&name=audreys%20advice.webp [32663/32663] -> "/Users/briannazajicek/Documents/illuminairy/archives/curious-cardinals-2026-05-18/blog/blog.curiouscardinals.com/hs-fs/hubfs/audreys advice.webp?width=327&height=327&name=audreys advice.webp" [1]
2026-05-18 01:00:08 URL:https://blog.curiouscardinals.com/hs-fs/hubfs/audreys%20advice.webp?width=981&height=981&name=audreys%20advice.webp [154737/154737] -> "/Users/briannazajicek/Documents/illuminairy/archives/curious-cardinals-2026-05-18/blog/blog.curiouscardinals.com/hs-fs/hubfs/audreys advice.webp?width=981&height=981&name=audreys advice.webp" [1]
2026-05-18 01:00:09 URL:https://blog.curiouscardinals.com/hs-fs/hubfs/audreys%20advice.webp?width=1308&height=1308&name=audreys%20advice.webp [151663/151663] -> "/Users/briannazajicek/Documents/illuminairy/archives/curious-cardinals-2026-05-18/blog/blog.curiouscardinals.com/hs-fs/hubfs/audreys advice.webp?width=1308&height=1308&name=audreys advice.webp" [1]
2026-05-18 01:00:11 URL:https://blog.curiouscardinals.com/hs-fs/hubfs/audreys%20advice.webp?width=1635&height=1635&name=audreys%20advice.webp [151663/151663] -> "/Users/briannazajicek/Documents/illuminairy/archives/curious-cardinals-2026-05-18/blog/blog.curiouscardinals.com/hs-fs/hubfs/audreys advice.webp?width=1635&height=1635&name=audreys advice.webp" [1]
2026-05-18 01:00:11 URL:https://blog.curiouscardinals.com/hs-fs/hubfs/audreys%20advice.webp?width=1962&height=1962&name=audreys%20advice.webp [151663/151663] -> "/Users/briannazajicek/Documents/illuminairy/archives/curious-cardinals-2026-05-18/blog/blog.curiouscardinals.com/hs-fs/hubfs/audreys advice.webp?width=1962&height=1962&name=audreys advice.webp" [1]
2026-05-18 01:00:12 URL:https://blog.curiouscardinals.com/hs-fs/hubfs/Screen%20Shot%202025-01-09%20at%202.40.41%20PM.png?width=256&height=77&name=Screen%20Shot%202025-01-09%20at%202.40.41%20PM.png [4156/4156] -> "/Users/briannazajicek/Documents/illuminairy/archives/curious-cardinals-2026-05-18/blog/blog.curiouscardinals.com/hs-fs/hubfs/Screen Shot 2025-01-09 at 2.40.41 PM.png?width=256&height=77&name=Screen Shot 2025-01-09 at 2.40.41 PM.png" [1]
2026-05-18 01:00:13 URL:https://blog.curiouscardinals.com/hs-fs/hubfs/Screen%20Shot%202025-01-09%20at%202.40.41%20PM.png?width=128&height=39&name=Screen%20Shot%202025-01-09%20at%202.40.41%20PM.png [1839/1839] -> "/Users/briannazajicek/Documents/illuminairy/archives/curious-cardinals-2026-05-18/blog/blog.curiouscardinals.com/hs-fs/hubfs/Screen Shot 2025-01-09 at 2.40.41 PM.png?width=128&height=39&name=Screen Shot 2025-01-09 at 2.40.41 PM.png" [1]
2026-05-18 01:00:14 URL:https://blog.curiouscardinals.com/hs-fs/hubfs/Screen%20Shot%202025-01-09%20at%202.40.41%20PM.png?width=384&height=116&name=Screen%20Shot%202025-01-09%20at%202.40.41%20PM.png [26527/26527] -> "/Users/briannazajicek/Documents/illuminairy/archives/curious-cardinals-2026-05-18/blog/blog.curiouscardinals.com/hs-fs/hubfs/Screen Shot 2025-01-09 at 2.40.41 PM.png?width=384&height=116&name=Screen Shot 2025-01-09 at 2.40.41 PM.png" [1]
2026-05-18 01:00:14 URL:https://blog.curiouscardinals.com/hs-fs/hubfs/Screen%20Shot%202025-01-09%20at%202.40.41%20PM.png?width=512&height=154&name=Screen%20Shot%202025-01-09%20at%202.40.41%20PM.png [26527/26527] -> "/Users/briannazajicek/Documents/illuminairy/archives/curious-cardinals-2026-05-18/blog/blog.curiouscardinals.com/hs-fs/hubfs/Screen Shot 2025-01-09 at 2.40.41 PM.png?width=512&height=154&name=Screen Shot 2025-01-09 at 2.40.41 PM.png" [1]
2026-05-18 01:00:16 URL:https://blog.curiouscardinals.com/hs-fs/hubfs/Screen%20Shot%202025-01-09%20at%202.40.41%20PM.png?width=640&height=193&name=Screen%20Shot%202025-01-09%20at%202.40.41%20PM.png [26527/26527] -> "/Users/briannazajicek/Documents/illuminairy/archives/curious-cardinals-2026-05-18/blog/blog.curiouscardinals.com/hs-fs/hubfs/Screen Shot 2025-01-09 at 2.40.41 PM.png?width=640&height=193&name=Screen Shot 2025-01-09 at 2.40.41 PM.png" [1]
2026-05-18 01:00:17 URL:https://blog.curiouscardinals.com/hs-fs/hubfs/Screen%20Shot%202025-01-09%20at%202.40.41%20PM.png?width=768&height=231&name=Screen%20Shot%202025-01-09%20at%202.40.41%20PM.png [26527/26527] -> "/Users/briannazajicek/Documents/illuminairy/archives/curious-cardinals-2026-05-18/blog/blog.curiouscardinals.com/hs-fs/hubfs/Screen Shot 2025-01-09 at 2.40.41 PM.png?width=768&height=231&name=Screen Shot 2025-01-09 at 2.40.41 PM.png" [1]
Cookie coming from blog.curiouscardinals.com attempted to set domain to hubspotusercontent-na2.net
2026-05-18 01:00:18 URL:https://blog.curiouscardinals.com/hubfs/Student%20v1-11.png [701106/701106] -> "/Users/briannazajicek/Documents/illuminairy/archives/curious-cardinals-2026-05-18/blog/blog.curiouscardinals.com/hubfs/Student v1-11.png" [1]
2026-05-18 01:00:18 URL:https://blog.curiouscardinals.com/oh-my-gods-a-journey-through-greek-mythology-with-mentor-benjamin-zaidel [73304] -> "/Users/briannazajicek/Documents/illuminairy/archives/curious-cardinals-2026-05-18/blog/blog.curiouscardinals.com/oh-my-gods-a-journey-through-greek-mythology-with-mentor-benjamin-zaidel.html" [1]
Cookie coming from blog.curiouscardinals.com attempted to set domain to hubspotusercontent-na2.net
2026-05-18 01:00:19 URL:https://blog.curiouscardinals.com/hubfs/Mentor%20v1-2.png [800257/800257] -> "/Users/briannazajicek/Documents/illuminairy/archives/curious-cardinals-2026-05-18/blog/blog.curiouscardinals.com/hubfs/Mentor v1-2.png" [1]
Cookie coming from blog.curiouscardinals.com attempted to set domain to hubspotusercontent-na2.net
2026-05-18 01:00:20 URL:https://blog.curiouscardinals.com/hubfs/Screen_Shot_2022-08-23_at_5-06-38_PM-png.png [1449732/1449732] -> "/Users/briannazajicek/Documents/illuminairy/archives/curious-cardinals-2026-05-18/blog/blog.curiouscardinals.com/hubfs/Screen_Shot_2022-08-23_at_5-06-38_PM-png.png" [1]
2026-05-18 01:00:21 URL:https://blog.curiouscardinals.com/hs-fs/hubfs/Screen_Shot_2022-08-24_at_5.16.20_PM.png?width=2000&name=Screen_Shot_2022-08-24_at_5.16.20_PM.png [942603/942603] -> "/Users/briannazajicek/Documents/illuminairy/archives/curious-cardinals-2026-05-18/blog/blog.curiouscardinals.com/hs-fs/hubfs/Screen_Shot_2022-08-24_at_5.16.20_PM.png?width=2000&name=Screen_Shot_2022-08-24_at_5.16.20_PM.png" [1]
2026-05-18 01:00:22 URL:https://blog.curiouscardinals.com/hs-fs/hubfs/Screen_Shot_2022-08-24_at_5.16.20_PM.png?width=1000&name=Screen_Shot_2022-08-24_at_5.16.20_PM.png [107643/107643] -> "/Users/briannazajicek/Documents/illuminairy/archives/curious-cardinals-2026-05-18/blog/blog.curiouscardinals.com/hs-fs/hubfs/Screen_Shot_2022-08-24_at_5.16.20_PM.png?width=1000&name=Screen_Shot_2022-08-24_at_5.16.20_PM.png" [1]
2026-05-18 01:00:23 URL:https://blog.curiouscardinals.com/hs-fs/hubfs/Screen_Shot_2022-08-24_at_5.16.20_PM.png?width=3000&name=Screen_Shot_2022-08-24_at_5.16.20_PM.png [942603/942603] -> "/Users/briannazajicek/Documents/illuminairy/archives/curious-cardinals-2026-05-18/blog/blog.curiouscardinals.com/hs-fs/hubfs/Screen_Shot_2022-08-24_at_5.16.20_PM.png?width=3000&name=Screen_Shot_2022-08-24_at_5.16.20_PM.png" [1]
2026-05-18 01:00:24 URL:https://blog.curiouscardinals.com/hs-fs/hubfs/Screen_Shot_2022-08-24_at_5.16.20_PM.png?width=4000&name=Screen_Shot_2022-08-24_at_5.16.20_PM.png [942603/942603] -> "/Users/briannazajicek/Documents/illuminairy/archives/curious-cardinals-2026-05-18/blog/blog.curiouscardinals.com/hs-fs/hubfs/Screen_Shot_2022-08-24_at_5.16.20_PM.png?width=4000&name=Screen_Shot_2022-08-24_at_5.16.20_PM.png" [1]
2026-05-18 01:00:26 URL:https://blog.curiouscardinals.com/hs-fs/hubfs/Screen_Shot_2022-08-24_at_5.16.20_PM.png?width=5000&name=Screen_Shot_2022-08-24_at_5.16.20_PM.png [942603/942603] -> "/Users/briannazajicek/Documents/illuminairy/archives/curious-cardinals-2026-05-18/blog/blog.curiouscardinals.com/hs-fs/hubfs/Screen_Shot_2022-08-24_at_5.16.20_PM.png?width=5000&name=Screen_Shot_2022-08-24_at_5.16.20_PM.png" [1]
2026-05-18 01:00:27 URL:https://blog.curiouscardinals.com/hs-fs/hubfs/Screen_Shot_2022-08-24_at_5.16.20_PM.png?width=6000&name=Screen_Shot_2022-08-24_at_5.16.20_PM.png [942603/942603] -> "/Users/briannazajicek/Documents/illuminairy/archives/curious-cardinals-2026-05-18/blog/blog.curiouscardinals.com/hs-fs/hubfs/Screen_Shot_2022-08-24_at_5.16.20_PM.png?width=6000&name=Screen_Shot_2022-08-24_at_5.16.20_PM.png" [1]
2026-05-18 01:00:28 URL:https://blog.curiouscardinals.com/hs-fs/hubfs/Screen_Shot_2022-09-01_at_11.18.13_PM.png?width=2000&name=Screen_Shot_2022-09-01_at_11.18.13_PM.png [1342335/1342335] -> "/Users/briannazajicek/Documents/illuminairy/archives/curious-cardinals-2026-05-18/blog/blog.curiouscardinals.com/hs-fs/hubfs/Screen_Shot_2022-09-01_at_11.18.13_PM.png?width=2000&name=Screen_Shot_2022-09-01_at_11.18.13_PM.png" [1]
2026-05-18 01:00:29 URL:https://blog.curiouscardinals.com/hs-fs/hubfs/Screen_Shot_2022-09-01_at_11.18.13_PM.png?width=1000&name=Screen_Shot_2022-09-01_at_11.18.13_PM.png [109773/109773] -> "/Users/briannazajicek/Documents/illuminairy/archives/curious-cardinals-2026-05-18/blog/blog.curiouscardinals.com/hs-fs/hubfs/Screen_Shot_2022-09-01_at_11.18.13_PM.png?width=1000&name=Screen_Shot_2022-09-01_at_11.18.13_PM.png" [1]
2026-05-18 01:00:31 URL:https://blog.curiouscardinals.com/hs-fs/hubfs/Screen_Shot_2022-09-01_at_11.18.13_PM.png?width=3000&name=Screen_Shot_2022-09-01_at_11.18.13_PM.png [1342335/1342335] -> "/Users/briannazajicek/Documents/illuminairy/archives/curious-cardinals-2026-05-18/blog/blog.curiouscardinals.com/hs-fs/hubfs/Screen_Shot_2022-09-01_at_11.18.13_PM.png?width=3000&name=Screen_Shot_2022-09-01_at_11.18.13_PM.png" [1]
2026-05-18 01:00:32 URL:https://blog.curiouscardinals.com/hs-fs/hubfs/Screen_Shot_2022-09-01_at_11.18.13_PM.png?width=4000&name=Screen_Shot_2022-09-01_at_11.18.13_PM.png [1342335/1342335] -> "/Users/briannazajicek/Documents/illuminairy/archives/curious-cardinals-2026-05-18/blog/blog.curiouscardinals.com/hs-fs/hubfs/Screen_Shot_2022-09-01_at_11.18.13_PM.png?width=4000&name=Screen_Shot_2022-09-01_at_11.18.13_PM.png" [1]
2026-05-18 01:00:34 URL:https://blog.curiouscardinals.com/hs-fs/hubfs/Screen_Shot_2022-09-01_at_11.18.13_PM.png?width=5000&name=Screen_Shot_2022-09-01_at_11.18.13_PM.png [1342335/1342335] -> "/Users/briannazajicek/Documents/illuminairy/archives/curious-cardinals-2026-05-18/blog/blog.curiouscardinals.com/hs-fs/hubfs/Screen_Shot_2022-09-01_at_11.18.13_PM.png?width=5000&name=Screen_Shot_2022-09-01_at_11.18.13_PM.png" [1]
2026-05-18 01:00:35 URL:https://blog.curiouscardinals.com/hs-fs/hubfs/Screen_Shot_2022-09-01_at_11.18.13_PM.png?width=6000&name=Screen_Shot_2022-09-01_at_11.18.13_PM.png [1342335/1342335] -> "/Users/briannazajicek/Documents/illuminairy/archives/curious-cardinals-2026-05-18/blog/blog.curiouscardinals.com/hs-fs/hubfs/Screen_Shot_2022-09-01_at_11.18.13_PM.png?width=6000&name=Screen_Shot_2022-09-01_at_11.18.13_PM.png" [1]
2026-05-18 01:00:36 URL:https://blog.curiouscardinals.com/designing-the-brand [85160] -> "/Users/briannazajicek/Documents/illuminairy/archives/curious-cardinals-2026-05-18/blog/blog.curiouscardinals.com/designing-the-brand.html" [1]
2026-05-18 01:00:36 URL:https://blog.curiouscardinals.com/i-failed-and-you-should-too [83612] -> "/Users/briannazajicek/Documents/illuminairy/archives/curious-cardinals-2026-05-18/blog/blog.curiouscardinals.com/i-failed-and-you-should-too.html" [1]
2026-05-18 01:00:36 URL:https://blog.curiouscardinals.com/hs-fs/hubfs/Student%20v2-6.png?width=289&height=289&name=Student%20v2-6.png [30517/30517] -> "/Users/briannazajicek/Documents/illuminairy/archives/curious-cardinals-2026-05-18/blog/blog.curiouscardinals.com/hs-fs/hubfs/Student v2-6.png?width=289&height=289&name=Student v2-6.png" [1]
2026-05-18 01:00:38 URL:https://blog.curiouscardinals.com/hs-fs/hubfs/Student%20v2-6.png?width=145&height=145&name=Student%20v2-6.png [10262/10262] -> "/Users/briannazajicek/Documents/illuminairy/archives/curious-cardinals-2026-05-18/blog/blog.curiouscardinals.com/hs-fs/hubfs/Student v2-6.png?width=145&height=145&name=Student v2-6.png" [1]
2026-05-18 01:00:39 URL:https://blog.curiouscardinals.com/hs-fs/hubfs/Student%20v2-6.png?width=434&height=434&name=Student%20v2-6.png [60315/60315] -> "/Users/briannazajicek/Documents/illuminairy/archives/curious-cardinals-2026-05-18/blog/blog.curiouscardinals.com/hs-fs/hubfs/Student v2-6.png?width=434&height=434&name=Student v2-6.png" [1]
2026-05-18 01:00:40 URL:https://blog.curiouscardinals.com/hs-fs/hubfs/Student%20v2-6.png?width=578&height=578&name=Student%20v2-6.png [103397/103397] -> "/Users/briannazajicek/Documents/illuminairy/archives/curious-cardinals-2026-05-18/blog/blog.curiouscardinals.com/hs-fs/hubfs/Student v2-6.png?width=578&height=578&name=Student v2-6.png" [1]
2026-05-18 01:00:42 URL:https://blog.curiouscardinals.com/hs-fs/hubfs/Student%20v2-6.png?width=723&height=723&name=Student%20v2-6.png [149446/149446] -> "/Users/briannazajicek/Documents/illuminairy/archives/curious-cardinals-2026-05-18/blog/blog.curiouscardinals.com/hs-fs/hubfs/Student v2-6.png?width=723&height=723&name=Student v2-6.png" [1]
2026-05-18 01:00:43 URL:https://blog.curiouscardinals.com/hs-fs/hubfs/Student%20v2-6.png?width=867&height=867&name=Student%20v2-6.png [204794/204794] -> "/Users/briannazajicek/Documents/illuminairy/archives/curious-cardinals-2026-05-18/blog/blog.curiouscardinals.com/hs-fs/hubfs/Student v2-6.png?width=867&height=867&name=Student v2-6.png" [1]
2026-05-18 01:00:44 URL:https://blog.curiouscardinals.com/hs-fs/hubfs/Mentor%20v1-9.png?width=289&height=289&name=Mentor%20v1-9.png [31646/31646] -> "/Users/briannazajicek/Documents/illuminairy/archives/curious-cardinals-2026-05-18/blog/blog.curiouscardinals.com/hs-fs/hubfs/Mentor v1-9.png?width=289&height=289&name=Mentor v1-9.png" [1]
2026-05-18 01:00:46 URL:https://blog.curiouscardinals.com/hs-fs/hubfs/Mentor%20v1-9.png?width=145&height=145&name=Mentor%20v1-9.png [10876/10876] -> "/Users/briannazajicek/Documents/illuminairy/archives/curious-cardinals-2026-05-18/blog/blog.curiouscardinals.com/hs-fs/hubfs/Mentor v1-9.png?width=145&height=145&name=Mentor v1-9.png" [1]
2026-05-18 01:00:47 URL:https://blog.curiouscardinals.com/hs-fs/hubfs/Mentor%20v1-9.png?width=434&height=434&name=Mentor%20v1-9.png [62600/62600] -> "/Users/briannazajicek/Documents/illuminairy/archives/curious-cardinals-2026-05-18/blog/blog.curiouscardinals.com/hs-fs/hubfs/Mentor v1-9.png?width=434&height=434&name=Mentor v1-9.png" [1]
2026-05-18 01:00:48 URL:https://blog.curiouscardinals.com/hs-fs/hubfs/Mentor%20v1-9.png?width=578&height=578&name=Mentor%20v1-9.png [111055/111055] -> "/Users/briannazajicek/Documents/illuminairy/archives/curious-cardinals-2026-05-18/blog/blog.curiouscardinals.com/hs-fs/hubfs/Mentor v1-9.png?width=578&height=578&name=Mentor v1-9.png" [1]
2026-05-18 01:00:49 URL:https://blog.curiouscardinals.com/hs-fs/hubfs/Mentor%20v1-9.png?width=723&height=723&name=Mentor%20v1-9.png [162151/162151] -> "/Users/briannazajicek/Documents/illuminairy/archives/curious-cardinals-2026-05-18/blog/blog.curiouscardinals.com/hs-fs/hubfs/Mentor v1-9.png?width=723&height=723&name=Mentor v1-9.png" [1]
2026-05-18 01:00:50 URL:https://blog.curiouscardinals.com/hs-fs/hubfs/Mentor%20v1-9.png?width=867&height=867&name=Mentor%20v1-9.png [226337/226337] -> "/Users/briannazajicek/Documents/illuminairy/archives/curious-cardinals-2026-05-18/blog/blog.curiouscardinals.com/hs-fs/hubfs/Mentor v1-9.png?width=867&height=867&name=Mentor v1-9.png" [1]
2026-05-18 01:00:51 URL:https://blog.curiouscardinals.com/hs-fs/hubfs/Banner%20v2-9.png?width=1607&height=484&name=Banner%20v2-9.png [85357/85357] -> "/Users/briannazajicek/Documents/illuminairy/archives/curious-cardinals-2026-05-18/blog/blog.curiouscardinals.com/hs-fs/hubfs/Banner v2-9.png?width=1607&height=484&name=Banner v2-9.png" [1]
2026-05-18 01:00:52 URL:https://blog.curiouscardinals.com/hs-fs/hubfs/Banner%20v2-9.png?width=804&height=242&name=Banner%20v2-9.png [29471/29471] -> "/Users/briannazajicek/Documents/illuminairy/archives/curious-cardinals-2026-05-18/blog/blog.curiouscardinals.com/hs-fs/hubfs/Banner v2-9.png?width=804&height=242&name=Banner v2-9.png" [1]
2026-05-18 01:00:53 URL:https://blog.curiouscardinals.com/hs-fs/hubfs/Banner%20v2-9.png?width=2411&height=726&name=Banner%20v2-9.png [85357/85357] -> "/Users/briannazajicek/Documents/illuminairy/archives/curious-cardinals-2026-05-18/blog/blog.curiouscardinals.com/hs-fs/hubfs/Banner v2-9.png?width=2411&height=726&name=Banner v2-9.png" [1]
2026-05-18 01:00:55 URL:https://blog.curiouscardinals.com/hs-fs/hubfs/Banner%20v2-9.png?width=3214&height=968&name=Banner%20v2-9.png [85357/85357] -> "/Users/briannazajicek/Documents/illuminairy/archives/curious-cardinals-2026-05-18/blog/blog.curiouscardinals.com/hs-fs/hubfs/Banner v2-9.png?width=3214&height=968&name=Banner v2-9.png" [1]
2026-05-18 01:00:56 URL:https://blog.curiouscardinals.com/hs-fs/hubfs/Banner%20v2-9.png?width=4018&height=1210&name=Banner%20v2-9.png [85357/85357] -> "/Users/briannazajicek/Documents/illuminairy/archives/curious-cardinals-2026-05-18/blog/blog.curiouscardinals.com/hs-fs/hubfs/Banner v2-9.png?width=4018&height=1210&name=Banner v2-9.png" [1]
2026-05-18 01:00:57 URL:https://blog.curiouscardinals.com/hs-fs/hubfs/Banner%20v2-9.png?width=4821&height=1452&name=Banner%20v2-9.png [85357/85357] -> "/Users/briannazajicek/Documents/illuminairy/archives/curious-cardinals-2026-05-18/blog/blog.curiouscardinals.com/hs-fs/hubfs/Banner v2-9.png?width=4821&height=1452&name=Banner v2-9.png" [1]
2026-05-18 01:00:57 URL:https://blog.curiouscardinals.com/hs-fs/hubfs/Banner%20v2-10.png?width=1607&height=484&name=Banner%20v2-10.png [83650/83650] -> "/Users/briannazajicek/Documents/illuminairy/archives/curious-cardinals-2026-05-18/blog/blog.curiouscardinals.com/hs-fs/hubfs/Banner v2-10.png?width=1607&height=484&name=Banner v2-10.png" [1]
2026-05-18 01:00:58 URL:https://blog.curiouscardinals.com/hs-fs/hubfs/Banner%20v2-10.png?width=804&height=242&name=Banner%20v2-10.png [28528/28528] -> "/Users/briannazajicek/Documents/illuminairy/archives/curious-cardinals-2026-05-18/blog/blog.curiouscardinals.com/hs-fs/hubfs/Banner v2-10.png?width=804&height=242&name=Banner v2-10.png" [1]
2026-05-18 01:00:59 URL:https://blog.curiouscardinals.com/hs-fs/hubfs/Banner%20v2-10.png?width=2411&height=726&name=Banner%20v2-10.png [83650/83650] -> "/Users/briannazajicek/Documents/illuminairy/archives/curious-cardinals-2026-05-18/blog/blog.curiouscardinals.com/hs-fs/hubfs/Banner v2-10.png?width=2411&height=726&name=Banner v2-10.png" [1]
2026-05-18 01:01:00 URL:https://blog.curiouscardinals.com/hs-fs/hubfs/Banner%20v2-10.png?width=3214&height=968&name=Banner%20v2-10.png [83650/83650] -> "/Users/briannazajicek/Documents/illuminairy/archives/curious-cardinals-2026-05-18/blog/blog.curiouscardinals.com/hs-fs/hubfs/Banner v2-10.png?width=3214&height=968&name=Banner v2-10.png" [1]
2026-05-18 01:01:01 URL:https://blog.curiouscardinals.com/hs-fs/hubfs/Banner%20v2-10.png?width=4018&height=1210&name=Banner%20v2-10.png [83650/83650] -> "/Users/briannazajicek/Documents/illuminairy/archives/curious-cardinals-2026-05-18/blog/blog.curiouscardinals.com/hs-fs/hubfs/Banner v2-10.png?width=4018&height=1210&name=Banner v2-10.png" [1]
2026-05-18 01:01:02 URL:https://blog.curiouscardinals.com/hs-fs/hubfs/Banner%20v2-10.png?width=4821&height=1452&name=Banner%20v2-10.png [83650/83650] -> "/Users/briannazajicek/Documents/illuminairy/archives/curious-cardinals-2026-05-18/blog/blog.curiouscardinals.com/hs-fs/hubfs/Banner v2-10.png?width=4821&height=1452&name=Banner v2-10.png" [1]
2026-05-18 01:01:03 URL:https://blog.curiouscardinals.com/hs-fs/hubfs/0A667E14-4B4B-4214-A7F4-E1730C834525.jpeg?width=389&height=289&name=0A667E14-4B4B-4214-A7F4-E1730C834525.jpeg [17680/17680] -> "/Users/briannazajicek/Documents/illuminairy/archives/curious-cardinals-2026-05-18/blog/blog.curiouscardinals.com/hs-fs/hubfs/0A667E14-4B4B-4214-A7F4-E1730C834525.jpeg?width=389&height=289&name=0A667E14-4B4B-4214-A7F4-E1730C834525.jpeg" [1]
2026-05-18 01:01:04 URL:https://blog.curiouscardinals.com/hs-fs/hubfs/0A667E14-4B4B-4214-A7F4-E1730C834525.jpeg?width=195&height=145&name=0A667E14-4B4B-4214-A7F4-E1730C834525.jpeg [5949/5949] -> "/Users/briannazajicek/Documents/illuminairy/archives/curious-cardinals-2026-05-18/blog/blog.curiouscardinals.com/hs-fs/hubfs/0A667E14-4B4B-4214-A7F4-E1730C834525.jpeg?width=195&height=145&name=0A667E14-4B4B-4214-A7F4-E1730C834525.jpeg" [1]
2026-05-18 01:01:05 URL:https://blog.curiouscardinals.com/hs-fs/hubfs/0A667E14-4B4B-4214-A7F4-E1730C834525.jpeg?width=584&height=434&name=0A667E14-4B4B-4214-A7F4-E1730C834525.jpeg [34819/34819] -> "/Users/briannazajicek/Documents/illuminairy/archives/curious-cardinals-2026-05-18/blog/blog.curiouscardinals.com/hs-fs/hubfs/0A667E14-4B4B-4214-A7F4-E1730C834525.jpeg?width=584&height=434&name=0A667E14-4B4B-4214-A7F4-E1730C834525.jpeg" [1]
2026-05-18 01:01:06 URL:https://blog.curiouscardinals.com/hs-fs/hubfs/0A667E14-4B4B-4214-A7F4-E1730C834525.jpeg?width=778&height=578&name=0A667E14-4B4B-4214-A7F4-E1730C834525.jpeg [57231/57231] -> "/Users/briannazajicek/Documents/illuminairy/archives/curious-cardinals-2026-05-18/blog/blog.curiouscardinals.com/hs-fs/hubfs/0A667E14-4B4B-4214-A7F4-E1730C834525.jpeg?width=778&height=578&name=0A667E14-4B4B-4214-A7F4-E1730C834525.jpeg" [1]
2026-05-18 01:01:08 URL:https://blog.curiouscardinals.com/hs-fs/hubfs/0A667E14-4B4B-4214-A7F4-E1730C834525.jpeg?width=973&height=723&name=0A667E14-4B4B-4214-A7F4-E1730C834525.jpeg [84950/84950] -> "/Users/briannazajicek/Documents/illuminairy/archives/curious-cardinals-2026-05-18/blog/blog.curiouscardinals.com/hs-fs/hubfs/0A667E14-4B4B-4214-A7F4-E1730C834525.jpeg?width=973&height=723&name=0A667E14-4B4B-4214-A7F4-E1730C834525.jpeg" [1]
2026-05-18 01:01:09 URL:https://blog.curiouscardinals.com/hs-fs/hubfs/0A667E14-4B4B-4214-A7F4-E1730C834525.jpeg?width=1167&height=867&name=0A667E14-4B4B-4214-A7F4-E1730C834525.jpeg [102787/102787] -> "/Users/briannazajicek/Documents/illuminairy/archives/curious-cardinals-2026-05-18/blog/blog.curiouscardinals.com/hs-fs/hubfs/0A667E14-4B4B-4214-A7F4-E1730C834525.jpeg?width=1167&height=867&name=0A667E14-4B4B-4214-A7F4-E1730C834525.jpeg" [1]
2026-05-18 01:01:09 URL:https://blog.curiouscardinals.com/announcing-end-of-year-recaps-insights-growth-and-celebration [75487] -> "/Users/briannazajicek/Documents/illuminairy/archives/curious-cardinals-2026-05-18/blog/blog.curiouscardinals.com/announcing-end-of-year-recaps-insights-growth-and-celebration.html" [1]
2026-05-18 01:01:09 URL:https://blog.curiouscardinals.com/hs-fs/hubfs/Audrey-1.png?width=200&height=50&name=Audrey-1.png [2482/2482] -> "/Users/briannazajicek/Documents/illuminairy/archives/curious-cardinals-2026-05-18/blog/blog.curiouscardinals.com/hs-fs/hubfs/Audrey-1.png?width=200&height=50&name=Audrey-1.png" [1]
2026-05-18 01:01:10 URL:https://blog.curiouscardinals.com/hs-fs/hubfs/Audrey-1.png?width=100&height=25&name=Audrey-1.png [1326/1326] -> "/Users/briannazajicek/Documents/illuminairy/archives/curious-cardinals-2026-05-18/blog/blog.curiouscardinals.com/hs-fs/hubfs/Audrey-1.png?width=100&height=25&name=Audrey-1.png" [1]
2026-05-18 01:01:10 URL:https://blog.curiouscardinals.com/hs-fs/hubfs/Audrey-1.png?width=300&height=75&name=Audrey-1.png [2482/2482] -> "/Users/briannazajicek/Documents/illuminairy/archives/curious-cardinals-2026-05-18/blog/blog.curiouscardinals.com/hs-fs/hubfs/Audrey-1.png?width=300&height=75&name=Audrey-1.png" [1]
2026-05-18 01:01:11 URL:https://blog.curiouscardinals.com/hs-fs/hubfs/Audrey-1.png?width=400&height=100&name=Audrey-1.png [2482/2482] -> "/Users/briannazajicek/Documents/illuminairy/archives/curious-cardinals-2026-05-18/blog/blog.curiouscardinals.com/hs-fs/hubfs/Audrey-1.png?width=400&height=100&name=Audrey-1.png" [1]
2026-05-18 01:01:11 URL:https://blog.curiouscardinals.com/hs-fs/hubfs/Audrey-1.png?width=500&height=125&name=Audrey-1.png [2482/2482] -> "/Users/briannazajicek/Documents/illuminairy/archives/curious-cardinals-2026-05-18/blog/blog.curiouscardinals.com/hs-fs/hubfs/Audrey-1.png?width=500&height=125&name=Audrey-1.png" [1]
2026-05-18 01:01:12 URL:https://blog.curiouscardinals.com/hs-fs/hubfs/Audrey-1.png?width=600&height=150&name=Audrey-1.png [2482/2482] -> "/Users/briannazajicek/Documents/illuminairy/archives/curious-cardinals-2026-05-18/blog/blog.curiouscardinals.com/hs-fs/hubfs/Audrey-1.png?width=600&height=150&name=Audrey-1.png" [1]
2026-05-18 01:01:12 URL:https://blog.curiouscardinals.com/life-is-a-game-framing-the-narrative-of-gary-schmidts-life-through-sport [85524] -> "/Users/briannazajicek/Documents/illuminairy/archives/curious-cardinals-2026-05-18/blog/blog.curiouscardinals.com/life-is-a-game-framing-the-narrative-of-gary-schmidts-life-through-sport.html" [1]
2026-05-18 01:01:13 URL:https://blog.curiouscardinals.com/how-to-land-your-dream-high-school-summer-internship-a-complete-guide-0 [76558] -> "/Users/briannazajicek/Documents/illuminairy/archives/curious-cardinals-2026-05-18/blog/blog.curiouscardinals.com/how-to-land-your-dream-high-school-summer-internship-a-complete-guide-0.html" [1]
2026-05-18 01:01:13 URL:https://blog.curiouscardinals.com/social-impact-project [83855] -> "/Users/briannazajicek/Documents/illuminairy/archives/curious-cardinals-2026-05-18/blog/blog.curiouscardinals.com/social-impact-project.html" [1]
2026-05-18 01:01:14 URL:https://blog.curiouscardinals.com/hs-fs/hubfs/social%20impact%20banner.webp?width=1200&height=300&name=social%20impact%20banner.webp [47913/47913] -> "/Users/briannazajicek/Documents/illuminairy/archives/curious-cardinals-2026-05-18/blog/blog.curiouscardinals.com/hs-fs/hubfs/social impact banner.webp?width=1200&height=300&name=social impact banner.webp" [1]
2026-05-18 01:01:16 URL:https://blog.curiouscardinals.com/hs-fs/hubfs/social%20impact%20banner.webp?width=600&height=150&name=social%20impact%20banner.webp [18801/18801] -> "/Users/briannazajicek/Documents/illuminairy/archives/curious-cardinals-2026-05-18/blog/blog.curiouscardinals.com/hs-fs/hubfs/social impact banner.webp?width=600&height=150&name=social impact banner.webp" [1]
2026-05-18 01:01:17 URL:https://blog.curiouscardinals.com/hs-fs/hubfs/social%20impact%20banner.webp?width=1800&height=450&name=social%20impact%20banner.webp [47913/47913] -> "/Users/briannazajicek/Documents/illuminairy/archives/curious-cardinals-2026-05-18/blog/blog.curiouscardinals.com/hs-fs/hubfs/social impact banner.webp?width=1800&height=450&name=social impact banner.webp" [1]
2026-05-18 01:01:18 URL:https://blog.curiouscardinals.com/hs-fs/hubfs/social%20impact%20banner.webp?width=2400&height=600&name=social%20impact%20banner.webp [47913/47913] -> "/Users/briannazajicek/Documents/illuminairy/archives/curious-cardinals-2026-05-18/blog/blog.curiouscardinals.com/hs-fs/hubfs/social impact banner.webp?width=2400&height=600&name=social impact banner.webp" [1]
2026-05-18 01:01:19 URL:https://blog.curiouscardinals.com/hs-fs/hubfs/social%20impact%20banner.webp?width=3000&height=750&name=social%20impact%20banner.webp [47913/47913] -> "/Users/briannazajicek/Documents/illuminairy/archives/curious-cardinals-2026-05-18/blog/blog.curiouscardinals.com/hs-fs/hubfs/social impact banner.webp?width=3000&height=750&name=social impact banner.webp" [1]
2026-05-18 01:01:20 URL:https://blog.curiouscardinals.com/hs-fs/hubfs/social%20impact%20banner.webp?width=3600&height=900&name=social%20impact%20banner.webp [47913/47913] -> "/Users/briannazajicek/Documents/illuminairy/archives/curious-cardinals-2026-05-18/blog/blog.curiouscardinals.com/hs-fs/hubfs/social impact banner.webp?width=3600&height=900&name=social impact banner.webp" [1]
2026-05-18 01:01:21 URL:https://blog.curiouscardinals.com/hs-fs/hubfs/soles4good.webp?width=412&height=185&name=soles4good.webp [24483/24483] -> "/Users/briannazajicek/Documents/illuminairy/archives/curious-cardinals-2026-05-18/blog/blog.curiouscardinals.com/hs-fs/hubfs/soles4good.webp?width=412&height=185&name=soles4good.webp" [1]
2026-05-18 01:01:22 URL:https://blog.curiouscardinals.com/hs-fs/hubfs/soles4good.webp?width=206&height=93&name=soles4good.webp [8216/8216] -> "/Users/briannazajicek/Documents/illuminairy/archives/curious-cardinals-2026-05-18/blog/blog.curiouscardinals.com/hs-fs/hubfs/soles4good.webp?width=206&height=93&name=soles4good.webp" [1]
2026-05-18 01:01:23 URL:https://blog.curiouscardinals.com/hs-fs/hubfs/soles4good.webp?width=618&height=278&name=soles4good.webp [49532/49532] -> "/Users/briannazajicek/Documents/illuminairy/archives/curious-cardinals-2026-05-18/blog/blog.curiouscardinals.com/hs-fs/hubfs/soles4good.webp?width=618&height=278&name=soles4good.webp" [1]
2026-05-18 01:01:24 URL:https://blog.curiouscardinals.com/hs-fs/hubfs/soles4good.webp?width=824&height=370&name=soles4good.webp [75754/75754] -> "/Users/briannazajicek/Documents/illuminairy/archives/curious-cardinals-2026-05-18/blog/blog.curiouscardinals.com/hs-fs/hubfs/soles4good.webp?width=824&height=370&name=soles4good.webp" [1]
2026-05-18 01:01:25 URL:https://blog.curiouscardinals.com/hs-fs/hubfs/soles4good.webp?width=1030&height=463&name=soles4good.webp [75754/75754] -> "/Users/briannazajicek/Documents/illuminairy/archives/curious-cardinals-2026-05-18/blog/blog.curiouscardinals.com/hs-fs/hubfs/soles4good.webp?width=1030&height=463&name=soles4good.webp" [1]
2026-05-18 01:01:26 URL:https://blog.curiouscardinals.com/hs-fs/hubfs/soles4good.webp?width=1236&height=555&name=soles4good.webp [75754/75754] -> "/Users/briannazajicek/Documents/illuminairy/archives/curious-cardinals-2026-05-18/blog/blog.curiouscardinals.com/hs-fs/hubfs/soles4good.webp?width=1236&height=555&name=soles4good.webp" [1]
2026-05-18 01:01:27 URL:https://blog.curiouscardinals.com/hs-fs/hubfs/s4g1.webp?width=270&height=360&name=s4g1.webp [21742/21742] -> "/Users/briannazajicek/Documents/illuminairy/archives/curious-cardinals-2026-05-18/blog/blog.curiouscardinals.com/hs-fs/hubfs/s4g1.webp?width=270&height=360&name=s4g1.webp" [1]
2026-05-18 01:01:28 URL:https://blog.curiouscardinals.com/hs-fs/hubfs/s4g1.webp?width=135&height=180&name=s4g1.webp [7311/7311] -> "/Users/briannazajicek/Documents/illuminairy/archives/curious-cardinals-2026-05-18/blog/blog.curiouscardinals.com/hs-fs/hubfs/s4g1.webp?width=135&height=180&name=s4g1.webp" [1]
2026-05-18 01:01:29 URL:https://blog.curiouscardinals.com/hs-fs/hubfs/s4g1.webp?width=405&height=540&name=s4g1.webp [40720/40720] -> "/Users/briannazajicek/Documents/illuminairy/archives/curious-cardinals-2026-05-18/blog/blog.curiouscardinals.com/hs-fs/hubfs/s4g1.webp?width=405&height=540&name=s4g1.webp" [1]
2026-05-18 01:01:30 URL:https://blog.curiouscardinals.com/hs-fs/hubfs/s4g1.webp?width=540&height=720&name=s4g1.webp [59165/59165] -> "/Users/briannazajicek/Documents/illuminairy/archives/curious-cardinals-2026-05-18/blog/blog.curiouscardinals.com/hs-fs/hubfs/s4g1.webp?width=540&height=720&name=s4g1.webp" [1]
2026-05-18 01:01:31 URL:https://blog.curiouscardinals.com/hs-fs/hubfs/s4g1.webp?width=675&height=900&name=s4g1.webp [59165/59165] -> "/Users/briannazajicek/Documents/illuminairy/archives/curious-cardinals-2026-05-18/blog/blog.curiouscardinals.com/hs-fs/hubfs/s4g1.webp?width=675&height=900&name=s4g1.webp" [1]
2026-05-18 01:01:32 URL:https://blog.curiouscardinals.com/hs-fs/hubfs/s4g1.webp?width=810&height=1080&name=s4g1.webp [59165/59165] -> "/Users/briannazajicek/Documents/illuminairy/archives/curious-cardinals-2026-05-18/blog/blog.curiouscardinals.com/hs-fs/hubfs/s4g1.webp?width=810&height=1080&name=s4g1.webp" [1]
2026-05-18 01:01:33 URL:https://blog.curiouscardinals.com/hs-fs/hubfs/s4g2.webp?width=272&height=363&name=s4g2.webp [20630/20630] -> "/Users/briannazajicek/Documents/illuminairy/archives/curious-cardinals-2026-05-18/blog/blog.curiouscardinals.com/hs-fs/hubfs/s4g2.webp?width=272&height=363&name=s4g2.webp" [1]
2026-05-18 01:01:34 URL:https://blog.curiouscardinals.com/hs-fs/hubfs/s4g2.webp?width=136&height=182&name=s4g2.webp [6566/6566] -> "/Users/briannazajicek/Documents/illuminairy/archives/curious-cardinals-2026-05-18/blog/blog.curiouscardinals.com/hs-fs/hubfs/s4g2.webp?width=136&height=182&name=s4g2.webp" [1]
2026-05-18 01:01:34 URL:https://blog.curiouscardinals.com/hs-fs/hubfs/s4g2.webp?width=408&height=545&name=s4g2.webp [40117/40117] -> "/Users/briannazajicek/Documents/illuminairy/archives/curious-cardinals-2026-05-18/blog/blog.curiouscardinals.com/hs-fs/hubfs/s4g2.webp?width=408&height=545&name=s4g2.webp" [1]
2026-05-18 01:01:36 URL:https://blog.curiouscardinals.com/hs-fs/hubfs/s4g2.webp?width=544&height=726&name=s4g2.webp [59486/59486] -> "/Users/briannazajicek/Documents/illuminairy/archives/curious-cardinals-2026-05-18/blog/blog.curiouscardinals.com/hs-fs/hubfs/s4g2.webp?width=544&height=726&name=s4g2.webp" [1]
2026-05-18 01:01:37 URL:https://blog.curiouscardinals.com/hs-fs/hubfs/s4g2.webp?width=680&height=908&name=s4g2.webp [59486/59486] -> "/Users/briannazajicek/Documents/illuminairy/archives/curious-cardinals-2026-05-18/blog/blog.curiouscardinals.com/hs-fs/hubfs/s4g2.webp?width=680&height=908&name=s4g2.webp" [1]
2026-05-18 01:01:38 URL:https://blog.curiouscardinals.com/hs-fs/hubfs/s4g2.webp?width=816&height=1089&name=s4g2.webp [59486/59486] -> "/Users/briannazajicek/Documents/illuminairy/archives/curious-cardinals-2026-05-18/blog/blog.curiouscardinals.com/hs-fs/hubfs/s4g2.webp?width=816&height=1089&name=s4g2.webp" [1]
2026-05-18 01:01:39 URL:https://blog.curiouscardinals.com/hs-fs/hubfs/Screen%20Shot%202025-01-09%20at%201.52.36%20PM.png?width=352&height=56&name=Screen%20Shot%202025-01-09%20at%201.52.36%20PM.png [4498/4498] -> "/Users/briannazajicek/Documents/illuminairy/archives/curious-cardinals-2026-05-18/blog/blog.curiouscardinals.com/hs-fs/hubfs/Screen Shot 2025-01-09 at 1.52.36 PM.png?width=352&height=56&name=Screen Shot 2025-01-09 at 1.52.36 PM.png" [1]
2026-05-18 01:01:40 URL:https://blog.curiouscardinals.com/hs-fs/hubfs/Screen%20Shot%202025-01-09%20at%201.52.36%20PM.png?width=176&height=28&name=Screen%20Shot%202025-01-09%20at%201.52.36%20PM.png [1903/1903] -> "/Users/briannazajicek/Documents/illuminairy/archives/curious-cardinals-2026-05-18/blog/blog.curiouscardinals.com/hs-fs/hubfs/Screen Shot 2025-01-09 at 1.52.36 PM.png?width=176&height=28&name=Screen Shot 2025-01-09 at 1.52.36 PM.png" [1]
2026-05-18 01:01:41 URL:https://blog.curiouscardinals.com/hs-fs/hubfs/Screen%20Shot%202025-01-09%20at%201.52.36%20PM.png?width=528&height=84&name=Screen%20Shot%202025-01-09%20at%201.52.36%20PM.png [12481/12481] -> "/Users/briannazajicek/Documents/illuminairy/archives/curious-cardinals-2026-05-18/blog/blog.curiouscardinals.com/hs-fs/hubfs/Screen Shot 2025-01-09 at 1.52.36 PM.png?width=528&height=84&name=Screen Shot 2025-01-09 at 1.52.36 PM.png" [1]
2026-05-18 01:01:42 URL:https://blog.curiouscardinals.com/hs-fs/hubfs/Screen%20Shot%202025-01-09%20at%201.52.36%20PM.png?width=704&height=112&name=Screen%20Shot%202025-01-09%20at%201.52.36%20PM.png [27639/27639] -> "/Users/briannazajicek/Documents/illuminairy/archives/curious-cardinals-2026-05-18/blog/blog.curiouscardinals.com/hs-fs/hubfs/Screen Shot 2025-01-09 at 1.52.36 PM.png?width=704&height=112&name=Screen Shot 2025-01-09 at 1.52.36 PM.png" [1]
2026-05-18 01:01:42 URL:https://blog.curiouscardinals.com/hs-fs/hubfs/Screen%20Shot%202025-01-09%20at%201.52.36%20PM.png?width=880&height=140&name=Screen%20Shot%202025-01-09%20at%201.52.36%20PM.png [27639/27639] -> "/Users/briannazajicek/Documents/illuminairy/archives/curious-cardinals-2026-05-18/blog/blog.curiouscardinals.com/hs-fs/hubfs/Screen Shot 2025-01-09 at 1.52.36 PM.png?width=880&height=140&name=Screen Shot 2025-01-09 at 1.52.36 PM.png" [1]
2026-05-18 01:01:43 URL:https://blog.curiouscardinals.com/hs-fs/hubfs/Screen%20Shot%202025-01-09%20at%201.52.36%20PM.png?width=1056&height=168&name=Screen%20Shot%202025-01-09%20at%201.52.36%20PM.png [27639/27639] -> "/Users/briannazajicek/Documents/illuminairy/archives/curious-cardinals-2026-05-18/blog/blog.curiouscardinals.com/hs-fs/hubfs/Screen Shot 2025-01-09 at 1.52.36 PM.png?width=1056&height=168&name=Screen Shot 2025-01-09 at 1.52.36 PM.png" [1]
2026-05-18 01:01:45 URL:https://blog.curiouscardinals.com/hs-fs/hubfs/Screen%20Shot%202025-01-09%20at%201.56.22%20PM.png?width=333&height=71&name=Screen%20Shot%202025-01-09%20at%201.56.22%20PM.png [5478/5478] -> "/Users/briannazajicek/Documents/illuminairy/archives/curious-cardinals-2026-05-18/blog/blog.curiouscardinals.com/hs-fs/hubfs/Screen Shot 2025-01-09 at 1.56.22 PM.png?width=333&height=71&name=Screen Shot 2025-01-09 at 1.56.22 PM.png" [1]
2026-05-18 01:01:45 URL:https://blog.curiouscardinals.com/hs-fs/hubfs/Screen%20Shot%202025-01-09%20at%201.56.22%20PM.png?width=167&height=36&name=Screen%20Shot%202025-01-09%20at%201.56.22%20PM.png [2012/2012] -> "/Users/briannazajicek/Documents/illuminairy/archives/curious-cardinals-2026-05-18/blog/blog.curiouscardinals.com/hs-fs/hubfs/Screen Shot 2025-01-09 at 1.56.22 PM.png?width=167&height=36&name=Screen Shot 2025-01-09 at 1.56.22 PM.png" [1]
2026-05-18 01:01:46 URL:https://blog.curiouscardinals.com/hs-fs/hubfs/Screen%20Shot%202025-01-09%20at%201.56.22%20PM.png?width=500&height=107&name=Screen%20Shot%202025-01-09%20at%201.56.22%20PM.png [13001/13001] -> "/Users/briannazajicek/Documents/illuminairy/archives/curious-cardinals-2026-05-18/blog/blog.curiouscardinals.com/hs-fs/hubfs/Screen Shot 2025-01-09 at 1.56.22 PM.png?width=500&height=107&name=Screen Shot 2025-01-09 at 1.56.22 PM.png" [1]
2026-05-18 01:01:47 URL:https://blog.curiouscardinals.com/hs-fs/hubfs/Screen%20Shot%202025-01-09%20at%201.56.22%20PM.png?width=666&height=142&name=Screen%20Shot%202025-01-09%20at%201.56.22%20PM.png [25724/25724] -> "/Users/briannazajicek/Documents/illuminairy/archives/curious-cardinals-2026-05-18/blog/blog.curiouscardinals.com/hs-fs/hubfs/Screen Shot 2025-01-09 at 1.56.22 PM.png?width=666&height=142&name=Screen Shot 2025-01-09 at 1.56.22 PM.png" [1]
2026-05-18 01:01:48 URL:https://blog.curiouscardinals.com/hs-fs/hubfs/Screen%20Shot%202025-01-09%20at%201.56.22%20PM.png?width=833&height=178&name=Screen%20Shot%202025-01-09%20at%201.56.22%20PM.png [25724/25724] -> "/Users/briannazajicek/Documents/illuminairy/archives/curious-cardinals-2026-05-18/blog/blog.curiouscardinals.com/hs-fs/hubfs/Screen Shot 2025-01-09 at 1.56.22 PM.png?width=833&height=178&name=Screen Shot 2025-01-09 at 1.56.22 PM.png" [1]
2026-05-18 01:01:49 URL:https://blog.curiouscardinals.com/hs-fs/hubfs/Screen%20Shot%202025-01-09%20at%201.56.22%20PM.png?width=999&height=213&name=Screen%20Shot%202025-01-09%20at%201.56.22%20PM.png [25724/25724] -> "/Users/briannazajicek/Documents/illuminairy/archives/curious-cardinals-2026-05-18/blog/blog.curiouscardinals.com/hs-fs/hubfs/Screen Shot 2025-01-09 at 1.56.22 PM.png?width=999&height=213&name=Screen Shot 2025-01-09 at 1.56.22 PM.png" [1]
2026-05-18 01:01:49 URL:https://blog.curiouscardinals.com/hs-fs/hubfs/Screen%20Shot%202025-01-09%20at%201.58.23%20PM.png?width=387&height=71&name=Screen%20Shot%202025-01-09%20at%201.58.23%20PM.png [5490/5490] -> "/Users/briannazajicek/Documents/illuminairy/archives/curious-cardinals-2026-05-18/blog/blog.curiouscardinals.com/hs-fs/hubfs/Screen Shot 2025-01-09 at 1.58.23 PM.png?width=387&height=71&name=Screen Shot 2025-01-09 at 1.58.23 PM.png" [1]
2026-05-18 01:01:50 URL:https://blog.curiouscardinals.com/hs-fs/hubfs/Screen%20Shot%202025-01-09%20at%201.58.23%20PM.png?width=194&height=36&name=Screen%20Shot%202025-01-09%20at%201.58.23%20PM.png [2051/2051] -> "/Users/briannazajicek/Documents/illuminairy/archives/curious-cardinals-2026-05-18/blog/blog.curiouscardinals.com/hs-fs/hubfs/Screen Shot 2025-01-09 at 1.58.23 PM.png?width=194&height=36&name=Screen Shot 2025-01-09 at 1.58.23 PM.png" [1]
2026-05-18 01:01:51 URL:https://blog.curiouscardinals.com/hs-fs/hubfs/Screen%20Shot%202025-01-09%20at%201.58.23%20PM.png?width=581&height=107&name=Screen%20Shot%202025-01-09%20at%201.58.23%20PM.png [16166/16166] -> "/Users/briannazajicek/Documents/illuminairy/archives/curious-cardinals-2026-05-18/blog/blog.curiouscardinals.com/hs-fs/hubfs/Screen Shot 2025-01-09 at 1.58.23 PM.png?width=581&height=107&name=Screen Shot 2025-01-09 at 1.58.23 PM.png" [1]
2026-05-18 01:01:52 URL:https://blog.curiouscardinals.com/hs-fs/hubfs/Screen%20Shot%202025-01-09%20at%201.58.23%20PM.png?width=774&height=142&name=Screen%20Shot%202025-01-09%20at%201.58.23%20PM.png [27900/27900] -> "/Users/briannazajicek/Documents/illuminairy/archives/curious-cardinals-2026-05-18/blog/blog.curiouscardinals.com/hs-fs/hubfs/Screen Shot 2025-01-09 at 1.58.23 PM.png?width=774&height=142&name=Screen Shot 2025-01-09 at 1.58.23 PM.png" [1]
2026-05-18 01:01:53 URL:https://blog.curiouscardinals.com/hs-fs/hubfs/Screen%20Shot%202025-01-09%20at%201.58.23%20PM.png?width=968&height=178&name=Screen%20Shot%202025-01-09%20at%201.58.23%20PM.png [27900/27900] -> "/Users/briannazajicek/Documents/illuminairy/archives/curious-cardinals-2026-05-18/blog/blog.curiouscardinals.com/hs-fs/hubfs/Screen Shot 2025-01-09 at 1.58.23 PM.png?width=968&height=178&name=Screen Shot 2025-01-09 at 1.58.23 PM.png" [1]
2026-05-18 01:01:53 URL:https://blog.curiouscardinals.com/hs-fs/hubfs/Screen%20Shot%202025-01-09%20at%201.58.23%20PM.png?width=1161&height=213&name=Screen%20Shot%202025-01-09%20at%201.58.23%20PM.png [27900/27900] -> "/Users/briannazajicek/Documents/illuminairy/archives/curious-cardinals-2026-05-18/blog/blog.curiouscardinals.com/hs-fs/hubfs/Screen Shot 2025-01-09 at 1.58.23 PM.png?width=1161&height=213&name=Screen Shot 2025-01-09 at 1.58.23 PM.png" [1]
2026-05-18 01:01:54 URL:https://blog.curiouscardinals.com/hs-fs/hubfs/Screen%20Shot%202025-01-06%20at%208.27.20%20PM.png?width=194&height=155&name=Screen%20Shot%202025-01-06%20at%208.27.20%20PM.png [11815/11815] -> "/Users/briannazajicek/Documents/illuminairy/archives/curious-cardinals-2026-05-18/blog/blog.curiouscardinals.com/hs-fs/hubfs/Screen Shot 2025-01-06 at 8.27.20 PM.png?width=194&height=155&name=Screen Shot 2025-01-06 at 8.27.20 PM.png" [1]
2026-05-18 01:01:55 URL:https://blog.curiouscardinals.com/hs-fs/hubfs/Screen%20Shot%202025-01-06%20at%208.27.20%20PM.png?width=97&height=78&name=Screen%20Shot%202025-01-06%20at%208.27.20%20PM.png [4375/4375] -> "/Users/briannazajicek/Documents/illuminairy/archives/curious-cardinals-2026-05-18/blog/blog.curiouscardinals.com/hs-fs/hubfs/Screen Shot 2025-01-06 at 8.27.20 PM.png?width=97&height=78&name=Screen Shot 2025-01-06 at 8.27.20 PM.png" [1]
2026-05-18 01:01:56 URL:https://blog.curiouscardinals.com/hs-fs/hubfs/Screen%20Shot%202025-01-06%20at%208.27.20%20PM.png?width=291&height=233&name=Screen%20Shot%202025-01-06%20at%208.27.20%20PM.png [31747/31747] -> "/Users/briannazajicek/Documents/illuminairy/archives/curious-cardinals-2026-05-18/blog/blog.curiouscardinals.com/hs-fs/hubfs/Screen Shot 2025-01-06 at 8.27.20 PM.png?width=291&height=233&name=Screen Shot 2025-01-06 at 8.27.20 PM.png" [1]
2026-05-18 01:01:58 URL:https://blog.curiouscardinals.com/hs-fs/hubfs/Screen%20Shot%202025-01-06%20at%208.27.20%20PM.png?width=388&height=310&name=Screen%20Shot%202025-01-06%20at%208.27.20%20PM.png [93393/93393] -> "/Users/briannazajicek/Documents/illuminairy/archives/curious-cardinals-2026-05-18/blog/blog.curiouscardinals.com/hs-fs/hubfs/Screen Shot 2025-01-06 at 8.27.20 PM.png?width=388&height=310&name=Screen Shot 2025-01-06 at 8.27.20 PM.png" [1]
2026-05-18 01:01:59 URL:https://blog.curiouscardinals.com/hs-fs/hubfs/Screen%20Shot%202025-01-06%20at%208.27.20%20PM.png?width=485&height=388&name=Screen%20Shot%202025-01-06%20at%208.27.20%20PM.png [93393/93393] -> "/Users/briannazajicek/Documents/illuminairy/archives/curious-cardinals-2026-05-18/blog/blog.curiouscardinals.com/hs-fs/hubfs/Screen Shot 2025-01-06 at 8.27.20 PM.png?width=485&height=388&name=Screen Shot 2025-01-06 at 8.27.20 PM.png" [1]
2026-05-18 01:02:00 URL:https://blog.curiouscardinals.com/hs-fs/hubfs/Screen%20Shot%202025-01-06%20at%208.27.20%20PM.png?width=582&height=465&name=Screen%20Shot%202025-01-06%20at%208.27.20%20PM.png [93393/93393] -> "/Users/briannazajicek/Documents/illuminairy/archives/curious-cardinals-2026-05-18/blog/blog.curiouscardinals.com/hs-fs/hubfs/Screen Shot 2025-01-06 at 8.27.20 PM.png?width=582&height=465&name=Screen Shot 2025-01-06 at 8.27.20 PM.png" [1]
2026-05-18 01:02:00 URL:https://blog.curiouscardinals.com/callie-speaks [101875] -> "/Users/briannazajicek/Documents/illuminairy/archives/curious-cardinals-2026-05-18/blog/blog.curiouscardinals.com/callie-speaks.html" [1]
2026-05-18 01:02:01 URL:https://blog.curiouscardinals.com/this-online-workshop-still-gets-kids-outside [70508] -> "/Users/briannazajicek/Documents/illuminairy/archives/curious-cardinals-2026-05-18/blog/blog.curiouscardinals.com/this-online-workshop-still-gets-kids-outside.html" [1]
2026-05-18 01:02:01 URL:https://blog.curiouscardinals.com/finding-balance-at-boarding-school-max-steinert [73954] -> "/Users/briannazajicek/Documents/illuminairy/archives/curious-cardinals-2026-05-18/blog/blog.curiouscardinals.com/finding-balance-at-boarding-school-max-steinert.html" [1]
Cookie coming from blog.curiouscardinals.com attempted to set domain to hubspotusercontent-na2.net
2026-05-18 01:02:02 URL:https://blog.curiouscardinals.com/hubfs/Image%20from%20iOS%20(1).jpg [423919/423919] -> "/Users/briannazajicek/Documents/illuminairy/archives/curious-cardinals-2026-05-18/blog/blog.curiouscardinals.com/hubfs/Image from iOS (1).jpg" [1]
Cookie coming from blog.curiouscardinals.com attempted to set domain to hubspotusercontent-na2.net
2026-05-18 01:02:03 URL:https://blog.curiouscardinals.com/hubfs/Screen%20Shot%202022-07-08%20at%204-21-31%20PM-png.png [3431442/3431442] -> "/Users/briannazajicek/Documents/illuminairy/archives/curious-cardinals-2026-05-18/blog/blog.curiouscardinals.com/hubfs/Screen Shot 2022-07-08 at 4-21-31 PM-png.png" [1]
2026-05-18 01:02:05 URL:https://blog.curiouscardinals.com/hs-fs/hubfs/Screen%20Shot%202022-07-08%20at%204-21-53%20PM-png.png?width=427&name=Screen%20Shot%202022-07-08%20at%204-21-53%20PM-png.png [142526/142526] -> "/Users/briannazajicek/Documents/illuminairy/archives/curious-cardinals-2026-05-18/blog/blog.curiouscardinals.com/hs-fs/hubfs/Screen Shot 2022-07-08 at 4-21-53 PM-png.png?width=427&name=Screen Shot 2022-07-08 at 4-21-53 PM-png.png" [1]
2026-05-18 01:02:06 URL:https://blog.curiouscardinals.com/hs-fs/hubfs/Screen%20Shot%202022-07-08%20at%204-21-53%20PM-png.png?width=214&name=Screen%20Shot%202022-07-08%20at%204-21-53%20PM-png.png [42171/42171] -> "/Users/briannazajicek/Documents/illuminairy/archives/curious-cardinals-2026-05-18/blog/blog.curiouscardinals.com/hs-fs/hubfs/Screen Shot 2022-07-08 at 4-21-53 PM-png.png?width=214&name=Screen Shot 2022-07-08 at 4-21-53 PM-png.png" [1]
2026-05-18 01:02:07 URL:https://blog.curiouscardinals.com/hs-fs/hubfs/Screen%20Shot%202022-07-08%20at%204-21-53%20PM-png.png?width=641&name=Screen%20Shot%202022-07-08%20at%204-21-53%20PM-png.png [318250/318250] -> "/Users/briannazajicek/Documents/illuminairy/archives/curious-cardinals-2026-05-18/blog/blog.curiouscardinals.com/hs-fs/hubfs/Screen Shot 2022-07-08 at 4-21-53 PM-png.png?width=641&name=Screen Shot 2022-07-08 at 4-21-53 PM-png.png" [1]
2026-05-18 01:02:09 URL:https://blog.curiouscardinals.com/hs-fs/hubfs/Screen%20Shot%202022-07-08%20at%204-21-53%20PM-png.png?width=854&name=Screen%20Shot%202022-07-08%20at%204-21-53%20PM-png.png [542899/542899] -> "/Users/briannazajicek/Documents/illuminairy/archives/curious-cardinals-2026-05-18/blog/blog.curiouscardinals.com/hs-fs/hubfs/Screen Shot 2022-07-08 at 4-21-53 PM-png.png?width=854&name=Screen Shot 2022-07-08 at 4-21-53 PM-png.png" [1]
2026-05-18 01:02:10 URL:https://blog.curiouscardinals.com/hs-fs/hubfs/Screen%20Shot%202022-07-08%20at%204-21-53%20PM-png.png?width=1068&name=Screen%20Shot%202022-07-08%20at%204-21-53%20PM-png.png [764640/764640] -> "/Users/briannazajicek/Documents/illuminairy/archives/curious-cardinals-2026-05-18/blog/blog.curiouscardinals.com/hs-fs/hubfs/Screen Shot 2022-07-08 at 4-21-53 PM-png.png?width=1068&name=Screen Shot 2022-07-08 at 4-21-53 PM-png.png" [1]
2026-05-18 01:02:11 URL:https://blog.curiouscardinals.com/hs-fs/hubfs/Screen%20Shot%202022-07-08%20at%204-21-53%20PM-png.png?width=1281&name=Screen%20Shot%202022-07-08%20at%204-21-53%20PM-png.png [764640/764640] -> "/Users/briannazajicek/Documents/illuminairy/archives/curious-cardinals-2026-05-18/blog/blog.curiouscardinals.com/hs-fs/hubfs/Screen Shot 2022-07-08 at 4-21-53 PM-png.png?width=1281&name=Screen Shot 2022-07-08 at 4-21-53 PM-png.png" [1]
Cookie coming from blog.curiouscardinals.com attempted to set domain to hubspotusercontent-na2.net
2026-05-18 01:02:13 URL:https://blog.curiouscardinals.com/hubfs/Screen%20Shot%202022-07-08%20at%204-21-45%20PM-png-1.png [4564109/4564109] -> "/Users/briannazajicek/Documents/illuminairy/archives/curious-cardinals-2026-05-18/blog/blog.curiouscardinals.com/hubfs/Screen Shot 2022-07-08 at 4-21-45 PM-png-1.png" [1]
2026-05-18 01:02:14 URL:https://blog.curiouscardinals.com/curious-cardinals-turns-3 [78733] -> "/Users/briannazajicek/Documents/illuminairy/archives/curious-cardinals-2026-05-18/blog/blog.curiouscardinals.com/curious-cardinals-turns-3.html" [1]
Cookie coming from blog.curiouscardinals.com attempted to set domain to hubspotusercontent-na2.net
2026-05-18 01:02:15 URL:https://blog.curiouscardinals.com/hubfs/Untitled%20design%20(6).png [1337375/1337375] -> "/Users/briannazajicek/Documents/illuminairy/archives/curious-cardinals-2026-05-18/blog/blog.curiouscardinals.com/hubfs/Untitled design (6).png" [1]
2026-05-18 01:02:16 URL:https://blog.curiouscardinals.com/hs-fs/hubfs/831AB16D-E674-41C8-9CBE-F4E1A29CE85B_1_105_c%20(1).jpeg?width=351&height=370&name=831AB16D-E674-41C8-9CBE-F4E1A29CE85B_1_105_c%20(1).jpeg [21824/21824] -> "/Users/briannazajicek/Documents/illuminairy/archives/curious-cardinals-2026-05-18/blog/blog.curiouscardinals.com/hs-fs/hubfs/831AB16D-E674-41C8-9CBE-F4E1A29CE85B_1_105_c (1).jpeg?width=351&height=370&name=831AB16D-E674-41C8-9CBE-F4E1A29CE85B_1_105_c (1).jpeg" [1]
2026-05-18 01:02:17 URL:https://blog.curiouscardinals.com/hs-fs/hubfs/831AB16D-E674-41C8-9CBE-F4E1A29CE85B_1_105_c%20(1).jpeg?width=176&height=185&name=831AB16D-E674-41C8-9CBE-F4E1A29CE85B_1_105_c%20(1).jpeg [7529/7529] -> "/Users/briannazajicek/Documents/illuminairy/archives/curious-cardinals-2026-05-18/blog/blog.curiouscardinals.com/hs-fs/hubfs/831AB16D-E674-41C8-9CBE-F4E1A29CE85B_1_105_c (1).jpeg?width=176&height=185&name=831AB16D-E674-41C8-9CBE-F4E1A29CE85B_1_105_c (1).jpeg" [1]
2026-05-18 01:02:18 URL:https://blog.curiouscardinals.com/hs-fs/hubfs/831AB16D-E674-41C8-9CBE-F4E1A29CE85B_1_105_c%20(1).jpeg?width=527&height=555&name=831AB16D-E674-41C8-9CBE-F4E1A29CE85B_1_105_c%20(1).jpeg [41207/41207] -> "/Users/briannazajicek/Documents/illuminairy/archives/curious-cardinals-2026-05-18/blog/blog.curiouscardinals.com/hs-fs/hubfs/831AB16D-E674-41C8-9CBE-F4E1A29CE85B_1_105_c (1).jpeg?width=527&height=555&name=831AB16D-E674-41C8-9CBE-F4E1A29CE85B_1_105_c (1).jpeg" [1]
2026-05-18 01:02:19 URL:https://blog.curiouscardinals.com/hs-fs/hubfs/831AB16D-E674-41C8-9CBE-F4E1A29CE85B_1_105_c%20(1).jpeg?width=702&height=740&name=831AB16D-E674-41C8-9CBE-F4E1A29CE85B_1_105_c%20(1).jpeg [65224/65224] -> "/Users/briannazajicek/Documents/illuminairy/archives/curious-cardinals-2026-05-18/blog/blog.curiouscardinals.com/hs-fs/hubfs/831AB16D-E674-41C8-9CBE-F4E1A29CE85B_1_105_c (1).jpeg?width=702&height=740&name=831AB16D-E674-41C8-9CBE-F4E1A29CE85B_1_105_c (1).jpeg" [1]
2026-05-18 01:02:20 URL:https://blog.curiouscardinals.com/hs-fs/hubfs/831AB16D-E674-41C8-9CBE-F4E1A29CE85B_1_105_c%20(1).jpeg?width=878&height=925&name=831AB16D-E674-41C8-9CBE-F4E1A29CE85B_1_105_c%20(1).jpeg [182120/182120] -> "/Users/briannazajicek/Documents/illuminairy/archives/curious-cardinals-2026-05-18/blog/blog.curiouscardinals.com/hs-fs/hubfs/831AB16D-E674-41C8-9CBE-F4E1A29CE85B_1_105_c (1).jpeg?width=878&height=925&name=831AB16D-E674-41C8-9CBE-F4E1A29CE85B_1_105_c (1).jpeg" [1]
2026-05-18 01:02:21 URL:https://blog.curiouscardinals.com/hs-fs/hubfs/831AB16D-E674-41C8-9CBE-F4E1A29CE85B_1_105_c%20(1).jpeg?width=1053&height=1110&name=831AB16D-E674-41C8-9CBE-F4E1A29CE85B_1_105_c%20(1).jpeg [182120/182120] -> "/Users/briannazajicek/Documents/illuminairy/archives/curious-cardinals-2026-05-18/blog/blog.curiouscardinals.com/hs-fs/hubfs/831AB16D-E674-41C8-9CBE-F4E1A29CE85B_1_105_c (1).jpeg?width=1053&height=1110&name=831AB16D-E674-41C8-9CBE-F4E1A29CE85B_1_105_c (1).jpeg" [1]
2026-05-18 01:02:22 URL:https://blog.curiouscardinals.com/hs-fs/hubfs/72AF297B-D3C9-4992-9B3F-6654BDD09ECD_1_105_c.jpeg?width=603&height=294&name=72AF297B-D3C9-4992-9B3F-6654BDD09ECD_1_105_c.jpeg [58493/58493] -> "/Users/briannazajicek/Documents/illuminairy/archives/curious-cardinals-2026-05-18/blog/blog.curiouscardinals.com/hs-fs/hubfs/72AF297B-D3C9-4992-9B3F-6654BDD09ECD_1_105_c.jpeg?width=603&height=294&name=72AF297B-D3C9-4992-9B3F-6654BDD09ECD_1_105_c.jpeg" [1]
2026-05-18 01:02:23 URL:https://blog.curiouscardinals.com/hs-fs/hubfs/72AF297B-D3C9-4992-9B3F-6654BDD09ECD_1_105_c.jpeg?width=302&height=147&name=72AF297B-D3C9-4992-9B3F-6654BDD09ECD_1_105_c.jpeg [17950/17950] -> "/Users/briannazajicek/Documents/illuminairy/archives/curious-cardinals-2026-05-18/blog/blog.curiouscardinals.com/hs-fs/hubfs/72AF297B-D3C9-4992-9B3F-6654BDD09ECD_1_105_c.jpeg?width=302&height=147&name=72AF297B-D3C9-4992-9B3F-6654BDD09ECD_1_105_c.jpeg" [1]
2026-05-18 01:02:24 URL:https://blog.curiouscardinals.com/hs-fs/hubfs/72AF297B-D3C9-4992-9B3F-6654BDD09ECD_1_105_c.jpeg?width=905&height=441&name=72AF297B-D3C9-4992-9B3F-6654BDD09ECD_1_105_c.jpeg [116914/116914] -> "/Users/briannazajicek/Documents/illuminairy/archives/curious-cardinals-2026-05-18/blog/blog.curiouscardinals.com/hs-fs/hubfs/72AF297B-D3C9-4992-9B3F-6654BDD09ECD_1_105_c.jpeg?width=905&height=441&name=72AF297B-D3C9-4992-9B3F-6654BDD09ECD_1_105_c.jpeg" [1]
2026-05-18 01:02:25 URL:https://blog.curiouscardinals.com/hs-fs/hubfs/72AF297B-D3C9-4992-9B3F-6654BDD09ECD_1_105_c.jpeg?width=1206&height=588&name=72AF297B-D3C9-4992-9B3F-6654BDD09ECD_1_105_c.jpeg [183104/183104] -> "/Users/briannazajicek/Documents/illuminairy/archives/curious-cardinals-2026-05-18/blog/blog.curiouscardinals.com/hs-fs/hubfs/72AF297B-D3C9-4992-9B3F-6654BDD09ECD_1_105_c.jpeg?width=1206&height=588&name=72AF297B-D3C9-4992-9B3F-6654BDD09ECD_1_105_c.jpeg" [1]
2026-05-18 01:02:27 URL:https://blog.curiouscardinals.com/hs-fs/hubfs/72AF297B-D3C9-4992-9B3F-6654BDD09ECD_1_105_c.jpeg?width=1508&height=735&name=72AF297B-D3C9-4992-9B3F-6654BDD09ECD_1_105_c.jpeg [201237/201237] -> "/Users/briannazajicek/Documents/illuminairy/archives/curious-cardinals-2026-05-18/blog/blog.curiouscardinals.com/hs-fs/hubfs/72AF297B-D3C9-4992-9B3F-6654BDD09ECD_1_105_c.jpeg?width=1508&height=735&name=72AF297B-D3C9-4992-9B3F-6654BDD09ECD_1_105_c.jpeg" [1]
2026-05-18 01:02:28 URL:https://blog.curiouscardinals.com/hs-fs/hubfs/72AF297B-D3C9-4992-9B3F-6654BDD09ECD_1_105_c.jpeg?width=1809&height=882&name=72AF297B-D3C9-4992-9B3F-6654BDD09ECD_1_105_c.jpeg [201237/201237] -> "/Users/briannazajicek/Documents/illuminairy/archives/curious-cardinals-2026-05-18/blog/blog.curiouscardinals.com/hs-fs/hubfs/72AF297B-D3C9-4992-9B3F-6654BDD09ECD_1_105_c.jpeg?width=1809&height=882&name=72AF297B-D3C9-4992-9B3F-6654BDD09ECD_1_105_c.jpeg" [1]
2026-05-18 01:02:28 URL:https://blog.curiouscardinals.com/hs-fs/hubfs/A0FEA920-421E-47EF-B8BE-E2DB7B0C4093_1_105_c.jpeg?width=569&height=355&name=A0FEA920-421E-47EF-B8BE-E2DB7B0C4093_1_105_c.jpeg [43021/43021] -> "/Users/briannazajicek/Documents/illuminairy/archives/curious-cardinals-2026-05-18/blog/blog.curiouscardinals.com/hs-fs/hubfs/A0FEA920-421E-47EF-B8BE-E2DB7B0C4093_1_105_c.jpeg?width=569&height=355&name=A0FEA920-421E-47EF-B8BE-E2DB7B0C4093_1_105_c.jpeg" [1]
2026-05-18 01:02:30 URL:https://blog.curiouscardinals.com/hs-fs/hubfs/A0FEA920-421E-47EF-B8BE-E2DB7B0C4093_1_105_c.jpeg?width=285&height=178&name=A0FEA920-421E-47EF-B8BE-E2DB7B0C4093_1_105_c.jpeg [17212/17212] -> "/Users/briannazajicek/Documents/illuminairy/archives/curious-cardinals-2026-05-18/blog/blog.curiouscardinals.com/hs-fs/hubfs/A0FEA920-421E-47EF-B8BE-E2DB7B0C4093_1_105_c.jpeg?width=285&height=178&name=A0FEA920-421E-47EF-B8BE-E2DB7B0C4093_1_105_c.jpeg" [1]
2026-05-18 01:02:30 URL:https://blog.curiouscardinals.com/hs-fs/hubfs/A0FEA920-421E-47EF-B8BE-E2DB7B0C4093_1_105_c.jpeg?width=854&height=533&name=A0FEA920-421E-47EF-B8BE-E2DB7B0C4093_1_105_c.jpeg [76212/76212] -> "/Users/briannazajicek/Documents/illuminairy/archives/curious-cardinals-2026-05-18/blog/blog.curiouscardinals.com/hs-fs/hubfs/A0FEA920-421E-47EF-B8BE-E2DB7B0C4093_1_105_c.jpeg?width=854&height=533&name=A0FEA920-421E-47EF-B8BE-E2DB7B0C4093_1_105_c.jpeg" [1]
2026-05-18 01:02:31 URL:https://blog.curiouscardinals.com/hs-fs/hubfs/A0FEA920-421E-47EF-B8BE-E2DB7B0C4093_1_105_c.jpeg?width=1138&height=710&name=A0FEA920-421E-47EF-B8BE-E2DB7B0C4093_1_105_c.jpeg [197648/197648] -> "/Users/briannazajicek/Documents/illuminairy/archives/curious-cardinals-2026-05-18/blog/blog.curiouscardinals.com/hs-fs/hubfs/A0FEA920-421E-47EF-B8BE-E2DB7B0C4093_1_105_c.jpeg?width=1138&height=710&name=A0FEA920-421E-47EF-B8BE-E2DB7B0C4093_1_105_c.jpeg" [1]
2026-05-18 01:02:32 URL:https://blog.curiouscardinals.com/hs-fs/hubfs/A0FEA920-421E-47EF-B8BE-E2DB7B0C4093_1_105_c.jpeg?width=1423&height=888&name=A0FEA920-421E-47EF-B8BE-E2DB7B0C4093_1_105_c.jpeg [197648/197648] -> "/Users/briannazajicek/Documents/illuminairy/archives/curious-cardinals-2026-05-18/blog/blog.curiouscardinals.com/hs-fs/hubfs/A0FEA920-421E-47EF-B8BE-E2DB7B0C4093_1_105_c.jpeg?width=1423&height=888&name=A0FEA920-421E-47EF-B8BE-E2DB7B0C4093_1_105_c.jpeg" [1]
2026-05-18 01:02:33 URL:https://blog.curiouscardinals.com/hs-fs/hubfs/A0FEA920-421E-47EF-B8BE-E2DB7B0C4093_1_105_c.jpeg?width=1707&height=1065&name=A0FEA920-421E-47EF-B8BE-E2DB7B0C4093_1_105_c.jpeg [197648/197648] -> "/Users/briannazajicek/Documents/illuminairy/archives/curious-cardinals-2026-05-18/blog/blog.curiouscardinals.com/hs-fs/hubfs/A0FEA920-421E-47EF-B8BE-E2DB7B0C4093_1_105_c.jpeg?width=1707&height=1065&name=A0FEA920-421E-47EF-B8BE-E2DB7B0C4093_1_105_c.jpeg" [1]
2026-05-18 01:02:34 URL:https://blog.curiouscardinals.com/hs-fs/hubfs/stay_curious_cursive.png?width=384&height=86&name=stay_curious_cursive.png [7169/7169] -> "/Users/briannazajicek/Documents/illuminairy/archives/curious-cardinals-2026-05-18/blog/blog.curiouscardinals.com/hs-fs/hubfs/stay_curious_cursive.png?width=384&height=86&name=stay_curious_cursive.png" [1]
2026-05-18 01:02:35 URL:https://blog.curiouscardinals.com/hs-fs/hubfs/stay_curious_cursive.png?width=192&height=43&name=stay_curious_cursive.png [3184/3184] -> "/Users/briannazajicek/Documents/illuminairy/archives/curious-cardinals-2026-05-18/blog/blog.curiouscardinals.com/hs-fs/hubfs/stay_curious_cursive.png?width=192&height=43&name=stay_curious_cursive.png" [1]
2026-05-18 01:02:36 URL:https://blog.curiouscardinals.com/hs-fs/hubfs/stay_curious_cursive.png?width=576&height=129&name=stay_curious_cursive.png [6847/6847] -> "/Users/briannazajicek/Documents/illuminairy/archives/curious-cardinals-2026-05-18/blog/blog.curiouscardinals.com/hs-fs/hubfs/stay_curious_cursive.png?width=576&height=129&name=stay_curious_cursive.png" [1]
2026-05-18 01:02:36 URL:https://blog.curiouscardinals.com/hs-fs/hubfs/stay_curious_cursive.png?width=768&height=172&name=stay_curious_cursive.png [6847/6847] -> "/Users/briannazajicek/Documents/illuminairy/archives/curious-cardinals-2026-05-18/blog/blog.curiouscardinals.com/hs-fs/hubfs/stay_curious_cursive.png?width=768&height=172&name=stay_curious_cursive.png" [1]
2026-05-18 01:02:37 URL:https://blog.curiouscardinals.com/hs-fs/hubfs/stay_curious_cursive.png?width=960&height=215&name=stay_curious_cursive.png [6847/6847] -> "/Users/briannazajicek/Documents/illuminairy/archives/curious-cardinals-2026-05-18/blog/blog.curiouscardinals.com/hs-fs/hubfs/stay_curious_cursive.png?width=960&height=215&name=stay_curious_cursive.png" [1]
2026-05-18 01:02:38 URL:https://blog.curiouscardinals.com/hs-fs/hubfs/stay_curious_cursive.png?width=1152&height=258&name=stay_curious_cursive.png [6847/6847] -> "/Users/briannazajicek/Documents/illuminairy/archives/curious-cardinals-2026-05-18/blog/blog.curiouscardinals.com/hs-fs/hubfs/stay_curious_cursive.png?width=1152&height=258&name=stay_curious_cursive.png" [1]
Cookie coming from blog.curiouscardinals.com attempted to set domain to hubspotusercontent-na2.net
2026-05-18 01:02:39 URL:https://blog.curiouscardinals.com/hubfs/curiosity%20compounds.png [740988/740988] -> "/Users/briannazajicek/Documents/illuminairy/archives/curious-cardinals-2026-05-18/blog/blog.curiouscardinals.com/hubfs/curiosity compounds.png" [1]
2026-05-18 01:02:40 URL:https://blog.curiouscardinals.com/what-does-science-have-to-do-with-fashion-meet-camille [77099] -> "/Users/briannazajicek/Documents/illuminairy/archives/curious-cardinals-2026-05-18/blog/blog.curiouscardinals.com/what-does-science-have-to-do-with-fashion-meet-camille.html" [1]
2026-05-18 01:02:41 URL:https://blog.curiouscardinals.com/hs-fs/hubfs/9717d0df-2a00-9db6-8a73-483d8b21fa12.png?width=614&height=300&name=9717d0df-2a00-9db6-8a73-483d8b21fa12.png [25340/25340] -> "/Users/briannazajicek/Documents/illuminairy/archives/curious-cardinals-2026-05-18/blog/blog.curiouscardinals.com/hs-fs/hubfs/9717d0df-2a00-9db6-8a73-483d8b21fa12.png?width=614&height=300&name=9717d0df-2a00-9db6-8a73-483d8b21fa12.png" [1]
2026-05-18 01:02:42 URL:https://blog.curiouscardinals.com/hs-fs/hubfs/9717d0df-2a00-9db6-8a73-483d8b21fa12.png?width=307&height=150&name=9717d0df-2a00-9db6-8a73-483d8b21fa12.png [10131/10131] -> "/Users/briannazajicek/Documents/illuminairy/archives/curious-cardinals-2026-05-18/blog/blog.curiouscardinals.com/hs-fs/hubfs/9717d0df-2a00-9db6-8a73-483d8b21fa12.png?width=307&height=150&name=9717d0df-2a00-9db6-8a73-483d8b21fa12.png" [1]
2026-05-18 01:02:43 URL:https://blog.curiouscardinals.com/hs-fs/hubfs/9717d0df-2a00-9db6-8a73-483d8b21fa12.png?width=921&height=450&name=9717d0df-2a00-9db6-8a73-483d8b21fa12.png [43574/43574] -> "/Users/briannazajicek/Documents/illuminairy/archives/curious-cardinals-2026-05-18/blog/blog.curiouscardinals.com/hs-fs/hubfs/9717d0df-2a00-9db6-8a73-483d8b21fa12.png?width=921&height=450&name=9717d0df-2a00-9db6-8a73-483d8b21fa12.png" [1]
2026-05-18 01:02:44 URL:https://blog.curiouscardinals.com/hs-fs/hubfs/9717d0df-2a00-9db6-8a73-483d8b21fa12.png?width=1228&height=600&name=9717d0df-2a00-9db6-8a73-483d8b21fa12.png [361691/361691] -> "/Users/briannazajicek/Documents/illuminairy/archives/curious-cardinals-2026-05-18/blog/blog.curiouscardinals.com/hs-fs/hubfs/9717d0df-2a00-9db6-8a73-483d8b21fa12.png?width=1228&height=600&name=9717d0df-2a00-9db6-8a73-483d8b21fa12.png" [1]
2026-05-18 01:02:45 URL:https://blog.curiouscardinals.com/hs-fs/hubfs/9717d0df-2a00-9db6-8a73-483d8b21fa12.png?width=1535&height=750&name=9717d0df-2a00-9db6-8a73-483d8b21fa12.png [361691/361691] -> "/Users/briannazajicek/Documents/illuminairy/archives/curious-cardinals-2026-05-18/blog/blog.curiouscardinals.com/hs-fs/hubfs/9717d0df-2a00-9db6-8a73-483d8b21fa12.png?width=1535&height=750&name=9717d0df-2a00-9db6-8a73-483d8b21fa12.png" [1]
2026-05-18 01:02:46 URL:https://blog.curiouscardinals.com/hs-fs/hubfs/9717d0df-2a00-9db6-8a73-483d8b21fa12.png?width=1842&height=900&name=9717d0df-2a00-9db6-8a73-483d8b21fa12.png [361691/361691] -> "/Users/briannazajicek/Documents/illuminairy/archives/curious-cardinals-2026-05-18/blog/blog.curiouscardinals.com/hs-fs/hubfs/9717d0df-2a00-9db6-8a73-483d8b21fa12.png?width=1842&height=900&name=9717d0df-2a00-9db6-8a73-483d8b21fa12.png" [1]
2026-05-18 01:02:47 URL:https://blog.curiouscardinals.com/hs-fs/hubfs/b3f3362a-6066-f838-e439-60ba7e399948.jpg?width=500&height=200&name=b3f3362a-6066-f838-e439-60ba7e399948.jpg [20128/20128] -> "/Users/briannazajicek/Documents/illuminairy/archives/curious-cardinals-2026-05-18/blog/blog.curiouscardinals.com/hs-fs/hubfs/b3f3362a-6066-f838-e439-60ba7e399948.jpg?width=500&height=200&name=b3f3362a-6066-f838-e439-60ba7e399948.jpg" [1]
2026-05-18 01:02:48 URL:https://blog.curiouscardinals.com/hs-fs/hubfs/b3f3362a-6066-f838-e439-60ba7e399948.jpg?width=250&height=100&name=b3f3362a-6066-f838-e439-60ba7e399948.jpg [6669/6669] -> "/Users/briannazajicek/Documents/illuminairy/archives/curious-cardinals-2026-05-18/blog/blog.curiouscardinals.com/hs-fs/hubfs/b3f3362a-6066-f838-e439-60ba7e399948.jpg?width=250&height=100&name=b3f3362a-6066-f838-e439-60ba7e399948.jpg" [1]
2026-05-18 01:02:49 URL:https://blog.curiouscardinals.com/hs-fs/hubfs/b3f3362a-6066-f838-e439-60ba7e399948.jpg?width=750&height=300&name=b3f3362a-6066-f838-e439-60ba7e399948.jpg [20128/20128] -> "/Users/briannazajicek/Documents/illuminairy/archives/curious-cardinals-2026-05-18/blog/blog.curiouscardinals.com/hs-fs/hubfs/b3f3362a-6066-f838-e439-60ba7e399948.jpg?width=750&height=300&name=b3f3362a-6066-f838-e439-60ba7e399948.jpg" [1]
2026-05-18 01:02:50 URL:https://blog.curiouscardinals.com/hs-fs/hubfs/b3f3362a-6066-f838-e439-60ba7e399948.jpg?width=1000&height=400&name=b3f3362a-6066-f838-e439-60ba7e399948.jpg [20128/20128] -> "/Users/briannazajicek/Documents/illuminairy/archives/curious-cardinals-2026-05-18/blog/blog.curiouscardinals.com/hs-fs/hubfs/b3f3362a-6066-f838-e439-60ba7e399948.jpg?width=1000&height=400&name=b3f3362a-6066-f838-e439-60ba7e399948.jpg" [1]
2026-05-18 01:02:50 URL:https://blog.curiouscardinals.com/hs-fs/hubfs/b3f3362a-6066-f838-e439-60ba7e399948.jpg?width=1250&height=500&name=b3f3362a-6066-f838-e439-60ba7e399948.jpg [20128/20128] -> "/Users/briannazajicek/Documents/illuminairy/archives/curious-cardinals-2026-05-18/blog/blog.curiouscardinals.com/hs-fs/hubfs/b3f3362a-6066-f838-e439-60ba7e399948.jpg?width=1250&height=500&name=b3f3362a-6066-f838-e439-60ba7e399948.jpg" [1]
2026-05-18 01:02:51 URL:https://blog.curiouscardinals.com/hs-fs/hubfs/b3f3362a-6066-f838-e439-60ba7e399948.jpg?width=1500&height=600&name=b3f3362a-6066-f838-e439-60ba7e399948.jpg [20128/20128] -> "/Users/briannazajicek/Documents/illuminairy/archives/curious-cardinals-2026-05-18/blog/blog.curiouscardinals.com/hs-fs/hubfs/b3f3362a-6066-f838-e439-60ba7e399948.jpg?width=1500&height=600&name=b3f3362a-6066-f838-e439-60ba7e399948.jpg" [1]
2026-05-18 01:02:52 URL:https://blog.curiouscardinals.com/hs-fs/hubfs/bafd58d5-4a4a-bdb3-dba8-be2bbf1be81e.jpeg?width=300&height=300&name=bafd58d5-4a4a-bdb3-dba8-be2bbf1be81e.jpeg [15281/15281] -> "/Users/briannazajicek/Documents/illuminairy/archives/curious-cardinals-2026-05-18/blog/blog.curiouscardinals.com/hs-fs/hubfs/bafd58d5-4a4a-bdb3-dba8-be2bbf1be81e.jpeg?width=300&height=300&name=bafd58d5-4a4a-bdb3-dba8-be2bbf1be81e.jpeg" [1]
2026-05-18 01:02:53 URL:https://blog.curiouscardinals.com/hs-fs/hubfs/bafd58d5-4a4a-bdb3-dba8-be2bbf1be81e.jpeg?width=150&height=150&name=bafd58d5-4a4a-bdb3-dba8-be2bbf1be81e.jpeg [9249/9249] -> "/Users/briannazajicek/Documents/illuminairy/archives/curious-cardinals-2026-05-18/blog/blog.curiouscardinals.com/hs-fs/hubfs/bafd58d5-4a4a-bdb3-dba8-be2bbf1be81e.jpeg?width=150&height=150&name=bafd58d5-4a4a-bdb3-dba8-be2bbf1be81e.jpeg" [1]
2026-05-18 01:02:53 URL:https://blog.curiouscardinals.com/hs-fs/hubfs/bafd58d5-4a4a-bdb3-dba8-be2bbf1be81e.jpeg?width=450&height=450&name=bafd58d5-4a4a-bdb3-dba8-be2bbf1be81e.jpeg [27101/27101] -> "/Users/briannazajicek/Documents/illuminairy/archives/curious-cardinals-2026-05-18/blog/blog.curiouscardinals.com/hs-fs/hubfs/bafd58d5-4a4a-bdb3-dba8-be2bbf1be81e.jpeg?width=450&height=450&name=bafd58d5-4a4a-bdb3-dba8-be2bbf1be81e.jpeg" [1]
2026-05-18 01:02:54 URL:https://blog.curiouscardinals.com/hs-fs/hubfs/bafd58d5-4a4a-bdb3-dba8-be2bbf1be81e.jpeg?width=600&height=600&name=bafd58d5-4a4a-bdb3-dba8-be2bbf1be81e.jpeg [43772/43772] -> "/Users/briannazajicek/Documents/illuminairy/archives/curious-cardinals-2026-05-18/blog/blog.curiouscardinals.com/hs-fs/hubfs/bafd58d5-4a4a-bdb3-dba8-be2bbf1be81e.jpeg?width=600&height=600&name=bafd58d5-4a4a-bdb3-dba8-be2bbf1be81e.jpeg" [1]
2026-05-18 01:02:55 URL:https://blog.curiouscardinals.com/hs-fs/hubfs/bafd58d5-4a4a-bdb3-dba8-be2bbf1be81e.jpeg?width=750&height=750&name=bafd58d5-4a4a-bdb3-dba8-be2bbf1be81e.jpeg [43772/43772] -> "/Users/briannazajicek/Documents/illuminairy/archives/curious-cardinals-2026-05-18/blog/blog.curiouscardinals.com/hs-fs/hubfs/bafd58d5-4a4a-bdb3-dba8-be2bbf1be81e.jpeg?width=750&height=750&name=bafd58d5-4a4a-bdb3-dba8-be2bbf1be81e.jpeg" [1]
2026-05-18 01:02:56 URL:https://blog.curiouscardinals.com/hs-fs/hubfs/bafd58d5-4a4a-bdb3-dba8-be2bbf1be81e.jpeg?width=900&height=900&name=bafd58d5-4a4a-bdb3-dba8-be2bbf1be81e.jpeg [43772/43772] -> "/Users/briannazajicek/Documents/illuminairy/archives/curious-cardinals-2026-05-18/blog/blog.curiouscardinals.com/hs-fs/hubfs/bafd58d5-4a4a-bdb3-dba8-be2bbf1be81e.jpeg?width=900&height=900&name=bafd58d5-4a4a-bdb3-dba8-be2bbf1be81e.jpeg" [1]
2026-05-18 01:02:57 URL:https://blog.curiouscardinals.com/hs-fs/hubfs/d8baad01-75f2-eaf3-c7cb-6a8602046ae4-2.png?width=300&height=300&name=d8baad01-75f2-eaf3-c7cb-6a8602046ae4-2.png [17781/17781] -> "/Users/briannazajicek/Documents/illuminairy/archives/curious-cardinals-2026-05-18/blog/blog.curiouscardinals.com/hs-fs/hubfs/d8baad01-75f2-eaf3-c7cb-6a8602046ae4-2.png?width=300&height=300&name=d8baad01-75f2-eaf3-c7cb-6a8602046ae4-2.png" [1]
2026-05-18 01:02:57 URL:https://blog.curiouscardinals.com/hs-fs/hubfs/d8baad01-75f2-eaf3-c7cb-6a8602046ae4-2.png?width=150&height=150&name=d8baad01-75f2-eaf3-c7cb-6a8602046ae4-2.png [6628/6628] -> "/Users/briannazajicek/Documents/illuminairy/archives/curious-cardinals-2026-05-18/blog/blog.curiouscardinals.com/hs-fs/hubfs/d8baad01-75f2-eaf3-c7cb-6a8602046ae4-2.png?width=150&height=150&name=d8baad01-75f2-eaf3-c7cb-6a8602046ae4-2.png" [1]
2026-05-18 01:02:59 URL:https://blog.curiouscardinals.com/hs-fs/hubfs/d8baad01-75f2-eaf3-c7cb-6a8602046ae4-2.png?width=450&height=450&name=d8baad01-75f2-eaf3-c7cb-6a8602046ae4-2.png [37386/37386] -> "/Users/briannazajicek/Documents/illuminairy/archives/curious-cardinals-2026-05-18/blog/blog.curiouscardinals.com/hs-fs/hubfs/d8baad01-75f2-eaf3-c7cb-6a8602046ae4-2.png?width=450&height=450&name=d8baad01-75f2-eaf3-c7cb-6a8602046ae4-2.png" [1]
2026-05-18 01:03:00 URL:https://blog.curiouscardinals.com/hs-fs/hubfs/d8baad01-75f2-eaf3-c7cb-6a8602046ae4-2.png?width=600&height=600&name=d8baad01-75f2-eaf3-c7cb-6a8602046ae4-2.png [493722/493722] -> "/Users/briannazajicek/Documents/illuminairy/archives/curious-cardinals-2026-05-18/blog/blog.curiouscardinals.com/hs-fs/hubfs/d8baad01-75f2-eaf3-c7cb-6a8602046ae4-2.png?width=600&height=600&name=d8baad01-75f2-eaf3-c7cb-6a8602046ae4-2.png" [1]
2026-05-18 01:03:01 URL:https://blog.curiouscardinals.com/hs-fs/hubfs/d8baad01-75f2-eaf3-c7cb-6a8602046ae4-2.png?width=750&height=750&name=d8baad01-75f2-eaf3-c7cb-6a8602046ae4-2.png [493722/493722] -> "/Users/briannazajicek/Documents/illuminairy/archives/curious-cardinals-2026-05-18/blog/blog.curiouscardinals.com/hs-fs/hubfs/d8baad01-75f2-eaf3-c7cb-6a8602046ae4-2.png?width=750&height=750&name=d8baad01-75f2-eaf3-c7cb-6a8602046ae4-2.png" [1]
2026-05-18 01:03:03 URL:https://blog.curiouscardinals.com/hs-fs/hubfs/d8baad01-75f2-eaf3-c7cb-6a8602046ae4-2.png?width=900&height=900&name=d8baad01-75f2-eaf3-c7cb-6a8602046ae4-2.png [493722/493722] -> "/Users/briannazajicek/Documents/illuminairy/archives/curious-cardinals-2026-05-18/blog/blog.curiouscardinals.com/hs-fs/hubfs/d8baad01-75f2-eaf3-c7cb-6a8602046ae4-2.png?width=900&height=900&name=d8baad01-75f2-eaf3-c7cb-6a8602046ae4-2.png" [1]
2026-05-18 01:03:03 URL:https://blog.curiouscardinals.com/introducing-easy-scheduling [74981] -> "/Users/briannazajicek/Documents/illuminairy/archives/curious-cardinals-2026-05-18/blog/blog.curiouscardinals.com/introducing-easy-scheduling.html" [1]
2026-05-18 01:03:04 URL:https://7052064.fs1.hubspotusercontent-na1.net/hubfs/7052064/hub_generated/template_assets/DEFAULT_ASSET/1778865726074/template_main.min.css [26133/26133] -> "/Users/briannazajicek/Documents/illuminairy/archives/curious-cardinals-2026-05-18/blog/7052064.fs1.hubspotusercontent-na1.net/hubfs/7052064/hub_generated/template_assets/DEFAULT_ASSET/1778865726074/template_main.min.css" [1]
2026-05-18 01:03:04 URL:https://7052064.fs1.hubspotusercontent-na1.net/hubfs/7052064/hub_generated/template_assets/DEFAULT_ASSET/1778865742785/template_blog.min.css [6237/6237] -> "/Users/briannazajicek/Documents/illuminairy/archives/curious-cardinals-2026-05-18/blog/7052064.fs1.hubspotusercontent-na1.net/hubfs/7052064/hub_generated/template_assets/DEFAULT_ASSET/1778865742785/template_blog.min.css" [1]
2026-05-18 01:03:04 URL:https://7052064.fs1.hubspotusercontent-na1.net/hubfs/7052064/hub_generated/module_assets/1/-25202732329/1778865777077/module_menu-section.min.css [3742/3742] -> "/Users/briannazajicek/Documents/illuminairy/archives/curious-cardinals-2026-05-18/blog/7052064.fs1.hubspotusercontent-na1.net/hubfs/7052064/hub_generated/module_assets/1/-25202732329/1778865777077/module_menu-section.min.css" [1]
2026-05-18 01:03:05 URL:https://7052064.fs1.hubspotusercontent-na1.net/hubfs/7052064/hub_generated/module_assets/1/-25202478151/1778865780511/module_related-post-listing.min.css [1350/1350] -> "/Users/briannazajicek/Documents/illuminairy/archives/curious-cardinals-2026-05-18/blog/7052064.fs1.hubspotusercontent-na1.net/hubfs/7052064/hub_generated/module_assets/1/-25202478151/1778865780511/module_related-post-listing.min.css" [1]
2026-05-18 01:03:05 URL:https://7052064.fs1.hubspotusercontent-na1.net/hubfs/7052064/hub_generated/module_assets/1/-25202478153/1778865779022/module_social-follow.min.css [459/459] -> "/Users/briannazajicek/Documents/illuminairy/archives/curious-cardinals-2026-05-18/blog/7052064.fs1.hubspotusercontent-na1.net/hubfs/7052064/hub_generated/module_assets/1/-25202478153/1778865779022/module_social-follow.min.css" [1]
2026-05-18 01:03:06 URL:https://blog.curiouscardinals.com/hs-fs/hubfs/Engagement%20Details%20_%20Schedule%20New%20Session%2011.png?width=507&height=333&name=Engagement%20Details%20_%20Schedule%20New%20Session%2011.png [22795/22795] -> "/Users/briannazajicek/Documents/illuminairy/archives/curious-cardinals-2026-05-18/blog/blog.curiouscardinals.com/hs-fs/hubfs/Engagement Details _ Schedule New Session 11.png?width=507&height=333&name=Engagement Details _ Schedule New Session 11.png" [1]
2026-05-18 01:03:07 URL:https://blog.curiouscardinals.com/hs-fs/hubfs/Engagement%20Details%20_%20Schedule%20New%20Session%2011.png?width=254&height=167&name=Engagement%20Details%20_%20Schedule%20New%20Session%2011.png [9245/9245] -> "/Users/briannazajicek/Documents/illuminairy/archives/curious-cardinals-2026-05-18/blog/blog.curiouscardinals.com/hs-fs/hubfs/Engagement Details _ Schedule New Session 11.png?width=254&height=167&name=Engagement Details _ Schedule New Session 11.png" [1]
2026-05-18 01:03:08 URL:https://blog.curiouscardinals.com/hs-fs/hubfs/Engagement%20Details%20_%20Schedule%20New%20Session%2011.png?width=761&height=500&name=Engagement%20Details%20_%20Schedule%20New%20Session%2011.png [39907/39907] -> "/Users/briannazajicek/Documents/illuminairy/archives/curious-cardinals-2026-05-18/blog/blog.curiouscardinals.com/hs-fs/hubfs/Engagement Details _ Schedule New Session 11.png?width=761&height=500&name=Engagement Details _ Schedule New Session 11.png" [1]
2026-05-18 01:03:09 URL:https://blog.curiouscardinals.com/hs-fs/hubfs/Engagement%20Details%20_%20Schedule%20New%20Session%2011.png?width=1014&height=666&name=Engagement%20Details%20_%20Schedule%20New%20Session%2011.png [61417/61417] -> "/Users/briannazajicek/Documents/illuminairy/archives/curious-cardinals-2026-05-18/blog/blog.curiouscardinals.com/hs-fs/hubfs/Engagement Details _ Schedule New Session 11.png?width=1014&height=666&name=Engagement Details _ Schedule New Session 11.png" [1]
2026-05-18 01:03:09 URL:https://blog.curiouscardinals.com/hs-fs/hubfs/Engagement%20Details%20_%20Schedule%20New%20Session%2011.png?width=1268&height=833&name=Engagement%20Details%20_%20Schedule%20New%20Session%2011.png [68721/68721] -> "/Users/briannazajicek/Documents/illuminairy/archives/curious-cardinals-2026-05-18/blog/blog.curiouscardinals.com/hs-fs/hubfs/Engagement Details _ Schedule New Session 11.png?width=1268&height=833&name=Engagement Details _ Schedule New Session 11.png" [1]
2026-05-18 01:03:10 URL:https://blog.curiouscardinals.com/hs-fs/hubfs/Engagement%20Details%20_%20Schedule%20New%20Session%2011.png?width=1521&height=999&name=Engagement%20Details%20_%20Schedule%20New%20Session%2011.png [68721/68721] -> "/Users/briannazajicek/Documents/illuminairy/archives/curious-cardinals-2026-05-18/blog/blog.curiouscardinals.com/hs-fs/hubfs/Engagement Details _ Schedule New Session 11.png?width=1521&height=999&name=Engagement Details _ Schedule New Session 11.png" [1]
2026-05-18 01:03:12 URL:https://blog.curiouscardinals.com/hs-fs/hubfs/Engagement%20Details%20_%20Reschedule%20Option.png?width=534&height=351&name=Engagement%20Details%20_%20Reschedule%20Option.png [17913/17913] -> "/Users/briannazajicek/Documents/illuminairy/archives/curious-cardinals-2026-05-18/blog/blog.curiouscardinals.com/hs-fs/hubfs/Engagement Details _ Reschedule Option.png?width=534&height=351&name=Engagement Details _ Reschedule Option.png" [1]
2026-05-18 01:03:12 URL:https://blog.curiouscardinals.com/hs-fs/hubfs/Engagement%20Details%20_%20Reschedule%20Option.png?width=267&height=176&name=Engagement%20Details%20_%20Reschedule%20Option.png [7338/7338] -> "/Users/briannazajicek/Documents/illuminairy/archives/curious-cardinals-2026-05-18/blog/blog.curiouscardinals.com/hs-fs/hubfs/Engagement Details _ Reschedule Option.png?width=267&height=176&name=Engagement Details _ Reschedule Option.png" [1]
2026-05-18 01:03:13 URL:https://blog.curiouscardinals.com/hs-fs/hubfs/Engagement%20Details%20_%20Reschedule%20Option.png?width=801&height=527&name=Engagement%20Details%20_%20Reschedule%20Option.png [31197/31197] -> "/Users/briannazajicek/Documents/illuminairy/archives/curious-cardinals-2026-05-18/blog/blog.curiouscardinals.com/hs-fs/hubfs/Engagement Details _ Reschedule Option.png?width=801&height=527&name=Engagement Details _ Reschedule Option.png" [1]
2026-05-18 01:03:14 URL:https://blog.curiouscardinals.com/hs-fs/hubfs/Engagement%20Details%20_%20Reschedule%20Option.png?width=1068&height=702&name=Engagement%20Details%20_%20Reschedule%20Option.png [48816/48816] -> "/Users/briannazajicek/Documents/illuminairy/archives/curious-cardinals-2026-05-18/blog/blog.curiouscardinals.com/hs-fs/hubfs/Engagement Details _ Reschedule Option.png?width=1068&height=702&name=Engagement Details _ Reschedule Option.png" [1]
2026-05-18 01:03:15 URL:https://blog.curiouscardinals.com/hs-fs/hubfs/Engagement%20Details%20_%20Reschedule%20Option.png?width=1335&height=878&name=Engagement%20Details%20_%20Reschedule%20Option.png [62184/62184] -> "/Users/briannazajicek/Documents/illuminairy/archives/curious-cardinals-2026-05-18/blog/blog.curiouscardinals.com/hs-fs/hubfs/Engagement Details _ Reschedule Option.png?width=1335&height=878&name=Engagement Details _ Reschedule Option.png" [1]
2026-05-18 01:03:16 URL:https://blog.curiouscardinals.com/hs-fs/hubfs/Engagement%20Details%20_%20Reschedule%20Option.png?width=1602&height=1053&name=Engagement%20Details%20_%20Reschedule%20Option.png [62184/62184] -> "/Users/briannazajicek/Documents/illuminairy/archives/curious-cardinals-2026-05-18/blog/blog.curiouscardinals.com/hs-fs/hubfs/Engagement Details _ Reschedule Option.png?width=1602&height=1053&name=Engagement Details _ Reschedule Option.png" [1]
2026-05-18 01:03:17 URL:https://blog.curiouscardinals.com/hs-fs/hubfs/Audrey-1.png?width=264&height=66&name=Audrey-1.png [2482/2482] -> "/Users/briannazajicek/Documents/illuminairy/archives/curious-cardinals-2026-05-18/blog/blog.curiouscardinals.com/hs-fs/hubfs/Audrey-1.png?width=264&height=66&name=Audrey-1.png" [1]
2026-05-18 01:03:17 URL:https://blog.curiouscardinals.com/hs-fs/hubfs/Audrey-1.png?width=132&height=33&name=Audrey-1.png [1788/1788] -> "/Users/briannazajicek/Documents/illuminairy/archives/curious-cardinals-2026-05-18/blog/blog.curiouscardinals.com/hs-fs/hubfs/Audrey-1.png?width=132&height=33&name=Audrey-1.png" [1]
2026-05-18 01:03:18 URL:https://blog.curiouscardinals.com/hs-fs/hubfs/Audrey-1.png?width=396&height=99&name=Audrey-1.png [2482/2482] -> "/Users/briannazajicek/Documents/illuminairy/archives/curious-cardinals-2026-05-18/blog/blog.curiouscardinals.com/hs-fs/hubfs/Audrey-1.png?width=396&height=99&name=Audrey-1.png" [1]
2026-05-18 01:03:19 URL:https://blog.curiouscardinals.com/hs-fs/hubfs/Audrey-1.png?width=528&height=132&name=Audrey-1.png [2482/2482] -> "/Users/briannazajicek/Documents/illuminairy/archives/curious-cardinals-2026-05-18/blog/blog.curiouscardinals.com/hs-fs/hubfs/Audrey-1.png?width=528&height=132&name=Audrey-1.png" [1]
2026-05-18 01:03:20 URL:https://blog.curiouscardinals.com/hs-fs/hubfs/Audrey-1.png?width=660&height=165&name=Audrey-1.png [2482/2482] -> "/Users/briannazajicek/Documents/illuminairy/archives/curious-cardinals-2026-05-18/blog/blog.curiouscardinals.com/hs-fs/hubfs/Audrey-1.png?width=660&height=165&name=Audrey-1.png" [1]
2026-05-18 01:03:21 URL:https://blog.curiouscardinals.com/hs-fs/hubfs/Audrey-1.png?width=792&height=198&name=Audrey-1.png [2482/2482] -> "/Users/briannazajicek/Documents/illuminairy/archives/curious-cardinals-2026-05-18/blog/blog.curiouscardinals.com/hs-fs/hubfs/Audrey-1.png?width=792&height=198&name=Audrey-1.png" [1]
2026-05-18 01:03:22 URL:https://7052064.fs1.hubspotusercontent-na1.net/hubfs/7052064/hub_generated/template_assets/DEFAULT_ASSET/1778865748184/template_main.min.js [1281/1281] -> "/Users/briannazajicek/Documents/illuminairy/archives/curious-cardinals-2026-05-18/blog/7052064.fs1.hubspotusercontent-na1.net/hubfs/7052064/hub_generated/template_assets/DEFAULT_ASSET/1778865748184/template_main.min.js" [1]
2026-05-18 01:03:22 URL:https://7052064.fs1.hubspotusercontent-na1.net/hubfs/7052064/hub_generated/module_assets/1/-25202732329/1778865777077/module_menu-section.min.js [498/498] -> "/Users/briannazajicek/Documents/illuminairy/archives/curious-cardinals-2026-05-18/blog/7052064.fs1.hubspotusercontent-na1.net/hubfs/7052064/hub_generated/module_assets/1/-25202732329/1778865777077/module_menu-section.min.js" [1]
2026-05-18 01:03:23 URL:https://blog.curiouscardinals.com/it-all-started-with-a-perfect-match [78363] -> "/Users/briannazajicek/Documents/illuminairy/archives/curious-cardinals-2026-05-18/blog/blog.curiouscardinals.com/it-all-started-with-a-perfect-match.html" [1]
Cookie coming from blog.curiouscardinals.com attempted to set domain to hubspotusercontent-na2.net
2026-05-18 01:03:24 URL:https://blog.curiouscardinals.com/hubfs/June%20Blog%202%20(1).png [1045502/1045502] -> "/Users/briannazajicek/Documents/illuminairy/archives/curious-cardinals-2026-05-18/blog/blog.curiouscardinals.com/hubfs/June Blog 2 (1).png" [1]
2026-05-18 01:03:24 URL:https://blog.curiouscardinals.com/hs-fs/hubfs/Avery%20Newsletter.jpeg?width=400&height=533&name=Avery%20Newsletter.jpeg [38921/38921] -> "/Users/briannazajicek/Documents/illuminairy/archives/curious-cardinals-2026-05-18/blog/blog.curiouscardinals.com/hs-fs/hubfs/Avery Newsletter.jpeg?width=400&height=533&name=Avery Newsletter.jpeg" [1]
2026-05-18 01:03:24 URL:https://blog.curiouscardinals.com/hs-fs/hubfs/Avery%20Newsletter.jpeg?width=200&height=267&name=Avery%20Newsletter.jpeg [12638/12638] -> "/Users/briannazajicek/Documents/illuminairy/archives/curious-cardinals-2026-05-18/blog/blog.curiouscardinals.com/hs-fs/hubfs/Avery Newsletter.jpeg?width=200&height=267&name=Avery Newsletter.jpeg" [1]
2026-05-18 01:03:24 URL:https://blog.curiouscardinals.com/hs-fs/hubfs/Avery%20Newsletter.jpeg?width=600&height=800&name=Avery%20Newsletter.jpeg [75603/75603] -> "/Users/briannazajicek/Documents/illuminairy/archives/curious-cardinals-2026-05-18/blog/blog.curiouscardinals.com/hs-fs/hubfs/Avery Newsletter.jpeg?width=600&height=800&name=Avery Newsletter.jpeg" [1]
2026-05-18 01:03:25 URL:https://blog.curiouscardinals.com/hs-fs/hubfs/Avery%20Newsletter.jpeg?width=800&height=1066&name=Avery%20Newsletter.jpeg [112881/112881] -> "/Users/briannazajicek/Documents/illuminairy/archives/curious-cardinals-2026-05-18/blog/blog.curiouscardinals.com/hs-fs/hubfs/Avery Newsletter.jpeg?width=800&height=1066&name=Avery Newsletter.jpeg" [1]
2026-05-18 01:03:26 URL:https://blog.curiouscardinals.com/hs-fs/hubfs/Avery%20Newsletter.jpeg?width=1000&height=1333&name=Avery%20Newsletter.jpeg [112881/112881] -> "/Users/briannazajicek/Documents/illuminairy/archives/curious-cardinals-2026-05-18/blog/blog.curiouscardinals.com/hs-fs/hubfs/Avery Newsletter.jpeg?width=1000&height=1333&name=Avery Newsletter.jpeg" [1]
2026-05-18 01:03:26 URL:https://blog.curiouscardinals.com/hs-fs/hubfs/Avery%20Newsletter.jpeg?width=1200&height=1599&name=Avery%20Newsletter.jpeg [112881/112881] -> "/Users/briannazajicek/Documents/illuminairy/archives/curious-cardinals-2026-05-18/blog/blog.curiouscardinals.com/hs-fs/hubfs/Avery Newsletter.jpeg?width=1200&height=1599&name=Avery Newsletter.jpeg" [1]
2026-05-18 01:03:27 URL:https://blog.curiouscardinals.com/hs-fs/hubfs/Screen%20Shot%202023-06-02%20at%2017.20.28.png?width=1196&height=456&name=Screen%20Shot%202023-06-02%20at%2017.20.28.png [189211/189211] -> "/Users/briannazajicek/Documents/illuminairy/archives/curious-cardinals-2026-05-18/blog/blog.curiouscardinals.com/hs-fs/hubfs/Screen Shot 2023-06-02 at 17.20.28.png?width=1196&height=456&name=Screen Shot 2023-06-02 at 17.20.28.png" [1]
2026-05-18 01:03:27 URL:https://blog.curiouscardinals.com/hs-fs/hubfs/Screen%20Shot%202023-06-02%20at%2017.20.28.png?width=598&height=228&name=Screen%20Shot%202023-06-02%20at%2017.20.28.png [52773/52773] -> "/Users/briannazajicek/Documents/illuminairy/archives/curious-cardinals-2026-05-18/blog/blog.curiouscardinals.com/hs-fs/hubfs/Screen Shot 2023-06-02 at 17.20.28.png?width=598&height=228&name=Screen Shot 2023-06-02 at 17.20.28.png" [1]
2026-05-18 01:03:27 URL:https://blog.curiouscardinals.com/hs-fs/hubfs/Screen%20Shot%202023-06-02%20at%2017.20.28.png?width=1794&height=684&name=Screen%20Shot%202023-06-02%20at%2017.20.28.png [189211/189211] -> "/Users/briannazajicek/Documents/illuminairy/archives/curious-cardinals-2026-05-18/blog/blog.curiouscardinals.com/hs-fs/hubfs/Screen Shot 2023-06-02 at 17.20.28.png?width=1794&height=684&name=Screen Shot 2023-06-02 at 17.20.28.png" [1]
2026-05-18 01:03:28 URL:https://blog.curiouscardinals.com/hs-fs/hubfs/Screen%20Shot%202023-06-02%20at%2017.20.28.png?width=2392&height=912&name=Screen%20Shot%202023-06-02%20at%2017.20.28.png [189211/189211] -> "/Users/briannazajicek/Documents/illuminairy/archives/curious-cardinals-2026-05-18/blog/blog.curiouscardinals.com/hs-fs/hubfs/Screen Shot 2023-06-02 at 17.20.28.png?width=2392&height=912&name=Screen Shot 2023-06-02 at 17.20.28.png" [1]
2026-05-18 01:03:28 URL:https://blog.curiouscardinals.com/hs-fs/hubfs/Screen%20Shot%202023-06-02%20at%2017.20.28.png?width=2990&height=1140&name=Screen%20Shot%202023-06-02%20at%2017.20.28.png [189211/189211] -> "/Users/briannazajicek/Documents/illuminairy/archives/curious-cardinals-2026-05-18/blog/blog.curiouscardinals.com/hs-fs/hubfs/Screen Shot 2023-06-02 at 17.20.28.png?width=2990&height=1140&name=Screen Shot 2023-06-02 at 17.20.28.png" [1]
2026-05-18 01:03:29 URL:https://blog.curiouscardinals.com/hs-fs/hubfs/Screen%20Shot%202023-06-02%20at%2017.20.28.png?width=3588&height=1368&name=Screen%20Shot%202023-06-02%20at%2017.20.28.png [189211/189211] -> "/Users/briannazajicek/Documents/illuminairy/archives/curious-cardinals-2026-05-18/blog/blog.curiouscardinals.com/hs-fs/hubfs/Screen Shot 2023-06-02 at 17.20.28.png?width=3588&height=1368&name=Screen Shot 2023-06-02 at 17.20.28.png" [1]
Cookie coming from blog.curiouscardinals.com attempted to set domain to hubspotusercontent-na2.net
2026-05-18 01:03:30 URL:https://blog.curiouscardinals.com/hubfs/3-4.png [584315/584315] -> "/Users/briannazajicek/Documents/illuminairy/archives/curious-cardinals-2026-05-18/blog/blog.curiouscardinals.com/hubfs/3-4.png" [1]
2026-05-18 01:03:30 URL:https://blog.curiouscardinals.com/understanding-how-ai-can-change-k-12-education [78162] -> "/Users/briannazajicek/Documents/illuminairy/archives/curious-cardinals-2026-05-18/blog/blog.curiouscardinals.com/understanding-how-ai-can-change-k-12-education.html" [1]
2026-05-18 01:03:31 URL:https://blog.curiouscardinals.com/canva-collab-launch-why-gen-z-cares-so-much-about-climate-change [86283] -> "/Users/briannazajicek/Documents/illuminairy/archives/curious-cardinals-2026-05-18/blog/blog.curiouscardinals.com/canva-collab-launch-why-gen-z-cares-so-much-about-climate-change.html" [1]
2026-05-18 01:03:32 URL:https://blog.curiouscardinals.com/hs-fs/hubfs/Screenshot%202023-10-25%201.07.48%20AM-1.png?width=311&height=449&name=Screenshot%202023-10-25%201.07.48%20AM-1.png [199684/199684] -> "/Users/briannazajicek/Documents/illuminairy/archives/curious-cardinals-2026-05-18/blog/blog.curiouscardinals.com/hs-fs/hubfs/Screenshot 2023-10-25 1.07.48 AM-1.png?width=311&height=449&name=Screenshot 2023-10-25 1.07.48 AM-1.png" [1]
2026-05-18 01:03:35 URL:https://blog.curiouscardinals.com/hs-fs/hubfs/Screenshot%202023-10-25%201.07.48%20AM-1.png?width=156&height=225&name=Screenshot%202023-10-25%201.07.48%20AM-1.png [22241/22241] -> "/Users/briannazajicek/Documents/illuminairy/archives/curious-cardinals-2026-05-18/blog/blog.curiouscardinals.com/hs-fs/hubfs/Screenshot 2023-10-25 1.07.48 AM-1.png?width=156&height=225&name=Screenshot 2023-10-25 1.07.48 AM-1.png" [1]
2026-05-18 01:03:37 URL:https://blog.curiouscardinals.com/hs-fs/hubfs/Screenshot%202023-10-25%201.07.48%20AM-1.png?width=467&height=674&name=Screenshot%202023-10-25%201.07.48%20AM-1.png [199684/199684] -> "/Users/briannazajicek/Documents/illuminairy/archives/curious-cardinals-2026-05-18/blog/blog.curiouscardinals.com/hs-fs/hubfs/Screenshot 2023-10-25 1.07.48 AM-1.png?width=467&height=674&name=Screenshot 2023-10-25 1.07.48 AM-1.png" [1]
2026-05-18 01:03:38 URL:https://blog.curiouscardinals.com/hs-fs/hubfs/Screenshot%202023-10-25%201.07.48%20AM-1.png?width=622&height=898&name=Screenshot%202023-10-25%201.07.48%20AM-1.png [199684/199684] -> "/Users/briannazajicek/Documents/illuminairy/archives/curious-cardinals-2026-05-18/blog/blog.curiouscardinals.com/hs-fs/hubfs/Screenshot 2023-10-25 1.07.48 AM-1.png?width=622&height=898&name=Screenshot 2023-10-25 1.07.48 AM-1.png" [1]
2026-05-18 01:03:40 URL:https://blog.curiouscardinals.com/hs-fs/hubfs/Screenshot%202023-10-25%201.07.48%20AM-1.png?width=778&height=1123&name=Screenshot%202023-10-25%201.07.48%20AM-1.png [199684/199684] -> "/Users/briannazajicek/Documents/illuminairy/archives/curious-cardinals-2026-05-18/blog/blog.curiouscardinals.com/hs-fs/hubfs/Screenshot 2023-10-25 1.07.48 AM-1.png?width=778&height=1123&name=Screenshot 2023-10-25 1.07.48 AM-1.png" [1]
2026-05-18 01:03:41 URL:https://blog.curiouscardinals.com/hs-fs/hubfs/Screenshot%202023-10-25%201.07.48%20AM-1.png?width=933&height=1347&name=Screenshot%202023-10-25%201.07.48%20AM-1.png [199684/199684] -> "/Users/briannazajicek/Documents/illuminairy/archives/curious-cardinals-2026-05-18/blog/blog.curiouscardinals.com/hs-fs/hubfs/Screenshot 2023-10-25 1.07.48 AM-1.png?width=933&height=1347&name=Screenshot 2023-10-25 1.07.48 AM-1.png" [1]
2026-05-18 01:03:42 URL:https://blog.curiouscardinals.com/hs-fs/hubfs/Screenshot%202023-10-25%201.47.14%20AM.png?width=350&height=216&name=Screenshot%202023-10-25%201.47.14%20AM.png [48636/48636] -> "/Users/briannazajicek/Documents/illuminairy/archives/curious-cardinals-2026-05-18/blog/blog.curiouscardinals.com/hs-fs/hubfs/Screenshot 2023-10-25 1.47.14 AM.png?width=350&height=216&name=Screenshot 2023-10-25 1.47.14 AM.png" [1]
2026-05-18 01:03:43 URL:https://blog.curiouscardinals.com/hs-fs/hubfs/Screenshot%202023-10-25%201.47.14%20AM.png?width=175&height=108&name=Screenshot%202023-10-25%201.47.14%20AM.png [14981/14981] -> "/Users/briannazajicek/Documents/illuminairy/archives/curious-cardinals-2026-05-18/blog/blog.curiouscardinals.com/hs-fs/hubfs/Screenshot 2023-10-25 1.47.14 AM.png?width=175&height=108&name=Screenshot 2023-10-25 1.47.14 AM.png" [1]
2026-05-18 01:03:45 URL:https://blog.curiouscardinals.com/hs-fs/hubfs/Screenshot%202023-10-25%201.47.14%20AM.png?width=525&height=324&name=Screenshot%202023-10-25%201.47.14%20AM.png [95906/95906] -> "/Users/briannazajicek/Documents/illuminairy/archives/curious-cardinals-2026-05-18/blog/blog.curiouscardinals.com/hs-fs/hubfs/Screenshot 2023-10-25 1.47.14 AM.png?width=525&height=324&name=Screenshot 2023-10-25 1.47.14 AM.png" [1]
2026-05-18 01:03:47 URL:https://blog.curiouscardinals.com/hs-fs/hubfs/Screenshot%202023-10-25%201.47.14%20AM.png?width=700&height=432&name=Screenshot%202023-10-25%201.47.14%20AM.png [166250/166250] -> "/Users/briannazajicek/Documents/illuminairy/archives/curious-cardinals-2026-05-18/blog/blog.curiouscardinals.com/hs-fs/hubfs/Screenshot 2023-10-25 1.47.14 AM.png?width=700&height=432&name=Screenshot 2023-10-25 1.47.14 AM.png" [1]
2026-05-18 01:03:49 URL:https://blog.curiouscardinals.com/hs-fs/hubfs/Screenshot%202023-10-25%201.47.14%20AM.png?width=875&height=540&name=Screenshot%202023-10-25%201.47.14%20AM.png [453464/453464] -> "/Users/briannazajicek/Documents/illuminairy/archives/curious-cardinals-2026-05-18/blog/blog.curiouscardinals.com/hs-fs/hubfs/Screenshot 2023-10-25 1.47.14 AM.png?width=875&height=540&name=Screenshot 2023-10-25 1.47.14 AM.png" [1]
2026-05-18 01:03:51 URL:https://blog.curiouscardinals.com/hs-fs/hubfs/Screenshot%202023-10-25%201.47.14%20AM.png?width=1050&height=648&name=Screenshot%202023-10-25%201.47.14%20AM.png [453464/453464] -> "/Users/briannazajicek/Documents/illuminairy/archives/curious-cardinals-2026-05-18/blog/blog.curiouscardinals.com/hs-fs/hubfs/Screenshot 2023-10-25 1.47.14 AM.png?width=1050&height=648&name=Screenshot 2023-10-25 1.47.14 AM.png" [1]
2026-05-18 01:03:52 URL:https://blog.curiouscardinals.com/hs-fs/hubfs/unnamed%20(5).jpg?width=385&height=256&name=unnamed%20(5).jpg [37887/37887] -> "/Users/briannazajicek/Documents/illuminairy/archives/curious-cardinals-2026-05-18/blog/blog.curiouscardinals.com/hs-fs/hubfs/unnamed (5).jpg?width=385&height=256&name=unnamed (5).jpg" [1]
2026-05-18 01:03:53 URL:https://blog.curiouscardinals.com/hs-fs/hubfs/unnamed%20(5).jpg?width=193&height=128&name=unnamed%20(5).jpg [11604/11604] -> "/Users/briannazajicek/Documents/illuminairy/archives/curious-cardinals-2026-05-18/blog/blog.curiouscardinals.com/hs-fs/hubfs/unnamed (5).jpg?width=193&height=128&name=unnamed (5).jpg" [1]
2026-05-18 01:03:56 URL:https://blog.curiouscardinals.com/hs-fs/hubfs/unnamed%20(5).jpg?width=578&height=384&name=unnamed%20(5).jpg [64582/64582] -> "/Users/briannazajicek/Documents/illuminairy/archives/curious-cardinals-2026-05-18/blog/blog.curiouscardinals.com/hs-fs/hubfs/unnamed (5).jpg?width=578&height=384&name=unnamed (5).jpg" [1]
2026-05-18 01:03:57 URL:https://blog.curiouscardinals.com/hs-fs/hubfs/unnamed%20(5).jpg?width=770&height=512&name=unnamed%20(5).jpg [97557/97557] -> "/Users/briannazajicek/Documents/illuminairy/archives/curious-cardinals-2026-05-18/blog/blog.curiouscardinals.com/hs-fs/hubfs/unnamed (5).jpg?width=770&height=512&name=unnamed (5).jpg" [1]
2026-05-18 01:03:58 URL:https://blog.curiouscardinals.com/hs-fs/hubfs/unnamed%20(5).jpg?width=963&height=640&name=unnamed%20(5).jpg [140148/140148] -> "/Users/briannazajicek/Documents/illuminairy/archives/curious-cardinals-2026-05-18/blog/blog.curiouscardinals.com/hs-fs/hubfs/unnamed (5).jpg?width=963&height=640&name=unnamed (5).jpg" [1]
2026-05-18 01:04:00 URL:https://blog.curiouscardinals.com/hs-fs/hubfs/unnamed%20(5).jpg?width=1155&height=768&name=unnamed%20(5).jpg [188241/188241] -> "/Users/briannazajicek/Documents/illuminairy/archives/curious-cardinals-2026-05-18/blog/blog.curiouscardinals.com/hs-fs/hubfs/unnamed (5).jpg?width=1155&height=768&name=unnamed (5).jpg" [1]
Cookie coming from blog.curiouscardinals.com attempted to set domain to hubspotusercontent-na1.net
2026-05-18 01:04:01 URL:https://21557089.fs1.hubspotusercontent-na2.net/hubfs/21557089/84598ad6-79b9-4b6e-97c4-f08faeaf86b0.jpg [50979/50979] -> "/Users/briannazajicek/Documents/illuminairy/archives/curious-cardinals-2026-05-18/blog/blog.curiouscardinals.com/hs-fs/hubfs/84598ad6-79b9-4b6e-97c4-f08faeaf86b0.jpg?width=348&height=174&name=84598ad6-79b9-4b6e-97c4-f08faeaf86b0.jpg" [1]
2026-05-18 01:04:03 URL:https://blog.curiouscardinals.com/hs-fs/hubfs/84598ad6-79b9-4b6e-97c4-f08faeaf86b0.jpg?width=174&height=87&name=84598ad6-79b9-4b6e-97c4-f08faeaf86b0.jpg [50979/50979] -> "/Users/briannazajicek/Documents/illuminairy/archives/curious-cardinals-2026-05-18/blog/blog.curiouscardinals.com/hs-fs/hubfs/84598ad6-79b9-4b6e-97c4-f08faeaf86b0.jpg?width=174&height=87&name=84598ad6-79b9-4b6e-97c4-f08faeaf86b0.jpg" [1]
2026-05-18 01:04:05 URL:https://blog.curiouscardinals.com/hs-fs/hubfs/84598ad6-79b9-4b6e-97c4-f08faeaf86b0.jpg?width=522&height=261&name=84598ad6-79b9-4b6e-97c4-f08faeaf86b0.jpg [50979/50979] -> "/Users/briannazajicek/Documents/illuminairy/archives/curious-cardinals-2026-05-18/blog/blog.curiouscardinals.com/hs-fs/hubfs/84598ad6-79b9-4b6e-97c4-f08faeaf86b0.jpg?width=522&height=261&name=84598ad6-79b9-4b6e-97c4-f08faeaf86b0.jpg" [1]
2026-05-18 01:04:07 URL:https://blog.curiouscardinals.com/hs-fs/hubfs/84598ad6-79b9-4b6e-97c4-f08faeaf86b0.jpg?width=696&height=348&name=84598ad6-79b9-4b6e-97c4-f08faeaf86b0.jpg [50979/50979] -> "/Users/briannazajicek/Documents/illuminairy/archives/curious-cardinals-2026-05-18/blog/blog.curiouscardinals.com/hs-fs/hubfs/84598ad6-79b9-4b6e-97c4-f08faeaf86b0.jpg?width=696&height=348&name=84598ad6-79b9-4b6e-97c4-f08faeaf86b0.jpg" [1]
Cookie coming from blog.curiouscardinals.com attempted to set domain to hubspotusercontent-na1.net
2026-05-18 01:04:12 URL:https://21557089.fs1.hubspotusercontent-na2.net/hubfs/21557089/84598ad6-79b9-4b6e-97c4-f08faeaf86b0.jpg [50979/50979] -> "/Users/briannazajicek/Documents/illuminairy/archives/curious-cardinals-2026-05-18/blog/blog.curiouscardinals.com/hs-fs/hubfs/84598ad6-79b9-4b6e-97c4-f08faeaf86b0.jpg?width=870&height=435&name=84598ad6-79b9-4b6e-97c4-f08faeaf86b0.jpg" [1]
Cookie coming from blog.curiouscardinals.com attempted to set domain to hubspotusercontent-na2.net
2026-05-18 01:04:15 URL:https://blog.curiouscardinals.com/hs-fs/hubfs/84598ad6-79b9-4b6e-97c4-f08faeaf86b0.jpg?width=1044&height=522&name=84598ad6-79b9-4b6e-97c4-f08faeaf86b0.jpg [50979/50979] -> "/Users/briannazajicek/Documents/illuminairy/archives/curious-cardinals-2026-05-18/blog/blog.curiouscardinals.com/hs-fs/hubfs/84598ad6-79b9-4b6e-97c4-f08faeaf86b0.jpg?width=1044&height=522&name=84598ad6-79b9-4b6e-97c4-f08faeaf86b0.jpg" [1]
2026-05-18 01:04:17 URL:https://blog.curiouscardinals.com/the-time-i-got-a-c-and-dropped-out-of-honors-math [74596] -> "/Users/briannazajicek/Documents/illuminairy/archives/curious-cardinals-2026-05-18/blog/blog.curiouscardinals.com/the-time-i-got-a-c-and-dropped-out-of-honors-math.html" [1]
Cookie coming from blog.curiouscardinals.com attempted to set domain to hubspotusercontent-na2.net
2026-05-18 01:04:20 URL:https://blog.curiouscardinals.com/hubfs/Screen%20Shot%202022-08-23%20at%204.45.55%20PM.png [1693865/1693865] -> "/Users/briannazajicek/Documents/illuminairy/archives/curious-cardinals-2026-05-18/blog/blog.curiouscardinals.com/hubfs/Screen Shot 2022-08-23 at 4.45.55 PM.png" [1]
2026-05-18 01:04:22 URL:https://blog.curiouscardinals.com/hs-fs/hubfs/Screen%20Shot%202022-07-26%20at%203%20(1).webp?width=336&name=Screen%20Shot%202022-07-26%20at%203%20(1).webp [27330/27330] -> "/Users/briannazajicek/Documents/illuminairy/archives/curious-cardinals-2026-05-18/blog/blog.curiouscardinals.com/hs-fs/hubfs/Screen Shot 2022-07-26 at 3 (1).webp?width=336&name=Screen Shot 2022-07-26 at 3 (1).webp" [1]
2026-05-18 01:04:23 URL:https://blog.curiouscardinals.com/hs-fs/hubfs/Screen%20Shot%202022-07-26%20at%203%20(1).webp?width=168&name=Screen%20Shot%202022-07-26%20at%203%20(1).webp [9187/9187] -> "/Users/briannazajicek/Documents/illuminairy/archives/curious-cardinals-2026-05-18/blog/blog.curiouscardinals.com/hs-fs/hubfs/Screen Shot 2022-07-26 at 3 (1).webp?width=168&name=Screen Shot 2022-07-26 at 3 (1).webp" [1]
2026-05-18 01:04:26 URL:https://blog.curiouscardinals.com/hs-fs/hubfs/Screen%20Shot%202022-07-26%20at%203%20(1).webp?width=504&name=Screen%20Shot%202022-07-26%20at%203%20(1).webp [50917/50917] -> "/Users/briannazajicek/Documents/illuminairy/archives/curious-cardinals-2026-05-18/blog/blog.curiouscardinals.com/hs-fs/hubfs/Screen Shot 2022-07-26 at 3 (1).webp?width=504&name=Screen Shot 2022-07-26 at 3 (1).webp" [1]
2026-05-18 01:04:28 URL:https://blog.curiouscardinals.com/hs-fs/hubfs/Screen%20Shot%202022-07-26%20at%203%20(1).webp?width=672&name=Screen%20Shot%202022-07-26%20at%203%20(1).webp [177155/177155] -> "/Users/briannazajicek/Documents/illuminairy/archives/curious-cardinals-2026-05-18/blog/blog.curiouscardinals.com/hs-fs/hubfs/Screen Shot 2022-07-26 at 3 (1).webp?width=672&name=Screen Shot 2022-07-26 at 3 (1).webp" [1]
2026-05-18 01:04:29 URL:https://blog.curiouscardinals.com/hs-fs/hubfs/Screen%20Shot%202022-07-26%20at%203%20(1).webp?width=840&name=Screen%20Shot%202022-07-26%20at%203%20(1).webp [177155/177155] -> "/Users/briannazajicek/Documents/illuminairy/archives/curious-cardinals-2026-05-18/blog/blog.curiouscardinals.com/hs-fs/hubfs/Screen Shot 2022-07-26 at 3 (1).webp?width=840&name=Screen Shot 2022-07-26 at 3 (1).webp" [1]
2026-05-18 01:04:31 URL:https://blog.curiouscardinals.com/hs-fs/hubfs/Screen%20Shot%202022-07-26%20at%203%20(1).webp?width=1008&name=Screen%20Shot%202022-07-26%20at%203%20(1).webp [177155/177155] -> "/Users/briannazajicek/Documents/illuminairy/archives/curious-cardinals-2026-05-18/blog/blog.curiouscardinals.com/hs-fs/hubfs/Screen Shot 2022-07-26 at 3 (1).webp?width=1008&name=Screen Shot 2022-07-26 at 3 (1).webp" [1]
2026-05-18 01:04:32 URL:https://blog.curiouscardinals.com/hs-fs/hubfs/Screen%20Shot%202022-07-26%20at%203.webp?width=260&name=Screen%20Shot%202022-07-26%20at%203.webp [20315/20315] -> "/Users/briannazajicek/Documents/illuminairy/archives/curious-cardinals-2026-05-18/blog/blog.curiouscardinals.com/hs-fs/hubfs/Screen Shot 2022-07-26 at 3.webp?width=260&name=Screen Shot 2022-07-26 at 3.webp" [1]
2026-05-18 01:04:33 URL:https://blog.curiouscardinals.com/hs-fs/hubfs/Screen%20Shot%202022-07-26%20at%203.webp?width=130&name=Screen%20Shot%202022-07-26%20at%203.webp [6563/6563] -> "/Users/briannazajicek/Documents/illuminairy/archives/curious-cardinals-2026-05-18/blog/blog.curiouscardinals.com/hs-fs/hubfs/Screen Shot 2022-07-26 at 3.webp?width=130&name=Screen Shot 2022-07-26 at 3.webp" [1]
2026-05-18 01:04:34 URL:https://blog.curiouscardinals.com/hs-fs/hubfs/Screen%20Shot%202022-07-26%20at%203.webp?width=390&name=Screen%20Shot%202022-07-26%20at%203.webp [39390/39390] -> "/Users/briannazajicek/Documents/illuminairy/archives/curious-cardinals-2026-05-18/blog/blog.curiouscardinals.com/hs-fs/hubfs/Screen Shot 2022-07-26 at 3.webp?width=390&name=Screen Shot 2022-07-26 at 3.webp" [1]
2026-05-18 01:04:36 URL:https://blog.curiouscardinals.com/hs-fs/hubfs/Screen%20Shot%202022-07-26%20at%203.webp?width=520&name=Screen%20Shot%202022-07-26%20at%203.webp [152406/152406] -> "/Users/briannazajicek/Documents/illuminairy/archives/curious-cardinals-2026-05-18/blog/blog.curiouscardinals.com/hs-fs/hubfs/Screen Shot 2022-07-26 at 3.webp?width=520&name=Screen Shot 2022-07-26 at 3.webp" [1]
2026-05-18 01:04:38 URL:https://blog.curiouscardinals.com/hs-fs/hubfs/Screen%20Shot%202022-07-26%20at%203.webp?width=650&name=Screen%20Shot%202022-07-26%20at%203.webp [152406/152406] -> "/Users/briannazajicek/Documents/illuminairy/archives/curious-cardinals-2026-05-18/blog/blog.curiouscardinals.com/hs-fs/hubfs/Screen Shot 2022-07-26 at 3.webp?width=650&name=Screen Shot 2022-07-26 at 3.webp" [1]
2026-05-18 01:04:39 URL:https://blog.curiouscardinals.com/hs-fs/hubfs/Screen%20Shot%202022-07-26%20at%203.webp?width=780&name=Screen%20Shot%202022-07-26%20at%203.webp [152406/152406] -> "/Users/briannazajicek/Documents/illuminairy/archives/curious-cardinals-2026-05-18/blog/blog.curiouscardinals.com/hs-fs/hubfs/Screen Shot 2022-07-26 at 3.webp?width=780&name=Screen Shot 2022-07-26 at 3.webp" [1]
2026-05-18 01:04:40 URL:https://blog.curiouscardinals.com/if-barbie-were-a-mentor [71486] -> "/Users/briannazajicek/Documents/illuminairy/archives/curious-cardinals-2026-05-18/blog/blog.curiouscardinals.com/if-barbie-were-a-mentor.html" [1]
Cookie coming from blog.curiouscardinals.com attempted to set domain to hubspotusercontent-na2.net
2026-05-18 01:04:41 URL:https://blog.curiouscardinals.com/hubfs/Mentor%20v2%20(5).png [875128/875128] -> "/Users/briannazajicek/Documents/illuminairy/archives/curious-cardinals-2026-05-18/blog/blog.curiouscardinals.com/hubfs/Mentor v2 (5).png" [1]
2026-05-18 01:04:42 URL:https://blog.curiouscardinals.com/what-is-a-mentor-ask-homer [71498] -> "/Users/briannazajicek/Documents/illuminairy/archives/curious-cardinals-2026-05-18/blog/blog.curiouscardinals.com/what-is-a-mentor-ask-homer.html" [1]
2026-05-18 01:04:44 URL:https://blog.curiouscardinals.com/hs-fs/hubfs/Mentor%20v1-3-1.png?width=300&height=300&name=Mentor%20v1-3-1.png [39279/39279] -> "/Users/briannazajicek/Documents/illuminairy/archives/curious-cardinals-2026-05-18/blog/blog.curiouscardinals.com/hs-fs/hubfs/Mentor v1-3-1.png?width=300&height=300&name=Mentor v1-3-1.png" [1]
2026-05-18 01:04:46 URL:https://blog.curiouscardinals.com/hs-fs/hubfs/Mentor%20v1-3-1.png?width=150&height=150&name=Mentor%20v1-3-1.png [11969/11969] -> "/Users/briannazajicek/Documents/illuminairy/archives/curious-cardinals-2026-05-18/blog/blog.curiouscardinals.com/hs-fs/hubfs/Mentor v1-3-1.png?width=150&height=150&name=Mentor v1-3-1.png" [1]
2026-05-18 01:04:48 URL:https://blog.curiouscardinals.com/hs-fs/hubfs/Mentor%20v1-3-1.png?width=450&height=450&name=Mentor%20v1-3-1.png [79470/79470] -> "/Users/briannazajicek/Documents/illuminairy/archives/curious-cardinals-2026-05-18/blog/blog.curiouscardinals.com/hs-fs/hubfs/Mentor v1-3-1.png?width=450&height=450&name=Mentor v1-3-1.png" [1]
2026-05-18 01:04:49 URL:https://blog.curiouscardinals.com/hs-fs/hubfs/Mentor%20v1-3-1.png?width=600&height=600&name=Mentor%20v1-3-1.png [274050/274050] -> "/Users/briannazajicek/Documents/illuminairy/archives/curious-cardinals-2026-05-18/blog/blog.curiouscardinals.com/hs-fs/hubfs/Mentor v1-3-1.png?width=600&height=600&name=Mentor v1-3-1.png" [1]
2026-05-18 01:04:51 URL:https://blog.curiouscardinals.com/hs-fs/hubfs/Mentor%20v1-3-1.png?width=750&height=750&name=Mentor%20v1-3-1.png [274050/274050] -> "/Users/briannazajicek/Documents/illuminairy/archives/curious-cardinals-2026-05-18/blog/blog.curiouscardinals.com/hs-fs/hubfs/Mentor v1-3-1.png?width=750&height=750&name=Mentor v1-3-1.png" [1]
2026-05-18 01:04:53 URL:https://blog.curiouscardinals.com/hs-fs/hubfs/Mentor%20v1-3-1.png?width=900&height=900&name=Mentor%20v1-3-1.png [274050/274050] -> "/Users/briannazajicek/Documents/illuminairy/archives/curious-cardinals-2026-05-18/blog/blog.curiouscardinals.com/hs-fs/hubfs/Mentor v1-3-1.png?width=900&height=900&name=Mentor v1-3-1.png" [1]
2026-05-18 01:04:54 URL:https://blog.curiouscardinals.com/hs-fs/hubfs/Screen%20Shot%202022-12-19%20at%206.21.30%20PM.png?width=300&height=336&name=Screen%20Shot%202022-12-19%20at%206.21.30%20PM.png [33924/33924] -> "/Users/briannazajicek/Documents/illuminairy/archives/curious-cardinals-2026-05-18/blog/blog.curiouscardinals.com/hs-fs/hubfs/Screen Shot 2022-12-19 at 6.21.30 PM.png?width=300&height=336&name=Screen Shot 2022-12-19 at 6.21.30 PM.png" [1]
2026-05-18 01:04:56 URL:https://blog.curiouscardinals.com/hs-fs/hubfs/Screen%20Shot%202022-12-19%20at%206.21.30%20PM.png?width=150&height=168&name=Screen%20Shot%202022-12-19%20at%206.21.30%20PM.png [10846/10846] -> "/Users/briannazajicek/Documents/illuminairy/archives/curious-cardinals-2026-05-18/blog/blog.curiouscardinals.com/hs-fs/hubfs/Screen Shot 2022-12-19 at 6.21.30 PM.png?width=150&height=168&name=Screen Shot 2022-12-19 at 6.21.30 PM.png" [1]
2026-05-18 01:04:57 URL:https://blog.curiouscardinals.com/hs-fs/hubfs/Screen%20Shot%202022-12-19%20at%206.21.30%20PM.png?width=450&height=504&name=Screen%20Shot%202022-12-19%20at%206.21.30%20PM.png [94177/94177] -> "/Users/briannazajicek/Documents/illuminairy/archives/curious-cardinals-2026-05-18/blog/blog.curiouscardinals.com/hs-fs/hubfs/Screen Shot 2022-12-19 at 6.21.30 PM.png?width=450&height=504&name=Screen Shot 2022-12-19 at 6.21.30 PM.png" [1]
2026-05-18 01:04:59 URL:https://blog.curiouscardinals.com/hs-fs/hubfs/Screen%20Shot%202022-12-19%20at%206.21.30%20PM.png?width=600&height=672&name=Screen%20Shot%202022-12-19%20at%206.21.30%20PM.png [95876/95876] -> "/Users/briannazajicek/Documents/illuminairy/archives/curious-cardinals-2026-05-18/blog/blog.curiouscardinals.com/hs-fs/hubfs/Screen Shot 2022-12-19 at 6.21.30 PM.png?width=600&height=672&name=Screen Shot 2022-12-19 at 6.21.30 PM.png" [1]
2026-05-18 01:05:01 URL:https://blog.curiouscardinals.com/hs-fs/hubfs/Screen%20Shot%202022-12-19%20at%206.21.30%20PM.png?width=750&height=840&name=Screen%20Shot%202022-12-19%20at%206.21.30%20PM.png [95876/95876] -> "/Users/briannazajicek/Documents/illuminairy/archives/curious-cardinals-2026-05-18/blog/blog.curiouscardinals.com/hs-fs/hubfs/Screen Shot 2022-12-19 at 6.21.30 PM.png?width=750&height=840&name=Screen Shot 2022-12-19 at 6.21.30 PM.png" [1]
2026-05-18 01:05:02 URL:https://blog.curiouscardinals.com/hs-fs/hubfs/Screen%20Shot%202022-12-19%20at%206.21.30%20PM.png?width=900&height=1008&name=Screen%20Shot%202022-12-19%20at%206.21.30%20PM.png [95876/95876] -> "/Users/briannazajicek/Documents/illuminairy/archives/curious-cardinals-2026-05-18/blog/blog.curiouscardinals.com/hs-fs/hubfs/Screen Shot 2022-12-19 at 6.21.30 PM.png?width=900&height=1008&name=Screen Shot 2022-12-19 at 6.21.30 PM.png" [1]
2026-05-18 01:05:04 URL:https://blog.curiouscardinals.com/see-me-cry [103673] -> "/Users/briannazajicek/Documents/illuminairy/archives/curious-cardinals-2026-05-18/blog/blog.curiouscardinals.com/see-me-cry.html" [1]
Cookie coming from blog.curiouscardinals.com attempted to set domain to hubspotusercontent-na2.net
2026-05-18 01:05:05 URL:https://blog.curiouscardinals.com/hubfs/61706da021aede4153d710f8_IMG_2669_edited.jpeg [910394/910394] -> "/Users/briannazajicek/Documents/illuminairy/archives/curious-cardinals-2026-05-18/blog/blog.curiouscardinals.com/hubfs/61706da021aede4153d710f8_IMG_2669_edited.jpeg" [1]
2026-05-18 01:05:06 URL:https://blog.curiouscardinals.com/navigating-hs-year-by-year [88611] -> "/Users/briannazajicek/Documents/illuminairy/archives/curious-cardinals-2026-05-18/blog/blog.curiouscardinals.com/navigating-hs-year-by-year.html" [1]
2026-05-18 01:05:07 URL:https://blog.curiouscardinals.com/hs-fs/hubfs/cc%20finish%20line.gif?width=1584&height=396&name=cc%20finish%20line.gif [1437480/1437480] -> "/Users/briannazajicek/Documents/illuminairy/archives/curious-cardinals-2026-05-18/blog/blog.curiouscardinals.com/hs-fs/hubfs/cc finish line.gif?width=1584&height=396&name=cc finish line.gif" [1]
2026-05-18 01:05:09 URL:https://blog.curiouscardinals.com/hs-fs/hubfs/cc%20finish%20line.gif?width=792&height=198&name=cc%20finish%20line.gif [1437480/1437480] -> "/Users/briannazajicek/Documents/illuminairy/archives/curious-cardinals-2026-05-18/blog/blog.curiouscardinals.com/hs-fs/hubfs/cc finish line.gif?width=792&height=198&name=cc finish line.gif" [1]
2026-05-18 01:05:10 URL:https://blog.curiouscardinals.com/hs-fs/hubfs/cc%20finish%20line.gif?width=2376&height=594&name=cc%20finish%20line.gif [1437480/1437480] -> "/Users/briannazajicek/Documents/illuminairy/archives/curious-cardinals-2026-05-18/blog/blog.curiouscardinals.com/hs-fs/hubfs/cc finish line.gif?width=2376&height=594&name=cc finish line.gif" [1]
2026-05-18 01:05:12 URL:https://blog.curiouscardinals.com/hs-fs/hubfs/cc%20finish%20line.gif?width=3168&height=792&name=cc%20finish%20line.gif [1437480/1437480] -> "/Users/briannazajicek/Documents/illuminairy/archives/curious-cardinals-2026-05-18/blog/blog.curiouscardinals.com/hs-fs/hubfs/cc finish line.gif?width=3168&height=792&name=cc finish line.gif" [1]
2026-05-18 01:05:14 URL:https://blog.curiouscardinals.com/hs-fs/hubfs/cc%20finish%20line.gif?width=3960&height=990&name=cc%20finish%20line.gif [1437480/1437480] -> "/Users/briannazajicek/Documents/illuminairy/archives/curious-cardinals-2026-05-18/blog/blog.curiouscardinals.com/hs-fs/hubfs/cc finish line.gif?width=3960&height=990&name=cc finish line.gif" [1]
2026-05-18 01:05:16 URL:https://blog.curiouscardinals.com/hs-fs/hubfs/cc%20finish%20line.gif?width=4752&height=1188&name=cc%20finish%20line.gif [1437480/1437480] -> "/Users/briannazajicek/Documents/illuminairy/archives/curious-cardinals-2026-05-18/blog/blog.curiouscardinals.com/hs-fs/hubfs/cc finish line.gif?width=4752&height=1188&name=cc finish line.gif" [1]
2026-05-18 01:05:17 URL:https://blog.curiouscardinals.com/hs-fs/hubfs/cc%20soccer.webp?width=326&height=221&name=cc%20soccer.webp [28134/28134] -> "/Users/briannazajicek/Documents/illuminairy/archives/curious-cardinals-2026-05-18/blog/blog.curiouscardinals.com/hs-fs/hubfs/cc soccer.webp?width=326&height=221&name=cc soccer.webp" [1]
2026-05-18 01:05:18 URL:https://blog.curiouscardinals.com/hs-fs/hubfs/cc%20soccer.webp?width=163&height=111&name=cc%20soccer.webp [8306/8306] -> "/Users/briannazajicek/Documents/illuminairy/archives/curious-cardinals-2026-05-18/blog/blog.curiouscardinals.com/hs-fs/hubfs/cc soccer.webp?width=163&height=111&name=cc soccer.webp" [1]
2026-05-18 01:05:19 URL:https://blog.curiouscardinals.com/hs-fs/hubfs/cc%20soccer.webp?width=489&height=332&name=cc%20soccer.webp [58910/58910] -> "/Users/briannazajicek/Documents/illuminairy/archives/curious-cardinals-2026-05-18/blog/blog.curiouscardinals.com/hs-fs/hubfs/cc soccer.webp?width=489&height=332&name=cc soccer.webp" [1]
2026-05-18 01:05:20 URL:https://blog.curiouscardinals.com/hs-fs/hubfs/cc%20soccer.webp?width=652&height=442&name=cc%20soccer.webp [97309/97309] -> "/Users/briannazajicek/Documents/illuminairy/archives/curious-cardinals-2026-05-18/blog/blog.curiouscardinals.com/hs-fs/hubfs/cc soccer.webp?width=652&height=442&name=cc soccer.webp" [1]
2026-05-18 01:05:21 URL:https://blog.curiouscardinals.com/hs-fs/hubfs/cc%20soccer.webp?width=815&height=553&name=cc%20soccer.webp [140960/140960] -> "/Users/briannazajicek/Documents/illuminairy/archives/curious-cardinals-2026-05-18/blog/blog.curiouscardinals.com/hs-fs/hubfs/cc soccer.webp?width=815&height=553&name=cc soccer.webp" [1]
2026-05-18 01:05:22 URL:https://blog.curiouscardinals.com/hs-fs/hubfs/cc%20soccer.webp?width=978&height=663&name=cc%20soccer.webp [140960/140960] -> "/Users/briannazajicek/Documents/illuminairy/archives/curious-cardinals-2026-05-18/blog/blog.curiouscardinals.com/hs-fs/hubfs/cc soccer.webp?width=978&height=663&name=cc soccer.webp" [1]
2026-05-18 01:05:23 URL:https://blog.curiouscardinals.com/hs-fs/hubfs/Screen%20Shot%202025-01-09%20at%201.11.37%20PM.png?width=694&height=220&name=Screen%20Shot%202025-01-09%20at%201.11.37%20PM.png [34316/34316] -> "/Users/briannazajicek/Documents/illuminairy/archives/curious-cardinals-2026-05-18/blog/blog.curiouscardinals.com/hs-fs/hubfs/Screen Shot 2025-01-09 at 1.11.37 PM.png?width=694&height=220&name=Screen Shot 2025-01-09 at 1.11.37 PM.png" [1]
2026-05-18 01:05:24 URL:https://blog.curiouscardinals.com/hs-fs/hubfs/Screen%20Shot%202025-01-09%20at%201.11.37%20PM.png?width=347&height=110&name=Screen%20Shot%202025-01-09%20at%201.11.37%20PM.png [10370/10370] -> "/Users/briannazajicek/Documents/illuminairy/archives/curious-cardinals-2026-05-18/blog/blog.curiouscardinals.com/hs-fs/hubfs/Screen Shot 2025-01-09 at 1.11.37 PM.png?width=347&height=110&name=Screen Shot 2025-01-09 at 1.11.37 PM.png" [1]
2026-05-18 01:05:26 URL:https://blog.curiouscardinals.com/hs-fs/hubfs/Screen%20Shot%202025-01-09%20at%201.11.37%20PM.png?width=1041&height=330&name=Screen%20Shot%202025-01-09%20at%201.11.37%20PM.png [93431/93431] -> "/Users/briannazajicek/Documents/illuminairy/archives/curious-cardinals-2026-05-18/blog/blog.curiouscardinals.com/hs-fs/hubfs/Screen Shot 2025-01-09 at 1.11.37 PM.png?width=1041&height=330&name=Screen Shot 2025-01-09 at 1.11.37 PM.png" [1]
2026-05-18 01:05:27 URL:https://blog.curiouscardinals.com/hs-fs/hubfs/Screen%20Shot%202025-01-09%20at%201.11.37%20PM.png?width=1388&height=440&name=Screen%20Shot%202025-01-09%20at%201.11.37%20PM.png [165722/165722] -> "/Users/briannazajicek/Documents/illuminairy/archives/curious-cardinals-2026-05-18/blog/blog.curiouscardinals.com/hs-fs/hubfs/Screen Shot 2025-01-09 at 1.11.37 PM.png?width=1388&height=440&name=Screen Shot 2025-01-09 at 1.11.37 PM.png" [1]
2026-05-18 01:05:30 URL:https://blog.curiouscardinals.com/hs-fs/hubfs/Screen%20Shot%202025-01-09%20at%201.11.37%20PM.png?width=1735&height=550&name=Screen%20Shot%202025-01-09%20at%201.11.37%20PM.png [165722/165722] -> "/Users/briannazajicek/Documents/illuminairy/archives/curious-cardinals-2026-05-18/blog/blog.curiouscardinals.com/hs-fs/hubfs/Screen Shot 2025-01-09 at 1.11.37 PM.png?width=1735&height=550&name=Screen Shot 2025-01-09 at 1.11.37 PM.png" [1]
2026-05-18 01:05:31 URL:https://blog.curiouscardinals.com/hs-fs/hubfs/Screen%20Shot%202025-01-09%20at%201.11.37%20PM.png?width=2082&height=660&name=Screen%20Shot%202025-01-09%20at%201.11.37%20PM.png [165722/165722] -> "/Users/briannazajicek/Documents/illuminairy/archives/curious-cardinals-2026-05-18/blog/blog.curiouscardinals.com/hs-fs/hubfs/Screen Shot 2025-01-09 at 1.11.37 PM.png?width=2082&height=660&name=Screen Shot 2025-01-09 at 1.11.37 PM.png" [1]
2026-05-18 01:05:31 URL:https://blog.curiouscardinals.com/hs-fs/hubfs/leadership.webp?width=383&height=255&name=leadership.webp [29363/29363] -> "/Users/briannazajicek/Documents/illuminairy/archives/curious-cardinals-2026-05-18/blog/blog.curiouscardinals.com/hs-fs/hubfs/leadership.webp?width=383&height=255&name=leadership.webp" [1]
2026-05-18 01:05:32 URL:https://blog.curiouscardinals.com/hs-fs/hubfs/leadership.webp?width=192&height=128&name=leadership.webp [9287/9287] -> "/Users/briannazajicek/Documents/illuminairy/archives/curious-cardinals-2026-05-18/blog/blog.curiouscardinals.com/hs-fs/hubfs/leadership.webp?width=192&height=128&name=leadership.webp" [1]
2026-05-18 01:05:34 URL:https://blog.curiouscardinals.com/hs-fs/hubfs/leadership.webp?width=575&height=383&name=leadership.webp [57060/57060] -> "/Users/briannazajicek/Documents/illuminairy/archives/curious-cardinals-2026-05-18/blog/blog.curiouscardinals.com/hs-fs/hubfs/leadership.webp?width=575&height=383&name=leadership.webp" [1]
2026-05-18 01:05:35 URL:https://blog.curiouscardinals.com/hs-fs/hubfs/leadership.webp?width=766&height=510&name=leadership.webp [90936/90936] -> "/Users/briannazajicek/Documents/illuminairy/archives/curious-cardinals-2026-05-18/blog/blog.curiouscardinals.com/hs-fs/hubfs/leadership.webp?width=766&height=510&name=leadership.webp" [1]
2026-05-18 01:05:36 URL:https://blog.curiouscardinals.com/hs-fs/hubfs/leadership.webp?width=958&height=638&name=leadership.webp [98375/98375] -> "/Users/briannazajicek/Documents/illuminairy/archives/curious-cardinals-2026-05-18/blog/blog.curiouscardinals.com/hs-fs/hubfs/leadership.webp?width=958&height=638&name=leadership.webp" [1]
2026-05-18 01:05:37 URL:https://blog.curiouscardinals.com/hs-fs/hubfs/leadership.webp?width=1149&height=765&name=leadership.webp [98375/98375] -> "/Users/briannazajicek/Documents/illuminairy/archives/curious-cardinals-2026-05-18/blog/blog.curiouscardinals.com/hs-fs/hubfs/leadership.webp?width=1149&height=765&name=leadership.webp" [1]
2026-05-18 01:05:37 URL:https://blog.curiouscardinals.com/hs-fs/hubfs/Screen%20Shot%202025-01-09%20at%201.14.16%20PM.png?width=674&height=292&name=Screen%20Shot%202025-01-09%20at%201.14.16%20PM.png [45183/45183] -> "/Users/briannazajicek/Documents/illuminairy/archives/curious-cardinals-2026-05-18/blog/blog.curiouscardinals.com/hs-fs/hubfs/Screen Shot 2025-01-09 at 1.14.16 PM.png?width=674&height=292&name=Screen Shot 2025-01-09 at 1.14.16 PM.png" [1]
2026-05-18 01:05:38 URL:https://blog.curiouscardinals.com/hs-fs/hubfs/Screen%20Shot%202025-01-09%20at%201.14.16%20PM.png?width=337&height=146&name=Screen%20Shot%202025-01-09%20at%201.14.16%20PM.png [16146/16146] -> "/Users/briannazajicek/Documents/illuminairy/archives/curious-cardinals-2026-05-18/blog/blog.curiouscardinals.com/hs-fs/hubfs/Screen Shot 2025-01-09 at 1.14.16 PM.png?width=337&height=146&name=Screen Shot 2025-01-09 at 1.14.16 PM.png" [1]
2026-05-18 01:05:40 URL:https://blog.curiouscardinals.com/hs-fs/hubfs/Screen%20Shot%202025-01-09%20at%201.14.16%20PM.png?width=1011&height=438&name=Screen%20Shot%202025-01-09%20at%201.14.16%20PM.png [86064/86064] -> "/Users/briannazajicek/Documents/illuminairy/archives/curious-cardinals-2026-05-18/blog/blog.curiouscardinals.com/hs-fs/hubfs/Screen Shot 2025-01-09 at 1.14.16 PM.png?width=1011&height=438&name=Screen Shot 2025-01-09 at 1.14.16 PM.png" [1]
2026-05-18 01:05:41 URL:https://blog.curiouscardinals.com/hs-fs/hubfs/Screen%20Shot%202025-01-09%20at%201.14.16%20PM.png?width=1348&height=584&name=Screen%20Shot%202025-01-09%20at%201.14.16%20PM.png [48459/48459] -> "/Users/briannazajicek/Documents/illuminairy/archives/curious-cardinals-2026-05-18/blog/blog.curiouscardinals.com/hs-fs/hubfs/Screen Shot 2025-01-09 at 1.14.16 PM.png?width=1348&height=584&name=Screen Shot 2025-01-09 at 1.14.16 PM.png" [1]
2026-05-18 01:05:42 URL:https://blog.curiouscardinals.com/hs-fs/hubfs/Screen%20Shot%202025-01-09%20at%201.14.16%20PM.png?width=1685&height=730&name=Screen%20Shot%202025-01-09%20at%201.14.16%20PM.png [48459/48459] -> "/Users/briannazajicek/Documents/illuminairy/archives/curious-cardinals-2026-05-18/blog/blog.curiouscardinals.com/hs-fs/hubfs/Screen Shot 2025-01-09 at 1.14.16 PM.png?width=1685&height=730&name=Screen Shot 2025-01-09 at 1.14.16 PM.png" [1]
2026-05-18 01:05:43 URL:https://blog.curiouscardinals.com/hs-fs/hubfs/Screen%20Shot%202025-01-09%20at%201.14.16%20PM.png?width=2022&height=876&name=Screen%20Shot%202025-01-09%20at%201.14.16%20PM.png [48459/48459] -> "/Users/briannazajicek/Documents/illuminairy/archives/curious-cardinals-2026-05-18/blog/blog.curiouscardinals.com/hs-fs/hubfs/Screen Shot 2025-01-09 at 1.14.16 PM.png?width=2022&height=876&name=Screen Shot 2025-01-09 at 1.14.16 PM.png" [1]
2026-05-18 01:05:44 URL:https://blog.curiouscardinals.com/hs-fs/hubfs/Shula.webp?width=339&height=226&name=Shula.webp [12647/12647] -> "/Users/briannazajicek/Documents/illuminairy/archives/curious-cardinals-2026-05-18/blog/blog.curiouscardinals.com/hs-fs/hubfs/Shula.webp?width=339&height=226&name=Shula.webp" [1]
2026-05-18 01:05:45 URL:https://blog.curiouscardinals.com/hs-fs/hubfs/Shula.webp?width=170&height=113&name=Shula.webp [4740/4740] -> "/Users/briannazajicek/Documents/illuminairy/archives/curious-cardinals-2026-05-18/blog/blog.curiouscardinals.com/hs-fs/hubfs/Shula.webp?width=170&height=113&name=Shula.webp" [1]
2026-05-18 01:05:46 URL:https://blog.curiouscardinals.com/hs-fs/hubfs/Shula.webp?width=509&height=339&name=Shula.webp [22721/22721] -> "/Users/briannazajicek/Documents/illuminairy/archives/curious-cardinals-2026-05-18/blog/blog.curiouscardinals.com/hs-fs/hubfs/Shula.webp?width=509&height=339&name=Shula.webp" [1]
2026-05-18 01:05:46 URL:https://blog.curiouscardinals.com/hs-fs/hubfs/Shula.webp?width=678&height=452&name=Shula.webp [34594/34594] -> "/Users/briannazajicek/Documents/illuminairy/archives/curious-cardinals-2026-05-18/blog/blog.curiouscardinals.com/hs-fs/hubfs/Shula.webp?width=678&height=452&name=Shula.webp" [1]
2026-05-18 01:05:47 URL:https://blog.curiouscardinals.com/hs-fs/hubfs/Shula.webp?width=848&height=565&name=Shula.webp [43323/43323] -> "/Users/briannazajicek/Documents/illuminairy/archives/curious-cardinals-2026-05-18/blog/blog.curiouscardinals.com/hs-fs/hubfs/Shula.webp?width=848&height=565&name=Shula.webp" [1]
2026-05-18 01:05:48 URL:https://blog.curiouscardinals.com/hs-fs/hubfs/Shula.webp?width=1017&height=678&name=Shula.webp [43323/43323] -> "/Users/briannazajicek/Documents/illuminairy/archives/curious-cardinals-2026-05-18/blog/blog.curiouscardinals.com/hs-fs/hubfs/Shula.webp?width=1017&height=678&name=Shula.webp" [1]
2026-05-18 01:05:49 URL:https://blog.curiouscardinals.com/hs-fs/hubfs/Screen%20Shot%202025-01-09%20at%201.20.31%20PM.png?width=192&height=225&name=Screen%20Shot%202025-01-09%20at%201.20.31%20PM.png [12791/12791] -> "/Users/briannazajicek/Documents/illuminairy/archives/curious-cardinals-2026-05-18/blog/blog.curiouscardinals.com/hs-fs/hubfs/Screen Shot 2025-01-09 at 1.20.31 PM.png?width=192&height=225&name=Screen Shot 2025-01-09 at 1.20.31 PM.png" [1]
2026-05-18 01:05:50 URL:https://blog.curiouscardinals.com/hs-fs/hubfs/Screen%20Shot%202025-01-09%20at%201.20.31%20PM.png?width=96&height=113&name=Screen%20Shot%202025-01-09%20at%201.20.31%20PM.png [4988/4988] -> "/Users/briannazajicek/Documents/illuminairy/archives/curious-cardinals-2026-05-18/blog/blog.curiouscardinals.com/hs-fs/hubfs/Screen Shot 2025-01-09 at 1.20.31 PM.png?width=96&height=113&name=Screen Shot 2025-01-09 at 1.20.31 PM.png" [1]
2026-05-18 01:05:51 URL:https://blog.curiouscardinals.com/hs-fs/hubfs/Screen%20Shot%202025-01-09%20at%201.20.31%20PM.png?width=288&height=338&name=Screen%20Shot%202025-01-09%20at%201.20.31%20PM.png [36423/36423] -> "/Users/briannazajicek/Documents/illuminairy/archives/curious-cardinals-2026-05-18/blog/blog.curiouscardinals.com/hs-fs/hubfs/Screen Shot 2025-01-09 at 1.20.31 PM.png?width=288&height=338&name=Screen Shot 2025-01-09 at 1.20.31 PM.png" [1]
2026-05-18 01:05:52 URL:https://blog.curiouscardinals.com/hs-fs/hubfs/Screen%20Shot%202025-01-09%20at%201.20.31%20PM.png?width=384&height=450&name=Screen%20Shot%202025-01-09%20at%201.20.31%20PM.png [92329/92329] -> "/Users/briannazajicek/Documents/illuminairy/archives/curious-cardinals-2026-05-18/blog/blog.curiouscardinals.com/hs-fs/hubfs/Screen Shot 2025-01-09 at 1.20.31 PM.png?width=384&height=450&name=Screen Shot 2025-01-09 at 1.20.31 PM.png" [1]
2026-05-18 01:05:53 URL:https://blog.curiouscardinals.com/hs-fs/hubfs/Screen%20Shot%202025-01-09%20at%201.20.31%20PM.png?width=480&height=563&name=Screen%20Shot%202025-01-09%20at%201.20.31%20PM.png [92329/92329] -> "/Users/briannazajicek/Documents/illuminairy/archives/curious-cardinals-2026-05-18/blog/blog.curiouscardinals.com/hs-fs/hubfs/Screen Shot 2025-01-09 at 1.20.31 PM.png?width=480&height=563&name=Screen Shot 2025-01-09 at 1.20.31 PM.png" [1]
2026-05-18 01:05:54 URL:https://blog.curiouscardinals.com/hs-fs/hubfs/Screen%20Shot%202025-01-09%20at%201.20.31%20PM.png?width=576&height=675&name=Screen%20Shot%202025-01-09%20at%201.20.31%20PM.png [92329/92329] -> "/Users/briannazajicek/Documents/illuminairy/archives/curious-cardinals-2026-05-18/blog/blog.curiouscardinals.com/hs-fs/hubfs/Screen Shot 2025-01-09 at 1.20.31 PM.png?width=576&height=675&name=Screen Shot 2025-01-09 at 1.20.31 PM.png" [1]
2026-05-18 01:05:54 URL:https://blog.curiouscardinals.com/hs-fs/hubfs/Screen%20Shot%202025-01-09%20at%201.21.32%20PM.png?width=195&height=226&name=Screen%20Shot%202025-01-09%20at%201.21.32%20PM.png [13184/13184] -> "/Users/briannazajicek/Documents/illuminairy/archives/curious-cardinals-2026-05-18/blog/blog.curiouscardinals.com/hs-fs/hubfs/Screen Shot 2025-01-09 at 1.21.32 PM.png?width=195&height=226&name=Screen Shot 2025-01-09 at 1.21.32 PM.png" [1]
2026-05-18 01:05:55 URL:https://blog.curiouscardinals.com/hs-fs/hubfs/Screen%20Shot%202025-01-09%20at%201.21.32%20PM.png?width=98&height=113&name=Screen%20Shot%202025-01-09%20at%201.21.32%20PM.png [5069/5069] -> "/Users/briannazajicek/Documents/illuminairy/archives/curious-cardinals-2026-05-18/blog/blog.curiouscardinals.com/hs-fs/hubfs/Screen Shot 2025-01-09 at 1.21.32 PM.png?width=98&height=113&name=Screen Shot 2025-01-09 at 1.21.32 PM.png" [1]
2026-05-18 01:05:56 URL:https://blog.curiouscardinals.com/hs-fs/hubfs/Screen%20Shot%202025-01-09%20at%201.21.32%20PM.png?width=293&height=339&name=Screen%20Shot%202025-01-09%20at%201.21.32%20PM.png [37169/37169] -> "/Users/briannazajicek/Documents/illuminairy/archives/curious-cardinals-2026-05-18/blog/blog.curiouscardinals.com/hs-fs/hubfs/Screen Shot 2025-01-09 at 1.21.32 PM.png?width=293&height=339&name=Screen Shot 2025-01-09 at 1.21.32 PM.png" [1]
2026-05-18 01:05:57 URL:https://blog.curiouscardinals.com/hs-fs/hubfs/Screen%20Shot%202025-01-09%20at%201.21.32%20PM.png?width=390&height=452&name=Screen%20Shot%202025-01-09%20at%201.21.32%20PM.png [92166/92166] -> "/Users/briannazajicek/Documents/illuminairy/archives/curious-cardinals-2026-05-18/blog/blog.curiouscardinals.com/hs-fs/hubfs/Screen Shot 2025-01-09 at 1.21.32 PM.png?width=390&height=452&name=Screen Shot 2025-01-09 at 1.21.32 PM.png" [1]
2026-05-18 01:05:59 URL:https://blog.curiouscardinals.com/hs-fs/hubfs/Screen%20Shot%202025-01-09%20at%201.21.32%20PM.png?width=488&height=565&name=Screen%20Shot%202025-01-09%20at%201.21.32%20PM.png [92166/92166] -> "/Users/briannazajicek/Documents/illuminairy/archives/curious-cardinals-2026-05-18/blog/blog.curiouscardinals.com/hs-fs/hubfs/Screen Shot 2025-01-09 at 1.21.32 PM.png?width=488&height=565&name=Screen Shot 2025-01-09 at 1.21.32 PM.png" [1]
2026-05-18 01:05:59 URL:https://blog.curiouscardinals.com/hs-fs/hubfs/Screen%20Shot%202025-01-09%20at%201.21.32%20PM.png?width=585&height=678&name=Screen%20Shot%202025-01-09%20at%201.21.32%20PM.png [92166/92166] -> "/Users/briannazajicek/Documents/illuminairy/archives/curious-cardinals-2026-05-18/blog/blog.curiouscardinals.com/hs-fs/hubfs/Screen Shot 2025-01-09 at 1.21.32 PM.png?width=585&height=678&name=Screen Shot 2025-01-09 at 1.21.32 PM.png" [1]
2026-05-18 01:06:00 URL:https://blog.curiouscardinals.com/hs-fs/hubfs/Screen%20Shot%202025-01-09%20at%201.22.39%20PM.png?width=199&height=229&name=Screen%20Shot%202025-01-09%20at%201.22.39%20PM.png [11780/11780] -> "/Users/briannazajicek/Documents/illuminairy/archives/curious-cardinals-2026-05-18/blog/blog.curiouscardinals.com/hs-fs/hubfs/Screen Shot 2025-01-09 at 1.22.39 PM.png?width=199&height=229&name=Screen Shot 2025-01-09 at 1.22.39 PM.png" [1]
2026-05-18 01:06:01 URL:https://blog.curiouscardinals.com/hs-fs/hubfs/Screen%20Shot%202025-01-09%20at%201.22.39%20PM.png?width=100&height=115&name=Screen%20Shot%202025-01-09%20at%201.22.39%20PM.png [4661/4661] -> "/Users/briannazajicek/Documents/illuminairy/archives/curious-cardinals-2026-05-18/blog/blog.curiouscardinals.com/hs-fs/hubfs/Screen Shot 2025-01-09 at 1.22.39 PM.png?width=100&height=115&name=Screen Shot 2025-01-09 at 1.22.39 PM.png" [1]
2026-05-18 01:06:02 URL:https://blog.curiouscardinals.com/hs-fs/hubfs/Screen%20Shot%202025-01-09%20at%201.22.39%20PM.png?width=299&height=344&name=Screen%20Shot%202025-01-09%20at%201.22.39%20PM.png [37802/37802] -> "/Users/briannazajicek/Documents/illuminairy/archives/curious-cardinals-2026-05-18/blog/blog.curiouscardinals.com/hs-fs/hubfs/Screen Shot 2025-01-09 at 1.22.39 PM.png?width=299&height=344&name=Screen Shot 2025-01-09 at 1.22.39 PM.png" [1]
2026-05-18 01:06:03 URL:https://blog.curiouscardinals.com/hs-fs/hubfs/Screen%20Shot%202025-01-09%20at%201.22.39%20PM.png?width=398&height=458&name=Screen%20Shot%202025-01-09%20at%201.22.39%20PM.png [84148/84148] -> "/Users/briannazajicek/Documents/illuminairy/archives/curious-cardinals-2026-05-18/blog/blog.curiouscardinals.com/hs-fs/hubfs/Screen Shot 2025-01-09 at 1.22.39 PM.png?width=398&height=458&name=Screen Shot 2025-01-09 at 1.22.39 PM.png" [1]
2026-05-18 01:06:05 URL:https://blog.curiouscardinals.com/hs-fs/hubfs/Screen%20Shot%202025-01-09%20at%201.22.39%20PM.png?width=498&height=573&name=Screen%20Shot%202025-01-09%20at%201.22.39%20PM.png [84148/84148] -> "/Users/briannazajicek/Documents/illuminairy/archives/curious-cardinals-2026-05-18/blog/blog.curiouscardinals.com/hs-fs/hubfs/Screen Shot 2025-01-09 at 1.22.39 PM.png?width=498&height=573&name=Screen Shot 2025-01-09 at 1.22.39 PM.png" [1]
2026-05-18 01:06:05 URL:https://blog.curiouscardinals.com/hs-fs/hubfs/Screen%20Shot%202025-01-09%20at%201.22.39%20PM.png?width=597&height=687&name=Screen%20Shot%202025-01-09%20at%201.22.39%20PM.png [84148/84148] -> "/Users/briannazajicek/Documents/illuminairy/archives/curious-cardinals-2026-05-18/blog/blog.curiouscardinals.com/hs-fs/hubfs/Screen Shot 2025-01-09 at 1.22.39 PM.png?width=597&height=687&name=Screen Shot 2025-01-09 at 1.22.39 PM.png" [1]
2026-05-18 01:06:06 URL:https://blog.curiouscardinals.com/hs-fs/hubfs/Screen%20Shot%202025-01-06%20at%208.27.20%20PM.png?width=208&height=166&name=Screen%20Shot%202025-01-06%20at%208.27.20%20PM.png [13549/13549] -> "/Users/briannazajicek/Documents/illuminairy/archives/curious-cardinals-2026-05-18/blog/blog.curiouscardinals.com/hs-fs/hubfs/Screen Shot 2025-01-06 at 8.27.20 PM.png?width=208&height=166&name=Screen Shot 2025-01-06 at 8.27.20 PM.png" [1]
2026-05-18 01:06:08 URL:https://blog.curiouscardinals.com/hs-fs/hubfs/Screen%20Shot%202025-01-06%20at%208.27.20%20PM.png?width=104&height=83&name=Screen%20Shot%202025-01-06%20at%208.27.20%20PM.png [4745/4745] -> "/Users/briannazajicek/Documents/illuminairy/archives/curious-cardinals-2026-05-18/blog/blog.curiouscardinals.com/hs-fs/hubfs/Screen Shot 2025-01-06 at 8.27.20 PM.png?width=104&height=83&name=Screen Shot 2025-01-06 at 8.27.20 PM.png" [1]
2026-05-18 01:06:09 URL:https://blog.curiouscardinals.com/hs-fs/hubfs/Screen%20Shot%202025-01-06%20at%208.27.20%20PM.png?width=312&height=249&name=Screen%20Shot%202025-01-06%20at%208.27.20%20PM.png [34860/34860] -> "/Users/briannazajicek/Documents/illuminairy/archives/curious-cardinals-2026-05-18/blog/blog.curiouscardinals.com/hs-fs/hubfs/Screen Shot 2025-01-06 at 8.27.20 PM.png?width=312&height=249&name=Screen Shot 2025-01-06 at 8.27.20 PM.png" [1]
2026-05-18 01:06:10 URL:https://blog.curiouscardinals.com/hs-fs/hubfs/Screen%20Shot%202025-01-06%20at%208.27.20%20PM.png?width=416&height=332&name=Screen%20Shot%202025-01-06%20at%208.27.20%20PM.png [93393/93393] -> "/Users/briannazajicek/Documents/illuminairy/archives/curious-cardinals-2026-05-18/blog/blog.curiouscardinals.com/hs-fs/hubfs/Screen Shot 2025-01-06 at 8.27.20 PM.png?width=416&height=332&name=Screen Shot 2025-01-06 at 8.27.20 PM.png" [1]
2026-05-18 01:06:11 URL:https://blog.curiouscardinals.com/hs-fs/hubfs/Screen%20Shot%202025-01-06%20at%208.27.20%20PM.png?width=520&height=415&name=Screen%20Shot%202025-01-06%20at%208.27.20%20PM.png [93393/93393] -> "/Users/briannazajicek/Documents/illuminairy/archives/curious-cardinals-2026-05-18/blog/blog.curiouscardinals.com/hs-fs/hubfs/Screen Shot 2025-01-06 at 8.27.20 PM.png?width=520&height=415&name=Screen Shot 2025-01-06 at 8.27.20 PM.png" [1]
2026-05-18 01:06:12 URL:https://blog.curiouscardinals.com/hs-fs/hubfs/Screen%20Shot%202025-01-06%20at%208.27.20%20PM.png?width=624&height=498&name=Screen%20Shot%202025-01-06%20at%208.27.20%20PM.png [93393/93393] -> "/Users/briannazajicek/Documents/illuminairy/archives/curious-cardinals-2026-05-18/blog/blog.curiouscardinals.com/hs-fs/hubfs/Screen Shot 2025-01-06 at 8.27.20 PM.png?width=624&height=498&name=Screen Shot 2025-01-06 at 8.27.20 PM.png" [1]
Cookie coming from blog.curiouscardinals.com attempted to set domain to hubspotusercontent-na2.net
2026-05-18 01:06:12 URL:https://blog.curiouscardinals.com/hubfs/2-4.png [597007/597007] -> "/Users/briannazajicek/Documents/illuminairy/archives/curious-cardinals-2026-05-18/blog/blog.curiouscardinals.com/hubfs/2-4.png" [1]
2026-05-18 01:06:13 URL:https://blog.curiouscardinals.com/uncovering-turmoil-and-triumph-at-the-supreme-court-with-mentor-matthew-jennings [75582] -> "/Users/briannazajicek/Documents/illuminairy/archives/curious-cardinals-2026-05-18/blog/blog.curiouscardinals.com/uncovering-turmoil-and-triumph-at-the-supreme-court-with-mentor-matthew-jennings.html" [1]
Cookie coming from blog.curiouscardinals.com attempted to set domain to hubspotusercontent-na2.net
2026-05-18 01:06:15 URL:https://blog.curiouscardinals.com/hubfs/image-png.png [3107778/3107778] -> "/Users/briannazajicek/Documents/illuminairy/archives/curious-cardinals-2026-05-18/blog/blog.curiouscardinals.com/hubfs/image-png.png" [1]
Cookie coming from blog.curiouscardinals.com attempted to set domain to hubspotusercontent-na2.net
2026-05-18 01:06:16 URL:https://blog.curiouscardinals.com/hubfs/image-png-1.png [881138/881138] -> "/Users/briannazajicek/Documents/illuminairy/archives/curious-cardinals-2026-05-18/blog/blog.curiouscardinals.com/hubfs/image-png-1.png" [1]
Cookie coming from blog.curiouscardinals.com attempted to set domain to hubspotusercontent-na2.net
2026-05-18 01:06:17 URL:https://blog.curiouscardinals.com/hubfs/image-png-2.png [683013/683013] -> "/Users/briannazajicek/Documents/illuminairy/archives/curious-cardinals-2026-05-18/blog/blog.curiouscardinals.com/hubfs/image-png-2.png" [1]
Cookie coming from blog.curiouscardinals.com attempted to set domain to hubspotusercontent-na2.net
2026-05-18 01:06:18 URL:https://blog.curiouscardinals.com/hubfs/image-png-3.png [1911893/1911893] -> "/Users/briannazajicek/Documents/illuminairy/archives/curious-cardinals-2026-05-18/blog/blog.curiouscardinals.com/hubfs/image-png-3.png" [1]
Cookie coming from blog.curiouscardinals.com attempted to set domain to hubspotusercontent-na2.net
2026-05-18 01:06:20 URL:https://blog.curiouscardinals.com/hubfs/image-png-4.png [1305262/1305262] -> "/Users/briannazajicek/Documents/illuminairy/archives/curious-cardinals-2026-05-18/blog/blog.curiouscardinals.com/hubfs/image-png-4.png" [1]
Cookie coming from blog.curiouscardinals.com attempted to set domain to hubspotusercontent-na2.net
2026-05-18 01:06:21 URL:https://blog.curiouscardinals.com/hubfs/image-png-Sep-20-2022-04-25-11-23-PM.png [1721820/1721820] -> "/Users/briannazajicek/Documents/illuminairy/archives/curious-cardinals-2026-05-18/blog/blog.curiouscardinals.com/hubfs/image-png-Sep-20-2022-04-25-11-23-PM.png" [1]
Cookie coming from blog.curiouscardinals.com attempted to set domain to hubspotusercontent-na2.net
2026-05-18 01:06:22 URL:https://blog.curiouscardinals.com/hubfs/image-png-Sep-20-2022-04-25-19-41-PM.png [667215/667215] -> "/Users/briannazajicek/Documents/illuminairy/archives/curious-cardinals-2026-05-18/blog/blog.curiouscardinals.com/hubfs/image-png-Sep-20-2022-04-25-19-41-PM.png" [1]
Cookie coming from blog.curiouscardinals.com attempted to set domain to hubspotusercontent-na2.net
2026-05-18 01:06:23 URL:https://blog.curiouscardinals.com/hubfs/image-png-Sep-20-2022-04-25-26-55-PM.png [430177/430177] -> "/Users/briannazajicek/Documents/illuminairy/archives/curious-cardinals-2026-05-18/blog/blog.curiouscardinals.com/hubfs/image-png-Sep-20-2022-04-25-26-55-PM.png" [1]
Cookie coming from blog.curiouscardinals.com attempted to set domain to hubspotusercontent-na2.net
2026-05-18 01:06:24 URL:https://blog.curiouscardinals.com/hubfs/image-png-Sep-20-2022-04-25-33-97-PM.png [1017848/1017848] -> "/Users/briannazajicek/Documents/illuminairy/archives/curious-cardinals-2026-05-18/blog/blog.curiouscardinals.com/hubfs/image-png-Sep-20-2022-04-25-33-97-PM.png" [1]
2026-05-18 01:06:24 URL:https://blog.curiouscardinals.com/why-i-wish-i-had-worked-on-my-writing-in-high-school [81966] -> "/Users/briannazajicek/Documents/illuminairy/archives/curious-cardinals-2026-05-18/blog/blog.curiouscardinals.com/why-i-wish-i-had-worked-on-my-writing-in-high-school.html" [1]
Cookie coming from blog.curiouscardinals.com attempted to set domain to hubspotusercontent-na2.net
2026-05-18 01:06:25 URL:https://blog.curiouscardinals.com/hubfs/c620c161-454d-48f1-bdc0-2261a795da45%20(1)-1.jpg [238994/238994] -> "/Users/briannazajicek/Documents/illuminairy/archives/curious-cardinals-2026-05-18/blog/blog.curiouscardinals.com/hubfs/c620c161-454d-48f1-bdc0-2261a795da45 (1)-1.jpg" [1]
2026-05-18 01:06:26 URL:https://blog.curiouscardinals.com/hs-fs/hubfs/c620c161-454d-48f1-bdc0-2261a795da45%20(1)-1.jpg?width=584&name=c620c161-454d-48f1-bdc0-2261a795da45%20(1)-1.jpg [36317/36317] -> "/Users/briannazajicek/Documents/illuminairy/archives/curious-cardinals-2026-05-18/blog/blog.curiouscardinals.com/hs-fs/hubfs/c620c161-454d-48f1-bdc0-2261a795da45 (1)-1.jpg?width=584&name=c620c161-454d-48f1-bdc0-2261a795da45 (1)-1.jpg" [1]
2026-05-18 01:06:27 URL:https://blog.curiouscardinals.com/hs-fs/hubfs/c620c161-454d-48f1-bdc0-2261a795da45%20(1)-1.jpg?width=292&name=c620c161-454d-48f1-bdc0-2261a795da45%20(1)-1.jpg [12545/12545] -> "/Users/briannazajicek/Documents/illuminairy/archives/curious-cardinals-2026-05-18/blog/blog.curiouscardinals.com/hs-fs/hubfs/c620c161-454d-48f1-bdc0-2261a795da45 (1)-1.jpg?width=292&name=c620c161-454d-48f1-bdc0-2261a795da45 (1)-1.jpg" [1]
2026-05-18 01:06:29 URL:https://blog.curiouscardinals.com/hs-fs/hubfs/c620c161-454d-48f1-bdc0-2261a795da45%20(1)-1.jpg?width=876&name=c620c161-454d-48f1-bdc0-2261a795da45%20(1)-1.jpg [67180/67180] -> "/Users/briannazajicek/Documents/illuminairy/archives/curious-cardinals-2026-05-18/blog/blog.curiouscardinals.com/hs-fs/hubfs/c620c161-454d-48f1-bdc0-2261a795da45 (1)-1.jpg?width=876&name=c620c161-454d-48f1-bdc0-2261a795da45 (1)-1.jpg" [1]
2026-05-18 01:06:30 URL:https://blog.curiouscardinals.com/hs-fs/hubfs/c620c161-454d-48f1-bdc0-2261a795da45%20(1)-1.jpg?width=1168&name=c620c161-454d-48f1-bdc0-2261a795da45%20(1)-1.jpg [102497/102497] -> "/Users/briannazajicek/Documents/illuminairy/archives/curious-cardinals-2026-05-18/blog/blog.curiouscardinals.com/hs-fs/hubfs/c620c161-454d-48f1-bdc0-2261a795da45 (1)-1.jpg?width=1168&name=c620c161-454d-48f1-bdc0-2261a795da45 (1)-1.jpg" [1]
2026-05-18 01:06:31 URL:https://blog.curiouscardinals.com/hs-fs/hubfs/c620c161-454d-48f1-bdc0-2261a795da45%20(1)-1.jpg?width=1460&name=c620c161-454d-48f1-bdc0-2261a795da45%20(1)-1.jpg [152377/152377] -> "/Users/briannazajicek/Documents/illuminairy/archives/curious-cardinals-2026-05-18/blog/blog.curiouscardinals.com/hs-fs/hubfs/c620c161-454d-48f1-bdc0-2261a795da45 (1)-1.jpg?width=1460&name=c620c161-454d-48f1-bdc0-2261a795da45 (1)-1.jpg" [1]
2026-05-18 01:06:32 URL:https://blog.curiouscardinals.com/hs-fs/hubfs/c620c161-454d-48f1-bdc0-2261a795da45%20(1)-1.jpg?width=1752&name=c620c161-454d-48f1-bdc0-2261a795da45%20(1)-1.jpg [152377/152377] -> "/Users/briannazajicek/Documents/illuminairy/archives/curious-cardinals-2026-05-18/blog/blog.curiouscardinals.com/hs-fs/hubfs/c620c161-454d-48f1-bdc0-2261a795da45 (1)-1.jpg?width=1752&name=c620c161-454d-48f1-bdc0-2261a795da45 (1)-1.jpg" [1]
2026-05-18 01:06:32 URL:https://blog.curiouscardinals.com/hs-fs/hubfs/IMG_4469-2.jpg?width=287&name=IMG_4469-2.jpg [19800/19800] -> "/Users/briannazajicek/Documents/illuminairy/archives/curious-cardinals-2026-05-18/blog/blog.curiouscardinals.com/hs-fs/hubfs/IMG_4469-2.jpg?width=287&name=IMG_4469-2.jpg" [1]
2026-05-18 01:06:33 URL:https://blog.curiouscardinals.com/hs-fs/hubfs/IMG_4469-2.jpg?width=144&name=IMG_4469-2.jpg [8148/8148] -> "/Users/briannazajicek/Documents/illuminairy/archives/curious-cardinals-2026-05-18/blog/blog.curiouscardinals.com/hs-fs/hubfs/IMG_4469-2.jpg?width=144&name=IMG_4469-2.jpg" [1]
2026-05-18 01:06:35 URL:https://blog.curiouscardinals.com/hs-fs/hubfs/IMG_4469-2.jpg?width=431&name=IMG_4469-2.jpg [33410/33410] -> "/Users/briannazajicek/Documents/illuminairy/archives/curious-cardinals-2026-05-18/blog/blog.curiouscardinals.com/hs-fs/hubfs/IMG_4469-2.jpg?width=431&name=IMG_4469-2.jpg" [1]
2026-05-18 01:06:36 URL:https://blog.curiouscardinals.com/hs-fs/hubfs/IMG_4469-2.jpg?width=574&name=IMG_4469-2.jpg [50005/50005] -> "/Users/briannazajicek/Documents/illuminairy/archives/curious-cardinals-2026-05-18/blog/blog.curiouscardinals.com/hs-fs/hubfs/IMG_4469-2.jpg?width=574&name=IMG_4469-2.jpg" [1]
2026-05-18 01:06:37 URL:https://blog.curiouscardinals.com/hs-fs/hubfs/IMG_4469-2.jpg?width=718&name=IMG_4469-2.jpg [69120/69120] -> "/Users/briannazajicek/Documents/illuminairy/archives/curious-cardinals-2026-05-18/blog/blog.curiouscardinals.com/hs-fs/hubfs/IMG_4469-2.jpg?width=718&name=IMG_4469-2.jpg" [1]
2026-05-18 01:06:38 URL:https://blog.curiouscardinals.com/hs-fs/hubfs/IMG_4469-2.jpg?width=861&name=IMG_4469-2.jpg [90377/90377] -> "/Users/briannazajicek/Documents/illuminairy/archives/curious-cardinals-2026-05-18/blog/blog.curiouscardinals.com/hs-fs/hubfs/IMG_4469-2.jpg?width=861&name=IMG_4469-2.jpg" [1]
2026-05-18 01:06:40 URL:https://blog.curiouscardinals.com/hs-fs/hubfs/IMG_7577.jpg?width=628&name=IMG_7577.jpg [25444/25444] -> "/Users/briannazajicek/Documents/illuminairy/archives/curious-cardinals-2026-05-18/blog/blog.curiouscardinals.com/hs-fs/hubfs/IMG_7577.jpg?width=628&name=IMG_7577.jpg" [1]
2026-05-18 01:06:41 URL:https://blog.curiouscardinals.com/hs-fs/hubfs/IMG_7577.jpg?width=314&name=IMG_7577.jpg [8647/8647] -> "/Users/briannazajicek/Documents/illuminairy/archives/curious-cardinals-2026-05-18/blog/blog.curiouscardinals.com/hs-fs/hubfs/IMG_7577.jpg?width=314&name=IMG_7577.jpg" [1]
2026-05-18 01:06:42 URL:https://blog.curiouscardinals.com/hs-fs/hubfs/IMG_7577.jpg?width=942&name=IMG_7577.jpg [44008/44008] -> "/Users/briannazajicek/Documents/illuminairy/archives/curious-cardinals-2026-05-18/blog/blog.curiouscardinals.com/hs-fs/hubfs/IMG_7577.jpg?width=942&name=IMG_7577.jpg" [1]
2026-05-18 01:06:44 URL:https://blog.curiouscardinals.com/hs-fs/hubfs/IMG_7577.jpg?width=1256&name=IMG_7577.jpg [89242/89242] -> "/Users/briannazajicek/Documents/illuminairy/archives/curious-cardinals-2026-05-18/blog/blog.curiouscardinals.com/hs-fs/hubfs/IMG_7577.jpg?width=1256&name=IMG_7577.jpg" [1]
2026-05-18 01:06:45 URL:https://blog.curiouscardinals.com/hs-fs/hubfs/IMG_7577.jpg?width=1570&name=IMG_7577.jpg [137318/137318] -> "/Users/briannazajicek/Documents/illuminairy/archives/curious-cardinals-2026-05-18/blog/blog.curiouscardinals.com/hs-fs/hubfs/IMG_7577.jpg?width=1570&name=IMG_7577.jpg" [1]
2026-05-18 01:06:46 URL:https://blog.curiouscardinals.com/hs-fs/hubfs/IMG_7577.jpg?width=1884&name=IMG_7577.jpg [201328/201328] -> "/Users/briannazajicek/Documents/illuminairy/archives/curious-cardinals-2026-05-18/blog/blog.curiouscardinals.com/hs-fs/hubfs/IMG_7577.jpg?width=1884&name=IMG_7577.jpg" [1]
2026-05-18 01:06:47 URL:https://blog.curiouscardinals.com/hs-fs/hubfs/Screen%20Shot%202022-08-25%20at%201.25.24%20PM.png?width=387&name=Screen%20Shot%202022-08-25%20at%201.25.24%20PM.png [98026/98026] -> "/Users/briannazajicek/Documents/illuminairy/archives/curious-cardinals-2026-05-18/blog/blog.curiouscardinals.com/hs-fs/hubfs/Screen Shot 2022-08-25 at 1.25.24 PM.png?width=387&name=Screen Shot 2022-08-25 at 1.25.24 PM.png" [1]
2026-05-18 01:06:49 URL:https://blog.curiouscardinals.com/hs-fs/hubfs/Screen%20Shot%202022-08-25%20at%201.25.24%20PM.png?width=194&name=Screen%20Shot%202022-08-25%20at%201.25.24%20PM.png [30501/30501] -> "/Users/briannazajicek/Documents/illuminairy/archives/curious-cardinals-2026-05-18/blog/blog.curiouscardinals.com/hs-fs/hubfs/Screen Shot 2022-08-25 at 1.25.24 PM.png?width=194&name=Screen Shot 2022-08-25 at 1.25.24 PM.png" [1]
2026-05-18 01:06:50 URL:https://blog.curiouscardinals.com/hs-fs/hubfs/Screen%20Shot%202022-08-25%20at%201.25.24%20PM.png?width=581&name=Screen%20Shot%202022-08-25%20at%201.25.24%20PM.png [212144/212144] -> "/Users/briannazajicek/Documents/illuminairy/archives/curious-cardinals-2026-05-18/blog/blog.curiouscardinals.com/hs-fs/hubfs/Screen Shot 2022-08-25 at 1.25.24 PM.png?width=581&name=Screen Shot 2022-08-25 at 1.25.24 PM.png" [1]
2026-05-18 01:06:52 URL:https://blog.curiouscardinals.com/hs-fs/hubfs/Screen%20Shot%202022-08-25%20at%201.25.24%20PM.png?width=774&name=Screen%20Shot%202022-08-25%20at%201.25.24%20PM.png [349114/349114] -> "/Users/briannazajicek/Documents/illuminairy/archives/curious-cardinals-2026-05-18/blog/blog.curiouscardinals.com/hs-fs/hubfs/Screen Shot 2022-08-25 at 1.25.24 PM.png?width=774&name=Screen Shot 2022-08-25 at 1.25.24 PM.png" [1]
2026-05-18 01:06:54 URL:https://blog.curiouscardinals.com/hs-fs/hubfs/Screen%20Shot%202022-08-25%20at%201.25.24%20PM.png?width=968&name=Screen%20Shot%202022-08-25%20at%201.25.24%20PM.png [470474/470474] -> "/Users/briannazajicek/Documents/illuminairy/archives/curious-cardinals-2026-05-18/blog/blog.curiouscardinals.com/hs-fs/hubfs/Screen Shot 2022-08-25 at 1.25.24 PM.png?width=968&name=Screen Shot 2022-08-25 at 1.25.24 PM.png" [1]
2026-05-18 01:06:55 URL:https://blog.curiouscardinals.com/hs-fs/hubfs/Screen%20Shot%202022-08-25%20at%201.25.24%20PM.png?width=1161&name=Screen%20Shot%202022-08-25%20at%201.25.24%20PM.png [470474/470474] -> "/Users/briannazajicek/Documents/illuminairy/archives/curious-cardinals-2026-05-18/blog/blog.curiouscardinals.com/hs-fs/hubfs/Screen Shot 2022-08-25 at 1.25.24 PM.png?width=1161&name=Screen Shot 2022-08-25 at 1.25.24 PM.png" [1]
2026-05-18 01:06:56 URL:https://blog.curiouscardinals.com/why-you-should-learn-about-entrepreneurship-as-a-high-school-student [69012] -> "/Users/briannazajicek/Documents/illuminairy/archives/curious-cardinals-2026-05-18/blog/blog.curiouscardinals.com/why-you-should-learn-about-entrepreneurship-as-a-high-school-student.html" [1]
2026-05-18 01:06:56 URL:https://blog.curiouscardinals.com/are-your-kids-ignoring-your-advice [77818] -> "/Users/briannazajicek/Documents/illuminairy/archives/curious-cardinals-2026-05-18/blog/blog.curiouscardinals.com/are-your-kids-ignoring-your-advice.html" [1]
Cookie coming from blog.curiouscardinals.com attempted to set domain to hubspotusercontent-na2.net
2026-05-18 01:06:57 URL:https://blog.curiouscardinals.com/hubfs/Student%20v1-5.png [808574/808574] -> "/Users/briannazajicek/Documents/illuminairy/archives/curious-cardinals-2026-05-18/blog/blog.curiouscardinals.com/hubfs/Student v1-5.png" [1]
2026-05-18 01:06:58 URL:https://blog.curiouscardinals.com/hs-fs/hubfs/Mentor%20v1-7.png?width=303&height=303&name=Mentor%20v1-7.png [41602/41602] -> "/Users/briannazajicek/Documents/illuminairy/archives/curious-cardinals-2026-05-18/blog/blog.curiouscardinals.com/hs-fs/hubfs/Mentor v1-7.png?width=303&height=303&name=Mentor v1-7.png" [1]
2026-05-18 01:06:59 URL:https://blog.curiouscardinals.com/hs-fs/hubfs/Mentor%20v1-7.png?width=152&height=152&name=Mentor%20v1-7.png [13386/13386] -> "/Users/briannazajicek/Documents/illuminairy/archives/curious-cardinals-2026-05-18/blog/blog.curiouscardinals.com/hs-fs/hubfs/Mentor v1-7.png?width=152&height=152&name=Mentor v1-7.png" [1]
2026-05-18 01:07:01 URL:https://blog.curiouscardinals.com/hs-fs/hubfs/Mentor%20v1-7.png?width=455&height=455&name=Mentor%20v1-7.png [81591/81591] -> "/Users/briannazajicek/Documents/illuminairy/archives/curious-cardinals-2026-05-18/blog/blog.curiouscardinals.com/hs-fs/hubfs/Mentor v1-7.png?width=455&height=455&name=Mentor v1-7.png" [1]
2026-05-18 01:07:02 URL:https://blog.curiouscardinals.com/hs-fs/hubfs/Mentor%20v1-7.png?width=606&height=606&name=Mentor%20v1-7.png [143491/143491] -> "/Users/briannazajicek/Documents/illuminairy/archives/curious-cardinals-2026-05-18/blog/blog.curiouscardinals.com/hs-fs/hubfs/Mentor v1-7.png?width=606&height=606&name=Mentor v1-7.png" [1]
2026-05-18 01:07:03 URL:https://blog.curiouscardinals.com/hs-fs/hubfs/Mentor%20v1-7.png?width=758&height=758&name=Mentor%20v1-7.png [209508/209508] -> "/Users/briannazajicek/Documents/illuminairy/archives/curious-cardinals-2026-05-18/blog/blog.curiouscardinals.com/hs-fs/hubfs/Mentor v1-7.png?width=758&height=758&name=Mentor v1-7.png" [1]
2026-05-18 01:07:04 URL:https://blog.curiouscardinals.com/hs-fs/hubfs/Mentor%20v1-7.png?width=909&height=909&name=Mentor%20v1-7.png [286512/286512] -> "/Users/briannazajicek/Documents/illuminairy/archives/curious-cardinals-2026-05-18/blog/blog.curiouscardinals.com/hs-fs/hubfs/Mentor v1-7.png?width=909&height=909&name=Mentor v1-7.png" [1]
2026-05-18 01:07:05 URL:https://blog.curiouscardinals.com/hs-fs/hubfs/Banner%20v2-2.png?width=1584&height=396&name=Banner%20v2-2.png [65117/65117] -> "/Users/briannazajicek/Documents/illuminairy/archives/curious-cardinals-2026-05-18/blog/blog.curiouscardinals.com/hs-fs/hubfs/Banner v2-2.png?width=1584&height=396&name=Banner v2-2.png" [1]
2026-05-18 01:07:06 URL:https://blog.curiouscardinals.com/hs-fs/hubfs/Banner%20v2-2.png?width=792&height=198&name=Banner%20v2-2.png [23087/23087] -> "/Users/briannazajicek/Documents/illuminairy/archives/curious-cardinals-2026-05-18/blog/blog.curiouscardinals.com/hs-fs/hubfs/Banner v2-2.png?width=792&height=198&name=Banner v2-2.png" [1]
2026-05-18 01:07:06 URL:https://blog.curiouscardinals.com/hs-fs/hubfs/Banner%20v2-2.png?width=2376&height=594&name=Banner%20v2-2.png [65117/65117] -> "/Users/briannazajicek/Documents/illuminairy/archives/curious-cardinals-2026-05-18/blog/blog.curiouscardinals.com/hs-fs/hubfs/Banner v2-2.png?width=2376&height=594&name=Banner v2-2.png" [1]
2026-05-18 01:07:07 URL:https://blog.curiouscardinals.com/hs-fs/hubfs/Banner%20v2-2.png?width=3168&height=792&name=Banner%20v2-2.png [65117/65117] -> "/Users/briannazajicek/Documents/illuminairy/archives/curious-cardinals-2026-05-18/blog/blog.curiouscardinals.com/hs-fs/hubfs/Banner v2-2.png?width=3168&height=792&name=Banner v2-2.png" [1]
2026-05-18 01:07:08 URL:https://blog.curiouscardinals.com/hs-fs/hubfs/Banner%20v2-2.png?width=3960&height=990&name=Banner%20v2-2.png [65117/65117] -> "/Users/briannazajicek/Documents/illuminairy/archives/curious-cardinals-2026-05-18/blog/blog.curiouscardinals.com/hs-fs/hubfs/Banner v2-2.png?width=3960&height=990&name=Banner v2-2.png" [1]
2026-05-18 01:07:09 URL:https://blog.curiouscardinals.com/hs-fs/hubfs/Banner%20v2-2.png?width=4752&height=1188&name=Banner%20v2-2.png [65117/65117] -> "/Users/briannazajicek/Documents/illuminairy/archives/curious-cardinals-2026-05-18/blog/blog.curiouscardinals.com/hs-fs/hubfs/Banner v2-2.png?width=4752&height=1188&name=Banner v2-2.png" [1]
2026-05-18 01:07:10 URL:https://blog.curiouscardinals.com/hs-fs/hubfs/Mentor%20v1-8.png?width=275&height=275&name=Mentor%20v1-8.png [27556/27556] -> "/Users/briannazajicek/Documents/illuminairy/archives/curious-cardinals-2026-05-18/blog/blog.curiouscardinals.com/hs-fs/hubfs/Mentor v1-8.png?width=275&height=275&name=Mentor v1-8.png" [1]
2026-05-18 01:07:11 URL:https://blog.curiouscardinals.com/hs-fs/hubfs/Mentor%20v1-8.png?width=138&height=138&name=Mentor%20v1-8.png [9028/9028] -> "/Users/briannazajicek/Documents/illuminairy/archives/curious-cardinals-2026-05-18/blog/blog.curiouscardinals.com/hs-fs/hubfs/Mentor v1-8.png?width=138&height=138&name=Mentor v1-8.png" [1]
2026-05-18 01:07:12 URL:https://blog.curiouscardinals.com/hs-fs/hubfs/Mentor%20v1-8.png?width=413&height=413&name=Mentor%20v1-8.png [55450/55450] -> "/Users/briannazajicek/Documents/illuminairy/archives/curious-cardinals-2026-05-18/blog/blog.curiouscardinals.com/hs-fs/hubfs/Mentor v1-8.png?width=413&height=413&name=Mentor v1-8.png" [1]
2026-05-18 01:07:13 URL:https://blog.curiouscardinals.com/hs-fs/hubfs/Mentor%20v1-8.png?width=550&height=550&name=Mentor%20v1-8.png [98078/98078] -> "/Users/briannazajicek/Documents/illuminairy/archives/curious-cardinals-2026-05-18/blog/blog.curiouscardinals.com/hs-fs/hubfs/Mentor v1-8.png?width=550&height=550&name=Mentor v1-8.png" [1]
2026-05-18 01:07:15 URL:https://blog.curiouscardinals.com/hs-fs/hubfs/Mentor%20v1-8.png?width=688&height=688&name=Mentor%20v1-8.png [149042/149042] -> "/Users/briannazajicek/Documents/illuminairy/archives/curious-cardinals-2026-05-18/blog/blog.curiouscardinals.com/hs-fs/hubfs/Mentor v1-8.png?width=688&height=688&name=Mentor v1-8.png" [1]
2026-05-18 01:07:16 URL:https://blog.curiouscardinals.com/hs-fs/hubfs/Mentor%20v1-8.png?width=825&height=825&name=Mentor%20v1-8.png [208336/208336] -> "/Users/briannazajicek/Documents/illuminairy/archives/curious-cardinals-2026-05-18/blog/blog.curiouscardinals.com/hs-fs/hubfs/Mentor v1-8.png?width=825&height=825&name=Mentor v1-8.png" [1]
2026-05-18 01:07:16 URL:https://blog.curiouscardinals.com/hs-fs/hubfs/Banner%20v2-3.png?width=1584&height=396&name=Banner%20v2-3.png [74742/74742] -> "/Users/briannazajicek/Documents/illuminairy/archives/curious-cardinals-2026-05-18/blog/blog.curiouscardinals.com/hs-fs/hubfs/Banner v2-3.png?width=1584&height=396&name=Banner v2-3.png" [1]
2026-05-18 01:07:17 URL:https://blog.curiouscardinals.com/hs-fs/hubfs/Banner%20v2-3.png?width=792&height=198&name=Banner%20v2-3.png [28315/28315] -> "/Users/briannazajicek/Documents/illuminairy/archives/curious-cardinals-2026-05-18/blog/blog.curiouscardinals.com/hs-fs/hubfs/Banner v2-3.png?width=792&height=198&name=Banner v2-3.png" [1]
2026-05-18 01:07:18 URL:https://blog.curiouscardinals.com/hs-fs/hubfs/Banner%20v2-3.png?width=2376&height=594&name=Banner%20v2-3.png [74742/74742] -> "/Users/briannazajicek/Documents/illuminairy/archives/curious-cardinals-2026-05-18/blog/blog.curiouscardinals.com/hs-fs/hubfs/Banner v2-3.png?width=2376&height=594&name=Banner v2-3.png" [1]
2026-05-18 01:07:20 URL:https://blog.curiouscardinals.com/hs-fs/hubfs/Banner%20v2-3.png?width=3168&height=792&name=Banner%20v2-3.png [74742/74742] -> "/Users/briannazajicek/Documents/illuminairy/archives/curious-cardinals-2026-05-18/blog/blog.curiouscardinals.com/hs-fs/hubfs/Banner v2-3.png?width=3168&height=792&name=Banner v2-3.png" [1]
2026-05-18 01:07:21 URL:https://blog.curiouscardinals.com/hs-fs/hubfs/Banner%20v2-3.png?width=3960&height=990&name=Banner%20v2-3.png [74742/74742] -> "/Users/briannazajicek/Documents/illuminairy/archives/curious-cardinals-2026-05-18/blog/blog.curiouscardinals.com/hs-fs/hubfs/Banner v2-3.png?width=3960&height=990&name=Banner v2-3.png" [1]
2026-05-18 01:07:22 URL:https://blog.curiouscardinals.com/hs-fs/hubfs/Banner%20v2-3.png?width=4752&height=1188&name=Banner%20v2-3.png [74742/74742] -> "/Users/briannazajicek/Documents/illuminairy/archives/curious-cardinals-2026-05-18/blog/blog.curiouscardinals.com/hs-fs/hubfs/Banner v2-3.png?width=4752&height=1188&name=Banner v2-3.png" [1]
2026-05-18 01:07:23 URL:https://blog.curiouscardinals.com/hs-fs/hubfs/Banner%20v2-4.png?width=1584&height=396&name=Banner%20v2-4.png [69356/69356] -> "/Users/briannazajicek/Documents/illuminairy/archives/curious-cardinals-2026-05-18/blog/blog.curiouscardinals.com/hs-fs/hubfs/Banner v2-4.png?width=1584&height=396&name=Banner v2-4.png" [1]
2026-05-18 01:07:23 URL:https://blog.curiouscardinals.com/hs-fs/hubfs/Banner%20v2-4.png?width=792&height=198&name=Banner%20v2-4.png [25714/25714] -> "/Users/briannazajicek/Documents/illuminairy/archives/curious-cardinals-2026-05-18/blog/blog.curiouscardinals.com/hs-fs/hubfs/Banner v2-4.png?width=792&height=198&name=Banner v2-4.png" [1]
2026-05-18 01:07:24 URL:https://blog.curiouscardinals.com/hs-fs/hubfs/Banner%20v2-4.png?width=2376&height=594&name=Banner%20v2-4.png [69356/69356] -> "/Users/briannazajicek/Documents/illuminairy/archives/curious-cardinals-2026-05-18/blog/blog.curiouscardinals.com/hs-fs/hubfs/Banner v2-4.png?width=2376&height=594&name=Banner v2-4.png" [1]
2026-05-18 01:07:25 URL:https://blog.curiouscardinals.com/hs-fs/hubfs/Banner%20v2-4.png?width=3168&height=792&name=Banner%20v2-4.png [69356/69356] -> "/Users/briannazajicek/Documents/illuminairy/archives/curious-cardinals-2026-05-18/blog/blog.curiouscardinals.com/hs-fs/hubfs/Banner v2-4.png?width=3168&height=792&name=Banner v2-4.png" [1]
2026-05-18 01:07:26 URL:https://blog.curiouscardinals.com/hs-fs/hubfs/Banner%20v2-4.png?width=3960&height=990&name=Banner%20v2-4.png [69356/69356] -> "/Users/briannazajicek/Documents/illuminairy/archives/curious-cardinals-2026-05-18/blog/blog.curiouscardinals.com/hs-fs/hubfs/Banner v2-4.png?width=3960&height=990&name=Banner v2-4.png" [1]
2026-05-18 01:07:27 URL:https://blog.curiouscardinals.com/hs-fs/hubfs/Banner%20v2-4.png?width=4752&height=1188&name=Banner%20v2-4.png [69356/69356] -> "/Users/briannazajicek/Documents/illuminairy/archives/curious-cardinals-2026-05-18/blog/blog.curiouscardinals.com/hs-fs/hubfs/Banner v2-4.png?width=4752&height=1188&name=Banner v2-4.png" [1]
2026-05-18 01:07:28 URL:https://blog.curiouscardinals.com/hs-fs/hubfs/Banner%20v2-5.png?width=1584&height=396&name=Banner%20v2-5.png [69245/69245] -> "/Users/briannazajicek/Documents/illuminairy/archives/curious-cardinals-2026-05-18/blog/blog.curiouscardinals.com/hs-fs/hubfs/Banner v2-5.png?width=1584&height=396&name=Banner v2-5.png" [1]
2026-05-18 01:07:29 URL:https://blog.curiouscardinals.com/hs-fs/hubfs/Banner%20v2-5.png?width=792&height=198&name=Banner%20v2-5.png [25572/25572] -> "/Users/briannazajicek/Documents/illuminairy/archives/curious-cardinals-2026-05-18/blog/blog.curiouscardinals.com/hs-fs/hubfs/Banner v2-5.png?width=792&height=198&name=Banner v2-5.png" [1]
2026-05-18 01:07:30 URL:https://blog.curiouscardinals.com/hs-fs/hubfs/Banner%20v2-5.png?width=2376&height=594&name=Banner%20v2-5.png [69245/69245] -> "/Users/briannazajicek/Documents/illuminairy/archives/curious-cardinals-2026-05-18/blog/blog.curiouscardinals.com/hs-fs/hubfs/Banner v2-5.png?width=2376&height=594&name=Banner v2-5.png" [1]
2026-05-18 01:07:31 URL:https://blog.curiouscardinals.com/hs-fs/hubfs/Banner%20v2-5.png?width=3168&height=792&name=Banner%20v2-5.png [69245/69245] -> "/Users/briannazajicek/Documents/illuminairy/archives/curious-cardinals-2026-05-18/blog/blog.curiouscardinals.com/hs-fs/hubfs/Banner v2-5.png?width=3168&height=792&name=Banner v2-5.png" [1]
2026-05-18 01:07:32 URL:https://blog.curiouscardinals.com/hs-fs/hubfs/Banner%20v2-5.png?width=3960&height=990&name=Banner%20v2-5.png [69245/69245] -> "/Users/briannazajicek/Documents/illuminairy/archives/curious-cardinals-2026-05-18/blog/blog.curiouscardinals.com/hs-fs/hubfs/Banner v2-5.png?width=3960&height=990&name=Banner v2-5.png" [1]
2026-05-18 01:07:33 URL:https://blog.curiouscardinals.com/hs-fs/hubfs/Banner%20v2-5.png?width=4752&height=1188&name=Banner%20v2-5.png [69245/69245] -> "/Users/briannazajicek/Documents/illuminairy/archives/curious-cardinals-2026-05-18/blog/blog.curiouscardinals.com/hs-fs/hubfs/Banner v2-5.png?width=4752&height=1188&name=Banner v2-5.png" [1]
Cookie coming from blog.curiouscardinals.com attempted to set domain to hubspotusercontent-na2.net
2026-05-18 01:07:34 URL:https://blog.curiouscardinals.com/hubfs/blog%20banners%20--%20CC%20(2)-1.png [581838/581838] -> "/Users/briannazajicek/Documents/illuminairy/archives/curious-cardinals-2026-05-18/blog/blog.curiouscardinals.com/hubfs/blog banners -- CC (2)-1.png" [1]
2026-05-18 01:07:35 URL:https://blog.curiouscardinals.com/sustainability-for-our-present-and-future-mentor-paulina-terrazas [67831] -> "/Users/briannazajicek/Documents/illuminairy/archives/curious-cardinals-2026-05-18/blog/blog.curiouscardinals.com/sustainability-for-our-present-and-future-mentor-paulina-terrazas.html" [1]
Cookie coming from blog.curiouscardinals.com attempted to set domain to hubspotusercontent-na2.net
2026-05-18 01:07:36 URL:https://blog.curiouscardinals.com/hubfs/Screen%20Shot%202022-06-10%20at%204.17.54%20PM.png [4146532/4146532] -> "/Users/briannazajicek/Documents/illuminairy/archives/curious-cardinals-2026-05-18/blog/blog.curiouscardinals.com/hubfs/Screen Shot 2022-06-10 at 4.17.54 PM.png" [1]
2026-05-18 01:07:36 URL:https://blog.curiouscardinals.com/mentor-spotlight-priya-gill [65967] -> "/Users/briannazajicek/Documents/illuminairy/archives/curious-cardinals-2026-05-18/blog/blog.curiouscardinals.com/mentor-spotlight-priya-gill.html" [1]
2026-05-18 01:07:37 URL:https://blog.curiouscardinals.com/the-future-of-k-12-education [75465] -> "/Users/briannazajicek/Documents/illuminairy/archives/curious-cardinals-2026-05-18/blog/blog.curiouscardinals.com/the-future-of-k-12-education.html" [1]
2026-05-18 01:07:37 URL:https://blog.curiouscardinals.com/hs-fs/hubfs/CC%20quotes%20(4).png?width=331&height=276&name=CC%20quotes%20(4).png [19585/19585] -> "/Users/briannazajicek/Documents/illuminairy/archives/curious-cardinals-2026-05-18/blog/blog.curiouscardinals.com/hs-fs/hubfs/CC quotes (4).png?width=331&height=276&name=CC quotes (4).png" [1]
2026-05-18 01:07:38 URL:https://blog.curiouscardinals.com/hs-fs/hubfs/CC%20quotes%20(4).png?width=166&height=138&name=CC%20quotes%20(4).png [7871/7871] -> "/Users/briannazajicek/Documents/illuminairy/archives/curious-cardinals-2026-05-18/blog/blog.curiouscardinals.com/hs-fs/hubfs/CC quotes (4).png?width=166&height=138&name=CC quotes (4).png" [1]
2026-05-18 01:07:39 URL:https://blog.curiouscardinals.com/hs-fs/hubfs/CC%20quotes%20(4).png?width=497&height=414&name=CC%20quotes%20(4).png [35149/35149] -> "/Users/briannazajicek/Documents/illuminairy/archives/curious-cardinals-2026-05-18/blog/blog.curiouscardinals.com/hs-fs/hubfs/CC quotes (4).png?width=497&height=414&name=CC quotes (4).png" [1]
2026-05-18 01:07:40 URL:https://blog.curiouscardinals.com/hs-fs/hubfs/CC%20quotes%20(4).png?width=662&height=552&name=CC%20quotes%20(4).png [50678/50678] -> "/Users/briannazajicek/Documents/illuminairy/archives/curious-cardinals-2026-05-18/blog/blog.curiouscardinals.com/hs-fs/hubfs/CC quotes (4).png?width=662&height=552&name=CC quotes (4).png" [1]
2026-05-18 01:07:41 URL:https://blog.curiouscardinals.com/hs-fs/hubfs/CC%20quotes%20(4).png?width=828&height=690&name=CC%20quotes%20(4).png [67232/67232] -> "/Users/briannazajicek/Documents/illuminairy/archives/curious-cardinals-2026-05-18/blog/blog.curiouscardinals.com/hs-fs/hubfs/CC quotes (4).png?width=828&height=690&name=CC quotes (4).png" [1]
2026-05-18 01:07:42 URL:https://blog.curiouscardinals.com/hs-fs/hubfs/CC%20quotes%20(4).png?width=993&height=828&name=CC%20quotes%20(4).png [85214/85214] -> "/Users/briannazajicek/Documents/illuminairy/archives/curious-cardinals-2026-05-18/blog/blog.curiouscardinals.com/hs-fs/hubfs/CC quotes (4).png?width=993&height=828&name=CC quotes (4).png" [1]
2026-05-18 01:07:42 URL:https://blog.curiouscardinals.com/hs-fs/hubfs/CC%20quotes%20(3).png?width=305&height=254&name=CC%20quotes%20(3).png [16182/16182] -> "/Users/briannazajicek/Documents/illuminairy/archives/curious-cardinals-2026-05-18/blog/blog.curiouscardinals.com/hs-fs/hubfs/CC quotes (3).png?width=305&height=254&name=CC quotes (3).png" [1]
2026-05-18 01:07:43 URL:https://blog.curiouscardinals.com/hs-fs/hubfs/CC%20quotes%20(3).png?width=153&height=127&name=CC%20quotes%20(3).png [6591/6591] -> "/Users/briannazajicek/Documents/illuminairy/archives/curious-cardinals-2026-05-18/blog/blog.curiouscardinals.com/hs-fs/hubfs/CC quotes (3).png?width=153&height=127&name=CC quotes (3).png" [1]
2026-05-18 01:07:44 URL:https://blog.curiouscardinals.com/hs-fs/hubfs/CC%20quotes%20(3).png?width=458&height=381&name=CC%20quotes%20(3).png [27280/27280] -> "/Users/briannazajicek/Documents/illuminairy/archives/curious-cardinals-2026-05-18/blog/blog.curiouscardinals.com/hs-fs/hubfs/CC quotes (3).png?width=458&height=381&name=CC quotes (3).png" [1]
2026-05-18 01:07:45 URL:https://blog.curiouscardinals.com/hs-fs/hubfs/CC%20quotes%20(3).png?width=610&height=508&name=CC%20quotes%20(3).png [38728/38728] -> "/Users/briannazajicek/Documents/illuminairy/archives/curious-cardinals-2026-05-18/blog/blog.curiouscardinals.com/hs-fs/hubfs/CC quotes (3).png?width=610&height=508&name=CC quotes (3).png" [1]
2026-05-18 01:07:46 URL:https://blog.curiouscardinals.com/hs-fs/hubfs/CC%20quotes%20(3).png?width=763&height=635&name=CC%20quotes%20(3).png [50938/50938] -> "/Users/briannazajicek/Documents/illuminairy/archives/curious-cardinals-2026-05-18/blog/blog.curiouscardinals.com/hs-fs/hubfs/CC quotes (3).png?width=763&height=635&name=CC quotes (3).png" [1]
2026-05-18 01:07:47 URL:https://blog.curiouscardinals.com/hs-fs/hubfs/CC%20quotes%20(3).png?width=915&height=762&name=CC%20quotes%20(3).png [63488/63488] -> "/Users/briannazajicek/Documents/illuminairy/archives/curious-cardinals-2026-05-18/blog/blog.curiouscardinals.com/hs-fs/hubfs/CC quotes (3).png?width=915&height=762&name=CC quotes (3).png" [1]
2026-05-18 01:07:48 URL:https://blog.curiouscardinals.com/hs-fs/hubfs/corner%20(1).png?width=260&height=260&name=corner%20(1).png [19081/19081] -> "/Users/briannazajicek/Documents/illuminairy/archives/curious-cardinals-2026-05-18/blog/blog.curiouscardinals.com/hs-fs/hubfs/corner (1).png?width=260&height=260&name=corner (1).png" [1]
2026-05-18 01:07:48 URL:https://blog.curiouscardinals.com/hs-fs/hubfs/corner%20(1).png?width=130&height=130&name=corner%20(1).png [6666/6666] -> "/Users/briannazajicek/Documents/illuminairy/archives/curious-cardinals-2026-05-18/blog/blog.curiouscardinals.com/hs-fs/hubfs/corner (1).png?width=130&height=130&name=corner (1).png" [1]
2026-05-18 01:07:49 URL:https://blog.curiouscardinals.com/hs-fs/hubfs/corner%20(1).png?width=390&height=390&name=corner%20(1).png [34719/34719] -> "/Users/briannazajicek/Documents/illuminairy/archives/curious-cardinals-2026-05-18/blog/blog.curiouscardinals.com/hs-fs/hubfs/corner (1).png?width=390&height=390&name=corner (1).png" [1]
2026-05-18 01:07:51 URL:https://blog.curiouscardinals.com/hs-fs/hubfs/corner%20(1).png?width=520&height=520&name=corner%20(1).png [58916/58916] -> "/Users/briannazajicek/Documents/illuminairy/archives/curious-cardinals-2026-05-18/blog/blog.curiouscardinals.com/hs-fs/hubfs/corner (1).png?width=520&height=520&name=corner (1).png" [1]
2026-05-18 01:07:52 URL:https://blog.curiouscardinals.com/hs-fs/hubfs/corner%20(1).png?width=650&height=650&name=corner%20(1).png [85676/85676] -> "/Users/briannazajicek/Documents/illuminairy/archives/curious-cardinals-2026-05-18/blog/blog.curiouscardinals.com/hs-fs/hubfs/corner (1).png?width=650&height=650&name=corner (1).png" [1]
2026-05-18 01:07:52 URL:https://blog.curiouscardinals.com/hs-fs/hubfs/corner%20(1).png?width=780&height=780&name=corner%20(1).png [94746/94746] -> "/Users/briannazajicek/Documents/illuminairy/archives/curious-cardinals-2026-05-18/blog/blog.curiouscardinals.com/hs-fs/hubfs/corner (1).png?width=780&height=780&name=corner (1).png" [1]
2026-05-18 01:07:53 URL:https://blog.curiouscardinals.com/the-pursuit-of-passion-a-manifesto [91353] -> "/Users/briannazajicek/Documents/illuminairy/archives/curious-cardinals-2026-05-18/blog/blog.curiouscardinals.com/the-pursuit-of-passion-a-manifesto.html" [1]
Cookie coming from blog.curiouscardinals.com attempted to set domain to hubspotusercontent-na2.net
2026-05-18 01:07:54 URL:https://blog.curiouscardinals.com/hubfs/curious-cardinals-1.jpeg [100341/100341] -> "/Users/briannazajicek/Documents/illuminairy/archives/curious-cardinals-2026-05-18/blog/blog.curiouscardinals.com/hubfs/curious-cardinals-1.jpeg" [1]
Cookie coming from blog.curiouscardinals.com attempted to set domain to hubspotusercontent-na2.net
2026-05-18 01:07:55 URL:https://blog.curiouscardinals.com/hubfs/1_n1kVKtcIhQ8sVaefHVjMEw.jpeg [244484/244484] -> "/Users/briannazajicek/Documents/illuminairy/archives/curious-cardinals-2026-05-18/blog/blog.curiouscardinals.com/hubfs/1_n1kVKtcIhQ8sVaefHVjMEw.jpeg" [1]
2026-05-18 01:07:55 URL:https://blog.curiouscardinals.com/i-dont-have-time-is-the-wrong-excuse [79116] -> "/Users/briannazajicek/Documents/illuminairy/archives/curious-cardinals-2026-05-18/blog/blog.curiouscardinals.com/i-dont-have-time-is-the-wrong-excuse.html" [1]
2026-05-18 01:07:55 URL:https://blog.curiouscardinals.com/hs-fs/hubfs/Cream%20Orange%20Inspirational%20Quote%20Graphic%20Sticky%20Note%20Instagram%20Post%20%20(1).png?width=350&name=Cream%20Orange%20Inspirational%20Quote%20Graphic%20Sticky%20Note%20Instagram%20Post%20%20(1).png [15954/15954] -> "/Users/briannazajicek/Documents/illuminairy/archives/curious-cardinals-2026-05-18/blog/blog.curiouscardinals.com/hs-fs/hubfs/Cream Orange Inspirational Quote Graphic Sticky Note Instagram Post  (1).png?width=350&name=Cream Orange Inspirational Quote Graphic Sticky Note Instagram Post  (1).png" [1]
2026-05-18 01:07:57 URL:https://blog.curiouscardinals.com/hs-fs/hubfs/Cream%20Orange%20Inspirational%20Quote%20Graphic%20Sticky%20Note%20Instagram%20Post%20%20(1).png?width=175&name=Cream%20Orange%20Inspirational%20Quote%20Graphic%20Sticky%20Note%20Instagram%20Post%20%20(1).png [6774/6774] -> "/Users/briannazajicek/Documents/illuminairy/archives/curious-cardinals-2026-05-18/blog/blog.curiouscardinals.com/hs-fs/hubfs/Cream Orange Inspirational Quote Graphic Sticky Note Instagram Post  (1).png?width=175&name=Cream Orange Inspirational Quote Graphic Sticky Note Instagram Post  (1).png" [1]
2026-05-18 01:07:57 URL:https://blog.curiouscardinals.com/hs-fs/hubfs/Cream%20Orange%20Inspirational%20Quote%20Graphic%20Sticky%20Note%20Instagram%20Post%20%20(1).png?width=525&name=Cream%20Orange%20Inspirational%20Quote%20Graphic%20Sticky%20Note%20Instagram%20Post%20%20(1).png [27046/27046] -> "/Users/briannazajicek/Documents/illuminairy/archives/curious-cardinals-2026-05-18/blog/blog.curiouscardinals.com/hs-fs/hubfs/Cream Orange Inspirational Quote Graphic Sticky Note Instagram Post  (1).png?width=525&name=Cream Orange Inspirational Quote Graphic Sticky Note Instagram Post  (1).png" [1]
2026-05-18 01:07:58 URL:https://blog.curiouscardinals.com/hs-fs/hubfs/Cream%20Orange%20Inspirational%20Quote%20Graphic%20Sticky%20Note%20Instagram%20Post%20%20(1).png?width=700&name=Cream%20Orange%20Inspirational%20Quote%20Graphic%20Sticky%20Note%20Instagram%20Post%20%20(1).png [39498/39498] -> "/Users/briannazajicek/Documents/illuminairy/archives/curious-cardinals-2026-05-18/blog/blog.curiouscardinals.com/hs-fs/hubfs/Cream Orange Inspirational Quote Graphic Sticky Note Instagram Post  (1).png?width=700&name=Cream Orange Inspirational Quote Graphic Sticky Note Instagram Post  (1).png" [1]
2026-05-18 01:07:59 URL:https://blog.curiouscardinals.com/hs-fs/hubfs/Cream%20Orange%20Inspirational%20Quote%20Graphic%20Sticky%20Note%20Instagram%20Post%20%20(1).png?width=875&name=Cream%20Orange%20Inspirational%20Quote%20Graphic%20Sticky%20Note%20Instagram%20Post%20%20(1).png [53692/53692] -> "/Users/briannazajicek/Documents/illuminairy/archives/curious-cardinals-2026-05-18/blog/blog.curiouscardinals.com/hs-fs/hubfs/Cream Orange Inspirational Quote Graphic Sticky Note Instagram Post  (1).png?width=875&name=Cream Orange Inspirational Quote Graphic Sticky Note Instagram Post  (1).png" [1]
2026-05-18 01:08:01 URL:https://blog.curiouscardinals.com/hs-fs/hubfs/Cream%20Orange%20Inspirational%20Quote%20Graphic%20Sticky%20Note%20Instagram%20Post%20%20(1).png?width=1050&name=Cream%20Orange%20Inspirational%20Quote%20Graphic%20Sticky%20Note%20Instagram%20Post%20%20(1).png [66952/66952] -> "/Users/briannazajicek/Documents/illuminairy/archives/curious-cardinals-2026-05-18/blog/blog.curiouscardinals.com/hs-fs/hubfs/Cream Orange Inspirational Quote Graphic Sticky Note Instagram Post  (1).png?width=1050&name=Cream Orange Inspirational Quote Graphic Sticky Note Instagram Post  (1).png" [1]
2026-05-18 01:08:02 URL:https://blog.curiouscardinals.com/hs-fs/hubfs/Cream%20Orange%20Inspirational%20Quote%20Graphic%20Sticky%20Note%20Instagram%20Post%20.png?width=350&name=Cream%20Orange%20Inspirational%20Quote%20Graphic%20Sticky%20Note%20Instagram%20Post%20.png [16960/16960] -> "/Users/briannazajicek/Documents/illuminairy/archives/curious-cardinals-2026-05-18/blog/blog.curiouscardinals.com/hs-fs/hubfs/Cream Orange Inspirational Quote Graphic Sticky Note Instagram Post .png?width=350&name=Cream Orange Inspirational Quote Graphic Sticky Note Instagram Post .png" [1]
2026-05-18 01:08:03 URL:https://blog.curiouscardinals.com/hs-fs/hubfs/Cream%20Orange%20Inspirational%20Quote%20Graphic%20Sticky%20Note%20Instagram%20Post%20.png?width=175&name=Cream%20Orange%20Inspirational%20Quote%20Graphic%20Sticky%20Note%20Instagram%20Post%20.png [6823/6823] -> "/Users/briannazajicek/Documents/illuminairy/archives/curious-cardinals-2026-05-18/blog/blog.curiouscardinals.com/hs-fs/hubfs/Cream Orange Inspirational Quote Graphic Sticky Note Instagram Post .png?width=175&name=Cream Orange Inspirational Quote Graphic Sticky Note Instagram Post .png" [1]
2026-05-18 01:08:04 URL:https://blog.curiouscardinals.com/hs-fs/hubfs/Cream%20Orange%20Inspirational%20Quote%20Graphic%20Sticky%20Note%20Instagram%20Post%20.png?width=525&name=Cream%20Orange%20Inspirational%20Quote%20Graphic%20Sticky%20Note%20Instagram%20Post%20.png [28091/28091] -> "/Users/briannazajicek/Documents/illuminairy/archives/curious-cardinals-2026-05-18/blog/blog.curiouscardinals.com/hs-fs/hubfs/Cream Orange Inspirational Quote Graphic Sticky Note Instagram Post .png?width=525&name=Cream Orange Inspirational Quote Graphic Sticky Note Instagram Post .png" [1]
2026-05-18 01:08:05 URL:https://blog.curiouscardinals.com/hs-fs/hubfs/Cream%20Orange%20Inspirational%20Quote%20Graphic%20Sticky%20Note%20Instagram%20Post%20.png?width=700&name=Cream%20Orange%20Inspirational%20Quote%20Graphic%20Sticky%20Note%20Instagram%20Post%20.png [40650/40650] -> "/Users/briannazajicek/Documents/illuminairy/archives/curious-cardinals-2026-05-18/blog/blog.curiouscardinals.com/hs-fs/hubfs/Cream Orange Inspirational Quote Graphic Sticky Note Instagram Post .png?width=700&name=Cream Orange Inspirational Quote Graphic Sticky Note Instagram Post .png" [1]
2026-05-18 01:08:06 URL:https://blog.curiouscardinals.com/hs-fs/hubfs/Cream%20Orange%20Inspirational%20Quote%20Graphic%20Sticky%20Note%20Instagram%20Post%20.png?width=875&name=Cream%20Orange%20Inspirational%20Quote%20Graphic%20Sticky%20Note%20Instagram%20Post%20.png [57223/57223] -> "/Users/briannazajicek/Documents/illuminairy/archives/curious-cardinals-2026-05-18/blog/blog.curiouscardinals.com/hs-fs/hubfs/Cream Orange Inspirational Quote Graphic Sticky Note Instagram Post .png?width=875&name=Cream Orange Inspirational Quote Graphic Sticky Note Instagram Post .png" [1]
2026-05-18 01:08:07 URL:https://blog.curiouscardinals.com/hs-fs/hubfs/Cream%20Orange%20Inspirational%20Quote%20Graphic%20Sticky%20Note%20Instagram%20Post%20.png?width=1050&name=Cream%20Orange%20Inspirational%20Quote%20Graphic%20Sticky%20Note%20Instagram%20Post%20.png [71046/71046] -> "/Users/briannazajicek/Documents/illuminairy/archives/curious-cardinals-2026-05-18/blog/blog.curiouscardinals.com/hs-fs/hubfs/Cream Orange Inspirational Quote Graphic Sticky Note Instagram Post .png?width=1050&name=Cream Orange Inspirational Quote Graphic Sticky Note Instagram Post .png" [1]
2026-05-18 01:08:08 URL:https://blog.curiouscardinals.com/hs-fs/hubfs/4.png?width=350&name=4.png [17051/17051] -> "/Users/briannazajicek/Documents/illuminairy/archives/curious-cardinals-2026-05-18/blog/blog.curiouscardinals.com/hs-fs/hubfs/4.png?width=350&name=4.png" [1]
2026-05-18 01:08:09 URL:https://blog.curiouscardinals.com/hs-fs/hubfs/4.png?width=175&name=4.png [7212/7212] -> "/Users/briannazajicek/Documents/illuminairy/archives/curious-cardinals-2026-05-18/blog/blog.curiouscardinals.com/hs-fs/hubfs/4.png?width=175&name=4.png" [1]
2026-05-18 01:08:10 URL:https://blog.curiouscardinals.com/hs-fs/hubfs/4.png?width=525&name=4.png [28604/28604] -> "/Users/briannazajicek/Documents/illuminairy/archives/curious-cardinals-2026-05-18/blog/blog.curiouscardinals.com/hs-fs/hubfs/4.png?width=525&name=4.png" [1]
2026-05-18 01:08:11 URL:https://blog.curiouscardinals.com/hs-fs/hubfs/4.png?width=700&name=4.png [42260/42260] -> "/Users/briannazajicek/Documents/illuminairy/archives/curious-cardinals-2026-05-18/blog/blog.curiouscardinals.com/hs-fs/hubfs/4.png?width=700&name=4.png" [1]
2026-05-18 01:08:12 URL:https://blog.curiouscardinals.com/hs-fs/hubfs/4.png?width=875&name=4.png [58410/58410] -> "/Users/briannazajicek/Documents/illuminairy/archives/curious-cardinals-2026-05-18/blog/blog.curiouscardinals.com/hs-fs/hubfs/4.png?width=875&name=4.png" [1]
2026-05-18 01:08:13 URL:https://blog.curiouscardinals.com/hs-fs/hubfs/4.png?width=1050&name=4.png [72970/72970] -> "/Users/briannazajicek/Documents/illuminairy/archives/curious-cardinals-2026-05-18/blog/blog.curiouscardinals.com/hs-fs/hubfs/4.png?width=1050&name=4.png" [1]
2026-05-18 01:08:13 URL:https://blog.curiouscardinals.com/4-things-i-wish-my-parents-knew-about-my-mental-health-in-high-school-1 [69110] -> "/Users/briannazajicek/Documents/illuminairy/archives/curious-cardinals-2026-05-18/blog/blog.curiouscardinals.com/4-things-i-wish-my-parents-knew-about-my-mental-health-in-high-school-1.html" [1]
2026-05-18 01:08:14 URL:https://blog.curiouscardinals.com/summer-is-the-perfect-time-to-get-strategic [71784] -> "/Users/briannazajicek/Documents/illuminairy/archives/curious-cardinals-2026-05-18/blog/blog.curiouscardinals.com/summer-is-the-perfect-time-to-get-strategic.html" [1]
Cookie coming from blog.curiouscardinals.com attempted to set domain to hubspotusercontent-na2.net
2026-05-18 01:08:15 URL:https://blog.curiouscardinals.com/hubfs/blog%20banners%20--%20CC%20(8)-1.png [662540/662540] -> "/Users/briannazajicek/Documents/illuminairy/archives/curious-cardinals-2026-05-18/blog/blog.curiouscardinals.com/hubfs/blog banners -- CC (8)-1.png" [1]
Cookie coming from blog.curiouscardinals.com attempted to set domain to hubspotusercontent-na2.net
2026-05-18 01:08:16 URL:https://blog.curiouscardinals.com/hubfs/Letter%20-%2038Cover%20Photo-1.png [415102/415102] -> "/Users/briannazajicek/Documents/illuminairy/archives/curious-cardinals-2026-05-18/blog/blog.curiouscardinals.com/hubfs/Letter - 38Cover Photo-1.png" [1]
2026-05-18 01:08:16 URL:https://blog.curiouscardinals.com/academic-competitions-your-child-wont-want-to-miss [80598] -> "/Users/briannazajicek/Documents/illuminairy/archives/curious-cardinals-2026-05-18/blog/blog.curiouscardinals.com/academic-competitions-your-child-wont-want-to-miss.html" [1]
2026-05-18 01:08:17 URL:https://blog.curiouscardinals.com/hs-fs/hubfs/Note%20from%20audrey.webp?width=1200&height=300&name=Note%20from%20audrey.webp [43591/43591] -> "/Users/briannazajicek/Documents/illuminairy/archives/curious-cardinals-2026-05-18/blog/blog.curiouscardinals.com/hs-fs/hubfs/Note from audrey.webp?width=1200&height=300&name=Note from audrey.webp" [1]
2026-05-18 01:08:18 URL:https://blog.curiouscardinals.com/hs-fs/hubfs/Note%20from%20audrey.webp?width=600&height=150&name=Note%20from%20audrey.webp [17892/17892] -> "/Users/briannazajicek/Documents/illuminairy/archives/curious-cardinals-2026-05-18/blog/blog.curiouscardinals.com/hs-fs/hubfs/Note from audrey.webp?width=600&height=150&name=Note from audrey.webp" [1]
2026-05-18 01:08:18 URL:https://blog.curiouscardinals.com/hs-fs/hubfs/Note%20from%20audrey.webp?width=1800&height=450&name=Note%20from%20audrey.webp [43591/43591] -> "/Users/briannazajicek/Documents/illuminairy/archives/curious-cardinals-2026-05-18/blog/blog.curiouscardinals.com/hs-fs/hubfs/Note from audrey.webp?width=1800&height=450&name=Note from audrey.webp" [1]
2026-05-18 01:08:19 URL:https://blog.curiouscardinals.com/hs-fs/hubfs/Note%20from%20audrey.webp?width=2400&height=600&name=Note%20from%20audrey.webp [43591/43591] -> "/Users/briannazajicek/Documents/illuminairy/archives/curious-cardinals-2026-05-18/blog/blog.curiouscardinals.com/hs-fs/hubfs/Note from audrey.webp?width=2400&height=600&name=Note from audrey.webp" [1]
2026-05-18 01:08:20 URL:https://blog.curiouscardinals.com/hs-fs/hubfs/Note%20from%20audrey.webp?width=3000&height=750&name=Note%20from%20audrey.webp [43591/43591] -> "/Users/briannazajicek/Documents/illuminairy/archives/curious-cardinals-2026-05-18/blog/blog.curiouscardinals.com/hs-fs/hubfs/Note from audrey.webp?width=3000&height=750&name=Note from audrey.webp" [1]
2026-05-18 01:08:22 URL:https://blog.curiouscardinals.com/hs-fs/hubfs/Note%20from%20audrey.webp?width=3600&height=900&name=Note%20from%20audrey.webp [43591/43591] -> "/Users/briannazajicek/Documents/illuminairy/archives/curious-cardinals-2026-05-18/blog/blog.curiouscardinals.com/hs-fs/hubfs/Note from audrey.webp?width=3600&height=900&name=Note from audrey.webp" [1]
2026-05-18 01:08:23 URL:https://blog.curiouscardinals.com/hs-fs/hubfs/why%20these%20are%20worthwhile.webp?width=603&height=603&name=why%20these%20are%20worthwhile.webp [69448/69448] -> "/Users/briannazajicek/Documents/illuminairy/archives/curious-cardinals-2026-05-18/blog/blog.curiouscardinals.com/hs-fs/hubfs/why these are worthwhile.webp?width=603&height=603&name=why these are worthwhile.webp" [1]
2026-05-18 01:08:23 URL:https://blog.curiouscardinals.com/hs-fs/hubfs/why%20these%20are%20worthwhile.webp?width=302&height=302&name=why%20these%20are%20worthwhile.webp [27189/27189] -> "/Users/briannazajicek/Documents/illuminairy/archives/curious-cardinals-2026-05-18/blog/blog.curiouscardinals.com/hs-fs/hubfs/why these are worthwhile.webp?width=302&height=302&name=why these are worthwhile.webp" [1]
2026-05-18 01:08:25 URL:https://blog.curiouscardinals.com/hs-fs/hubfs/why%20these%20are%20worthwhile.webp?width=905&height=905&name=why%20these%20are%20worthwhile.webp [119178/119178] -> "/Users/briannazajicek/Documents/illuminairy/archives/curious-cardinals-2026-05-18/blog/blog.curiouscardinals.com/hs-fs/hubfs/why these are worthwhile.webp?width=905&height=905&name=why these are worthwhile.webp" [1]
2026-05-18 01:08:26 URL:https://blog.curiouscardinals.com/hs-fs/hubfs/why%20these%20are%20worthwhile.webp?width=1206&height=1206&name=why%20these%20are%20worthwhile.webp [159869/159869] -> "/Users/briannazajicek/Documents/illuminairy/archives/curious-cardinals-2026-05-18/blog/blog.curiouscardinals.com/hs-fs/hubfs/why these are worthwhile.webp?width=1206&height=1206&name=why these are worthwhile.webp" [1]
2026-05-18 01:08:27 URL:https://blog.curiouscardinals.com/hs-fs/hubfs/why%20these%20are%20worthwhile.webp?width=1508&height=1508&name=why%20these%20are%20worthwhile.webp [159869/159869] -> "/Users/briannazajicek/Documents/illuminairy/archives/curious-cardinals-2026-05-18/blog/blog.curiouscardinals.com/hs-fs/hubfs/why these are worthwhile.webp?width=1508&height=1508&name=why these are worthwhile.webp" [1]
2026-05-18 01:08:28 URL:https://blog.curiouscardinals.com/hs-fs/hubfs/why%20these%20are%20worthwhile.webp?width=1809&height=1809&name=why%20these%20are%20worthwhile.webp [159869/159869] -> "/Users/briannazajicek/Documents/illuminairy/archives/curious-cardinals-2026-05-18/blog/blog.curiouscardinals.com/hs-fs/hubfs/why these are worthwhile.webp?width=1809&height=1809&name=why these are worthwhile.webp" [1]
2026-05-18 01:08:30 URL:https://blog.curiouscardinals.com/hs-fs/hubfs/Screen%20Shot%202025-01-09%20at%203.23.41%20PM.png?width=307&height=66&name=Screen%20Shot%202025-01-09%20at%203.23.41%20PM.png [4698/4698] -> "/Users/briannazajicek/Documents/illuminairy/archives/curious-cardinals-2026-05-18/blog/blog.curiouscardinals.com/hs-fs/hubfs/Screen Shot 2025-01-09 at 3.23.41 PM.png?width=307&height=66&name=Screen Shot 2025-01-09 at 3.23.41 PM.png" [1]
2026-05-18 01:08:31 URL:https://blog.curiouscardinals.com/hs-fs/hubfs/Screen%20Shot%202025-01-09%20at%203.23.41%20PM.png?width=154&height=33&name=Screen%20Shot%202025-01-09%20at%203.23.41%20PM.png [1882/1882] -> "/Users/briannazajicek/Documents/illuminairy/archives/curious-cardinals-2026-05-18/blog/blog.curiouscardinals.com/hs-fs/hubfs/Screen Shot 2025-01-09 at 3.23.41 PM.png?width=154&height=33&name=Screen Shot 2025-01-09 at 3.23.41 PM.png" [1]
2026-05-18 01:08:31 URL:https://blog.curiouscardinals.com/hs-fs/hubfs/Screen%20Shot%202025-01-09%20at%203.23.41%20PM.png?width=461&height=99&name=Screen%20Shot%202025-01-09%20at%203.23.41%20PM.png [13981/13981] -> "/Users/briannazajicek/Documents/illuminairy/archives/curious-cardinals-2026-05-18/blog/blog.curiouscardinals.com/hs-fs/hubfs/Screen Shot 2025-01-09 at 3.23.41 PM.png?width=461&height=99&name=Screen Shot 2025-01-09 at 3.23.41 PM.png" [1]
2026-05-18 01:08:32 URL:https://blog.curiouscardinals.com/hs-fs/hubfs/Screen%20Shot%202025-01-09%20at%203.23.41%20PM.png?width=614&height=132&name=Screen%20Shot%202025-01-09%20at%203.23.41%20PM.png [28118/28118] -> "/Users/briannazajicek/Documents/illuminairy/archives/curious-cardinals-2026-05-18/blog/blog.curiouscardinals.com/hs-fs/hubfs/Screen Shot 2025-01-09 at 3.23.41 PM.png?width=614&height=132&name=Screen Shot 2025-01-09 at 3.23.41 PM.png" [1]
2026-05-18 01:08:33 URL:https://blog.curiouscardinals.com/hs-fs/hubfs/Screen%20Shot%202025-01-09%20at%203.23.41%20PM.png?width=768&height=165&name=Screen%20Shot%202025-01-09%20at%203.23.41%20PM.png [28118/28118] -> "/Users/briannazajicek/Documents/illuminairy/archives/curious-cardinals-2026-05-18/blog/blog.curiouscardinals.com/hs-fs/hubfs/Screen Shot 2025-01-09 at 3.23.41 PM.png?width=768&height=165&name=Screen Shot 2025-01-09 at 3.23.41 PM.png" [1]
2026-05-18 01:08:34 URL:https://blog.curiouscardinals.com/hs-fs/hubfs/Screen%20Shot%202025-01-09%20at%203.23.41%20PM.png?width=921&height=198&name=Screen%20Shot%202025-01-09%20at%203.23.41%20PM.png [28118/28118] -> "/Users/briannazajicek/Documents/illuminairy/archives/curious-cardinals-2026-05-18/blog/blog.curiouscardinals.com/hs-fs/hubfs/Screen Shot 2025-01-09 at 3.23.41 PM.png?width=921&height=198&name=Screen Shot 2025-01-09 at 3.23.41 PM.png" [1]
2026-05-18 01:08:35 URL:https://blog.curiouscardinals.com/hs-fs/hubfs/CC-Competitions%20infographic.webp?width=571&height=1428&name=CC-Competitions%20infographic.webp [205928/205928] -> "/Users/briannazajicek/Documents/illuminairy/archives/curious-cardinals-2026-05-18/blog/blog.curiouscardinals.com/hs-fs/hubfs/CC-Competitions infographic.webp?width=571&height=1428&name=CC-Competitions infographic.webp" [1]
2026-05-18 01:08:37 URL:https://blog.curiouscardinals.com/hs-fs/hubfs/CC-Competitions%20infographic.webp?width=286&height=714&name=CC-Competitions%20infographic.webp [68413/68413] -> "/Users/briannazajicek/Documents/illuminairy/archives/curious-cardinals-2026-05-18/blog/blog.curiouscardinals.com/hs-fs/hubfs/CC-Competitions infographic.webp?width=286&height=714&name=CC-Competitions infographic.webp" [1]
2026-05-18 01:08:38 URL:https://blog.curiouscardinals.com/hs-fs/hubfs/CC-Competitions%20infographic.webp?width=857&height=2142&name=CC-Competitions%20infographic.webp [383636/383636] -> "/Users/briannazajicek/Documents/illuminairy/archives/curious-cardinals-2026-05-18/blog/blog.curiouscardinals.com/hs-fs/hubfs/CC-Competitions infographic.webp?width=857&height=2142&name=CC-Competitions infographic.webp" [1]
2026-05-18 01:08:39 URL:https://blog.curiouscardinals.com/hs-fs/hubfs/CC-Competitions%20infographic.webp?width=1142&height=2856&name=CC-Competitions%20infographic.webp [383636/383636] -> "/Users/briannazajicek/Documents/illuminairy/archives/curious-cardinals-2026-05-18/blog/blog.curiouscardinals.com/hs-fs/hubfs/CC-Competitions infographic.webp?width=1142&height=2856&name=CC-Competitions infographic.webp" [1]
2026-05-18 01:08:40 URL:https://blog.curiouscardinals.com/hs-fs/hubfs/CC-Competitions%20infographic.webp?width=1428&height=3570&name=CC-Competitions%20infographic.webp [383636/383636] -> "/Users/briannazajicek/Documents/illuminairy/archives/curious-cardinals-2026-05-18/blog/blog.curiouscardinals.com/hs-fs/hubfs/CC-Competitions infographic.webp?width=1428&height=3570&name=CC-Competitions infographic.webp" [1]
2026-05-18 01:08:41 URL:https://blog.curiouscardinals.com/hs-fs/hubfs/CC-Competitions%20infographic.webp?width=1713&height=4284&name=CC-Competitions%20infographic.webp [383636/383636] -> "/Users/briannazajicek/Documents/illuminairy/archives/curious-cardinals-2026-05-18/blog/blog.curiouscardinals.com/hs-fs/hubfs/CC-Competitions infographic.webp?width=1713&height=4284&name=CC-Competitions infographic.webp" [1]
2026-05-18 01:08:42 URL:https://blog.curiouscardinals.com/hs-fs/hubfs/Screen%20Shot%202025-01-09%20at%203.26.46%20PM.png?width=368&height=70&name=Screen%20Shot%202025-01-09%20at%203.26.46%20PM.png [4840/4840] -> "/Users/briannazajicek/Documents/illuminairy/archives/curious-cardinals-2026-05-18/blog/blog.curiouscardinals.com/hs-fs/hubfs/Screen Shot 2025-01-09 at 3.26.46 PM.png?width=368&height=70&name=Screen Shot 2025-01-09 at 3.26.46 PM.png" [1]
2026-05-18 01:08:43 URL:https://blog.curiouscardinals.com/hs-fs/hubfs/Screen%20Shot%202025-01-09%20at%203.26.46%20PM.png?width=184&height=35&name=Screen%20Shot%202025-01-09%20at%203.26.46%20PM.png [1860/1860] -> "/Users/briannazajicek/Documents/illuminairy/archives/curious-cardinals-2026-05-18/blog/blog.curiouscardinals.com/hs-fs/hubfs/Screen Shot 2025-01-09 at 3.26.46 PM.png?width=184&height=35&name=Screen Shot 2025-01-09 at 3.26.46 PM.png" [1]
2026-05-18 01:08:44 URL:https://blog.curiouscardinals.com/hs-fs/hubfs/Screen%20Shot%202025-01-09%20at%203.26.46%20PM.png?width=552&height=105&name=Screen%20Shot%202025-01-09%20at%203.26.46%20PM.png [15353/15353] -> "/Users/briannazajicek/Documents/illuminairy/archives/curious-cardinals-2026-05-18/blog/blog.curiouscardinals.com/hs-fs/hubfs/Screen Shot 2025-01-09 at 3.26.46 PM.png?width=552&height=105&name=Screen Shot 2025-01-09 at 3.26.46 PM.png" [1]
2026-05-18 01:08:45 URL:https://blog.curiouscardinals.com/hs-fs/hubfs/Screen%20Shot%202025-01-09%20at%203.26.46%20PM.png?width=736&height=140&name=Screen%20Shot%202025-01-09%20at%203.26.46%20PM.png [28027/28027] -> "/Users/briannazajicek/Documents/illuminairy/archives/curious-cardinals-2026-05-18/blog/blog.curiouscardinals.com/hs-fs/hubfs/Screen Shot 2025-01-09 at 3.26.46 PM.png?width=736&height=140&name=Screen Shot 2025-01-09 at 3.26.46 PM.png" [1]
2026-05-18 01:08:47 URL:https://blog.curiouscardinals.com/hs-fs/hubfs/Screen%20Shot%202025-01-09%20at%203.26.46%20PM.png?width=920&height=175&name=Screen%20Shot%202025-01-09%20at%203.26.46%20PM.png [28027/28027] -> "/Users/briannazajicek/Documents/illuminairy/archives/curious-cardinals-2026-05-18/blog/blog.curiouscardinals.com/hs-fs/hubfs/Screen Shot 2025-01-09 at 3.26.46 PM.png?width=920&height=175&name=Screen Shot 2025-01-09 at 3.26.46 PM.png" [1]
2026-05-18 01:08:48 URL:https://blog.curiouscardinals.com/hs-fs/hubfs/Screen%20Shot%202025-01-09%20at%203.26.46%20PM.png?width=1104&height=210&name=Screen%20Shot%202025-01-09%20at%203.26.46%20PM.png [28027/28027] -> "/Users/briannazajicek/Documents/illuminairy/archives/curious-cardinals-2026-05-18/blog/blog.curiouscardinals.com/hs-fs/hubfs/Screen Shot 2025-01-09 at 3.26.46 PM.png?width=1104&height=210&name=Screen Shot 2025-01-09 at 3.26.46 PM.png" [1]
2026-05-18 01:08:49 URL:https://blog.curiouscardinals.com/hs-fs/hubfs/577806FE-5374-4C15-8E42-922453AFA54F_1_105_c.webp?width=411&height=548&name=577806FE-5374-4C15-8E42-922453AFA54F_1_105_c.webp [40828/40828] -> "/Users/briannazajicek/Documents/illuminairy/archives/curious-cardinals-2026-05-18/blog/blog.curiouscardinals.com/hs-fs/hubfs/577806FE-5374-4C15-8E42-922453AFA54F_1_105_c.webp?width=411&height=548&name=577806FE-5374-4C15-8E42-922453AFA54F_1_105_c.webp" [1]
2026-05-18 01:08:50 URL:https://blog.curiouscardinals.com/hs-fs/hubfs/577806FE-5374-4C15-8E42-922453AFA54F_1_105_c.webp?width=206&height=274&name=577806FE-5374-4C15-8E42-922453AFA54F_1_105_c.webp [13940/13940] -> "/Users/briannazajicek/Documents/illuminairy/archives/curious-cardinals-2026-05-18/blog/blog.curiouscardinals.com/hs-fs/hubfs/577806FE-5374-4C15-8E42-922453AFA54F_1_105_c.webp?width=206&height=274&name=577806FE-5374-4C15-8E42-922453AFA54F_1_105_c.webp" [1]
2026-05-18 01:08:51 URL:https://blog.curiouscardinals.com/hs-fs/hubfs/577806FE-5374-4C15-8E42-922453AFA54F_1_105_c.webp?width=617&height=822&name=577806FE-5374-4C15-8E42-922453AFA54F_1_105_c.webp [76721/76721] -> "/Users/briannazajicek/Documents/illuminairy/archives/curious-cardinals-2026-05-18/blog/blog.curiouscardinals.com/hs-fs/hubfs/577806FE-5374-4C15-8E42-922453AFA54F_1_105_c.webp?width=617&height=822&name=577806FE-5374-4C15-8E42-922453AFA54F_1_105_c.webp" [1]
2026-05-18 01:08:53 URL:https://blog.curiouscardinals.com/hs-fs/hubfs/577806FE-5374-4C15-8E42-922453AFA54F_1_105_c.webp?width=822&height=1096&name=577806FE-5374-4C15-8E42-922453AFA54F_1_105_c.webp [108912/108912] -> "/Users/briannazajicek/Documents/illuminairy/archives/curious-cardinals-2026-05-18/blog/blog.curiouscardinals.com/hs-fs/hubfs/577806FE-5374-4C15-8E42-922453AFA54F_1_105_c.webp?width=822&height=1096&name=577806FE-5374-4C15-8E42-922453AFA54F_1_105_c.webp" [1]
2026-05-18 01:08:54 URL:https://blog.curiouscardinals.com/hs-fs/hubfs/577806FE-5374-4C15-8E42-922453AFA54F_1_105_c.webp?width=1028&height=1370&name=577806FE-5374-4C15-8E42-922453AFA54F_1_105_c.webp [108912/108912] -> "/Users/briannazajicek/Documents/illuminairy/archives/curious-cardinals-2026-05-18/blog/blog.curiouscardinals.com/hs-fs/hubfs/577806FE-5374-4C15-8E42-922453AFA54F_1_105_c.webp?width=1028&height=1370&name=577806FE-5374-4C15-8E42-922453AFA54F_1_105_c.webp" [1]
2026-05-18 01:08:55 URL:https://blog.curiouscardinals.com/hs-fs/hubfs/577806FE-5374-4C15-8E42-922453AFA54F_1_105_c.webp?width=1233&height=1644&name=577806FE-5374-4C15-8E42-922453AFA54F_1_105_c.webp [108912/108912] -> "/Users/briannazajicek/Documents/illuminairy/archives/curious-cardinals-2026-05-18/blog/blog.curiouscardinals.com/hs-fs/hubfs/577806FE-5374-4C15-8E42-922453AFA54F_1_105_c.webp?width=1233&height=1644&name=577806FE-5374-4C15-8E42-922453AFA54F_1_105_c.webp" [1]
2026-05-18 01:08:56 URL:https://blog.curiouscardinals.com/hs-fs/hubfs/Screen%20Shot%202025-01-06%20at%208.27.20%20PM.png?width=195&height=156&name=Screen%20Shot%202025-01-06%20at%208.27.20%20PM.png [12051/12051] -> "/Users/briannazajicek/Documents/illuminairy/archives/curious-cardinals-2026-05-18/blog/blog.curiouscardinals.com/hs-fs/hubfs/Screen Shot 2025-01-06 at 8.27.20 PM.png?width=195&height=156&name=Screen Shot 2025-01-06 at 8.27.20 PM.png" [1]
2026-05-18 01:08:57 URL:https://blog.curiouscardinals.com/hs-fs/hubfs/Screen%20Shot%202025-01-06%20at%208.27.20%20PM.png?width=98&height=78&name=Screen%20Shot%202025-01-06%20at%208.27.20%20PM.png [4394/4394] -> "/Users/briannazajicek/Documents/illuminairy/archives/curious-cardinals-2026-05-18/blog/blog.curiouscardinals.com/hs-fs/hubfs/Screen Shot 2025-01-06 at 8.27.20 PM.png?width=98&height=78&name=Screen Shot 2025-01-06 at 8.27.20 PM.png" [1]
2026-05-18 01:08:58 URL:https://blog.curiouscardinals.com/hs-fs/hubfs/Screen%20Shot%202025-01-06%20at%208.27.20%20PM.png?width=293&height=234&name=Screen%20Shot%202025-01-06%20at%208.27.20%20PM.png [31911/31911] -> "/Users/briannazajicek/Documents/illuminairy/archives/curious-cardinals-2026-05-18/blog/blog.curiouscardinals.com/hs-fs/hubfs/Screen Shot 2025-01-06 at 8.27.20 PM.png?width=293&height=234&name=Screen Shot 2025-01-06 at 8.27.20 PM.png" [1]
2026-05-18 01:08:59 URL:https://blog.curiouscardinals.com/hs-fs/hubfs/Screen%20Shot%202025-01-06%20at%208.27.20%20PM.png?width=390&height=312&name=Screen%20Shot%202025-01-06%20at%208.27.20%20PM.png [93393/93393] -> "/Users/briannazajicek/Documents/illuminairy/archives/curious-cardinals-2026-05-18/blog/blog.curiouscardinals.com/hs-fs/hubfs/Screen Shot 2025-01-06 at 8.27.20 PM.png?width=390&height=312&name=Screen Shot 2025-01-06 at 8.27.20 PM.png" [1]
2026-05-18 01:09:00 URL:https://blog.curiouscardinals.com/hs-fs/hubfs/Screen%20Shot%202025-01-06%20at%208.27.20%20PM.png?width=488&height=390&name=Screen%20Shot%202025-01-06%20at%208.27.20%20PM.png [93393/93393] -> "/Users/briannazajicek/Documents/illuminairy/archives/curious-cardinals-2026-05-18/blog/blog.curiouscardinals.com/hs-fs/hubfs/Screen Shot 2025-01-06 at 8.27.20 PM.png?width=488&height=390&name=Screen Shot 2025-01-06 at 8.27.20 PM.png" [1]
2026-05-18 01:09:01 URL:https://blog.curiouscardinals.com/hs-fs/hubfs/Screen%20Shot%202025-01-06%20at%208.27.20%20PM.png?width=585&height=468&name=Screen%20Shot%202025-01-06%20at%208.27.20%20PM.png [93393/93393] -> "/Users/briannazajicek/Documents/illuminairy/archives/curious-cardinals-2026-05-18/blog/blog.curiouscardinals.com/hs-fs/hubfs/Screen Shot 2025-01-06 at 8.27.20 PM.png?width=585&height=468&name=Screen Shot 2025-01-06 at 8.27.20 PM.png" [1]
Cookie coming from blog.curiouscardinals.com attempted to set domain to hubspotusercontent-na2.net
2026-05-18 01:09:02 URL:https://blog.curiouscardinals.com/hubfs/all%20about%20the%20messenger%20blog%20image.png [727634/727634] -> "/Users/briannazajicek/Documents/illuminairy/archives/curious-cardinals-2026-05-18/blog/blog.curiouscardinals.com/hubfs/all about the messenger blog image.png" [1]
2026-05-18 01:09:03 URL:https://blog.curiouscardinals.com/4-actionable-tips-for-the-first-month-of-school [79844] -> "/Users/briannazajicek/Documents/illuminairy/archives/curious-cardinals-2026-05-18/blog/blog.curiouscardinals.com/4-actionable-tips-for-the-first-month-of-school.html" [1]
2026-05-18 01:09:04 URL:https://blog.curiouscardinals.com/hs-fs/hubfs/Screen%20Shot%202022-08-17%20at%201.09.48%20PM.png?width=400&name=Screen%20Shot%202022-08-17%20at%201.09.48%20PM.png [25555/25555] -> "/Users/briannazajicek/Documents/illuminairy/archives/curious-cardinals-2026-05-18/blog/blog.curiouscardinals.com/hs-fs/hubfs/Screen Shot 2022-08-17 at 1.09.48 PM.png?width=400&name=Screen Shot 2022-08-17 at 1.09.48 PM.png" [1]
2026-05-18 01:09:05 URL:https://blog.curiouscardinals.com/hs-fs/hubfs/Screen%20Shot%202022-08-17%20at%201.09.48%20PM.png?width=200&name=Screen%20Shot%202022-08-17%20at%201.09.48%20PM.png [10993/10993] -> "/Users/briannazajicek/Documents/illuminairy/archives/curious-cardinals-2026-05-18/blog/blog.curiouscardinals.com/hs-fs/hubfs/Screen Shot 2022-08-17 at 1.09.48 PM.png?width=200&name=Screen Shot 2022-08-17 at 1.09.48 PM.png" [1]
2026-05-18 01:09:06 URL:https://blog.curiouscardinals.com/hs-fs/hubfs/Screen%20Shot%202022-08-17%20at%201.09.48%20PM.png?width=600&name=Screen%20Shot%202022-08-17%20at%201.09.48%20PM.png [40662/40662] -> "/Users/briannazajicek/Documents/illuminairy/archives/curious-cardinals-2026-05-18/blog/blog.curiouscardinals.com/hs-fs/hubfs/Screen Shot 2022-08-17 at 1.09.48 PM.png?width=600&name=Screen Shot 2022-08-17 at 1.09.48 PM.png" [1]
2026-05-18 01:09:07 URL:https://blog.curiouscardinals.com/hs-fs/hubfs/Screen%20Shot%202022-08-17%20at%201.09.48%20PM.png?width=800&name=Screen%20Shot%202022-08-17%20at%201.09.48%20PM.png [64845/64845] -> "/Users/briannazajicek/Documents/illuminairy/archives/curious-cardinals-2026-05-18/blog/blog.curiouscardinals.com/hs-fs/hubfs/Screen Shot 2022-08-17 at 1.09.48 PM.png?width=800&name=Screen Shot 2022-08-17 at 1.09.48 PM.png" [1]
2026-05-18 01:09:08 URL:https://blog.curiouscardinals.com/hs-fs/hubfs/Screen%20Shot%202022-08-17%20at%201.09.48%20PM.png?width=1000&name=Screen%20Shot%202022-08-17%20at%201.09.48%20PM.png [64845/64845] -> "/Users/briannazajicek/Documents/illuminairy/archives/curious-cardinals-2026-05-18/blog/blog.curiouscardinals.com/hs-fs/hubfs/Screen Shot 2022-08-17 at 1.09.48 PM.png?width=1000&name=Screen Shot 2022-08-17 at 1.09.48 PM.png" [1]
2026-05-18 01:09:08 URL:https://blog.curiouscardinals.com/hs-fs/hubfs/Screen%20Shot%202022-08-17%20at%201.09.48%20PM.png?width=1200&name=Screen%20Shot%202022-08-17%20at%201.09.48%20PM.png [64845/64845] -> "/Users/briannazajicek/Documents/illuminairy/archives/curious-cardinals-2026-05-18/blog/blog.curiouscardinals.com/hs-fs/hubfs/Screen Shot 2022-08-17 at 1.09.48 PM.png?width=1200&name=Screen Shot 2022-08-17 at 1.09.48 PM.png" [1]
2026-05-18 01:09:09 URL:https://blog.curiouscardinals.com/hs-fs/hubfs/Screen%20Shot%202022-08-17%20at%204.11.42%20PM.png?width=400&name=Screen%20Shot%202022-08-17%20at%204.11.42%20PM.png [102329/102329] -> "/Users/briannazajicek/Documents/illuminairy/archives/curious-cardinals-2026-05-18/blog/blog.curiouscardinals.com/hs-fs/hubfs/Screen Shot 2022-08-17 at 4.11.42 PM.png?width=400&name=Screen Shot 2022-08-17 at 4.11.42 PM.png" [1]
2026-05-18 01:09:10 URL:https://blog.curiouscardinals.com/hs-fs/hubfs/Screen%20Shot%202022-08-17%20at%204.11.42%20PM.png?width=200&name=Screen%20Shot%202022-08-17%20at%204.11.42%20PM.png [30116/30116] -> "/Users/briannazajicek/Documents/illuminairy/archives/curious-cardinals-2026-05-18/blog/blog.curiouscardinals.com/hs-fs/hubfs/Screen Shot 2022-08-17 at 4.11.42 PM.png?width=200&name=Screen Shot 2022-08-17 at 4.11.42 PM.png" [1]
2026-05-18 01:09:12 URL:https://blog.curiouscardinals.com/hs-fs/hubfs/Screen%20Shot%202022-08-17%20at%204.11.42%20PM.png?width=600&name=Screen%20Shot%202022-08-17%20at%204.11.42%20PM.png [230406/230406] -> "/Users/briannazajicek/Documents/illuminairy/archives/curious-cardinals-2026-05-18/blog/blog.curiouscardinals.com/hs-fs/hubfs/Screen Shot 2022-08-17 at 4.11.42 PM.png?width=600&name=Screen Shot 2022-08-17 at 4.11.42 PM.png" [1]
2026-05-18 01:09:13 URL:https://blog.curiouscardinals.com/hs-fs/hubfs/Screen%20Shot%202022-08-17%20at%204.11.42%20PM.png?width=800&name=Screen%20Shot%202022-08-17%20at%204.11.42%20PM.png [407018/407018] -> "/Users/briannazajicek/Documents/illuminairy/archives/curious-cardinals-2026-05-18/blog/blog.curiouscardinals.com/hs-fs/hubfs/Screen Shot 2022-08-17 at 4.11.42 PM.png?width=800&name=Screen Shot 2022-08-17 at 4.11.42 PM.png" [1]
2026-05-18 01:09:15 URL:https://blog.curiouscardinals.com/hs-fs/hubfs/Screen%20Shot%202022-08-17%20at%204.11.42%20PM.png?width=1000&name=Screen%20Shot%202022-08-17%20at%204.11.42%20PM.png [630819/630819] -> "/Users/briannazajicek/Documents/illuminairy/archives/curious-cardinals-2026-05-18/blog/blog.curiouscardinals.com/hs-fs/hubfs/Screen Shot 2022-08-17 at 4.11.42 PM.png?width=1000&name=Screen Shot 2022-08-17 at 4.11.42 PM.png" [1]
2026-05-18 01:09:16 URL:https://blog.curiouscardinals.com/hs-fs/hubfs/Screen%20Shot%202022-08-17%20at%204.11.42%20PM.png?width=1200&name=Screen%20Shot%202022-08-17%20at%204.11.42%20PM.png [664554/664554] -> "/Users/briannazajicek/Documents/illuminairy/archives/curious-cardinals-2026-05-18/blog/blog.curiouscardinals.com/hs-fs/hubfs/Screen Shot 2022-08-17 at 4.11.42 PM.png?width=1200&name=Screen Shot 2022-08-17 at 4.11.42 PM.png" [1]
2026-05-18 01:09:17 URL:https://blog.curiouscardinals.com/hs-fs/hubfs/Screen%20Shot%202022-08-17%20at%201.13.23%20PM.png?width=400&name=Screen%20Shot%202022-08-17%20at%201.13.23%20PM.png [33058/33058] -> "/Users/briannazajicek/Documents/illuminairy/archives/curious-cardinals-2026-05-18/blog/blog.curiouscardinals.com/hs-fs/hubfs/Screen Shot 2022-08-17 at 1.13.23 PM.png?width=400&name=Screen Shot 2022-08-17 at 1.13.23 PM.png" [1]
2026-05-18 01:09:17 URL:https://blog.curiouscardinals.com/hs-fs/hubfs/Screen%20Shot%202022-08-17%20at%201.13.23%20PM.png?width=200&name=Screen%20Shot%202022-08-17%20at%201.13.23%20PM.png [10186/10186] -> "/Users/briannazajicek/Documents/illuminairy/archives/curious-cardinals-2026-05-18/blog/blog.curiouscardinals.com/hs-fs/hubfs/Screen Shot 2022-08-17 at 1.13.23 PM.png?width=200&name=Screen Shot 2022-08-17 at 1.13.23 PM.png" [1]
2026-05-18 01:09:18 URL:https://blog.curiouscardinals.com/hs-fs/hubfs/Screen%20Shot%202022-08-17%20at%201.13.23%20PM.png?width=600&name=Screen%20Shot%202022-08-17%20at%201.13.23%20PM.png [67863/67863] -> "/Users/briannazajicek/Documents/illuminairy/archives/curious-cardinals-2026-05-18/blog/blog.curiouscardinals.com/hs-fs/hubfs/Screen Shot 2022-08-17 at 1.13.23 PM.png?width=600&name=Screen Shot 2022-08-17 at 1.13.23 PM.png" [1]
2026-05-18 01:09:20 URL:https://blog.curiouscardinals.com/hs-fs/hubfs/Screen%20Shot%202022-08-17%20at%201.13.23%20PM.png?width=800&name=Screen%20Shot%202022-08-17%20at%201.13.23%20PM.png [250253/250253] -> "/Users/briannazajicek/Documents/illuminairy/archives/curious-cardinals-2026-05-18/blog/blog.curiouscardinals.com/hs-fs/hubfs/Screen Shot 2022-08-17 at 1.13.23 PM.png?width=800&name=Screen Shot 2022-08-17 at 1.13.23 PM.png" [1]
2026-05-18 01:09:21 URL:https://blog.curiouscardinals.com/hs-fs/hubfs/Screen%20Shot%202022-08-17%20at%201.13.23%20PM.png?width=1000&name=Screen%20Shot%202022-08-17%20at%201.13.23%20PM.png [250253/250253] -> "/Users/briannazajicek/Documents/illuminairy/archives/curious-cardinals-2026-05-18/blog/blog.curiouscardinals.com/hs-fs/hubfs/Screen Shot 2022-08-17 at 1.13.23 PM.png?width=1000&name=Screen Shot 2022-08-17 at 1.13.23 PM.png" [1]
2026-05-18 01:09:21 URL:https://blog.curiouscardinals.com/hs-fs/hubfs/Screen%20Shot%202022-08-17%20at%201.13.23%20PM.png?width=1200&name=Screen%20Shot%202022-08-17%20at%201.13.23%20PM.png [250253/250253] -> "/Users/briannazajicek/Documents/illuminairy/archives/curious-cardinals-2026-05-18/blog/blog.curiouscardinals.com/hs-fs/hubfs/Screen Shot 2022-08-17 at 1.13.23 PM.png?width=1200&name=Screen Shot 2022-08-17 at 1.13.23 PM.png" [1]
2026-05-18 01:09:22 URL:https://blog.curiouscardinals.com/hs-fs/hubfs/Screen%20Shot%202022-08-17%20at%201.15.53%20PM.png?width=400&name=Screen%20Shot%202022-08-17%20at%201.15.53%20PM.png [46471/46471] -> "/Users/briannazajicek/Documents/illuminairy/archives/curious-cardinals-2026-05-18/blog/blog.curiouscardinals.com/hs-fs/hubfs/Screen Shot 2022-08-17 at 1.15.53 PM.png?width=400&name=Screen Shot 2022-08-17 at 1.15.53 PM.png" [1]
2026-05-18 01:09:23 URL:https://blog.curiouscardinals.com/hs-fs/hubfs/Screen%20Shot%202022-08-17%20at%201.15.53%20PM.png?width=200&name=Screen%20Shot%202022-08-17%20at%201.15.53%20PM.png [12764/12764] -> "/Users/briannazajicek/Documents/illuminairy/archives/curious-cardinals-2026-05-18/blog/blog.curiouscardinals.com/hs-fs/hubfs/Screen Shot 2022-08-17 at 1.15.53 PM.png?width=200&name=Screen Shot 2022-08-17 at 1.15.53 PM.png" [1]
2026-05-18 01:09:25 URL:https://blog.curiouscardinals.com/hs-fs/hubfs/Screen%20Shot%202022-08-17%20at%201.15.53%20PM.png?width=600&name=Screen%20Shot%202022-08-17%20at%201.15.53%20PM.png [114727/114727] -> "/Users/briannazajicek/Documents/illuminairy/archives/curious-cardinals-2026-05-18/blog/blog.curiouscardinals.com/hs-fs/hubfs/Screen Shot 2022-08-17 at 1.15.53 PM.png?width=600&name=Screen Shot 2022-08-17 at 1.15.53 PM.png" [1]
2026-05-18 01:09:26 URL:https://blog.curiouscardinals.com/hs-fs/hubfs/Screen%20Shot%202022-08-17%20at%201.15.53%20PM.png?width=800&name=Screen%20Shot%202022-08-17%20at%201.15.53%20PM.png [196526/196526] -> "/Users/briannazajicek/Documents/illuminairy/archives/curious-cardinals-2026-05-18/blog/blog.curiouscardinals.com/hs-fs/hubfs/Screen Shot 2022-08-17 at 1.15.53 PM.png?width=800&name=Screen Shot 2022-08-17 at 1.15.53 PM.png" [1]
2026-05-18 01:09:27 URL:https://blog.curiouscardinals.com/hs-fs/hubfs/Screen%20Shot%202022-08-17%20at%201.15.53%20PM.png?width=1000&name=Screen%20Shot%202022-08-17%20at%201.15.53%20PM.png [371654/371654] -> "/Users/briannazajicek/Documents/illuminairy/archives/curious-cardinals-2026-05-18/blog/blog.curiouscardinals.com/hs-fs/hubfs/Screen Shot 2022-08-17 at 1.15.53 PM.png?width=1000&name=Screen Shot 2022-08-17 at 1.15.53 PM.png" [1]
2026-05-18 01:09:28 URL:https://blog.curiouscardinals.com/hs-fs/hubfs/Screen%20Shot%202022-08-17%20at%201.15.53%20PM.png?width=1200&name=Screen%20Shot%202022-08-17%20at%201.15.53%20PM.png [371654/371654] -> "/Users/briannazajicek/Documents/illuminairy/archives/curious-cardinals-2026-05-18/blog/blog.curiouscardinals.com/hs-fs/hubfs/Screen Shot 2022-08-17 at 1.15.53 PM.png?width=1200&name=Screen Shot 2022-08-17 at 1.15.53 PM.png" [1]
2026-05-18 01:09:29 URL:https://blog.curiouscardinals.com/hs-fs/hubfs/299F5AB4-D7F8-44ED-A453-D87D369F7635_1_105_c.jpeg?width=332&name=299F5AB4-D7F8-44ED-A453-D87D369F7635_1_105_c.jpeg [22625/22625] -> "/Users/briannazajicek/Documents/illuminairy/archives/curious-cardinals-2026-05-18/blog/blog.curiouscardinals.com/hs-fs/hubfs/299F5AB4-D7F8-44ED-A453-D87D369F7635_1_105_c.jpeg?width=332&name=299F5AB4-D7F8-44ED-A453-D87D369F7635_1_105_c.jpeg" [1]
2026-05-18 01:09:30 URL:https://blog.curiouscardinals.com/hs-fs/hubfs/299F5AB4-D7F8-44ED-A453-D87D369F7635_1_105_c.jpeg?width=166&name=299F5AB4-D7F8-44ED-A453-D87D369F7635_1_105_c.jpeg [6769/6769] -> "/Users/briannazajicek/Documents/illuminairy/archives/curious-cardinals-2026-05-18/blog/blog.curiouscardinals.com/hs-fs/hubfs/299F5AB4-D7F8-44ED-A453-D87D369F7635_1_105_c.jpeg?width=166&name=299F5AB4-D7F8-44ED-A453-D87D369F7635_1_105_c.jpeg" [1]
2026-05-18 01:09:31 URL:https://blog.curiouscardinals.com/hs-fs/hubfs/299F5AB4-D7F8-44ED-A453-D87D369F7635_1_105_c.jpeg?width=498&name=299F5AB4-D7F8-44ED-A453-D87D369F7635_1_105_c.jpeg [49182/49182] -> "/Users/briannazajicek/Documents/illuminairy/archives/curious-cardinals-2026-05-18/blog/blog.curiouscardinals.com/hs-fs/hubfs/299F5AB4-D7F8-44ED-A453-D87D369F7635_1_105_c.jpeg?width=498&name=299F5AB4-D7F8-44ED-A453-D87D369F7635_1_105_c.jpeg" [1]
2026-05-18 01:09:32 URL:https://blog.curiouscardinals.com/hs-fs/hubfs/299F5AB4-D7F8-44ED-A453-D87D369F7635_1_105_c.jpeg?width=664&name=299F5AB4-D7F8-44ED-A453-D87D369F7635_1_105_c.jpeg [85169/85169] -> "/Users/briannazajicek/Documents/illuminairy/archives/curious-cardinals-2026-05-18/blog/blog.curiouscardinals.com/hs-fs/hubfs/299F5AB4-D7F8-44ED-A453-D87D369F7635_1_105_c.jpeg?width=664&name=299F5AB4-D7F8-44ED-A453-D87D369F7635_1_105_c.jpeg" [1]
2026-05-18 01:09:34 URL:https://blog.curiouscardinals.com/hs-fs/hubfs/299F5AB4-D7F8-44ED-A453-D87D369F7635_1_105_c.jpeg?width=830&name=299F5AB4-D7F8-44ED-A453-D87D369F7635_1_105_c.jpeg [116367/116367] -> "/Users/briannazajicek/Documents/illuminairy/archives/curious-cardinals-2026-05-18/blog/blog.curiouscardinals.com/hs-fs/hubfs/299F5AB4-D7F8-44ED-A453-D87D369F7635_1_105_c.jpeg?width=830&name=299F5AB4-D7F8-44ED-A453-D87D369F7635_1_105_c.jpeg" [1]
2026-05-18 01:09:34 URL:https://blog.curiouscardinals.com/hs-fs/hubfs/299F5AB4-D7F8-44ED-A453-D87D369F7635_1_105_c.jpeg?width=996&name=299F5AB4-D7F8-44ED-A453-D87D369F7635_1_105_c.jpeg [116367/116367] -> "/Users/briannazajicek/Documents/illuminairy/archives/curious-cardinals-2026-05-18/blog/blog.curiouscardinals.com/hs-fs/hubfs/299F5AB4-D7F8-44ED-A453-D87D369F7635_1_105_c.jpeg?width=996&name=299F5AB4-D7F8-44ED-A453-D87D369F7635_1_105_c.jpeg" [1]
2026-05-18 01:09:35 URL:https://blog.curiouscardinals.com/mentor-spotlight-gaya-meswani [68450] -> "/Users/briannazajicek/Documents/illuminairy/archives/curious-cardinals-2026-05-18/blog/blog.curiouscardinals.com/mentor-spotlight-gaya-meswani.html" [1]
2026-05-18 01:09:35 URL:https://blog.curiouscardinals.com/how-i-traded-summer-camp-for [76219] -> "/Users/briannazajicek/Documents/illuminairy/archives/curious-cardinals-2026-05-18/blog/blog.curiouscardinals.com/how-i-traded-summer-camp-for.html" [1]
2026-05-18 01:09:37 URL:https://blog.curiouscardinals.com/hs-fs/hubfs/Screen%20Shot%202023-07-05%20at%2014.38.16.png?width=261&height=350&name=Screen%20Shot%202023-07-05%20at%2014.38.16.png [65991/65991] -> "/Users/briannazajicek/Documents/illuminairy/archives/curious-cardinals-2026-05-18/blog/blog.curiouscardinals.com/hs-fs/hubfs/Screen Shot 2023-07-05 at 14.38.16.png?width=261&height=350&name=Screen Shot 2023-07-05 at 14.38.16.png" [1]
2026-05-18 01:09:37 URL:https://blog.curiouscardinals.com/hs-fs/hubfs/Screen%20Shot%202023-07-05%20at%2014.38.16.png?width=131&height=175&name=Screen%20Shot%202023-07-05%20at%2014.38.16.png [19861/19861] -> "/Users/briannazajicek/Documents/illuminairy/archives/curious-cardinals-2026-05-18/blog/blog.curiouscardinals.com/hs-fs/hubfs/Screen Shot 2023-07-05 at 14.38.16.png?width=131&height=175&name=Screen Shot 2023-07-05 at 14.38.16.png" [1]
2026-05-18 01:09:37 URL:https://blog.curiouscardinals.com/hs-fs/hubfs/Screen%20Shot%202023-07-05%20at%2014.38.16.png?width=392&height=525&name=Screen%20Shot%202023-07-05%20at%2014.38.16.png [132950/132950] -> "/Users/briannazajicek/Documents/illuminairy/archives/curious-cardinals-2026-05-18/blog/blog.curiouscardinals.com/hs-fs/hubfs/Screen Shot 2023-07-05 at 14.38.16.png?width=392&height=525&name=Screen Shot 2023-07-05 at 14.38.16.png" [1]
2026-05-18 01:09:38 URL:https://blog.curiouscardinals.com/hs-fs/hubfs/Screen%20Shot%202023-07-05%20at%2014.38.16.png?width=522&height=700&name=Screen%20Shot%202023-07-05%20at%2014.38.16.png [232082/232082] -> "/Users/briannazajicek/Documents/illuminairy/archives/curious-cardinals-2026-05-18/blog/blog.curiouscardinals.com/hs-fs/hubfs/Screen Shot 2023-07-05 at 14.38.16.png?width=522&height=700&name=Screen Shot 2023-07-05 at 14.38.16.png" [1]
2026-05-18 01:09:39 URL:https://blog.curiouscardinals.com/hs-fs/hubfs/Screen%20Shot%202023-07-05%20at%2014.38.16.png?width=653&height=875&name=Screen%20Shot%202023-07-05%20at%2014.38.16.png [339416/339416] -> "/Users/briannazajicek/Documents/illuminairy/archives/curious-cardinals-2026-05-18/blog/blog.curiouscardinals.com/hs-fs/hubfs/Screen Shot 2023-07-05 at 14.38.16.png?width=653&height=875&name=Screen Shot 2023-07-05 at 14.38.16.png" [1]
2026-05-18 01:09:39 URL:https://blog.curiouscardinals.com/hs-fs/hubfs/Screen%20Shot%202023-07-05%20at%2014.38.16.png?width=783&height=1050&name=Screen%20Shot%202023-07-05%20at%2014.38.16.png [464952/464952] -> "/Users/briannazajicek/Documents/illuminairy/archives/curious-cardinals-2026-05-18/blog/blog.curiouscardinals.com/hs-fs/hubfs/Screen Shot 2023-07-05 at 14.38.16.png?width=783&height=1050&name=Screen Shot 2023-07-05 at 14.38.16.png" [1]
2026-05-18 01:09:39 URL:https://blog.curiouscardinals.com/hs-fs/hubfs/image_6487327%20(2)%20Large.png?width=400&height=446&name=image_6487327%20(2)%20Large.png [99353/99353] -> "/Users/briannazajicek/Documents/illuminairy/archives/curious-cardinals-2026-05-18/blog/blog.curiouscardinals.com/hs-fs/hubfs/image_6487327 (2) Large.png?width=400&height=446&name=image_6487327 (2) Large.png" [1]
2026-05-18 01:09:40 URL:https://blog.curiouscardinals.com/hs-fs/hubfs/image_6487327%20(2)%20Large.png?width=200&height=223&name=image_6487327%20(2)%20Large.png [29256/29256] -> "/Users/briannazajicek/Documents/illuminairy/archives/curious-cardinals-2026-05-18/blog/blog.curiouscardinals.com/hs-fs/hubfs/image_6487327 (2) Large.png?width=200&height=223&name=image_6487327 (2) Large.png" [1]
2026-05-18 01:09:40 URL:https://blog.curiouscardinals.com/hs-fs/hubfs/image_6487327%20(2)%20Large.png?width=600&height=669&name=image_6487327%20(2)%20Large.png [226223/226223] -> "/Users/briannazajicek/Documents/illuminairy/archives/curious-cardinals-2026-05-18/blog/blog.curiouscardinals.com/hs-fs/hubfs/image_6487327 (2) Large.png?width=600&height=669&name=image_6487327 (2) Large.png" [1]
2026-05-18 01:09:41 URL:https://blog.curiouscardinals.com/hs-fs/hubfs/image_6487327%20(2)%20Large.png?width=800&height=892&name=image_6487327%20(2)%20Large.png [392229/392229] -> "/Users/briannazajicek/Documents/illuminairy/archives/curious-cardinals-2026-05-18/blog/blog.curiouscardinals.com/hs-fs/hubfs/image_6487327 (2) Large.png?width=800&height=892&name=image_6487327 (2) Large.png" [1]
2026-05-18 01:09:42 URL:https://blog.curiouscardinals.com/hs-fs/hubfs/image_6487327%20(2)%20Large.png?width=1000&height=1115&name=image_6487327%20(2)%20Large.png [602129/602129] -> "/Users/briannazajicek/Documents/illuminairy/archives/curious-cardinals-2026-05-18/blog/blog.curiouscardinals.com/hs-fs/hubfs/image_6487327 (2) Large.png?width=1000&height=1115&name=image_6487327 (2) Large.png" [1]
2026-05-18 01:09:42 URL:https://blog.curiouscardinals.com/hs-fs/hubfs/image_6487327%20(2)%20Large.png?width=1200&height=1338&name=image_6487327%20(2)%20Large.png [805374/805374] -> "/Users/briannazajicek/Documents/illuminairy/archives/curious-cardinals-2026-05-18/blog/blog.curiouscardinals.com/hs-fs/hubfs/image_6487327 (2) Large.png?width=1200&height=1338&name=image_6487327 (2) Large.png" [1]
2026-05-18 01:09:43 URL:https://blog.curiouscardinals.com/hs-fs/hubfs/image_123986672%20(4).jpeg?width=300&height=300&name=image_123986672%20(4).jpeg [17123/17123] -> "/Users/briannazajicek/Documents/illuminairy/archives/curious-cardinals-2026-05-18/blog/blog.curiouscardinals.com/hs-fs/hubfs/image_123986672 (4).jpeg?width=300&height=300&name=image_123986672 (4).jpeg" [1]
2026-05-18 01:09:43 URL:https://blog.curiouscardinals.com/hs-fs/hubfs/image_123986672%20(4).jpeg?width=150&height=150&name=image_123986672%20(4).jpeg [7149/7149] -> "/Users/briannazajicek/Documents/illuminairy/archives/curious-cardinals-2026-05-18/blog/blog.curiouscardinals.com/hs-fs/hubfs/image_123986672 (4).jpeg?width=150&height=150&name=image_123986672 (4).jpeg" [1]
2026-05-18 01:09:44 URL:https://blog.curiouscardinals.com/hs-fs/hubfs/image_123986672%20(4).jpeg?width=450&height=450&name=image_123986672%20(4).jpeg [27783/27783] -> "/Users/briannazajicek/Documents/illuminairy/archives/curious-cardinals-2026-05-18/blog/blog.curiouscardinals.com/hs-fs/hubfs/image_123986672 (4).jpeg?width=450&height=450&name=image_123986672 (4).jpeg" [1]
2026-05-18 01:09:44 URL:https://blog.curiouscardinals.com/hs-fs/hubfs/image_123986672%20(4).jpeg?width=600&height=600&name=image_123986672%20(4).jpeg [39924/39924] -> "/Users/briannazajicek/Documents/illuminairy/archives/curious-cardinals-2026-05-18/blog/blog.curiouscardinals.com/hs-fs/hubfs/image_123986672 (4).jpeg?width=600&height=600&name=image_123986672 (4).jpeg" [1]
2026-05-18 01:09:44 URL:https://blog.curiouscardinals.com/hs-fs/hubfs/image_123986672%20(4).jpeg?width=750&height=750&name=image_123986672%20(4).jpeg [52329/52329] -> "/Users/briannazajicek/Documents/illuminairy/archives/curious-cardinals-2026-05-18/blog/blog.curiouscardinals.com/hs-fs/hubfs/image_123986672 (4).jpeg?width=750&height=750&name=image_123986672 (4).jpeg" [1]
2026-05-18 01:09:45 URL:https://blog.curiouscardinals.com/hs-fs/hubfs/image_123986672%20(4).jpeg?width=900&height=900&name=image_123986672%20(4).jpeg [65502/65502] -> "/Users/briannazajicek/Documents/illuminairy/archives/curious-cardinals-2026-05-18/blog/blog.curiouscardinals.com/hs-fs/hubfs/image_123986672 (4).jpeg?width=900&height=900&name=image_123986672 (4).jpeg" [1]
2026-05-18 01:09:45 URL:https://blog.curiouscardinals.com/turn-your-childs-weaknesses-into-superpowers [74151] -> "/Users/briannazajicek/Documents/illuminairy/archives/curious-cardinals-2026-05-18/blog/blog.curiouscardinals.com/turn-your-childs-weaknesses-into-superpowers.html" [1]
Cookie coming from blog.curiouscardinals.com attempted to set domain to hubspotusercontent-na2.net
2026-05-18 01:09:46 URL:https://blog.curiouscardinals.com/hubfs/blog%20banners%20--%20CC%20(5)-1.png [1029431/1029431] -> "/Users/briannazajicek/Documents/illuminairy/archives/curious-cardinals-2026-05-18/blog/blog.curiouscardinals.com/hubfs/blog banners -- CC (5)-1.png" [1]
2026-05-18 01:09:47 URL:https://blog.curiouscardinals.com/hs-fs/hubfs/6%20Panel%20Comic%20Strip.png?width=642&height=514&name=6%20Panel%20Comic%20Strip.png [142319/142319] -> "/Users/briannazajicek/Documents/illuminairy/archives/curious-cardinals-2026-05-18/blog/blog.curiouscardinals.com/hs-fs/hubfs/6 Panel Comic Strip.png?width=642&height=514&name=6 Panel Comic Strip.png" [1]
2026-05-18 01:09:48 URL:https://blog.curiouscardinals.com/hs-fs/hubfs/6%20Panel%20Comic%20Strip.png?width=321&height=257&name=6%20Panel%20Comic%20Strip.png [43709/43709] -> "/Users/briannazajicek/Documents/illuminairy/archives/curious-cardinals-2026-05-18/blog/blog.curiouscardinals.com/hs-fs/hubfs/6 Panel Comic Strip.png?width=321&height=257&name=6 Panel Comic Strip.png" [1]
2026-05-18 01:09:49 URL:https://blog.curiouscardinals.com/hs-fs/hubfs/6%20Panel%20Comic%20Strip.png?width=963&height=771&name=6%20Panel%20Comic%20Strip.png [278608/278608] -> "/Users/briannazajicek/Documents/illuminairy/archives/curious-cardinals-2026-05-18/blog/blog.curiouscardinals.com/hs-fs/hubfs/6 Panel Comic Strip.png?width=963&height=771&name=6 Panel Comic Strip.png" [1]
2026-05-18 01:09:50 URL:https://blog.curiouscardinals.com/hs-fs/hubfs/6%20Panel%20Comic%20Strip.png?width=1284&height=1028&name=6%20Panel%20Comic%20Strip.png [450475/450475] -> "/Users/briannazajicek/Documents/illuminairy/archives/curious-cardinals-2026-05-18/blog/blog.curiouscardinals.com/hs-fs/hubfs/6 Panel Comic Strip.png?width=1284&height=1028&name=6 Panel Comic Strip.png" [1]
2026-05-18 01:09:52 URL:https://blog.curiouscardinals.com/hs-fs/hubfs/6%20Panel%20Comic%20Strip.png?width=1605&height=1285&name=6%20Panel%20Comic%20Strip.png [658568/658568] -> "/Users/briannazajicek/Documents/illuminairy/archives/curious-cardinals-2026-05-18/blog/blog.curiouscardinals.com/hs-fs/hubfs/6 Panel Comic Strip.png?width=1605&height=1285&name=6 Panel Comic Strip.png" [1]
2026-05-18 01:09:53 URL:https://blog.curiouscardinals.com/hs-fs/hubfs/6%20Panel%20Comic%20Strip.png?width=1926&height=1542&name=6%20Panel%20Comic%20Strip.png [906208/906208] -> "/Users/briannazajicek/Documents/illuminairy/archives/curious-cardinals-2026-05-18/blog/blog.curiouscardinals.com/hs-fs/hubfs/6 Panel Comic Strip.png?width=1926&height=1542&name=6 Panel Comic Strip.png" [1]
2026-05-18 01:09:54 URL:https://blog.curiouscardinals.com/curious-cardinals-redi-lab-partnerships [69813] -> "/Users/briannazajicek/Documents/illuminairy/archives/curious-cardinals-2026-05-18/blog/blog.curiouscardinals.com/curious-cardinals-redi-lab-partnerships.html" [1]
Cookie coming from blog.curiouscardinals.com attempted to set domain to hubspotusercontent-na2.net
2026-05-18 01:09:55 URL:https://blog.curiouscardinals.com/hubfs/orig_photo882733_7174468.jpg [168259/168259] -> "/Users/briannazajicek/Documents/illuminairy/archives/curious-cardinals-2026-05-18/blog/blog.curiouscardinals.com/hubfs/orig_photo882733_7174468.jpg" [1]
Cookie coming from blog.curiouscardinals.com attempted to set domain to hubspotusercontent-na2.net
2026-05-18 01:09:55 URL:https://blog.curiouscardinals.com/hubfs/Student%20v1-4.png [75039/75039] -> "/Users/briannazajicek/Documents/illuminairy/archives/curious-cardinals-2026-05-18/blog/blog.curiouscardinals.com/hubfs/Student v1-4.png" [1]
2026-05-18 01:09:56 URL:https://blog.curiouscardinals.com/how-cardinals-became-curious [83684] -> "/Users/briannazajicek/Documents/illuminairy/archives/curious-cardinals-2026-05-18/blog/blog.curiouscardinals.com/how-cardinals-became-curious.html" [1]
2026-05-18 01:09:56 URL:https://blog.curiouscardinals.com/hs-fs/hubfs/CC%20quotes.png?width=381&height=317&name=CC%20quotes.png [22173/22173] -> "/Users/briannazajicek/Documents/illuminairy/archives/curious-cardinals-2026-05-18/blog/blog.curiouscardinals.com/hs-fs/hubfs/CC quotes.png?width=381&height=317&name=CC quotes.png" [1]
2026-05-18 01:09:57 URL:https://blog.curiouscardinals.com/hs-fs/hubfs/CC%20quotes.png?width=191&height=159&name=CC%20quotes.png [9175/9175] -> "/Users/briannazajicek/Documents/illuminairy/archives/curious-cardinals-2026-05-18/blog/blog.curiouscardinals.com/hs-fs/hubfs/CC quotes.png?width=191&height=159&name=CC quotes.png" [1]
2026-05-18 01:09:57 URL:https://blog.curiouscardinals.com/hs-fs/hubfs/CC%20quotes.png?width=572&height=476&name=CC%20quotes.png [37722/37722] -> "/Users/briannazajicek/Documents/illuminairy/archives/curious-cardinals-2026-05-18/blog/blog.curiouscardinals.com/hs-fs/hubfs/CC quotes.png?width=572&height=476&name=CC quotes.png" [1]
2026-05-18 01:09:57 URL:https://blog.curiouscardinals.com/hs-fs/hubfs/CC%20quotes.png?width=762&height=634&name=CC%20quotes.png [52958/52958] -> "/Users/briannazajicek/Documents/illuminairy/archives/curious-cardinals-2026-05-18/blog/blog.curiouscardinals.com/hs-fs/hubfs/CC quotes.png?width=762&height=634&name=CC quotes.png" [1]
2026-05-18 01:09:58 URL:https://blog.curiouscardinals.com/hs-fs/hubfs/CC%20quotes.png?width=953&height=793&name=CC%20quotes.png [71956/71956] -> "/Users/briannazajicek/Documents/illuminairy/archives/curious-cardinals-2026-05-18/blog/blog.curiouscardinals.com/hs-fs/hubfs/CC quotes.png?width=953&height=793&name=CC quotes.png" [1]
2026-05-18 01:09:58 URL:https://blog.curiouscardinals.com/hs-fs/hubfs/CC%20quotes.png?width=1143&height=951&name=CC%20quotes.png [85638/85638] -> "/Users/briannazajicek/Documents/illuminairy/archives/curious-cardinals-2026-05-18/blog/blog.curiouscardinals.com/hs-fs/hubfs/CC quotes.png?width=1143&height=951&name=CC quotes.png" [1]
2026-05-18 01:09:59 URL:https://blog.curiouscardinals.com/hs-fs/hubfs/corner%20(1).png?width=259&height=259&name=corner%20(1).png [18842/18842] -> "/Users/briannazajicek/Documents/illuminairy/archives/curious-cardinals-2026-05-18/blog/blog.curiouscardinals.com/hs-fs/hubfs/corner (1).png?width=259&height=259&name=corner (1).png" [1]
2026-05-18 01:09:59 URL:https://blog.curiouscardinals.com/hs-fs/hubfs/corner%20(1).png?width=389&height=389&name=corner%20(1).png [34786/34786] -> "/Users/briannazajicek/Documents/illuminairy/archives/curious-cardinals-2026-05-18/blog/blog.curiouscardinals.com/hs-fs/hubfs/corner (1).png?width=389&height=389&name=corner (1).png" [1]
2026-05-18 01:09:59 URL:https://blog.curiouscardinals.com/hs-fs/hubfs/corner%20(1).png?width=518&height=518&name=corner%20(1).png [58780/58780] -> "/Users/briannazajicek/Documents/illuminairy/archives/curious-cardinals-2026-05-18/blog/blog.curiouscardinals.com/hs-fs/hubfs/corner (1).png?width=518&height=518&name=corner (1).png" [1]
2026-05-18 01:10:00 URL:https://blog.curiouscardinals.com/hs-fs/hubfs/corner%20(1).png?width=648&height=648&name=corner%20(1).png [84507/84507] -> "/Users/briannazajicek/Documents/illuminairy/archives/curious-cardinals-2026-05-18/blog/blog.curiouscardinals.com/hs-fs/hubfs/corner (1).png?width=648&height=648&name=corner (1).png" [1]
2026-05-18 01:10:00 URL:https://blog.curiouscardinals.com/hs-fs/hubfs/corner%20(1).png?width=777&height=777&name=corner%20(1).png [94746/94746] -> "/Users/briannazajicek/Documents/illuminairy/archives/curious-cardinals-2026-05-18/blog/blog.curiouscardinals.com/hs-fs/hubfs/corner (1).png?width=777&height=777&name=corner (1).png" [1]
2026-05-18 01:10:00 URL:https://blog.curiouscardinals.com/hs-fs/hubfs/Screenshot%202023-07-31%209.04.13%20PM.png?width=627&height=217&name=Screenshot%202023-07-31%209.04.13%20PM.png [77571/77571] -> "/Users/briannazajicek/Documents/illuminairy/archives/curious-cardinals-2026-05-18/blog/blog.curiouscardinals.com/hs-fs/hubfs/Screenshot 2023-07-31 9.04.13 PM.png?width=627&height=217&name=Screenshot 2023-07-31 9.04.13 PM.png" [1]
2026-05-18 01:10:01 URL:https://blog.curiouscardinals.com/hs-fs/hubfs/Screenshot%202023-07-31%209.04.13%20PM.png?width=314&height=109&name=Screenshot%202023-07-31%209.04.13%20PM.png [14211/14211] -> "/Users/briannazajicek/Documents/illuminairy/archives/curious-cardinals-2026-05-18/blog/blog.curiouscardinals.com/hs-fs/hubfs/Screenshot 2023-07-31 9.04.13 PM.png?width=314&height=109&name=Screenshot 2023-07-31 9.04.13 PM.png" [1]
2026-05-18 01:10:01 URL:https://blog.curiouscardinals.com/hs-fs/hubfs/Screenshot%202023-07-31%209.04.13%20PM.png?width=941&height=326&name=Screenshot%202023-07-31%209.04.13%20PM.png [77571/77571] -> "/Users/briannazajicek/Documents/illuminairy/archives/curious-cardinals-2026-05-18/blog/blog.curiouscardinals.com/hs-fs/hubfs/Screenshot 2023-07-31 9.04.13 PM.png?width=941&height=326&name=Screenshot 2023-07-31 9.04.13 PM.png" [1]
2026-05-18 01:10:02 URL:https://blog.curiouscardinals.com/hs-fs/hubfs/Screenshot%202023-07-31%209.04.13%20PM.png?width=1254&height=434&name=Screenshot%202023-07-31%209.04.13%20PM.png [77571/77571] -> "/Users/briannazajicek/Documents/illuminairy/archives/curious-cardinals-2026-05-18/blog/blog.curiouscardinals.com/hs-fs/hubfs/Screenshot 2023-07-31 9.04.13 PM.png?width=1254&height=434&name=Screenshot 2023-07-31 9.04.13 PM.png" [1]
2026-05-18 01:10:02 URL:https://blog.curiouscardinals.com/hs-fs/hubfs/Screenshot%202023-07-31%209.04.13%20PM.png?width=1568&height=543&name=Screenshot%202023-07-31%209.04.13%20PM.png [77571/77571] -> "/Users/briannazajicek/Documents/illuminairy/archives/curious-cardinals-2026-05-18/blog/blog.curiouscardinals.com/hs-fs/hubfs/Screenshot 2023-07-31 9.04.13 PM.png?width=1568&height=543&name=Screenshot 2023-07-31 9.04.13 PM.png" [1]
2026-05-18 01:10:03 URL:https://blog.curiouscardinals.com/hs-fs/hubfs/Screenshot%202023-07-31%209.04.13%20PM.png?width=1881&height=651&name=Screenshot%202023-07-31%209.04.13%20PM.png [77571/77571] -> "/Users/briannazajicek/Documents/illuminairy/archives/curious-cardinals-2026-05-18/blog/blog.curiouscardinals.com/hs-fs/hubfs/Screenshot 2023-07-31 9.04.13 PM.png?width=1881&height=651&name=Screenshot 2023-07-31 9.04.13 PM.png" [1]
2026-05-18 01:10:03 URL:https://blog.curiouscardinals.com/hs-fs/hubfs/Screenshot%202023-07-31%209.02.28%20PM.png?width=630&height=300&name=Screenshot%202023-07-31%209.02.28%20PM.png [86075/86075] -> "/Users/briannazajicek/Documents/illuminairy/archives/curious-cardinals-2026-05-18/blog/blog.curiouscardinals.com/hs-fs/hubfs/Screenshot 2023-07-31 9.02.28 PM.png?width=630&height=300&name=Screenshot 2023-07-31 9.02.28 PM.png" [1]
2026-05-18 01:10:04 URL:https://blog.curiouscardinals.com/hs-fs/hubfs/Screenshot%202023-07-31%209.02.28%20PM.png?width=315&height=150&name=Screenshot%202023-07-31%209.02.28%20PM.png [17091/17091] -> "/Users/briannazajicek/Documents/illuminairy/archives/curious-cardinals-2026-05-18/blog/blog.curiouscardinals.com/hs-fs/hubfs/Screenshot 2023-07-31 9.02.28 PM.png?width=315&height=150&name=Screenshot 2023-07-31 9.02.28 PM.png" [1]
2026-05-18 01:10:04 URL:https://blog.curiouscardinals.com/hs-fs/hubfs/Screenshot%202023-07-31%209.02.28%20PM.png?width=945&height=450&name=Screenshot%202023-07-31%209.02.28%20PM.png [86075/86075] -> "/Users/briannazajicek/Documents/illuminairy/archives/curious-cardinals-2026-05-18/blog/blog.curiouscardinals.com/hs-fs/hubfs/Screenshot 2023-07-31 9.02.28 PM.png?width=945&height=450&name=Screenshot 2023-07-31 9.02.28 PM.png" [1]
2026-05-18 01:10:04 URL:https://blog.curiouscardinals.com/hs-fs/hubfs/Screenshot%202023-07-31%209.02.28%20PM.png?width=1260&height=600&name=Screenshot%202023-07-31%209.02.28%20PM.png [86075/86075] -> "/Users/briannazajicek/Documents/illuminairy/archives/curious-cardinals-2026-05-18/blog/blog.curiouscardinals.com/hs-fs/hubfs/Screenshot 2023-07-31 9.02.28 PM.png?width=1260&height=600&name=Screenshot 2023-07-31 9.02.28 PM.png" [1]
2026-05-18 01:10:05 URL:https://blog.curiouscardinals.com/hs-fs/hubfs/Screenshot%202023-07-31%209.02.28%20PM.png?width=1575&height=750&name=Screenshot%202023-07-31%209.02.28%20PM.png [86075/86075] -> "/Users/briannazajicek/Documents/illuminairy/archives/curious-cardinals-2026-05-18/blog/blog.curiouscardinals.com/hs-fs/hubfs/Screenshot 2023-07-31 9.02.28 PM.png?width=1575&height=750&name=Screenshot 2023-07-31 9.02.28 PM.png" [1]
2026-05-18 01:10:05 URL:https://blog.curiouscardinals.com/hs-fs/hubfs/Screenshot%202023-07-31%209.02.28%20PM.png?width=1890&height=900&name=Screenshot%202023-07-31%209.02.28%20PM.png [86075/86075] -> "/Users/briannazajicek/Documents/illuminairy/archives/curious-cardinals-2026-05-18/blog/blog.curiouscardinals.com/hs-fs/hubfs/Screenshot 2023-07-31 9.02.28 PM.png?width=1890&height=900&name=Screenshot 2023-07-31 9.02.28 PM.png" [1]
2026-05-18 01:10:06 URL:https://blog.curiouscardinals.com/hs-fs/hubfs/1-1.png?width=218&height=218&name=1-1.png [8136/8136] -> "/Users/briannazajicek/Documents/illuminairy/archives/curious-cardinals-2026-05-18/blog/blog.curiouscardinals.com/hs-fs/hubfs/1-1.png?width=218&height=218&name=1-1.png" [1]
2026-05-18 01:10:06 URL:https://blog.curiouscardinals.com/hs-fs/hubfs/1-1.png?width=109&height=109&name=1-1.png [3346/3346] -> "/Users/briannazajicek/Documents/illuminairy/archives/curious-cardinals-2026-05-18/blog/blog.curiouscardinals.com/hs-fs/hubfs/1-1.png?width=109&height=109&name=1-1.png" [1]
2026-05-18 01:10:06 URL:https://blog.curiouscardinals.com/hs-fs/hubfs/1-1.png?width=327&height=327&name=1-1.png [14817/14817] -> "/Users/briannazajicek/Documents/illuminairy/archives/curious-cardinals-2026-05-18/blog/blog.curiouscardinals.com/hs-fs/hubfs/1-1.png?width=327&height=327&name=1-1.png" [1]
2026-05-18 01:10:07 URL:https://blog.curiouscardinals.com/hs-fs/hubfs/1-1.png?width=436&height=436&name=1-1.png [22450/22450] -> "/Users/briannazajicek/Documents/illuminairy/archives/curious-cardinals-2026-05-18/blog/blog.curiouscardinals.com/hs-fs/hubfs/1-1.png?width=436&height=436&name=1-1.png" [1]
2026-05-18 01:10:07 URL:https://blog.curiouscardinals.com/hs-fs/hubfs/1-1.png?width=545&height=545&name=1-1.png [30568/30568] -> "/Users/briannazajicek/Documents/illuminairy/archives/curious-cardinals-2026-05-18/blog/blog.curiouscardinals.com/hs-fs/hubfs/1-1.png?width=545&height=545&name=1-1.png" [1]
2026-05-18 01:10:08 URL:https://blog.curiouscardinals.com/hs-fs/hubfs/1-1.png?width=654&height=654&name=1-1.png [38953/38953] -> "/Users/briannazajicek/Documents/illuminairy/archives/curious-cardinals-2026-05-18/blog/blog.curiouscardinals.com/hs-fs/hubfs/1-1.png?width=654&height=654&name=1-1.png" [1]
2026-05-18 01:10:08 URL:https://blog.curiouscardinals.com/hs-fs/hubfs/2-1.png?width=214&height=214&name=2-1.png [7743/7743] -> "/Users/briannazajicek/Documents/illuminairy/archives/curious-cardinals-2026-05-18/blog/blog.curiouscardinals.com/hs-fs/hubfs/2-1.png?width=214&height=214&name=2-1.png" [1]
2026-05-18 01:10:09 URL:https://blog.curiouscardinals.com/hs-fs/hubfs/2-1.png?width=107&height=107&name=2-1.png [3338/3338] -> "/Users/briannazajicek/Documents/illuminairy/archives/curious-cardinals-2026-05-18/blog/blog.curiouscardinals.com/hs-fs/hubfs/2-1.png?width=107&height=107&name=2-1.png" [1]
2026-05-18 01:10:09 URL:https://blog.curiouscardinals.com/hs-fs/hubfs/2-1.png?width=321&height=321&name=2-1.png [13325/13325] -> "/Users/briannazajicek/Documents/illuminairy/archives/curious-cardinals-2026-05-18/blog/blog.curiouscardinals.com/hs-fs/hubfs/2-1.png?width=321&height=321&name=2-1.png" [1]
2026-05-18 01:10:10 URL:https://blog.curiouscardinals.com/hs-fs/hubfs/2-1.png?width=428&height=428&name=2-1.png [19198/19198] -> "/Users/briannazajicek/Documents/illuminairy/archives/curious-cardinals-2026-05-18/blog/blog.curiouscardinals.com/hs-fs/hubfs/2-1.png?width=428&height=428&name=2-1.png" [1]
2026-05-18 01:10:10 URL:https://blog.curiouscardinals.com/hs-fs/hubfs/2-1.png?width=535&height=535&name=2-1.png [25714/25714] -> "/Users/briannazajicek/Documents/illuminairy/archives/curious-cardinals-2026-05-18/blog/blog.curiouscardinals.com/hs-fs/hubfs/2-1.png?width=535&height=535&name=2-1.png" [1]
2026-05-18 01:10:11 URL:https://blog.curiouscardinals.com/hs-fs/hubfs/2-1.png?width=642&height=642&name=2-1.png [33122/33122] -> "/Users/briannazajicek/Documents/illuminairy/archives/curious-cardinals-2026-05-18/blog/blog.curiouscardinals.com/hs-fs/hubfs/2-1.png?width=642&height=642&name=2-1.png" [1]
2026-05-18 01:10:12 URL:https://blog.curiouscardinals.com/hs-fs/hubfs/3.png?width=219&height=219&name=3.png [6659/6659] -> "/Users/briannazajicek/Documents/illuminairy/archives/curious-cardinals-2026-05-18/blog/blog.curiouscardinals.com/hs-fs/hubfs/3.png?width=219&height=219&name=3.png" [1]
2026-05-18 01:10:12 URL:https://blog.curiouscardinals.com/hs-fs/hubfs/3.png?width=110&height=110&name=3.png [3031/3031] -> "/Users/briannazajicek/Documents/illuminairy/archives/curious-cardinals-2026-05-18/blog/blog.curiouscardinals.com/hs-fs/hubfs/3.png?width=110&height=110&name=3.png" [1]
2026-05-18 01:10:12 URL:https://blog.curiouscardinals.com/hs-fs/hubfs/3.png?width=329&height=329&name=3.png [11323/11323] -> "/Users/briannazajicek/Documents/illuminairy/archives/curious-cardinals-2026-05-18/blog/blog.curiouscardinals.com/hs-fs/hubfs/3.png?width=329&height=329&name=3.png" [1]
2026-05-18 01:10:13 URL:https://blog.curiouscardinals.com/hs-fs/hubfs/3.png?width=438&height=438&name=3.png [16337/16337] -> "/Users/briannazajicek/Documents/illuminairy/archives/curious-cardinals-2026-05-18/blog/blog.curiouscardinals.com/hs-fs/hubfs/3.png?width=438&height=438&name=3.png" [1]
2026-05-18 01:10:13 URL:https://blog.curiouscardinals.com/hs-fs/hubfs/3.png?width=548&height=548&name=3.png [22033/22033] -> "/Users/briannazajicek/Documents/illuminairy/archives/curious-cardinals-2026-05-18/blog/blog.curiouscardinals.com/hs-fs/hubfs/3.png?width=548&height=548&name=3.png" [1]
2026-05-18 01:10:14 URL:https://blog.curiouscardinals.com/hs-fs/hubfs/3.png?width=657&height=657&name=3.png [27909/27909] -> "/Users/briannazajicek/Documents/illuminairy/archives/curious-cardinals-2026-05-18/blog/blog.curiouscardinals.com/hs-fs/hubfs/3.png?width=657&height=657&name=3.png" [1]
2026-05-18 01:10:14 URL:https://blog.curiouscardinals.com/hs-fs/hubfs/events%20-%20Curious%20Cardinals.png?width=218&height=218&name=events%20-%20Curious%20Cardinals.png [8183/8183] -> "/Users/briannazajicek/Documents/illuminairy/archives/curious-cardinals-2026-05-18/blog/blog.curiouscardinals.com/hs-fs/hubfs/events - Curious Cardinals.png?width=218&height=218&name=events - Curious Cardinals.png" [1]
2026-05-18 01:10:14 URL:https://blog.curiouscardinals.com/hs-fs/hubfs/events%20-%20Curious%20Cardinals.png?width=109&height=109&name=events%20-%20Curious%20Cardinals.png [3549/3549] -> "/Users/briannazajicek/Documents/illuminairy/archives/curious-cardinals-2026-05-18/blog/blog.curiouscardinals.com/hs-fs/hubfs/events - Curious Cardinals.png?width=109&height=109&name=events - Curious Cardinals.png" [1]
2026-05-18 01:10:15 URL:https://blog.curiouscardinals.com/hs-fs/hubfs/events%20-%20Curious%20Cardinals.png?width=327&height=327&name=events%20-%20Curious%20Cardinals.png [13945/13945] -> "/Users/briannazajicek/Documents/illuminairy/archives/curious-cardinals-2026-05-18/blog/blog.curiouscardinals.com/hs-fs/hubfs/events - Curious Cardinals.png?width=327&height=327&name=events - Curious Cardinals.png" [1]
2026-05-18 01:10:15 URL:https://blog.curiouscardinals.com/hs-fs/hubfs/events%20-%20Curious%20Cardinals.png?width=436&height=436&name=events%20-%20Curious%20Cardinals.png [20304/20304] -> "/Users/briannazajicek/Documents/illuminairy/archives/curious-cardinals-2026-05-18/blog/blog.curiouscardinals.com/hs-fs/hubfs/events - Curious Cardinals.png?width=436&height=436&name=events - Curious Cardinals.png" [1]
2026-05-18 01:10:15 URL:https://blog.curiouscardinals.com/hs-fs/hubfs/events%20-%20Curious%20Cardinals.png?width=545&height=545&name=events%20-%20Curious%20Cardinals.png [26799/26799] -> "/Users/briannazajicek/Documents/illuminairy/archives/curious-cardinals-2026-05-18/blog/blog.curiouscardinals.com/hs-fs/hubfs/events - Curious Cardinals.png?width=545&height=545&name=events - Curious Cardinals.png" [1]
2026-05-18 01:10:16 URL:https://blog.curiouscardinals.com/hs-fs/hubfs/events%20-%20Curious%20Cardinals.png?width=654&height=654&name=events%20-%20Curious%20Cardinals.png [34547/34547] -> "/Users/briannazajicek/Documents/illuminairy/archives/curious-cardinals-2026-05-18/blog/blog.curiouscardinals.com/hs-fs/hubfs/events - Curious Cardinals.png?width=654&height=654&name=events - Curious Cardinals.png" [1]
2026-05-18 01:10:16 URL:https://blog.curiouscardinals.com/hs-fs/hubfs/events%20-%20Curious%20Cardinals%20(1).png?width=219&height=219&name=events%20-%20Curious%20Cardinals%20(1).png [8456/8456] -> "/Users/briannazajicek/Documents/illuminairy/archives/curious-cardinals-2026-05-18/blog/blog.curiouscardinals.com/hs-fs/hubfs/events - Curious Cardinals (1).png?width=219&height=219&name=events - Curious Cardinals (1).png" [1]
2026-05-18 01:10:16 URL:https://blog.curiouscardinals.com/hs-fs/hubfs/events%20-%20Curious%20Cardinals%20(1).png?width=110&height=110&name=events%20-%20Curious%20Cardinals%20(1).png [3634/3634] -> "/Users/briannazajicek/Documents/illuminairy/archives/curious-cardinals-2026-05-18/blog/blog.curiouscardinals.com/hs-fs/hubfs/events - Curious Cardinals (1).png?width=110&height=110&name=events - Curious Cardinals (1).png" [1]
2026-05-18 01:10:17 URL:https://blog.curiouscardinals.com/hs-fs/hubfs/events%20-%20Curious%20Cardinals%20(1).png?width=329&height=329&name=events%20-%20Curious%20Cardinals%20(1).png [14638/14638] -> "/Users/briannazajicek/Documents/illuminairy/archives/curious-cardinals-2026-05-18/blog/blog.curiouscardinals.com/hs-fs/hubfs/events - Curious Cardinals (1).png?width=329&height=329&name=events - Curious Cardinals (1).png" [1]
2026-05-18 01:10:17 URL:https://blog.curiouscardinals.com/hs-fs/hubfs/events%20-%20Curious%20Cardinals%20(1).png?width=438&height=438&name=events%20-%20Curious%20Cardinals%20(1).png [21377/21377] -> "/Users/briannazajicek/Documents/illuminairy/archives/curious-cardinals-2026-05-18/blog/blog.curiouscardinals.com/hs-fs/hubfs/events - Curious Cardinals (1).png?width=438&height=438&name=events - Curious Cardinals (1).png" [1]
2026-05-18 01:10:17 URL:https://blog.curiouscardinals.com/hs-fs/hubfs/events%20-%20Curious%20Cardinals%20(1).png?width=548&height=548&name=events%20-%20Curious%20Cardinals%20(1).png [29163/29163] -> "/Users/briannazajicek/Documents/illuminairy/archives/curious-cardinals-2026-05-18/blog/blog.curiouscardinals.com/hs-fs/hubfs/events - Curious Cardinals (1).png?width=548&height=548&name=events - Curious Cardinals (1).png" [1]
2026-05-18 01:10:18 URL:https://blog.curiouscardinals.com/hs-fs/hubfs/events%20-%20Curious%20Cardinals%20(1).png?width=657&height=657&name=events%20-%20Curious%20Cardinals%20(1).png [37072/37072] -> "/Users/briannazajicek/Documents/illuminairy/archives/curious-cardinals-2026-05-18/blog/blog.curiouscardinals.com/hs-fs/hubfs/events - Curious Cardinals (1).png?width=657&height=657&name=events - Curious Cardinals (1).png" [1]
2026-05-18 01:10:18 URL:https://blog.curiouscardinals.com/hs-fs/hubfs/Saturn%20Sticker-2.png?width=423&height=167&name=Saturn%20Sticker-2.png [9255/9255] -> "/Users/briannazajicek/Documents/illuminairy/archives/curious-cardinals-2026-05-18/blog/blog.curiouscardinals.com/hs-fs/hubfs/Saturn Sticker-2.png?width=423&height=167&name=Saturn Sticker-2.png" [1]
2026-05-18 01:10:18 URL:https://blog.curiouscardinals.com/hs-fs/hubfs/Saturn%20Sticker-2.png?width=212&height=84&name=Saturn%20Sticker-2.png [3749/3749] -> "/Users/briannazajicek/Documents/illuminairy/archives/curious-cardinals-2026-05-18/blog/blog.curiouscardinals.com/hs-fs/hubfs/Saturn Sticker-2.png?width=212&height=84&name=Saturn Sticker-2.png" [1]
2026-05-18 01:10:19 URL:https://blog.curiouscardinals.com/hs-fs/hubfs/Saturn%20Sticker-2.png?width=635&height=251&name=Saturn%20Sticker-2.png [30730/30730] -> "/Users/briannazajicek/Documents/illuminairy/archives/curious-cardinals-2026-05-18/blog/blog.curiouscardinals.com/hs-fs/hubfs/Saturn Sticker-2.png?width=635&height=251&name=Saturn Sticker-2.png" [1]
2026-05-18 01:10:19 URL:https://blog.curiouscardinals.com/hs-fs/hubfs/Saturn%20Sticker-2.png?width=846&height=334&name=Saturn%20Sticker-2.png [30730/30730] -> "/Users/briannazajicek/Documents/illuminairy/archives/curious-cardinals-2026-05-18/blog/blog.curiouscardinals.com/hs-fs/hubfs/Saturn Sticker-2.png?width=846&height=334&name=Saturn Sticker-2.png" [1]
2026-05-18 01:10:20 URL:https://blog.curiouscardinals.com/hs-fs/hubfs/Saturn%20Sticker-2.png?width=1058&height=418&name=Saturn%20Sticker-2.png [30730/30730] -> "/Users/briannazajicek/Documents/illuminairy/archives/curious-cardinals-2026-05-18/blog/blog.curiouscardinals.com/hs-fs/hubfs/Saturn Sticker-2.png?width=1058&height=418&name=Saturn Sticker-2.png" [1]
2026-05-18 01:10:20 URL:https://blog.curiouscardinals.com/hs-fs/hubfs/Saturn%20Sticker-2.png?width=1269&height=501&name=Saturn%20Sticker-2.png [30730/30730] -> "/Users/briannazajicek/Documents/illuminairy/archives/curious-cardinals-2026-05-18/blog/blog.curiouscardinals.com/hs-fs/hubfs/Saturn Sticker-2.png?width=1269&height=501&name=Saturn Sticker-2.png" [1]
2026-05-18 01:10:21 URL:https://blog.curiouscardinals.com/benefits-of-experiential-learning [70554] -> "/Users/briannazajicek/Documents/illuminairy/archives/curious-cardinals-2026-05-18/blog/blog.curiouscardinals.com/benefits-of-experiential-learning.html" [1]
2026-05-18 01:10:21 URL:https://blog.curiouscardinals.com/new-year-new-you-how-to-set-real-goals [74735] -> "/Users/briannazajicek/Documents/illuminairy/archives/curious-cardinals-2026-05-18/blog/blog.curiouscardinals.com/new-year-new-you-how-to-set-real-goals.html" [1]
2026-05-18 01:10:22 URL:https://blog.curiouscardinals.com/hs-fs/hubfs/IMG_1539.jpg?width=356&height=267&name=IMG_1539.jpg [25525/25525] -> "/Users/briannazajicek/Documents/illuminairy/archives/curious-cardinals-2026-05-18/blog/blog.curiouscardinals.com/hs-fs/hubfs/IMG_1539.jpg?width=356&height=267&name=IMG_1539.jpg" [1]
2026-05-18 01:10:24 URL:https://blog.curiouscardinals.com/hs-fs/hubfs/IMG_1539.jpg?width=178&height=134&name=IMG_1539.jpg [9304/9304] -> "/Users/briannazajicek/Documents/illuminairy/archives/curious-cardinals-2026-05-18/blog/blog.curiouscardinals.com/hs-fs/hubfs/IMG_1539.jpg?width=178&height=134&name=IMG_1539.jpg" [1]
2026-05-18 01:10:25 URL:https://blog.curiouscardinals.com/hs-fs/hubfs/IMG_1539.jpg?width=534&height=401&name=IMG_1539.jpg [44908/44908] -> "/Users/briannazajicek/Documents/illuminairy/archives/curious-cardinals-2026-05-18/blog/blog.curiouscardinals.com/hs-fs/hubfs/IMG_1539.jpg?width=534&height=401&name=IMG_1539.jpg" [1]
2026-05-18 01:10:27 URL:https://blog.curiouscardinals.com/hs-fs/hubfs/IMG_1539.jpg?width=712&height=534&name=IMG_1539.jpg [72366/72366] -> "/Users/briannazajicek/Documents/illuminairy/archives/curious-cardinals-2026-05-18/blog/blog.curiouscardinals.com/hs-fs/hubfs/IMG_1539.jpg?width=712&height=534&name=IMG_1539.jpg" [1]
2026-05-18 01:10:28 URL:https://blog.curiouscardinals.com/hs-fs/hubfs/IMG_1539.jpg?width=890&height=668&name=IMG_1539.jpg [106554/106554] -> "/Users/briannazajicek/Documents/illuminairy/archives/curious-cardinals-2026-05-18/blog/blog.curiouscardinals.com/hs-fs/hubfs/IMG_1539.jpg?width=890&height=668&name=IMG_1539.jpg" [1]
2026-05-18 01:10:29 URL:https://blog.curiouscardinals.com/hs-fs/hubfs/IMG_1539.jpg?width=1068&height=801&name=IMG_1539.jpg [146078/146078] -> "/Users/briannazajicek/Documents/illuminairy/archives/curious-cardinals-2026-05-18/blog/blog.curiouscardinals.com/hs-fs/hubfs/IMG_1539.jpg?width=1068&height=801&name=IMG_1539.jpg" [1]
2026-05-18 01:10:30 URL:https://blog.curiouscardinals.com/hs-fs/hubfs/IMG_1534.jpg?width=355&height=266&name=IMG_1534.jpg [22522/22522] -> "/Users/briannazajicek/Documents/illuminairy/archives/curious-cardinals-2026-05-18/blog/blog.curiouscardinals.com/hs-fs/hubfs/IMG_1534.jpg?width=355&height=266&name=IMG_1534.jpg" [1]
2026-05-18 01:10:31 URL:https://blog.curiouscardinals.com/hs-fs/hubfs/IMG_1534.jpg?width=178&height=133&name=IMG_1534.jpg [7483/7483] -> "/Users/briannazajicek/Documents/illuminairy/archives/curious-cardinals-2026-05-18/blog/blog.curiouscardinals.com/hs-fs/hubfs/IMG_1534.jpg?width=178&height=133&name=IMG_1534.jpg" [1]
2026-05-18 01:10:32 URL:https://blog.curiouscardinals.com/hs-fs/hubfs/IMG_1534.jpg?width=533&height=399&name=IMG_1534.jpg [44208/44208] -> "/Users/briannazajicek/Documents/illuminairy/archives/curious-cardinals-2026-05-18/blog/blog.curiouscardinals.com/hs-fs/hubfs/IMG_1534.jpg?width=533&height=399&name=IMG_1534.jpg" [1]
2026-05-18 01:10:33 URL:https://blog.curiouscardinals.com/hs-fs/hubfs/IMG_1534.jpg?width=710&height=532&name=IMG_1534.jpg [72088/72088] -> "/Users/briannazajicek/Documents/illuminairy/archives/curious-cardinals-2026-05-18/blog/blog.curiouscardinals.com/hs-fs/hubfs/IMG_1534.jpg?width=710&height=532&name=IMG_1534.jpg" [1]
2026-05-18 01:10:34 URL:https://blog.curiouscardinals.com/hs-fs/hubfs/IMG_1534.jpg?width=888&height=665&name=IMG_1534.jpg [107721/107721] -> "/Users/briannazajicek/Documents/illuminairy/archives/curious-cardinals-2026-05-18/blog/blog.curiouscardinals.com/hs-fs/hubfs/IMG_1534.jpg?width=888&height=665&name=IMG_1534.jpg" [1]
2026-05-18 01:10:35 URL:https://blog.curiouscardinals.com/hs-fs/hubfs/IMG_1534.jpg?width=1065&height=798&name=IMG_1534.jpg [148704/148704] -> "/Users/briannazajicek/Documents/illuminairy/archives/curious-cardinals-2026-05-18/blog/blog.curiouscardinals.com/hs-fs/hubfs/IMG_1534.jpg?width=1065&height=798&name=IMG_1534.jpg" [1]
2026-05-18 01:10:36 URL:https://blog.curiouscardinals.com/hs-fs/hubfs/IMG_1558.jpg?width=265&height=199&name=IMG_1558.jpg [18872/18872] -> "/Users/briannazajicek/Documents/illuminairy/archives/curious-cardinals-2026-05-18/blog/blog.curiouscardinals.com/hs-fs/hubfs/IMG_1558.jpg?width=265&height=199&name=IMG_1558.jpg" [1]
2026-05-18 01:10:37 URL:https://blog.curiouscardinals.com/hs-fs/hubfs/IMG_1558.jpg?width=133&height=100&name=IMG_1558.jpg [6475/6475] -> "/Users/briannazajicek/Documents/illuminairy/archives/curious-cardinals-2026-05-18/blog/blog.curiouscardinals.com/hs-fs/hubfs/IMG_1558.jpg?width=133&height=100&name=IMG_1558.jpg" [1]
2026-05-18 01:10:39 URL:https://blog.curiouscardinals.com/hs-fs/hubfs/IMG_1558.jpg?width=398&height=299&name=IMG_1558.jpg [32697/32697] -> "/Users/briannazajicek/Documents/illuminairy/archives/curious-cardinals-2026-05-18/blog/blog.curiouscardinals.com/hs-fs/hubfs/IMG_1558.jpg?width=398&height=299&name=IMG_1558.jpg" [1]
2026-05-18 01:10:40 URL:https://blog.curiouscardinals.com/hs-fs/hubfs/IMG_1558.jpg?width=530&height=398&name=IMG_1558.jpg [49142/49142] -> "/Users/briannazajicek/Documents/illuminairy/archives/curious-cardinals-2026-05-18/blog/blog.curiouscardinals.com/hs-fs/hubfs/IMG_1558.jpg?width=530&height=398&name=IMG_1558.jpg" [1]
2026-05-18 01:10:41 URL:https://blog.curiouscardinals.com/hs-fs/hubfs/IMG_1558.jpg?width=663&height=498&name=IMG_1558.jpg [71724/71724] -> "/Users/briannazajicek/Documents/illuminairy/archives/curious-cardinals-2026-05-18/blog/blog.curiouscardinals.com/hs-fs/hubfs/IMG_1558.jpg?width=663&height=498&name=IMG_1558.jpg" [1]
2026-05-18 01:10:42 URL:https://blog.curiouscardinals.com/hs-fs/hubfs/IMG_1558.jpg?width=795&height=597&name=IMG_1558.jpg [98470/98470] -> "/Users/briannazajicek/Documents/illuminairy/archives/curious-cardinals-2026-05-18/blog/blog.curiouscardinals.com/hs-fs/hubfs/IMG_1558.jpg?width=795&height=597&name=IMG_1558.jpg" [1]
2026-05-18 01:10:43 URL:https://blog.curiouscardinals.com/hs-fs/hubfs/IMG_1563.jpg?width=149&height=198&name=IMG_1563.jpg [8583/8583] -> "/Users/briannazajicek/Documents/illuminairy/archives/curious-cardinals-2026-05-18/blog/blog.curiouscardinals.com/hs-fs/hubfs/IMG_1563.jpg?width=149&height=198&name=IMG_1563.jpg" [1]
2026-05-18 01:10:44 URL:https://blog.curiouscardinals.com/hs-fs/hubfs/IMG_1563.jpg?width=75&height=99&name=IMG_1563.jpg [3310/3310] -> "/Users/briannazajicek/Documents/illuminairy/archives/curious-cardinals-2026-05-18/blog/blog.curiouscardinals.com/hs-fs/hubfs/IMG_1563.jpg?width=75&height=99&name=IMG_1563.jpg" [1]
2026-05-18 01:10:45 URL:https://blog.curiouscardinals.com/hs-fs/hubfs/IMG_1563.jpg?width=224&height=297&name=IMG_1563.jpg [14084/14084] -> "/Users/briannazajicek/Documents/illuminairy/archives/curious-cardinals-2026-05-18/blog/blog.curiouscardinals.com/hs-fs/hubfs/IMG_1563.jpg?width=224&height=297&name=IMG_1563.jpg" [1]
2026-05-18 01:10:47 URL:https://blog.curiouscardinals.com/hs-fs/hubfs/IMG_1563.jpg?width=298&height=396&name=IMG_1563.jpg [20723/20723] -> "/Users/briannazajicek/Documents/illuminairy/archives/curious-cardinals-2026-05-18/blog/blog.curiouscardinals.com/hs-fs/hubfs/IMG_1563.jpg?width=298&height=396&name=IMG_1563.jpg" [1]
2026-05-18 01:10:48 URL:https://blog.curiouscardinals.com/hs-fs/hubfs/IMG_1563.jpg?width=373&height=495&name=IMG_1563.jpg [29586/29586] -> "/Users/briannazajicek/Documents/illuminairy/archives/curious-cardinals-2026-05-18/blog/blog.curiouscardinals.com/hs-fs/hubfs/IMG_1563.jpg?width=373&height=495&name=IMG_1563.jpg" [1]
2026-05-18 01:10:49 URL:https://blog.curiouscardinals.com/hs-fs/hubfs/IMG_1563.jpg?width=447&height=594&name=IMG_1563.jpg [39649/39649] -> "/Users/briannazajicek/Documents/illuminairy/archives/curious-cardinals-2026-05-18/blog/blog.curiouscardinals.com/hs-fs/hubfs/IMG_1563.jpg?width=447&height=594&name=IMG_1563.jpg" [1]
2026-05-18 01:10:50 URL:https://blog.curiouscardinals.com/hs-fs/hubfs/IMG_1565.jpg?width=264&height=198&name=IMG_1565.jpg [12877/12877] -> "/Users/briannazajicek/Documents/illuminairy/archives/curious-cardinals-2026-05-18/blog/blog.curiouscardinals.com/hs-fs/hubfs/IMG_1565.jpg?width=264&height=198&name=IMG_1565.jpg" [1]
2026-05-18 01:10:51 URL:https://blog.curiouscardinals.com/hs-fs/hubfs/IMG_1565.jpg?width=132&height=99&name=IMG_1565.jpg [5101/5101] -> "/Users/briannazajicek/Documents/illuminairy/archives/curious-cardinals-2026-05-18/blog/blog.curiouscardinals.com/hs-fs/hubfs/IMG_1565.jpg?width=132&height=99&name=IMG_1565.jpg" [1]
2026-05-18 01:10:52 URL:https://blog.curiouscardinals.com/hs-fs/hubfs/IMG_1565.jpg?width=396&height=297&name=IMG_1565.jpg [20709/20709] -> "/Users/briannazajicek/Documents/illuminairy/archives/curious-cardinals-2026-05-18/blog/blog.curiouscardinals.com/hs-fs/hubfs/IMG_1565.jpg?width=396&height=297&name=IMG_1565.jpg" [1]
2026-05-18 01:10:53 URL:https://blog.curiouscardinals.com/hs-fs/hubfs/IMG_1565.jpg?width=528&height=396&name=IMG_1565.jpg [29462/29462] -> "/Users/briannazajicek/Documents/illuminairy/archives/curious-cardinals-2026-05-18/blog/blog.curiouscardinals.com/hs-fs/hubfs/IMG_1565.jpg?width=528&height=396&name=IMG_1565.jpg" [1]
2026-05-18 01:10:54 URL:https://blog.curiouscardinals.com/hs-fs/hubfs/IMG_1565.jpg?width=660&height=495&name=IMG_1565.jpg [40986/40986] -> "/Users/briannazajicek/Documents/illuminairy/archives/curious-cardinals-2026-05-18/blog/blog.curiouscardinals.com/hs-fs/hubfs/IMG_1565.jpg?width=660&height=495&name=IMG_1565.jpg" [1]
2026-05-18 01:10:56 URL:https://blog.curiouscardinals.com/hs-fs/hubfs/IMG_1565.jpg?width=792&height=594&name=IMG_1565.jpg [54821/54821] -> "/Users/briannazajicek/Documents/illuminairy/archives/curious-cardinals-2026-05-18/blog/blog.curiouscardinals.com/hs-fs/hubfs/IMG_1565.jpg?width=792&height=594&name=IMG_1565.jpg" [1]
Cookie coming from blog.curiouscardinals.com attempted to set domain to hubspotusercontent-na2.net
2026-05-18 01:10:57 URL:https://blog.curiouscardinals.com/hubfs/Banner%20v2-8.png [77588/77588] -> "/Users/briannazajicek/Documents/illuminairy/archives/curious-cardinals-2026-05-18/blog/blog.curiouscardinals.com/hubfs/Banner v2-8.png" [1]
2026-05-18 01:10:57 URL:https://blog.curiouscardinals.com/the-impact-of-female-mentorship [74715] -> "/Users/briannazajicek/Documents/illuminairy/archives/curious-cardinals-2026-05-18/blog/blog.curiouscardinals.com/the-impact-of-female-mentorship.html" [1]
2026-05-18 01:10:58 URL:https://blog.curiouscardinals.com/hs-fs/hubfs/elise%20l.png?width=150&name=elise%20l.png [6361/6361] -> "/Users/briannazajicek/Documents/illuminairy/archives/curious-cardinals-2026-05-18/blog/blog.curiouscardinals.com/hs-fs/hubfs/elise l.png?width=150&name=elise l.png" [1]
2026-05-18 01:10:59 URL:https://blog.curiouscardinals.com/hs-fs/hubfs/elise%20l.png?width=75&name=elise%20l.png [2489/2489] -> "/Users/briannazajicek/Documents/illuminairy/archives/curious-cardinals-2026-05-18/blog/blog.curiouscardinals.com/hs-fs/hubfs/elise l.png?width=75&name=elise l.png" [1]
2026-05-18 01:11:01 URL:https://blog.curiouscardinals.com/hs-fs/hubfs/elise%20l.png?width=225&name=elise%20l.png [11575/11575] -> "/Users/briannazajicek/Documents/illuminairy/archives/curious-cardinals-2026-05-18/blog/blog.curiouscardinals.com/hs-fs/hubfs/elise l.png?width=225&name=elise l.png" [1]
2026-05-18 01:11:01 URL:https://blog.curiouscardinals.com/hs-fs/hubfs/elise%20l.png?width=300&name=elise%20l.png [18181/18181] -> "/Users/briannazajicek/Documents/illuminairy/archives/curious-cardinals-2026-05-18/blog/blog.curiouscardinals.com/hs-fs/hubfs/elise l.png?width=300&name=elise l.png" [1]
2026-05-18 01:11:02 URL:https://blog.curiouscardinals.com/hs-fs/hubfs/elise%20l.png?width=375&name=elise%20l.png [19884/19884] -> "/Users/briannazajicek/Documents/illuminairy/archives/curious-cardinals-2026-05-18/blog/blog.curiouscardinals.com/hs-fs/hubfs/elise l.png?width=375&name=elise l.png" [1]
2026-05-18 01:11:03 URL:https://blog.curiouscardinals.com/hs-fs/hubfs/elise%20l.png?width=450&name=elise%20l.png [19884/19884] -> "/Users/briannazajicek/Documents/illuminairy/archives/curious-cardinals-2026-05-18/blog/blog.curiouscardinals.com/hs-fs/hubfs/elise l.png?width=450&name=elise l.png" [1]
2026-05-18 01:11:04 URL:https://blog.curiouscardinals.com/how-to-actually-just-do-it-tips-for-taking-your-dreams-from-idea-to-reality [80192] -> "/Users/briannazajicek/Documents/illuminairy/archives/curious-cardinals-2026-05-18/blog/blog.curiouscardinals.com/how-to-actually-just-do-it-tips-for-taking-your-dreams-from-idea-to-reality.html" [1]
2026-05-18 01:11:04 URL:https://blog.curiouscardinals.com/hs-fs/hubfs/Quote%20v1-2.png?width=320&name=Quote%20v1-2.png [19413/19413] -> "/Users/briannazajicek/Documents/illuminairy/archives/curious-cardinals-2026-05-18/blog/blog.curiouscardinals.com/hs-fs/hubfs/Quote v1-2.png?width=320&name=Quote v1-2.png" [1]
2026-05-18 01:11:05 URL:https://blog.curiouscardinals.com/hs-fs/hubfs/Quote%20v1-2.png?width=160&name=Quote%20v1-2.png [8197/8197] -> "/Users/briannazajicek/Documents/illuminairy/archives/curious-cardinals-2026-05-18/blog/blog.curiouscardinals.com/hs-fs/hubfs/Quote v1-2.png?width=160&name=Quote v1-2.png" [1]
2026-05-18 01:11:06 URL:https://blog.curiouscardinals.com/hs-fs/hubfs/Quote%20v1-2.png?width=480&name=Quote%20v1-2.png [31263/31263] -> "/Users/briannazajicek/Documents/illuminairy/archives/curious-cardinals-2026-05-18/blog/blog.curiouscardinals.com/hs-fs/hubfs/Quote v1-2.png?width=480&name=Quote v1-2.png" [1]
2026-05-18 01:11:07 URL:https://blog.curiouscardinals.com/hs-fs/hubfs/Quote%20v1-2.png?width=640&name=Quote%20v1-2.png [44326/44326] -> "/Users/briannazajicek/Documents/illuminairy/archives/curious-cardinals-2026-05-18/blog/blog.curiouscardinals.com/hs-fs/hubfs/Quote v1-2.png?width=640&name=Quote v1-2.png" [1]
2026-05-18 01:11:08 URL:https://blog.curiouscardinals.com/hs-fs/hubfs/Quote%20v1-2.png?width=800&name=Quote%20v1-2.png [56881/56881] -> "/Users/briannazajicek/Documents/illuminairy/archives/curious-cardinals-2026-05-18/blog/blog.curiouscardinals.com/hs-fs/hubfs/Quote v1-2.png?width=800&name=Quote v1-2.png" [1]
2026-05-18 01:11:09 URL:https://blog.curiouscardinals.com/hs-fs/hubfs/Quote%20v1-2.png?width=960&name=Quote%20v1-2.png [71385/71385] -> "/Users/briannazajicek/Documents/illuminairy/archives/curious-cardinals-2026-05-18/blog/blog.curiouscardinals.com/hs-fs/hubfs/Quote v1-2.png?width=960&name=Quote v1-2.png" [1]
2026-05-18 01:11:09 URL:https://blog.curiouscardinals.com/hs-fs/hubfs/Banner%20v6-9.png?width=1584&name=Banner%20v6-9.png [51908/51908] -> "/Users/briannazajicek/Documents/illuminairy/archives/curious-cardinals-2026-05-18/blog/blog.curiouscardinals.com/hs-fs/hubfs/Banner v6-9.png?width=1584&name=Banner v6-9.png" [1]
2026-05-18 01:11:10 URL:https://blog.curiouscardinals.com/hs-fs/hubfs/Banner%20v6-9.png?width=792&name=Banner%20v6-9.png [21375/21375] -> "/Users/briannazajicek/Documents/illuminairy/archives/curious-cardinals-2026-05-18/blog/blog.curiouscardinals.com/hs-fs/hubfs/Banner v6-9.png?width=792&name=Banner v6-9.png" [1]
2026-05-18 01:11:11 URL:https://blog.curiouscardinals.com/hs-fs/hubfs/Banner%20v6-9.png?width=2376&name=Banner%20v6-9.png [51908/51908] -> "/Users/briannazajicek/Documents/illuminairy/archives/curious-cardinals-2026-05-18/blog/blog.curiouscardinals.com/hs-fs/hubfs/Banner v6-9.png?width=2376&name=Banner v6-9.png" [1]
2026-05-18 01:11:12 URL:https://blog.curiouscardinals.com/hs-fs/hubfs/Banner%20v6-9.png?width=3168&name=Banner%20v6-9.png [51908/51908] -> "/Users/briannazajicek/Documents/illuminairy/archives/curious-cardinals-2026-05-18/blog/blog.curiouscardinals.com/hs-fs/hubfs/Banner v6-9.png?width=3168&name=Banner v6-9.png" [1]
2026-05-18 01:11:13 URL:https://blog.curiouscardinals.com/hs-fs/hubfs/Banner%20v6-9.png?width=3960&name=Banner%20v6-9.png [51908/51908] -> "/Users/briannazajicek/Documents/illuminairy/archives/curious-cardinals-2026-05-18/blog/blog.curiouscardinals.com/hs-fs/hubfs/Banner v6-9.png?width=3960&name=Banner v6-9.png" [1]
2026-05-18 01:11:14 URL:https://blog.curiouscardinals.com/hs-fs/hubfs/Banner%20v6-9.png?width=4752&name=Banner%20v6-9.png [51908/51908] -> "/Users/briannazajicek/Documents/illuminairy/archives/curious-cardinals-2026-05-18/blog/blog.curiouscardinals.com/hs-fs/hubfs/Banner v6-9.png?width=4752&name=Banner v6-9.png" [1]
2026-05-18 01:11:14 URL:https://blog.curiouscardinals.com/hs-fs/hubfs/Banner%20v6-10.png?width=1584&name=Banner%20v6-10.png [52279/52279] -> "/Users/briannazajicek/Documents/illuminairy/archives/curious-cardinals-2026-05-18/blog/blog.curiouscardinals.com/hs-fs/hubfs/Banner v6-10.png?width=1584&name=Banner v6-10.png" [1]
2026-05-18 01:11:15 URL:https://blog.curiouscardinals.com/hs-fs/hubfs/Banner%20v6-10.png?width=792&name=Banner%20v6-10.png [21726/21726] -> "/Users/briannazajicek/Documents/illuminairy/archives/curious-cardinals-2026-05-18/blog/blog.curiouscardinals.com/hs-fs/hubfs/Banner v6-10.png?width=792&name=Banner v6-10.png" [1]
2026-05-18 01:11:16 URL:https://blog.curiouscardinals.com/hs-fs/hubfs/Banner%20v6-10.png?width=2376&name=Banner%20v6-10.png [52279/52279] -> "/Users/briannazajicek/Documents/illuminairy/archives/curious-cardinals-2026-05-18/blog/blog.curiouscardinals.com/hs-fs/hubfs/Banner v6-10.png?width=2376&name=Banner v6-10.png" [1]
2026-05-18 01:11:17 URL:https://blog.curiouscardinals.com/hs-fs/hubfs/Banner%20v6-10.png?width=3168&name=Banner%20v6-10.png [52279/52279] -> "/Users/briannazajicek/Documents/illuminairy/archives/curious-cardinals-2026-05-18/blog/blog.curiouscardinals.com/hs-fs/hubfs/Banner v6-10.png?width=3168&name=Banner v6-10.png" [1]
2026-05-18 01:11:18 URL:https://blog.curiouscardinals.com/hs-fs/hubfs/Banner%20v6-10.png?width=3960&name=Banner%20v6-10.png [52279/52279] -> "/Users/briannazajicek/Documents/illuminairy/archives/curious-cardinals-2026-05-18/blog/blog.curiouscardinals.com/hs-fs/hubfs/Banner v6-10.png?width=3960&name=Banner v6-10.png" [1]
2026-05-18 01:11:19 URL:https://blog.curiouscardinals.com/hs-fs/hubfs/Banner%20v6-10.png?width=4752&name=Banner%20v6-10.png [52279/52279] -> "/Users/briannazajicek/Documents/illuminairy/archives/curious-cardinals-2026-05-18/blog/blog.curiouscardinals.com/hs-fs/hubfs/Banner v6-10.png?width=4752&name=Banner v6-10.png" [1]
2026-05-18 01:11:20 URL:https://blog.curiouscardinals.com/hs-fs/hubfs/Banner%20v6-8.png?width=1584&name=Banner%20v6-8.png [55510/55510] -> "/Users/briannazajicek/Documents/illuminairy/archives/curious-cardinals-2026-05-18/blog/blog.curiouscardinals.com/hs-fs/hubfs/Banner v6-8.png?width=1584&name=Banner v6-8.png" [1]
2026-05-18 01:11:21 URL:https://blog.curiouscardinals.com/hs-fs/hubfs/Banner%20v6-8.png?width=792&name=Banner%20v6-8.png [23530/23530] -> "/Users/briannazajicek/Documents/illuminairy/archives/curious-cardinals-2026-05-18/blog/blog.curiouscardinals.com/hs-fs/hubfs/Banner v6-8.png?width=792&name=Banner v6-8.png" [1]
2026-05-18 01:11:21 URL:https://blog.curiouscardinals.com/hs-fs/hubfs/Banner%20v6-8.png?width=2376&name=Banner%20v6-8.png [55510/55510] -> "/Users/briannazajicek/Documents/illuminairy/archives/curious-cardinals-2026-05-18/blog/blog.curiouscardinals.com/hs-fs/hubfs/Banner v6-8.png?width=2376&name=Banner v6-8.png" [1]
2026-05-18 01:11:22 URL:https://blog.curiouscardinals.com/hs-fs/hubfs/Banner%20v6-8.png?width=3168&name=Banner%20v6-8.png [55510/55510] -> "/Users/briannazajicek/Documents/illuminairy/archives/curious-cardinals-2026-05-18/blog/blog.curiouscardinals.com/hs-fs/hubfs/Banner v6-8.png?width=3168&name=Banner v6-8.png" [1]
2026-05-18 01:11:23 URL:https://blog.curiouscardinals.com/hs-fs/hubfs/Banner%20v6-8.png?width=3960&name=Banner%20v6-8.png [55510/55510] -> "/Users/briannazajicek/Documents/illuminairy/archives/curious-cardinals-2026-05-18/blog/blog.curiouscardinals.com/hs-fs/hubfs/Banner v6-8.png?width=3960&name=Banner v6-8.png" [1]
2026-05-18 01:11:24 URL:https://blog.curiouscardinals.com/hs-fs/hubfs/Banner%20v6-8.png?width=4752&name=Banner%20v6-8.png [55510/55510] -> "/Users/briannazajicek/Documents/illuminairy/archives/curious-cardinals-2026-05-18/blog/blog.curiouscardinals.com/hs-fs/hubfs/Banner v6-8.png?width=4752&name=Banner v6-8.png" [1]
2026-05-18 01:11:25 URL:https://blog.curiouscardinals.com/hs-fs/hubfs/Banner%20v6-5.png?width=1584&name=Banner%20v6-5.png [49842/49842] -> "/Users/briannazajicek/Documents/illuminairy/archives/curious-cardinals-2026-05-18/blog/blog.curiouscardinals.com/hs-fs/hubfs/Banner v6-5.png?width=1584&name=Banner v6-5.png" [1]
2026-05-18 01:11:26 URL:https://blog.curiouscardinals.com/hs-fs/hubfs/Banner%20v6-5.png?width=792&name=Banner%20v6-5.png [20525/20525] -> "/Users/briannazajicek/Documents/illuminairy/archives/curious-cardinals-2026-05-18/blog/blog.curiouscardinals.com/hs-fs/hubfs/Banner v6-5.png?width=792&name=Banner v6-5.png" [1]
2026-05-18 01:11:27 URL:https://blog.curiouscardinals.com/hs-fs/hubfs/Banner%20v6-5.png?width=2376&name=Banner%20v6-5.png [49842/49842] -> "/Users/briannazajicek/Documents/illuminairy/archives/curious-cardinals-2026-05-18/blog/blog.curiouscardinals.com/hs-fs/hubfs/Banner v6-5.png?width=2376&name=Banner v6-5.png" [1]
2026-05-18 01:11:29 URL:https://blog.curiouscardinals.com/hs-fs/hubfs/Banner%20v6-5.png?width=3168&name=Banner%20v6-5.png [49842/49842] -> "/Users/briannazajicek/Documents/illuminairy/archives/curious-cardinals-2026-05-18/blog/blog.curiouscardinals.com/hs-fs/hubfs/Banner v6-5.png?width=3168&name=Banner v6-5.png" [1]
2026-05-18 01:11:29 URL:https://blog.curiouscardinals.com/hs-fs/hubfs/Banner%20v6-5.png?width=3960&name=Banner%20v6-5.png [49842/49842] -> "/Users/briannazajicek/Documents/illuminairy/archives/curious-cardinals-2026-05-18/blog/blog.curiouscardinals.com/hs-fs/hubfs/Banner v6-5.png?width=3960&name=Banner v6-5.png" [1]
2026-05-18 01:11:30 URL:https://blog.curiouscardinals.com/hs-fs/hubfs/Banner%20v6-5.png?width=4752&name=Banner%20v6-5.png [49842/49842] -> "/Users/briannazajicek/Documents/illuminairy/archives/curious-cardinals-2026-05-18/blog/blog.curiouscardinals.com/hs-fs/hubfs/Banner v6-5.png?width=4752&name=Banner v6-5.png" [1]
2026-05-18 01:11:31 URL:https://blog.curiouscardinals.com/hs-fs/hubfs/Banner%20v6-6.png?width=1584&name=Banner%20v6-6.png [51029/51029] -> "/Users/briannazajicek/Documents/illuminairy/archives/curious-cardinals-2026-05-18/blog/blog.curiouscardinals.com/hs-fs/hubfs/Banner v6-6.png?width=1584&name=Banner v6-6.png" [1]
2026-05-18 01:11:32 URL:https://blog.curiouscardinals.com/hs-fs/hubfs/Banner%20v6-6.png?width=792&name=Banner%20v6-6.png [21228/21228] -> "/Users/briannazajicek/Documents/illuminairy/archives/curious-cardinals-2026-05-18/blog/blog.curiouscardinals.com/hs-fs/hubfs/Banner v6-6.png?width=792&name=Banner v6-6.png" [1]
2026-05-18 01:11:33 URL:https://blog.curiouscardinals.com/hs-fs/hubfs/Banner%20v6-6.png?width=2376&name=Banner%20v6-6.png [51029/51029] -> "/Users/briannazajicek/Documents/illuminairy/archives/curious-cardinals-2026-05-18/blog/blog.curiouscardinals.com/hs-fs/hubfs/Banner v6-6.png?width=2376&name=Banner v6-6.png" [1]
2026-05-18 01:11:34 URL:https://blog.curiouscardinals.com/hs-fs/hubfs/Banner%20v6-6.png?width=3168&name=Banner%20v6-6.png [51029/51029] -> "/Users/briannazajicek/Documents/illuminairy/archives/curious-cardinals-2026-05-18/blog/blog.curiouscardinals.com/hs-fs/hubfs/Banner v6-6.png?width=3168&name=Banner v6-6.png" [1]
2026-05-18 01:11:35 URL:https://blog.curiouscardinals.com/hs-fs/hubfs/Banner%20v6-6.png?width=3960&name=Banner%20v6-6.png [51029/51029] -> "/Users/briannazajicek/Documents/illuminairy/archives/curious-cardinals-2026-05-18/blog/blog.curiouscardinals.com/hs-fs/hubfs/Banner v6-6.png?width=3960&name=Banner v6-6.png" [1]
2026-05-18 01:11:36 URL:https://blog.curiouscardinals.com/hs-fs/hubfs/Banner%20v6-6.png?width=4752&name=Banner%20v6-6.png [51029/51029] -> "/Users/briannazajicek/Documents/illuminairy/archives/curious-cardinals-2026-05-18/blog/blog.curiouscardinals.com/hs-fs/hubfs/Banner v6-6.png?width=4752&name=Banner v6-6.png" [1]
2026-05-18 01:11:36 URL:https://blog.curiouscardinals.com/hs-fs/hubfs/Banner%20v6-7.png?width=1584&name=Banner%20v6-7.png [59850/59850] -> "/Users/briannazajicek/Documents/illuminairy/archives/curious-cardinals-2026-05-18/blog/blog.curiouscardinals.com/hs-fs/hubfs/Banner v6-7.png?width=1584&name=Banner v6-7.png" [1]
2026-05-18 01:11:37 URL:https://blog.curiouscardinals.com/hs-fs/hubfs/Banner%20v6-7.png?width=792&name=Banner%20v6-7.png [25664/25664] -> "/Users/briannazajicek/Documents/illuminairy/archives/curious-cardinals-2026-05-18/blog/blog.curiouscardinals.com/hs-fs/hubfs/Banner v6-7.png?width=792&name=Banner v6-7.png" [1]
2026-05-18 01:11:38 URL:https://blog.curiouscardinals.com/hs-fs/hubfs/Banner%20v6-7.png?width=2376&name=Banner%20v6-7.png [59850/59850] -> "/Users/briannazajicek/Documents/illuminairy/archives/curious-cardinals-2026-05-18/blog/blog.curiouscardinals.com/hs-fs/hubfs/Banner v6-7.png?width=2376&name=Banner v6-7.png" [1]
2026-05-18 01:11:39 URL:https://blog.curiouscardinals.com/hs-fs/hubfs/Banner%20v6-7.png?width=3168&name=Banner%20v6-7.png [59850/59850] -> "/Users/briannazajicek/Documents/illuminairy/archives/curious-cardinals-2026-05-18/blog/blog.curiouscardinals.com/hs-fs/hubfs/Banner v6-7.png?width=3168&name=Banner v6-7.png" [1]
2026-05-18 01:11:40 URL:https://blog.curiouscardinals.com/hs-fs/hubfs/Banner%20v6-7.png?width=3960&name=Banner%20v6-7.png [59850/59850] -> "/Users/briannazajicek/Documents/illuminairy/archives/curious-cardinals-2026-05-18/blog/blog.curiouscardinals.com/hs-fs/hubfs/Banner v6-7.png?width=3960&name=Banner v6-7.png" [1]
2026-05-18 01:11:41 URL:https://blog.curiouscardinals.com/hs-fs/hubfs/Banner%20v6-7.png?width=4752&name=Banner%20v6-7.png [59850/59850] -> "/Users/briannazajicek/Documents/illuminairy/archives/curious-cardinals-2026-05-18/blog/blog.curiouscardinals.com/hs-fs/hubfs/Banner v6-7.png?width=4752&name=Banner v6-7.png" [1]
2026-05-18 01:11:42 URL:https://blog.curiouscardinals.com/student-spotlight-goodnews-ihueze-summer-20 [76308] -> "/Users/briannazajicek/Documents/illuminairy/archives/curious-cardinals-2026-05-18/blog/blog.curiouscardinals.com/student-spotlight-goodnews-ihueze-summer-20.html" [1]
2026-05-18 01:11:42 URL:https://blog.curiouscardinals.com/learning-balance-for-high-school [78751] -> "/Users/briannazajicek/Documents/illuminairy/archives/curious-cardinals-2026-05-18/blog/blog.curiouscardinals.com/learning-balance-for-high-school.html" [1]
2026-05-18 01:11:43 URL:https://blog.curiouscardinals.com/hs-fs/hubfs/cc%20curiosity%20compounds.webp?width=1200&height=300&name=cc%20curiosity%20compounds.webp [40332/40332] -> "/Users/briannazajicek/Documents/illuminairy/archives/curious-cardinals-2026-05-18/blog/blog.curiouscardinals.com/hs-fs/hubfs/cc curiosity compounds.webp?width=1200&height=300&name=cc curiosity compounds.webp" [1]
2026-05-18 01:11:44 URL:https://blog.curiouscardinals.com/hs-fs/hubfs/cc%20curiosity%20compounds.webp?width=600&height=150&name=cc%20curiosity%20compounds.webp [15872/15872] -> "/Users/briannazajicek/Documents/illuminairy/archives/curious-cardinals-2026-05-18/blog/blog.curiouscardinals.com/hs-fs/hubfs/cc curiosity compounds.webp?width=600&height=150&name=cc curiosity compounds.webp" [1]
2026-05-18 01:11:45 URL:https://blog.curiouscardinals.com/hs-fs/hubfs/cc%20curiosity%20compounds.webp?width=1800&height=450&name=cc%20curiosity%20compounds.webp [40332/40332] -> "/Users/briannazajicek/Documents/illuminairy/archives/curious-cardinals-2026-05-18/blog/blog.curiouscardinals.com/hs-fs/hubfs/cc curiosity compounds.webp?width=1800&height=450&name=cc curiosity compounds.webp" [1]
2026-05-18 01:11:46 URL:https://blog.curiouscardinals.com/hs-fs/hubfs/cc%20curiosity%20compounds.webp?width=2400&height=600&name=cc%20curiosity%20compounds.webp [40332/40332] -> "/Users/briannazajicek/Documents/illuminairy/archives/curious-cardinals-2026-05-18/blog/blog.curiouscardinals.com/hs-fs/hubfs/cc curiosity compounds.webp?width=2400&height=600&name=cc curiosity compounds.webp" [1]
2026-05-18 01:11:47 URL:https://blog.curiouscardinals.com/hs-fs/hubfs/cc%20curiosity%20compounds.webp?width=3000&height=750&name=cc%20curiosity%20compounds.webp [40332/40332] -> "/Users/briannazajicek/Documents/illuminairy/archives/curious-cardinals-2026-05-18/blog/blog.curiouscardinals.com/hs-fs/hubfs/cc curiosity compounds.webp?width=3000&height=750&name=cc curiosity compounds.webp" [1]
2026-05-18 01:11:48 URL:https://blog.curiouscardinals.com/hs-fs/hubfs/cc%20curiosity%20compounds.webp?width=3600&height=900&name=cc%20curiosity%20compounds.webp [40332/40332] -> "/Users/briannazajicek/Documents/illuminairy/archives/curious-cardinals-2026-05-18/blog/blog.curiouscardinals.com/hs-fs/hubfs/cc curiosity compounds.webp?width=3600&height=900&name=cc curiosity compounds.webp" [1]
2026-05-18 01:11:49 URL:https://blog.curiouscardinals.com/hs-fs/hubfs/Screen%20Shot%202025-01-09%20at%202.10.58%20PM.png?width=711&height=117&name=Screen%20Shot%202025-01-09%20at%202.10.58%20PM.png [12701/12701] -> "/Users/briannazajicek/Documents/illuminairy/archives/curious-cardinals-2026-05-18/blog/blog.curiouscardinals.com/hs-fs/hubfs/Screen Shot 2025-01-09 at 2.10.58 PM.png?width=711&height=117&name=Screen Shot 2025-01-09 at 2.10.58 PM.png" [1]
2026-05-18 01:11:50 URL:https://blog.curiouscardinals.com/hs-fs/hubfs/Screen%20Shot%202025-01-09%20at%202.10.58%20PM.png?width=356&height=59&name=Screen%20Shot%202025-01-09%20at%202.10.58%20PM.png [4080/4080] -> "/Users/briannazajicek/Documents/illuminairy/archives/curious-cardinals-2026-05-18/blog/blog.curiouscardinals.com/hs-fs/hubfs/Screen Shot 2025-01-09 at 2.10.58 PM.png?width=356&height=59&name=Screen Shot 2025-01-09 at 2.10.58 PM.png" [1]
2026-05-18 01:11:51 URL:https://blog.curiouscardinals.com/hs-fs/hubfs/Screen%20Shot%202025-01-09%20at%202.10.58%20PM.png?width=1067&height=176&name=Screen%20Shot%202025-01-09%20at%202.10.58%20PM.png [42464/42464] -> "/Users/briannazajicek/Documents/illuminairy/archives/curious-cardinals-2026-05-18/blog/blog.curiouscardinals.com/hs-fs/hubfs/Screen Shot 2025-01-09 at 2.10.58 PM.png?width=1067&height=176&name=Screen Shot 2025-01-09 at 2.10.58 PM.png" [1]
2026-05-18 01:11:52 URL:https://blog.curiouscardinals.com/hs-fs/hubfs/Screen%20Shot%202025-01-09%20at%202.10.58%20PM.png?width=1422&height=234&name=Screen%20Shot%202025-01-09%20at%202.10.58%20PM.png [52691/52691] -> "/Users/briannazajicek/Documents/illuminairy/archives/curious-cardinals-2026-05-18/blog/blog.curiouscardinals.com/hs-fs/hubfs/Screen Shot 2025-01-09 at 2.10.58 PM.png?width=1422&height=234&name=Screen Shot 2025-01-09 at 2.10.58 PM.png" [1]
2026-05-18 01:11:53 URL:https://blog.curiouscardinals.com/hs-fs/hubfs/Screen%20Shot%202025-01-09%20at%202.10.58%20PM.png?width=1778&height=293&name=Screen%20Shot%202025-01-09%20at%202.10.58%20PM.png [52691/52691] -> "/Users/briannazajicek/Documents/illuminairy/archives/curious-cardinals-2026-05-18/blog/blog.curiouscardinals.com/hs-fs/hubfs/Screen Shot 2025-01-09 at 2.10.58 PM.png?width=1778&height=293&name=Screen Shot 2025-01-09 at 2.10.58 PM.png" [1]
2026-05-18 01:11:54 URL:https://blog.curiouscardinals.com/hs-fs/hubfs/Screen%20Shot%202025-01-09%20at%202.10.58%20PM.png?width=2133&height=351&name=Screen%20Shot%202025-01-09%20at%202.10.58%20PM.png [52691/52691] -> "/Users/briannazajicek/Documents/illuminairy/archives/curious-cardinals-2026-05-18/blog/blog.curiouscardinals.com/hs-fs/hubfs/Screen Shot 2025-01-09 at 2.10.58 PM.png?width=2133&height=351&name=Screen Shot 2025-01-09 at 2.10.58 PM.png" [1]
2026-05-18 01:11:55 URL:https://blog.curiouscardinals.com/hs-fs/hubfs/Screen%20Shot%202025-01-09%20at%202.17.56%20PM.png?width=335&height=68&name=Screen%20Shot%202025-01-09%20at%202.17.56%20PM.png [4554/4554] -> "/Users/briannazajicek/Documents/illuminairy/archives/curious-cardinals-2026-05-18/blog/blog.curiouscardinals.com/hs-fs/hubfs/Screen Shot 2025-01-09 at 2.17.56 PM.png?width=335&height=68&name=Screen Shot 2025-01-09 at 2.17.56 PM.png" [1]
2026-05-18 01:11:56 URL:https://blog.curiouscardinals.com/hs-fs/hubfs/Screen%20Shot%202025-01-09%20at%202.17.56%20PM.png?width=168&height=34&name=Screen%20Shot%202025-01-09%20at%202.17.56%20PM.png [1849/1849] -> "/Users/briannazajicek/Documents/illuminairy/archives/curious-cardinals-2026-05-18/blog/blog.curiouscardinals.com/hs-fs/hubfs/Screen Shot 2025-01-09 at 2.17.56 PM.png?width=168&height=34&name=Screen Shot 2025-01-09 at 2.17.56 PM.png" [1]
2026-05-18 01:11:57 URL:https://blog.curiouscardinals.com/hs-fs/hubfs/Screen%20Shot%202025-01-09%20at%202.17.56%20PM.png?width=503&height=102&name=Screen%20Shot%202025-01-09%20at%202.17.56%20PM.png [12304/12304] -> "/Users/briannazajicek/Documents/illuminairy/archives/curious-cardinals-2026-05-18/blog/blog.curiouscardinals.com/hs-fs/hubfs/Screen Shot 2025-01-09 at 2.17.56 PM.png?width=503&height=102&name=Screen Shot 2025-01-09 at 2.17.56 PM.png" [1]
2026-05-18 01:11:58 URL:https://blog.curiouscardinals.com/hs-fs/hubfs/Screen%20Shot%202025-01-09%20at%202.17.56%20PM.png?width=670&height=136&name=Screen%20Shot%202025-01-09%20at%202.17.56%20PM.png [25427/25427] -> "/Users/briannazajicek/Documents/illuminairy/archives/curious-cardinals-2026-05-18/blog/blog.curiouscardinals.com/hs-fs/hubfs/Screen Shot 2025-01-09 at 2.17.56 PM.png?width=670&height=136&name=Screen Shot 2025-01-09 at 2.17.56 PM.png" [1]
2026-05-18 01:11:59 URL:https://blog.curiouscardinals.com/hs-fs/hubfs/Screen%20Shot%202025-01-09%20at%202.17.56%20PM.png?width=838&height=170&name=Screen%20Shot%202025-01-09%20at%202.17.56%20PM.png [25427/25427] -> "/Users/briannazajicek/Documents/illuminairy/archives/curious-cardinals-2026-05-18/blog/blog.curiouscardinals.com/hs-fs/hubfs/Screen Shot 2025-01-09 at 2.17.56 PM.png?width=838&height=170&name=Screen Shot 2025-01-09 at 2.17.56 PM.png" [1]
2026-05-18 01:12:00 URL:https://blog.curiouscardinals.com/hs-fs/hubfs/Screen%20Shot%202025-01-09%20at%202.17.56%20PM.png?width=1005&height=204&name=Screen%20Shot%202025-01-09%20at%202.17.56%20PM.png [25427/25427] -> "/Users/briannazajicek/Documents/illuminairy/archives/curious-cardinals-2026-05-18/blog/blog.curiouscardinals.com/hs-fs/hubfs/Screen Shot 2025-01-09 at 2.17.56 PM.png?width=1005&height=204&name=Screen Shot 2025-01-09 at 2.17.56 PM.png" [1]
2026-05-18 01:12:00 URL:https://blog.curiouscardinals.com/hs-fs/hubfs/Screen%20Shot%202025-01-09%20at%202.20.19%20PM.png?width=204&height=74&name=Screen%20Shot%202025-01-09%20at%202.20.19%20PM.png [3760/3760] -> "/Users/briannazajicek/Documents/illuminairy/archives/curious-cardinals-2026-05-18/blog/blog.curiouscardinals.com/hs-fs/hubfs/Screen Shot 2025-01-09 at 2.20.19 PM.png?width=204&height=74&name=Screen Shot 2025-01-09 at 2.20.19 PM.png" [1]
2026-05-18 01:12:01 URL:https://blog.curiouscardinals.com/hs-fs/hubfs/Screen%20Shot%202025-01-09%20at%202.20.19%20PM.png?width=102&height=37&name=Screen%20Shot%202025-01-09%20at%202.20.19%20PM.png [1393/1393] -> "/Users/briannazajicek/Documents/illuminairy/archives/curious-cardinals-2026-05-18/blog/blog.curiouscardinals.com/hs-fs/hubfs/Screen Shot 2025-01-09 at 2.20.19 PM.png?width=102&height=37&name=Screen Shot 2025-01-09 at 2.20.19 PM.png" [1]
2026-05-18 01:12:03 URL:https://blog.curiouscardinals.com/hs-fs/hubfs/Screen%20Shot%202025-01-09%20at%202.20.19%20PM.png?width=306&height=111&name=Screen%20Shot%202025-01-09%20at%202.20.19%20PM.png [10633/10633] -> "/Users/briannazajicek/Documents/illuminairy/archives/curious-cardinals-2026-05-18/blog/blog.curiouscardinals.com/hs-fs/hubfs/Screen Shot 2025-01-09 at 2.20.19 PM.png?width=306&height=111&name=Screen Shot 2025-01-09 at 2.20.19 PM.png" [1]
2026-05-18 01:12:03 URL:https://blog.curiouscardinals.com/hs-fs/hubfs/Screen%20Shot%202025-01-09%20at%202.20.19%20PM.png?width=408&height=148&name=Screen%20Shot%202025-01-09%20at%202.20.19%20PM.png [21689/21689] -> "/Users/briannazajicek/Documents/illuminairy/archives/curious-cardinals-2026-05-18/blog/blog.curiouscardinals.com/hs-fs/hubfs/Screen Shot 2025-01-09 at 2.20.19 PM.png?width=408&height=148&name=Screen Shot 2025-01-09 at 2.20.19 PM.png" [1]
2026-05-18 01:12:04 URL:https://blog.curiouscardinals.com/hs-fs/hubfs/Screen%20Shot%202025-01-09%20at%202.20.19%20PM.png?width=510&height=185&name=Screen%20Shot%202025-01-09%20at%202.20.19%20PM.png [21689/21689] -> "/Users/briannazajicek/Documents/illuminairy/archives/curious-cardinals-2026-05-18/blog/blog.curiouscardinals.com/hs-fs/hubfs/Screen Shot 2025-01-09 at 2.20.19 PM.png?width=510&height=185&name=Screen Shot 2025-01-09 at 2.20.19 PM.png" [1]
2026-05-18 01:12:05 URL:https://blog.curiouscardinals.com/hs-fs/hubfs/Screen%20Shot%202025-01-09%20at%202.20.19%20PM.png?width=612&height=222&name=Screen%20Shot%202025-01-09%20at%202.20.19%20PM.png [21689/21689] -> "/Users/briannazajicek/Documents/illuminairy/archives/curious-cardinals-2026-05-18/blog/blog.curiouscardinals.com/hs-fs/hubfs/Screen Shot 2025-01-09 at 2.20.19 PM.png?width=612&height=222&name=Screen Shot 2025-01-09 at 2.20.19 PM.png" [1]
2026-05-18 01:12:06 URL:https://blog.curiouscardinals.com/hs-fs/hubfs/senegal.webp?width=398&height=265&name=senegal.webp [21602/21602] -> "/Users/briannazajicek/Documents/illuminairy/archives/curious-cardinals-2026-05-18/blog/blog.curiouscardinals.com/hs-fs/hubfs/senegal.webp?width=398&height=265&name=senegal.webp" [1]
2026-05-18 01:12:07 URL:https://blog.curiouscardinals.com/hs-fs/hubfs/senegal.webp?width=199&height=133&name=senegal.webp [7458/7458] -> "/Users/briannazajicek/Documents/illuminairy/archives/curious-cardinals-2026-05-18/blog/blog.curiouscardinals.com/hs-fs/hubfs/senegal.webp?width=199&height=133&name=senegal.webp" [1]
2026-05-18 01:12:08 URL:https://blog.curiouscardinals.com/hs-fs/hubfs/senegal.webp?width=597&height=398&name=senegal.webp [39189/39189] -> "/Users/briannazajicek/Documents/illuminairy/archives/curious-cardinals-2026-05-18/blog/blog.curiouscardinals.com/hs-fs/hubfs/senegal.webp?width=597&height=398&name=senegal.webp" [1]
2026-05-18 01:12:09 URL:https://blog.curiouscardinals.com/hs-fs/hubfs/senegal.webp?width=796&height=530&name=senegal.webp [59381/59381] -> "/Users/briannazajicek/Documents/illuminairy/archives/curious-cardinals-2026-05-18/blog/blog.curiouscardinals.com/hs-fs/hubfs/senegal.webp?width=796&height=530&name=senegal.webp" [1]
2026-05-18 01:12:10 URL:https://blog.curiouscardinals.com/hs-fs/hubfs/senegal.webp?width=995&height=663&name=senegal.webp [80764/80764] -> "/Users/briannazajicek/Documents/illuminairy/archives/curious-cardinals-2026-05-18/blog/blog.curiouscardinals.com/hs-fs/hubfs/senegal.webp?width=995&height=663&name=senegal.webp" [1]
2026-05-18 01:12:11 URL:https://blog.curiouscardinals.com/hs-fs/hubfs/senegal.webp?width=1194&height=795&name=senegal.webp [94903/94903] -> "/Users/briannazajicek/Documents/illuminairy/archives/curious-cardinals-2026-05-18/blog/blog.curiouscardinals.com/hs-fs/hubfs/senegal.webp?width=1194&height=795&name=senegal.webp" [1]
2026-05-18 01:12:12 URL:https://blog.curiouscardinals.com/hs-fs/hubfs/Screen%20Shot%202025-01-06%20at%208.27.20%20PM.png?width=184&height=147&name=Screen%20Shot%202025-01-06%20at%208.27.20%20PM.png [10791/10791] -> "/Users/briannazajicek/Documents/illuminairy/archives/curious-cardinals-2026-05-18/blog/blog.curiouscardinals.com/hs-fs/hubfs/Screen Shot 2025-01-06 at 8.27.20 PM.png?width=184&height=147&name=Screen Shot 2025-01-06 at 8.27.20 PM.png" [1]
2026-05-18 01:12:13 URL:https://blog.curiouscardinals.com/hs-fs/hubfs/Screen%20Shot%202025-01-06%20at%208.27.20%20PM.png?width=92&height=74&name=Screen%20Shot%202025-01-06%20at%208.27.20%20PM.png [4035/4035] -> "/Users/briannazajicek/Documents/illuminairy/archives/curious-cardinals-2026-05-18/blog/blog.curiouscardinals.com/hs-fs/hubfs/Screen Shot 2025-01-06 at 8.27.20 PM.png?width=92&height=74&name=Screen Shot 2025-01-06 at 8.27.20 PM.png" [1]
2026-05-18 01:12:14 URL:https://blog.curiouscardinals.com/hs-fs/hubfs/Screen%20Shot%202025-01-06%20at%208.27.20%20PM.png?width=276&height=221&name=Screen%20Shot%202025-01-06%20at%208.27.20%20PM.png [26487/26487] -> "/Users/briannazajicek/Documents/illuminairy/archives/curious-cardinals-2026-05-18/blog/blog.curiouscardinals.com/hs-fs/hubfs/Screen Shot 2025-01-06 at 8.27.20 PM.png?width=276&height=221&name=Screen Shot 2025-01-06 at 8.27.20 PM.png" [1]
2026-05-18 01:12:15 URL:https://blog.curiouscardinals.com/hs-fs/hubfs/Screen%20Shot%202025-01-06%20at%208.27.20%20PM.png?width=368&height=294&name=Screen%20Shot%202025-01-06%20at%208.27.20%20PM.png [93393/93393] -> "/Users/briannazajicek/Documents/illuminairy/archives/curious-cardinals-2026-05-18/blog/blog.curiouscardinals.com/hs-fs/hubfs/Screen Shot 2025-01-06 at 8.27.20 PM.png?width=368&height=294&name=Screen Shot 2025-01-06 at 8.27.20 PM.png" [1]
2026-05-18 01:12:16 URL:https://blog.curiouscardinals.com/hs-fs/hubfs/Screen%20Shot%202025-01-06%20at%208.27.20%20PM.png?width=460&height=368&name=Screen%20Shot%202025-01-06%20at%208.27.20%20PM.png [93393/93393] -> "/Users/briannazajicek/Documents/illuminairy/archives/curious-cardinals-2026-05-18/blog/blog.curiouscardinals.com/hs-fs/hubfs/Screen Shot 2025-01-06 at 8.27.20 PM.png?width=460&height=368&name=Screen Shot 2025-01-06 at 8.27.20 PM.png" [1]
2026-05-18 01:12:17 URL:https://blog.curiouscardinals.com/hs-fs/hubfs/Screen%20Shot%202025-01-06%20at%208.27.20%20PM.png?width=552&height=441&name=Screen%20Shot%202025-01-06%20at%208.27.20%20PM.png [93393/93393] -> "/Users/briannazajicek/Documents/illuminairy/archives/curious-cardinals-2026-05-18/blog/blog.curiouscardinals.com/hs-fs/hubfs/Screen Shot 2025-01-06 at 8.27.20 PM.png?width=552&height=441&name=Screen Shot 2025-01-06 at 8.27.20 PM.png" [1]
2026-05-18 01:12:17 URL:https://blog.curiouscardinals.com/student-spotlight-natalie-ro-built-blog [70540] -> "/Users/briannazajicek/Documents/illuminairy/archives/curious-cardinals-2026-05-18/blog/blog.curiouscardinals.com/student-spotlight-natalie-ro-built-blog.html" [1]
Cookie coming from blog.curiouscardinals.com attempted to set domain to hubspotusercontent-na2.net
2026-05-18 01:12:18 URL:https://blog.curiouscardinals.com/hubfs/Screen%20Shot%202022-06-17%20at%206.15.51%20PM.png [4647957/4647957] -> "/Users/briannazajicek/Documents/illuminairy/archives/curious-cardinals-2026-05-18/blog/blog.curiouscardinals.com/hubfs/Screen Shot 2022-06-17 at 6.15.51 PM.png" [1]
2026-05-18 01:12:19 URL:https://blog.curiouscardinals.com/how-high-school-students-should-approach-summer [82228] -> "/Users/briannazajicek/Documents/illuminairy/archives/curious-cardinals-2026-05-18/blog/blog.curiouscardinals.com/how-high-school-students-should-approach-summer.html" [1]
2026-05-18 01:12:19 URL:https://blog.curiouscardinals.com/mentor-spotlight-lydia-cawley [66735] -> "/Users/briannazajicek/Documents/illuminairy/archives/curious-cardinals-2026-05-18/blog/blog.curiouscardinals.com/mentor-spotlight-lydia-cawley.html" [1]
2026-05-18 01:12:19 URL:https://blog.curiouscardinals.com/it-feels-great-to-win-an-award [75078] -> "/Users/briannazajicek/Documents/illuminairy/archives/curious-cardinals-2026-05-18/blog/blog.curiouscardinals.com/it-feels-great-to-win-an-award.html" [1]
2026-05-18 01:12:19 URL:https://blog.curiouscardinals.com/hs-fs/hubfs/image.png?width=277&height=277&name=image.png [16707/16707] -> "/Users/briannazajicek/Documents/illuminairy/archives/curious-cardinals-2026-05-18/blog/blog.curiouscardinals.com/hs-fs/hubfs/image.png?width=277&height=277&name=image.png" [1]
2026-05-18 01:12:21 URL:https://blog.curiouscardinals.com/hs-fs/hubfs/image.png?width=139&height=139&name=image.png [7041/7041] -> "/Users/briannazajicek/Documents/illuminairy/archives/curious-cardinals-2026-05-18/blog/blog.curiouscardinals.com/hs-fs/hubfs/image.png?width=139&height=139&name=image.png" [1]
2026-05-18 01:12:22 URL:https://blog.curiouscardinals.com/hs-fs/hubfs/image.png?width=416&height=416&name=image.png [27434/27434] -> "/Users/briannazajicek/Documents/illuminairy/archives/curious-cardinals-2026-05-18/blog/blog.curiouscardinals.com/hs-fs/hubfs/image.png?width=416&height=416&name=image.png" [1]
2026-05-18 01:12:23 URL:https://blog.curiouscardinals.com/hs-fs/hubfs/image.png?width=554&height=554&name=image.png [38852/38852] -> "/Users/briannazajicek/Documents/illuminairy/archives/curious-cardinals-2026-05-18/blog/blog.curiouscardinals.com/hs-fs/hubfs/image.png?width=554&height=554&name=image.png" [1]
2026-05-18 01:12:24 URL:https://blog.curiouscardinals.com/hs-fs/hubfs/image.png?width=693&height=693&name=image.png [50324/50324] -> "/Users/briannazajicek/Documents/illuminairy/archives/curious-cardinals-2026-05-18/blog/blog.curiouscardinals.com/hs-fs/hubfs/image.png?width=693&height=693&name=image.png" [1]
2026-05-18 01:12:24 URL:https://blog.curiouscardinals.com/hs-fs/hubfs/image.png?width=831&height=831&name=image.png [63892/63892] -> "/Users/briannazajicek/Documents/illuminairy/archives/curious-cardinals-2026-05-18/blog/blog.curiouscardinals.com/hs-fs/hubfs/image.png?width=831&height=831&name=image.png" [1]
2026-05-18 01:12:25 URL:https://blog.curiouscardinals.com/hs-fs/hubfs/st.png?width=303&height=303&name=st.png [35822/35822] -> "/Users/briannazajicek/Documents/illuminairy/archives/curious-cardinals-2026-05-18/blog/blog.curiouscardinals.com/hs-fs/hubfs/st.png?width=303&height=303&name=st.png" [1]
2026-05-18 01:12:26 URL:https://blog.curiouscardinals.com/hs-fs/hubfs/st.png?width=152&height=152&name=st.png [11357/11357] -> "/Users/briannazajicek/Documents/illuminairy/archives/curious-cardinals-2026-05-18/blog/blog.curiouscardinals.com/hs-fs/hubfs/st.png?width=152&height=152&name=st.png" [1]
2026-05-18 01:12:27 URL:https://blog.curiouscardinals.com/hs-fs/hubfs/st.png?width=455&height=455&name=st.png [73224/73224] -> "/Users/briannazajicek/Documents/illuminairy/archives/curious-cardinals-2026-05-18/blog/blog.curiouscardinals.com/hs-fs/hubfs/st.png?width=455&height=455&name=st.png" [1]
2026-05-18 01:12:28 URL:https://blog.curiouscardinals.com/hs-fs/hubfs/st.png?width=606&height=606&name=st.png [316819/316819] -> "/Users/briannazajicek/Documents/illuminairy/archives/curious-cardinals-2026-05-18/blog/blog.curiouscardinals.com/hs-fs/hubfs/st.png?width=606&height=606&name=st.png" [1]
2026-05-18 01:12:29 URL:https://blog.curiouscardinals.com/hs-fs/hubfs/st.png?width=758&height=758&name=st.png [316819/316819] -> "/Users/briannazajicek/Documents/illuminairy/archives/curious-cardinals-2026-05-18/blog/blog.curiouscardinals.com/hs-fs/hubfs/st.png?width=758&height=758&name=st.png" [1]
2026-05-18 01:12:30 URL:https://blog.curiouscardinals.com/hs-fs/hubfs/st.png?width=909&height=909&name=st.png [316819/316819] -> "/Users/briannazajicek/Documents/illuminairy/archives/curious-cardinals-2026-05-18/blog/blog.curiouscardinals.com/hs-fs/hubfs/st.png?width=909&height=909&name=st.png" [1]
2026-05-18 01:12:31 URL:https://blog.curiouscardinals.com/hs-fs/hubfs/poic.png?width=303&height=303&name=poic.png [14167/14167] -> "/Users/briannazajicek/Documents/illuminairy/archives/curious-cardinals-2026-05-18/blog/blog.curiouscardinals.com/hs-fs/hubfs/poic.png?width=303&height=303&name=poic.png" [1]
2026-05-18 01:12:32 URL:https://blog.curiouscardinals.com/hs-fs/hubfs/poic.png?width=152&height=152&name=poic.png [5332/5332] -> "/Users/briannazajicek/Documents/illuminairy/archives/curious-cardinals-2026-05-18/blog/blog.curiouscardinals.com/hs-fs/hubfs/poic.png?width=152&height=152&name=poic.png" [1]
2026-05-18 01:12:33 URL:https://blog.curiouscardinals.com/hs-fs/hubfs/poic.png?width=455&height=455&name=poic.png [30165/30165] -> "/Users/briannazajicek/Documents/illuminairy/archives/curious-cardinals-2026-05-18/blog/blog.curiouscardinals.com/hs-fs/hubfs/poic.png?width=455&height=455&name=poic.png" [1]
2026-05-18 01:12:34 URL:https://blog.curiouscardinals.com/hs-fs/hubfs/poic.png?width=606&height=606&name=poic.png [74151/74151] -> "/Users/briannazajicek/Documents/illuminairy/archives/curious-cardinals-2026-05-18/blog/blog.curiouscardinals.com/hs-fs/hubfs/poic.png?width=606&height=606&name=poic.png" [1]
2026-05-18 01:12:35 URL:https://blog.curiouscardinals.com/hs-fs/hubfs/poic.png?width=758&height=758&name=poic.png [74151/74151] -> "/Users/briannazajicek/Documents/illuminairy/archives/curious-cardinals-2026-05-18/blog/blog.curiouscardinals.com/hs-fs/hubfs/poic.png?width=758&height=758&name=poic.png" [1]
2026-05-18 01:12:36 URL:https://blog.curiouscardinals.com/hs-fs/hubfs/poic.png?width=909&height=909&name=poic.png [74151/74151] -> "/Users/briannazajicek/Documents/illuminairy/archives/curious-cardinals-2026-05-18/blog/blog.curiouscardinals.com/hs-fs/hubfs/poic.png?width=909&height=909&name=poic.png" [1]
2026-05-18 01:12:36 URL:https://blog.curiouscardinals.com/thriving-against-the-odds-empowering-women-in-stem [75158] -> "/Users/briannazajicek/Documents/illuminairy/archives/curious-cardinals-2026-05-18/blog/blog.curiouscardinals.com/thriving-against-the-odds-empowering-women-in-stem.html" [1]
2026-05-18 01:12:37 URL:https://blog.curiouscardinals.com/hs-fs/hubfs/WICS.png?width=267&height=144&name=WICS.png [7122/7122] -> "/Users/briannazajicek/Documents/illuminairy/archives/curious-cardinals-2026-05-18/blog/blog.curiouscardinals.com/hs-fs/hubfs/WICS.png?width=267&height=144&name=WICS.png" [1]
2026-05-18 01:12:37 URL:https://blog.curiouscardinals.com/hs-fs/hubfs/WICS.png?width=134&height=72&name=WICS.png [3430/3430] -> "/Users/briannazajicek/Documents/illuminairy/archives/curious-cardinals-2026-05-18/blog/blog.curiouscardinals.com/hs-fs/hubfs/WICS.png?width=134&height=72&name=WICS.png" [1]
2026-05-18 01:12:37 URL:https://blog.curiouscardinals.com/hs-fs/hubfs/WICS.png?width=401&height=216&name=WICS.png [12181/12181] -> "/Users/briannazajicek/Documents/illuminairy/archives/curious-cardinals-2026-05-18/blog/blog.curiouscardinals.com/hs-fs/hubfs/WICS.png?width=401&height=216&name=WICS.png" [1]
2026-05-18 01:12:38 URL:https://blog.curiouscardinals.com/hs-fs/hubfs/WICS.png?width=534&height=288&name=WICS.png [18836/18836] -> "/Users/briannazajicek/Documents/illuminairy/archives/curious-cardinals-2026-05-18/blog/blog.curiouscardinals.com/hs-fs/hubfs/WICS.png?width=534&height=288&name=WICS.png" [1]
2026-05-18 01:12:38 URL:https://blog.curiouscardinals.com/hs-fs/hubfs/WICS.png?width=668&height=360&name=WICS.png [27634/27634] -> "/Users/briannazajicek/Documents/illuminairy/archives/curious-cardinals-2026-05-18/blog/blog.curiouscardinals.com/hs-fs/hubfs/WICS.png?width=668&height=360&name=WICS.png" [1]
2026-05-18 01:12:39 URL:https://blog.curiouscardinals.com/hs-fs/hubfs/WICS.png?width=801&height=432&name=WICS.png [39978/39978] -> "/Users/briannazajicek/Documents/illuminairy/archives/curious-cardinals-2026-05-18/blog/blog.curiouscardinals.com/hs-fs/hubfs/WICS.png?width=801&height=432&name=WICS.png" [1]
2026-05-18 01:12:39 URL:https://blog.curiouscardinals.com/hs-fs/hubfs/FUN%20FACT.png?width=338&height=338&name=FUN%20FACT.png [22798/22798] -> "/Users/briannazajicek/Documents/illuminairy/archives/curious-cardinals-2026-05-18/blog/blog.curiouscardinals.com/hs-fs/hubfs/FUN FACT.png?width=338&height=338&name=FUN FACT.png" [1]
2026-05-18 01:12:40 URL:https://blog.curiouscardinals.com/hs-fs/hubfs/FUN%20FACT.png?width=169&height=169&name=FUN%20FACT.png [9225/9225] -> "/Users/briannazajicek/Documents/illuminairy/archives/curious-cardinals-2026-05-18/blog/blog.curiouscardinals.com/hs-fs/hubfs/FUN FACT.png?width=169&height=169&name=FUN FACT.png" [1]
2026-05-18 01:12:40 URL:https://blog.curiouscardinals.com/hs-fs/hubfs/FUN%20FACT.png?width=507&height=507&name=FUN%20FACT.png [39107/39107] -> "/Users/briannazajicek/Documents/illuminairy/archives/curious-cardinals-2026-05-18/blog/blog.curiouscardinals.com/hs-fs/hubfs/FUN FACT.png?width=507&height=507&name=FUN FACT.png" [1]
2026-05-18 01:12:40 URL:https://blog.curiouscardinals.com/hs-fs/hubfs/FUN%20FACT.png?width=676&height=676&name=FUN%20FACT.png [63133/63133] -> "/Users/briannazajicek/Documents/illuminairy/archives/curious-cardinals-2026-05-18/blog/blog.curiouscardinals.com/hs-fs/hubfs/FUN FACT.png?width=676&height=676&name=FUN FACT.png" [1]
2026-05-18 01:12:41 URL:https://blog.curiouscardinals.com/hs-fs/hubfs/FUN%20FACT.png?width=845&height=845&name=FUN%20FACT.png [63133/63133] -> "/Users/briannazajicek/Documents/illuminairy/archives/curious-cardinals-2026-05-18/blog/blog.curiouscardinals.com/hs-fs/hubfs/FUN FACT.png?width=845&height=845&name=FUN FACT.png" [1]
2026-05-18 01:12:42 URL:https://blog.curiouscardinals.com/hs-fs/hubfs/FUN%20FACT.png?width=1014&height=1014&name=FUN%20FACT.png [63133/63133] -> "/Users/briannazajicek/Documents/illuminairy/archives/curious-cardinals-2026-05-18/blog/blog.curiouscardinals.com/hs-fs/hubfs/FUN FACT.png?width=1014&height=1014&name=FUN FACT.png" [1]
2026-05-18 01:12:42 URL:https://blog.curiouscardinals.com/hs-fs/hubfs/4-3.png?width=283&height=236&name=4-3.png [11401/11401] -> "/Users/briannazajicek/Documents/illuminairy/archives/curious-cardinals-2026-05-18/blog/blog.curiouscardinals.com/hs-fs/hubfs/4-3.png?width=283&height=236&name=4-3.png" [1]
2026-05-18 01:12:42 URL:https://blog.curiouscardinals.com/hs-fs/hubfs/4-3.png?width=142&height=118&name=4-3.png [4689/4689] -> "/Users/briannazajicek/Documents/illuminairy/archives/curious-cardinals-2026-05-18/blog/blog.curiouscardinals.com/hs-fs/hubfs/4-3.png?width=142&height=118&name=4-3.png" [1]
2026-05-18 01:12:43 URL:https://blog.curiouscardinals.com/hs-fs/hubfs/4-3.png?width=425&height=354&name=4-3.png [19311/19311] -> "/Users/briannazajicek/Documents/illuminairy/archives/curious-cardinals-2026-05-18/blog/blog.curiouscardinals.com/hs-fs/hubfs/4-3.png?width=425&height=354&name=4-3.png" [1]
2026-05-18 01:12:43 URL:https://blog.curiouscardinals.com/hs-fs/hubfs/4-3.png?width=566&height=472&name=4-3.png [29173/29173] -> "/Users/briannazajicek/Documents/illuminairy/archives/curious-cardinals-2026-05-18/blog/blog.curiouscardinals.com/hs-fs/hubfs/4-3.png?width=566&height=472&name=4-3.png" [1]
2026-05-18 01:12:43 URL:https://blog.curiouscardinals.com/hs-fs/hubfs/4-3.png?width=708&height=590&name=4-3.png [39416/39416] -> "/Users/briannazajicek/Documents/illuminairy/archives/curious-cardinals-2026-05-18/blog/blog.curiouscardinals.com/hs-fs/hubfs/4-3.png?width=708&height=590&name=4-3.png" [1]
2026-05-18 01:12:43 URL:https://blog.curiouscardinals.com/hs-fs/hubfs/4-3.png?width=849&height=708&name=4-3.png [52311/52311] -> "/Users/briannazajicek/Documents/illuminairy/archives/curious-cardinals-2026-05-18/blog/blog.curiouscardinals.com/hs-fs/hubfs/4-3.png?width=849&height=708&name=4-3.png" [1]
2026-05-18 01:12:44 URL:https://blog.curiouscardinals.com/hs-fs/hubfs/original-0B6186E9-5043-4872-809D-0ED81DCCA919.jpeg.jpeg?width=240&height=184&name=original-0B6186E9-5043-4872-809D-0ED81DCCA919.jpeg.jpeg [5607/5607] -> "/Users/briannazajicek/Documents/illuminairy/archives/curious-cardinals-2026-05-18/blog/blog.curiouscardinals.com/hs-fs/hubfs/original-0B6186E9-5043-4872-809D-0ED81DCCA919.jpeg.jpeg?width=240&height=184&name=original-0B6186E9-5043-4872-809D-0ED81DCCA919.jpeg.jpeg" [1]
2026-05-18 01:12:45 URL:https://blog.curiouscardinals.com/hs-fs/hubfs/original-0B6186E9-5043-4872-809D-0ED81DCCA919.jpeg.jpeg?width=120&height=92&name=original-0B6186E9-5043-4872-809D-0ED81DCCA919.jpeg.jpeg [2350/2350] -> "/Users/briannazajicek/Documents/illuminairy/archives/curious-cardinals-2026-05-18/blog/blog.curiouscardinals.com/hs-fs/hubfs/original-0B6186E9-5043-4872-809D-0ED81DCCA919.jpeg.jpeg?width=120&height=92&name=original-0B6186E9-5043-4872-809D-0ED81DCCA919.jpeg.jpeg" [1]
2026-05-18 01:12:45 URL:https://blog.curiouscardinals.com/hs-fs/hubfs/original-0B6186E9-5043-4872-809D-0ED81DCCA919.jpeg.jpeg?width=360&height=276&name=original-0B6186E9-5043-4872-809D-0ED81DCCA919.jpeg.jpeg [10124/10124] -> "/Users/briannazajicek/Documents/illuminairy/archives/curious-cardinals-2026-05-18/blog/blog.curiouscardinals.com/hs-fs/hubfs/original-0B6186E9-5043-4872-809D-0ED81DCCA919.jpeg.jpeg?width=360&height=276&name=original-0B6186E9-5043-4872-809D-0ED81DCCA919.jpeg.jpeg" [1]
2026-05-18 01:12:46 URL:https://blog.curiouscardinals.com/hs-fs/hubfs/original-0B6186E9-5043-4872-809D-0ED81DCCA919.jpeg.jpeg?width=480&height=368&name=original-0B6186E9-5043-4872-809D-0ED81DCCA919.jpeg.jpeg [15293/15293] -> "/Users/briannazajicek/Documents/illuminairy/archives/curious-cardinals-2026-05-18/blog/blog.curiouscardinals.com/hs-fs/hubfs/original-0B6186E9-5043-4872-809D-0ED81DCCA919.jpeg.jpeg?width=480&height=368&name=original-0B6186E9-5043-4872-809D-0ED81DCCA919.jpeg.jpeg" [1]
2026-05-18 01:12:46 URL:https://blog.curiouscardinals.com/hs-fs/hubfs/original-0B6186E9-5043-4872-809D-0ED81DCCA919.jpeg.jpeg?width=600&height=460&name=original-0B6186E9-5043-4872-809D-0ED81DCCA919.jpeg.jpeg [20961/20961] -> "/Users/briannazajicek/Documents/illuminairy/archives/curious-cardinals-2026-05-18/blog/blog.curiouscardinals.com/hs-fs/hubfs/original-0B6186E9-5043-4872-809D-0ED81DCCA919.jpeg.jpeg?width=600&height=460&name=original-0B6186E9-5043-4872-809D-0ED81DCCA919.jpeg.jpeg" [1]
2026-05-18 01:12:46 URL:https://blog.curiouscardinals.com/hs-fs/hubfs/original-0B6186E9-5043-4872-809D-0ED81DCCA919.jpeg.jpeg?width=720&height=552&name=original-0B6186E9-5043-4872-809D-0ED81DCCA919.jpeg.jpeg [27572/27572] -> "/Users/briannazajicek/Documents/illuminairy/archives/curious-cardinals-2026-05-18/blog/blog.curiouscardinals.com/hs-fs/hubfs/original-0B6186E9-5043-4872-809D-0ED81DCCA919.jpeg.jpeg?width=720&height=552&name=original-0B6186E9-5043-4872-809D-0ED81DCCA919.jpeg.jpeg" [1]
2026-05-18 01:12:47 URL:https://blog.curiouscardinals.com/from-novice-to-google-engineer-in-one-year-why-its-never-too-late-to-code [73081] -> "/Users/briannazajicek/Documents/illuminairy/archives/curious-cardinals-2026-05-18/blog/blog.curiouscardinals.com/from-novice-to-google-engineer-in-one-year-why-its-never-too-late-to-code.html" [1]
2026-05-18 01:12:48 URL:https://blog.curiouscardinals.com/hs-fs/hubfs/original-0B6186E9-5043-4872-809D-0ED81DCCA919.jpeg.jpeg?width=510&height=391&name=original-0B6186E9-5043-4872-809D-0ED81DCCA919.jpeg.jpeg [16696/16696] -> "/Users/briannazajicek/Documents/illuminairy/archives/curious-cardinals-2026-05-18/blog/blog.curiouscardinals.com/hs-fs/hubfs/original-0B6186E9-5043-4872-809D-0ED81DCCA919.jpeg.jpeg?width=510&height=391&name=original-0B6186E9-5043-4872-809D-0ED81DCCA919.jpeg.jpeg" [1]
2026-05-18 01:12:49 URL:https://blog.curiouscardinals.com/hs-fs/hubfs/original-0B6186E9-5043-4872-809D-0ED81DCCA919.jpeg.jpeg?width=255&height=196&name=original-0B6186E9-5043-4872-809D-0ED81DCCA919.jpeg.jpeg [6324/6324] -> "/Users/briannazajicek/Documents/illuminairy/archives/curious-cardinals-2026-05-18/blog/blog.curiouscardinals.com/hs-fs/hubfs/original-0B6186E9-5043-4872-809D-0ED81DCCA919.jpeg.jpeg?width=255&height=196&name=original-0B6186E9-5043-4872-809D-0ED81DCCA919.jpeg.jpeg" [1]
2026-05-18 01:12:50 URL:https://blog.curiouscardinals.com/hs-fs/hubfs/original-0B6186E9-5043-4872-809D-0ED81DCCA919.jpeg.jpeg?width=765&height=587&name=original-0B6186E9-5043-4872-809D-0ED81DCCA919.jpeg.jpeg [30261/30261] -> "/Users/briannazajicek/Documents/illuminairy/archives/curious-cardinals-2026-05-18/blog/blog.curiouscardinals.com/hs-fs/hubfs/original-0B6186E9-5043-4872-809D-0ED81DCCA919.jpeg.jpeg?width=765&height=587&name=original-0B6186E9-5043-4872-809D-0ED81DCCA919.jpeg.jpeg" [1]
2026-05-18 01:12:51 URL:https://blog.curiouscardinals.com/hs-fs/hubfs/original-0B6186E9-5043-4872-809D-0ED81DCCA919.jpeg.jpeg?width=1020&height=782&name=original-0B6186E9-5043-4872-809D-0ED81DCCA919.jpeg.jpeg [41173/41173] -> "/Users/briannazajicek/Documents/illuminairy/archives/curious-cardinals-2026-05-18/blog/blog.curiouscardinals.com/hs-fs/hubfs/original-0B6186E9-5043-4872-809D-0ED81DCCA919.jpeg.jpeg?width=1020&height=782&name=original-0B6186E9-5043-4872-809D-0ED81DCCA919.jpeg.jpeg" [1]
2026-05-18 01:12:53 URL:https://blog.curiouscardinals.com/hs-fs/hubfs/original-0B6186E9-5043-4872-809D-0ED81DCCA919.jpeg.jpeg?width=1275&height=978&name=original-0B6186E9-5043-4872-809D-0ED81DCCA919.jpeg.jpeg [41173/41173] -> "/Users/briannazajicek/Documents/illuminairy/archives/curious-cardinals-2026-05-18/blog/blog.curiouscardinals.com/hs-fs/hubfs/original-0B6186E9-5043-4872-809D-0ED81DCCA919.jpeg.jpeg?width=1275&height=978&name=original-0B6186E9-5043-4872-809D-0ED81DCCA919.jpeg.jpeg" [1]
2026-05-18 01:12:54 URL:https://blog.curiouscardinals.com/hs-fs/hubfs/original-0B6186E9-5043-4872-809D-0ED81DCCA919.jpeg.jpeg?width=1530&height=1173&name=original-0B6186E9-5043-4872-809D-0ED81DCCA919.jpeg.jpeg [41173/41173] -> "/Users/briannazajicek/Documents/illuminairy/archives/curious-cardinals-2026-05-18/blog/blog.curiouscardinals.com/hs-fs/hubfs/original-0B6186E9-5043-4872-809D-0ED81DCCA919.jpeg.jpeg?width=1530&height=1173&name=original-0B6186E9-5043-4872-809D-0ED81DCCA919.jpeg.jpeg" [1]
2026-05-18 01:12:55 URL:https://blog.curiouscardinals.com/b2s-with-cc [83495] -> "/Users/briannazajicek/Documents/illuminairy/archives/curious-cardinals-2026-05-18/blog/blog.curiouscardinals.com/b2s-with-cc.html" [1]
2026-05-18 01:12:55 URL:https://blog.curiouscardinals.com/hs-fs/hubfs/CC%20Messenger%20banner.webp?width=1200&height=300&name=CC%20Messenger%20banner.webp [50009/50009] -> "/Users/briannazajicek/Documents/illuminairy/archives/curious-cardinals-2026-05-18/blog/blog.curiouscardinals.com/hs-fs/hubfs/CC Messenger banner.webp?width=1200&height=300&name=CC Messenger banner.webp" [1]
2026-05-18 01:12:56 URL:https://blog.curiouscardinals.com/hs-fs/hubfs/CC%20Messenger%20banner.webp?width=600&height=150&name=CC%20Messenger%20banner.webp [20239/20239] -> "/Users/briannazajicek/Documents/illuminairy/archives/curious-cardinals-2026-05-18/blog/blog.curiouscardinals.com/hs-fs/hubfs/CC Messenger banner.webp?width=600&height=150&name=CC Messenger banner.webp" [1]
2026-05-18 01:12:56 URL:https://blog.curiouscardinals.com/hs-fs/hubfs/CC%20Messenger%20banner.webp?width=1800&height=450&name=CC%20Messenger%20banner.webp [50009/50009] -> "/Users/briannazajicek/Documents/illuminairy/archives/curious-cardinals-2026-05-18/blog/blog.curiouscardinals.com/hs-fs/hubfs/CC Messenger banner.webp?width=1800&height=450&name=CC Messenger banner.webp" [1]
2026-05-18 01:12:57 URL:https://blog.curiouscardinals.com/hs-fs/hubfs/CC%20Messenger%20banner.webp?width=2400&height=600&name=CC%20Messenger%20banner.webp [50009/50009] -> "/Users/briannazajicek/Documents/illuminairy/archives/curious-cardinals-2026-05-18/blog/blog.curiouscardinals.com/hs-fs/hubfs/CC Messenger banner.webp?width=2400&height=600&name=CC Messenger banner.webp" [1]
2026-05-18 01:12:58 URL:https://blog.curiouscardinals.com/hs-fs/hubfs/CC%20Messenger%20banner.webp?width=3000&height=750&name=CC%20Messenger%20banner.webp [50009/50009] -> "/Users/briannazajicek/Documents/illuminairy/archives/curious-cardinals-2026-05-18/blog/blog.curiouscardinals.com/hs-fs/hubfs/CC Messenger banner.webp?width=3000&height=750&name=CC Messenger banner.webp" [1]
2026-05-18 01:12:59 URL:https://blog.curiouscardinals.com/hs-fs/hubfs/CC%20Messenger%20banner.webp?width=3600&height=900&name=CC%20Messenger%20banner.webp [50009/50009] -> "/Users/briannazajicek/Documents/illuminairy/archives/curious-cardinals-2026-05-18/blog/blog.curiouscardinals.com/hs-fs/hubfs/CC Messenger banner.webp?width=3600&height=900&name=CC Messenger banner.webp" [1]
2026-05-18 01:12:59 URL:https://blog.curiouscardinals.com/hs-fs/hubfs/Jordyn%20.webp?width=329&height=247&name=Jordyn%20.webp [20871/20871] -> "/Users/briannazajicek/Documents/illuminairy/archives/curious-cardinals-2026-05-18/blog/blog.curiouscardinals.com/hs-fs/hubfs/Jordyn .webp?width=329&height=247&name=Jordyn .webp" [1]
2026-05-18 01:13:00 URL:https://blog.curiouscardinals.com/hs-fs/hubfs/Jordyn%20.webp?width=165&height=124&name=Jordyn%20.webp [7330/7330] -> "/Users/briannazajicek/Documents/illuminairy/archives/curious-cardinals-2026-05-18/blog/blog.curiouscardinals.com/hs-fs/hubfs/Jordyn .webp?width=165&height=124&name=Jordyn .webp" [1]
2026-05-18 01:13:01 URL:https://blog.curiouscardinals.com/hs-fs/hubfs/Jordyn%20.webp?width=494&height=371&name=Jordyn%20.webp [38945/38945] -> "/Users/briannazajicek/Documents/illuminairy/archives/curious-cardinals-2026-05-18/blog/blog.curiouscardinals.com/hs-fs/hubfs/Jordyn .webp?width=494&height=371&name=Jordyn .webp" [1]
2026-05-18 01:13:02 URL:https://blog.curiouscardinals.com/hs-fs/hubfs/Jordyn%20.webp?width=658&height=494&name=Jordyn%20.webp [60309/60309] -> "/Users/briannazajicek/Documents/illuminairy/archives/curious-cardinals-2026-05-18/blog/blog.curiouscardinals.com/hs-fs/hubfs/Jordyn .webp?width=658&height=494&name=Jordyn .webp" [1]
2026-05-18 01:13:03 URL:https://blog.curiouscardinals.com/hs-fs/hubfs/Jordyn%20.webp?width=823&height=618&name=Jordyn%20.webp [80272/80272] -> "/Users/briannazajicek/Documents/illuminairy/archives/curious-cardinals-2026-05-18/blog/blog.curiouscardinals.com/hs-fs/hubfs/Jordyn .webp?width=823&height=618&name=Jordyn .webp" [1]
2026-05-18 01:13:04 URL:https://blog.curiouscardinals.com/hs-fs/hubfs/Jordyn%20.webp?width=987&height=741&name=Jordyn%20.webp [80272/80272] -> "/Users/briannazajicek/Documents/illuminairy/archives/curious-cardinals-2026-05-18/blog/blog.curiouscardinals.com/hs-fs/hubfs/Jordyn .webp?width=987&height=741&name=Jordyn .webp" [1]
2026-05-18 01:13:05 URL:https://blog.curiouscardinals.com/hs-fs/hubfs/CC%20team.webp?width=311&height=233&name=CC%20team.webp [25065/25065] -> "/Users/briannazajicek/Documents/illuminairy/archives/curious-cardinals-2026-05-18/blog/blog.curiouscardinals.com/hs-fs/hubfs/CC team.webp?width=311&height=233&name=CC team.webp" [1]
2026-05-18 01:13:06 URL:https://blog.curiouscardinals.com/hs-fs/hubfs/CC%20team.webp?width=156&height=117&name=CC%20team.webp [7263/7263] -> "/Users/briannazajicek/Documents/illuminairy/archives/curious-cardinals-2026-05-18/blog/blog.curiouscardinals.com/hs-fs/hubfs/CC team.webp?width=156&height=117&name=CC team.webp" [1]
2026-05-18 01:13:07 URL:https://blog.curiouscardinals.com/hs-fs/hubfs/CC%20team.webp?width=467&height=350&name=CC%20team.webp [54506/54506] -> "/Users/briannazajicek/Documents/illuminairy/archives/curious-cardinals-2026-05-18/blog/blog.curiouscardinals.com/hs-fs/hubfs/CC team.webp?width=467&height=350&name=CC team.webp" [1]
2026-05-18 01:13:08 URL:https://blog.curiouscardinals.com/hs-fs/hubfs/CC%20team.webp?width=622&height=466&name=CC%20team.webp [94254/94254] -> "/Users/briannazajicek/Documents/illuminairy/archives/curious-cardinals-2026-05-18/blog/blog.curiouscardinals.com/hs-fs/hubfs/CC team.webp?width=622&height=466&name=CC team.webp" [1]
2026-05-18 01:13:09 URL:https://blog.curiouscardinals.com/hs-fs/hubfs/CC%20team.webp?width=778&height=583&name=CC%20team.webp [143681/143681] -> "/Users/briannazajicek/Documents/illuminairy/archives/curious-cardinals-2026-05-18/blog/blog.curiouscardinals.com/hs-fs/hubfs/CC team.webp?width=778&height=583&name=CC team.webp" [1]
2026-05-18 01:13:10 URL:https://blog.curiouscardinals.com/hs-fs/hubfs/CC%20team.webp?width=933&height=699&name=CC%20team.webp [153053/153053] -> "/Users/briannazajicek/Documents/illuminairy/archives/curious-cardinals-2026-05-18/blog/blog.curiouscardinals.com/hs-fs/hubfs/CC team.webp?width=933&height=699&name=CC team.webp" [1]
2026-05-18 01:13:11 URL:https://blog.curiouscardinals.com/hs-fs/hubfs/AI%20literacy%20workshop.webp?width=330&height=247&name=AI%20literacy%20workshop.webp [20579/20579] -> "/Users/briannazajicek/Documents/illuminairy/archives/curious-cardinals-2026-05-18/blog/blog.curiouscardinals.com/hs-fs/hubfs/AI literacy workshop.webp?width=330&height=247&name=AI literacy workshop.webp" [1]
2026-05-18 01:13:12 URL:https://blog.curiouscardinals.com/hs-fs/hubfs/AI%20literacy%20workshop.webp?width=165&height=124&name=AI%20literacy%20workshop.webp [6682/6682] -> "/Users/briannazajicek/Documents/illuminairy/archives/curious-cardinals-2026-05-18/blog/blog.curiouscardinals.com/hs-fs/hubfs/AI literacy workshop.webp?width=165&height=124&name=AI literacy workshop.webp" [1]
2026-05-18 01:13:13 URL:https://blog.curiouscardinals.com/hs-fs/hubfs/AI%20literacy%20workshop.webp?width=495&height=371&name=AI%20literacy%20workshop.webp [40800/40800] -> "/Users/briannazajicek/Documents/illuminairy/archives/curious-cardinals-2026-05-18/blog/blog.curiouscardinals.com/hs-fs/hubfs/AI literacy workshop.webp?width=495&height=371&name=AI literacy workshop.webp" [1]
2026-05-18 01:13:14 URL:https://blog.curiouscardinals.com/hs-fs/hubfs/AI%20literacy%20workshop.webp?width=660&height=494&name=AI%20literacy%20workshop.webp [65946/65946] -> "/Users/briannazajicek/Documents/illuminairy/archives/curious-cardinals-2026-05-18/blog/blog.curiouscardinals.com/hs-fs/hubfs/AI literacy workshop.webp?width=660&height=494&name=AI literacy workshop.webp" [1]
2026-05-18 01:13:15 URL:https://blog.curiouscardinals.com/hs-fs/hubfs/AI%20literacy%20workshop.webp?width=825&height=618&name=AI%20literacy%20workshop.webp [90763/90763] -> "/Users/briannazajicek/Documents/illuminairy/archives/curious-cardinals-2026-05-18/blog/blog.curiouscardinals.com/hs-fs/hubfs/AI literacy workshop.webp?width=825&height=618&name=AI literacy workshop.webp" [1]
2026-05-18 01:13:16 URL:https://blog.curiouscardinals.com/hs-fs/hubfs/AI%20literacy%20workshop.webp?width=990&height=741&name=AI%20literacy%20workshop.webp [90763/90763] -> "/Users/briannazajicek/Documents/illuminairy/archives/curious-cardinals-2026-05-18/blog/blog.curiouscardinals.com/hs-fs/hubfs/AI literacy workshop.webp?width=990&height=741&name=AI literacy workshop.webp" [1]
2026-05-18 01:13:17 URL:https://blog.curiouscardinals.com/hs-fs/hubfs/CC%20founders.webp?width=308&height=205&name=CC%20founders.webp [11163/11163] -> "/Users/briannazajicek/Documents/illuminairy/archives/curious-cardinals-2026-05-18/blog/blog.curiouscardinals.com/hs-fs/hubfs/CC founders.webp?width=308&height=205&name=CC founders.webp" [1]
2026-05-18 01:13:17 URL:https://blog.curiouscardinals.com/hs-fs/hubfs/CC%20founders.webp?width=154&height=103&name=CC%20founders.webp [3856/3856] -> "/Users/briannazajicek/Documents/illuminairy/archives/curious-cardinals-2026-05-18/blog/blog.curiouscardinals.com/hs-fs/hubfs/CC founders.webp?width=154&height=103&name=CC founders.webp" [1]
2026-05-18 01:13:18 URL:https://blog.curiouscardinals.com/hs-fs/hubfs/CC%20founders.webp?width=462&height=308&name=CC%20founders.webp [20479/20479] -> "/Users/briannazajicek/Documents/illuminairy/archives/curious-cardinals-2026-05-18/blog/blog.curiouscardinals.com/hs-fs/hubfs/CC founders.webp?width=462&height=308&name=CC founders.webp" [1]
2026-05-18 01:13:19 URL:https://blog.curiouscardinals.com/hs-fs/hubfs/CC%20founders.webp?width=616&height=410&name=CC%20founders.webp [31184/31184] -> "/Users/briannazajicek/Documents/illuminairy/archives/curious-cardinals-2026-05-18/blog/blog.curiouscardinals.com/hs-fs/hubfs/CC founders.webp?width=616&height=410&name=CC founders.webp" [1]
2026-05-18 01:13:20 URL:https://blog.curiouscardinals.com/hs-fs/hubfs/CC%20founders.webp?width=770&height=513&name=CC%20founders.webp [42492/42492] -> "/Users/briannazajicek/Documents/illuminairy/archives/curious-cardinals-2026-05-18/blog/blog.curiouscardinals.com/hs-fs/hubfs/CC founders.webp?width=770&height=513&name=CC founders.webp" [1]
2026-05-18 01:13:21 URL:https://blog.curiouscardinals.com/hs-fs/hubfs/CC%20founders.webp?width=924&height=615&name=CC%20founders.webp [44335/44335] -> "/Users/briannazajicek/Documents/illuminairy/archives/curious-cardinals-2026-05-18/blog/blog.curiouscardinals.com/hs-fs/hubfs/CC founders.webp?width=924&height=615&name=CC founders.webp" [1]
2026-05-18 01:13:22 URL:https://blog.curiouscardinals.com/hs-fs/hubfs/Screen%20Shot%202025-01-08%20at%204.55.02%20PM.png?width=209&height=66&name=Screen%20Shot%202025-01-08%20at%204.55.02%20PM.png [3410/3410] -> "/Users/briannazajicek/Documents/illuminairy/archives/curious-cardinals-2026-05-18/blog/blog.curiouscardinals.com/hs-fs/hubfs/Screen Shot 2025-01-08 at 4.55.02 PM.png?width=209&height=66&name=Screen Shot 2025-01-08 at 4.55.02 PM.png" [1]
2026-05-18 01:13:23 URL:https://blog.curiouscardinals.com/hs-fs/hubfs/Screen%20Shot%202025-01-08%20at%204.55.02%20PM.png?width=105&height=33&name=Screen%20Shot%202025-01-08%20at%204.55.02%20PM.png [1414/1414] -> "/Users/briannazajicek/Documents/illuminairy/archives/curious-cardinals-2026-05-18/blog/blog.curiouscardinals.com/hs-fs/hubfs/Screen Shot 2025-01-08 at 4.55.02 PM.png?width=105&height=33&name=Screen Shot 2025-01-08 at 4.55.02 PM.png" [1]
2026-05-18 01:13:24 URL:https://blog.curiouscardinals.com/hs-fs/hubfs/Screen%20Shot%202025-01-08%20at%204.55.02%20PM.png?width=314&height=99&name=Screen%20Shot%202025-01-08%20at%204.55.02%20PM.png [10716/10716] -> "/Users/briannazajicek/Documents/illuminairy/archives/curious-cardinals-2026-05-18/blog/blog.curiouscardinals.com/hs-fs/hubfs/Screen Shot 2025-01-08 at 4.55.02 PM.png?width=314&height=99&name=Screen Shot 2025-01-08 at 4.55.02 PM.png" [1]
2026-05-18 01:13:25 URL:https://blog.curiouscardinals.com/hs-fs/hubfs/Screen%20Shot%202025-01-08%20at%204.55.02%20PM.png?width=418&height=132&name=Screen%20Shot%202025-01-08%20at%204.55.02%20PM.png [22701/22701] -> "/Users/briannazajicek/Documents/illuminairy/archives/curious-cardinals-2026-05-18/blog/blog.curiouscardinals.com/hs-fs/hubfs/Screen Shot 2025-01-08 at 4.55.02 PM.png?width=418&height=132&name=Screen Shot 2025-01-08 at 4.55.02 PM.png" [1]
2026-05-18 01:13:26 URL:https://blog.curiouscardinals.com/hs-fs/hubfs/Screen%20Shot%202025-01-08%20at%204.55.02%20PM.png?width=523&height=165&name=Screen%20Shot%202025-01-08%20at%204.55.02%20PM.png [22701/22701] -> "/Users/briannazajicek/Documents/illuminairy/archives/curious-cardinals-2026-05-18/blog/blog.curiouscardinals.com/hs-fs/hubfs/Screen Shot 2025-01-08 at 4.55.02 PM.png?width=523&height=165&name=Screen Shot 2025-01-08 at 4.55.02 PM.png" [1]
2026-05-18 01:13:26 URL:https://blog.curiouscardinals.com/hs-fs/hubfs/Screen%20Shot%202025-01-08%20at%204.55.02%20PM.png?width=627&height=198&name=Screen%20Shot%202025-01-08%20at%204.55.02%20PM.png [22701/22701] -> "/Users/briannazajicek/Documents/illuminairy/archives/curious-cardinals-2026-05-18/blog/blog.curiouscardinals.com/hs-fs/hubfs/Screen Shot 2025-01-08 at 4.55.02 PM.png?width=627&height=198&name=Screen Shot 2025-01-08 at 4.55.02 PM.png" [1]
2026-05-18 01:13:27 URL:https://blog.curiouscardinals.com/hs-fs/hubfs/Audrey%20signature.webp?width=108&height=54&name=Audrey%20signature.webp [2076/2076] -> "/Users/briannazajicek/Documents/illuminairy/archives/curious-cardinals-2026-05-18/blog/blog.curiouscardinals.com/hs-fs/hubfs/Audrey signature.webp?width=108&height=54&name=Audrey signature.webp" [1]
2026-05-18 01:13:28 URL:https://blog.curiouscardinals.com/hs-fs/hubfs/Audrey%20signature.webp?width=54&height=27&name=Audrey%20signature.webp [1233/1233] -> "/Users/briannazajicek/Documents/illuminairy/archives/curious-cardinals-2026-05-18/blog/blog.curiouscardinals.com/hs-fs/hubfs/Audrey signature.webp?width=54&height=27&name=Audrey signature.webp" [1]
2026-05-18 01:13:29 URL:https://blog.curiouscardinals.com/hs-fs/hubfs/Audrey%20signature.webp?width=162&height=81&name=Audrey%20signature.webp [2076/2076] -> "/Users/briannazajicek/Documents/illuminairy/archives/curious-cardinals-2026-05-18/blog/blog.curiouscardinals.com/hs-fs/hubfs/Audrey signature.webp?width=162&height=81&name=Audrey signature.webp" [1]
2026-05-18 01:13:30 URL:https://blog.curiouscardinals.com/hs-fs/hubfs/Audrey%20signature.webp?width=216&height=108&name=Audrey%20signature.webp [2076/2076] -> "/Users/briannazajicek/Documents/illuminairy/archives/curious-cardinals-2026-05-18/blog/blog.curiouscardinals.com/hs-fs/hubfs/Audrey signature.webp?width=216&height=108&name=Audrey signature.webp" [1]
2026-05-18 01:13:31 URL:https://blog.curiouscardinals.com/hs-fs/hubfs/Audrey%20signature.webp?width=270&height=135&name=Audrey%20signature.webp [2076/2076] -> "/Users/briannazajicek/Documents/illuminairy/archives/curious-cardinals-2026-05-18/blog/blog.curiouscardinals.com/hs-fs/hubfs/Audrey signature.webp?width=270&height=135&name=Audrey signature.webp" [1]
2026-05-18 01:13:32 URL:https://blog.curiouscardinals.com/hs-fs/hubfs/Audrey%20signature.webp?width=324&height=162&name=Audrey%20signature.webp [2076/2076] -> "/Users/briannazajicek/Documents/illuminairy/archives/curious-cardinals-2026-05-18/blog/blog.curiouscardinals.com/hs-fs/hubfs/Audrey signature.webp?width=324&height=162&name=Audrey signature.webp" [1]
2026-05-18 01:13:32 URL:https://blog.curiouscardinals.com/hs-fs/hubfs/Screen%20Shot%202025-01-06%20at%208.27.20%20PM.png?width=205&height=164&name=Screen%20Shot%202025-01-06%20at%208.27.20%20PM.png [13267/13267] -> "/Users/briannazajicek/Documents/illuminairy/archives/curious-cardinals-2026-05-18/blog/blog.curiouscardinals.com/hs-fs/hubfs/Screen Shot 2025-01-06 at 8.27.20 PM.png?width=205&height=164&name=Screen Shot 2025-01-06 at 8.27.20 PM.png" [1]
2026-05-18 01:13:33 URL:https://blog.curiouscardinals.com/hs-fs/hubfs/Screen%20Shot%202025-01-06%20at%208.27.20%20PM.png?width=103&height=82&name=Screen%20Shot%202025-01-06%20at%208.27.20%20PM.png [4656/4656] -> "/Users/briannazajicek/Documents/illuminairy/archives/curious-cardinals-2026-05-18/blog/blog.curiouscardinals.com/hs-fs/hubfs/Screen Shot 2025-01-06 at 8.27.20 PM.png?width=103&height=82&name=Screen Shot 2025-01-06 at 8.27.20 PM.png" [1]
2026-05-18 01:13:34 URL:https://blog.curiouscardinals.com/hs-fs/hubfs/Screen%20Shot%202025-01-06%20at%208.27.20%20PM.png?width=308&height=246&name=Screen%20Shot%202025-01-06%20at%208.27.20%20PM.png [34734/34734] -> "/Users/briannazajicek/Documents/illuminairy/archives/curious-cardinals-2026-05-18/blog/blog.curiouscardinals.com/hs-fs/hubfs/Screen Shot 2025-01-06 at 8.27.20 PM.png?width=308&height=246&name=Screen Shot 2025-01-06 at 8.27.20 PM.png" [1]
2026-05-18 01:13:36 URL:https://blog.curiouscardinals.com/hs-fs/hubfs/Screen%20Shot%202025-01-06%20at%208.27.20%20PM.png?width=410&height=328&name=Screen%20Shot%202025-01-06%20at%208.27.20%20PM.png [93393/93393] -> "/Users/briannazajicek/Documents/illuminairy/archives/curious-cardinals-2026-05-18/blog/blog.curiouscardinals.com/hs-fs/hubfs/Screen Shot 2025-01-06 at 8.27.20 PM.png?width=410&height=328&name=Screen Shot 2025-01-06 at 8.27.20 PM.png" [1]
2026-05-18 01:13:37 URL:https://blog.curiouscardinals.com/hs-fs/hubfs/Screen%20Shot%202025-01-06%20at%208.27.20%20PM.png?width=513&height=410&name=Screen%20Shot%202025-01-06%20at%208.27.20%20PM.png [93393/93393] -> "/Users/briannazajicek/Documents/illuminairy/archives/curious-cardinals-2026-05-18/blog/blog.curiouscardinals.com/hs-fs/hubfs/Screen Shot 2025-01-06 at 8.27.20 PM.png?width=513&height=410&name=Screen Shot 2025-01-06 at 8.27.20 PM.png" [1]
2026-05-18 01:13:38 URL:https://blog.curiouscardinals.com/hs-fs/hubfs/Screen%20Shot%202025-01-06%20at%208.27.20%20PM.png?width=615&height=492&name=Screen%20Shot%202025-01-06%20at%208.27.20%20PM.png [93393/93393] -> "/Users/briannazajicek/Documents/illuminairy/archives/curious-cardinals-2026-05-18/blog/blog.curiouscardinals.com/hs-fs/hubfs/Screen Shot 2025-01-06 at 8.27.20 PM.png?width=615&height=492&name=Screen Shot 2025-01-06 at 8.27.20 PM.png" [1]
2026-05-18 01:13:39 URL:https://blog.curiouscardinals.com/baking-cookies-in-the-cardinal-crib [74744] -> "/Users/briannazajicek/Documents/illuminairy/archives/curious-cardinals-2026-05-18/blog/blog.curiouscardinals.com/baking-cookies-in-the-cardinal-crib.html" [1]
2026-05-18 01:13:39 URL:https://blog.curiouscardinals.com/jaidyn-hurst-hotchkiss-23-how-does-singer-songwriter-find-balance-and-prioritize [77849] -> "/Users/briannazajicek/Documents/illuminairy/archives/curious-cardinals-2026-05-18/blog/blog.curiouscardinals.com/jaidyn-hurst-hotchkiss-23-how-does-singer-songwriter-find-balance-and-prioritize.html" [1]
Cookie coming from blog.curiouscardinals.com attempted to set domain to hubspotusercontent-na2.net
2026-05-18 01:13:40 URL:https://blog.curiouscardinals.com/hubfs/Screen%20Shot%202022-07-28%20at%201.01.45%20AM.png [1414618/1414618] -> "/Users/briannazajicek/Documents/illuminairy/archives/curious-cardinals-2026-05-18/blog/blog.curiouscardinals.com/hubfs/Screen Shot 2022-07-28 at 1.01.45 AM.png" [1]
2026-05-18 01:13:41 URL:https://blog.curiouscardinals.com/hs-fs/hubfs/IMG-7996-JPEG.jpeg?width=357&name=IMG-7996-JPEG.jpeg [41196/41196] -> "/Users/briannazajicek/Documents/illuminairy/archives/curious-cardinals-2026-05-18/blog/blog.curiouscardinals.com/hs-fs/hubfs/IMG-7996-JPEG.jpeg?width=357&name=IMG-7996-JPEG.jpeg" [1]
2026-05-18 01:13:43 URL:https://blog.curiouscardinals.com/hs-fs/hubfs/IMG-7996-JPEG.jpeg?width=179&name=IMG-7996-JPEG.jpeg [15072/15072] -> "/Users/briannazajicek/Documents/illuminairy/archives/curious-cardinals-2026-05-18/blog/blog.curiouscardinals.com/hs-fs/hubfs/IMG-7996-JPEG.jpeg?width=179&name=IMG-7996-JPEG.jpeg" [1]
2026-05-18 01:13:44 URL:https://blog.curiouscardinals.com/hs-fs/hubfs/IMG-7996-JPEG.jpeg?width=536&name=IMG-7996-JPEG.jpeg [82887/82887] -> "/Users/briannazajicek/Documents/illuminairy/archives/curious-cardinals-2026-05-18/blog/blog.curiouscardinals.com/hs-fs/hubfs/IMG-7996-JPEG.jpeg?width=536&name=IMG-7996-JPEG.jpeg" [1]
2026-05-18 01:13:45 URL:https://blog.curiouscardinals.com/hs-fs/hubfs/IMG-7996-JPEG.jpeg?width=714&name=IMG-7996-JPEG.jpeg [123924/123924] -> "/Users/briannazajicek/Documents/illuminairy/archives/curious-cardinals-2026-05-18/blog/blog.curiouscardinals.com/hs-fs/hubfs/IMG-7996-JPEG.jpeg?width=714&name=IMG-7996-JPEG.jpeg" [1]
2026-05-18 01:13:47 URL:https://blog.curiouscardinals.com/hs-fs/hubfs/IMG-7996-JPEG.jpeg?width=893&name=IMG-7996-JPEG.jpeg [210441/210441] -> "/Users/briannazajicek/Documents/illuminairy/archives/curious-cardinals-2026-05-18/blog/blog.curiouscardinals.com/hs-fs/hubfs/IMG-7996-JPEG.jpeg?width=893&name=IMG-7996-JPEG.jpeg" [1]
2026-05-18 01:13:48 URL:https://blog.curiouscardinals.com/hs-fs/hubfs/IMG-7996-JPEG.jpeg?width=1071&name=IMG-7996-JPEG.jpeg [287751/287751] -> "/Users/briannazajicek/Documents/illuminairy/archives/curious-cardinals-2026-05-18/blog/blog.curiouscardinals.com/hs-fs/hubfs/IMG-7996-JPEG.jpeg?width=1071&name=IMG-7996-JPEG.jpeg" [1]
Cookie coming from blog.curiouscardinals.com attempted to set domain to hubspotusercontent-na2.net
2026-05-18 01:13:49 URL:https://blog.curiouscardinals.com/hubfs/Screen%20Shot%202022-06-21%20at%205.42.10%20PM.png [852516/852516] -> "/Users/briannazajicek/Documents/illuminairy/archives/curious-cardinals-2026-05-18/blog/blog.curiouscardinals.com/hubfs/Screen Shot 2022-06-21 at 5.42.10 PM.png" [1]
2026-05-18 01:13:49 URL:https://blog.curiouscardinals.com/why-your-kids-wont-listen-to-you-what-you-can-do-about-it [78976] -> "/Users/briannazajicek/Documents/illuminairy/archives/curious-cardinals-2026-05-18/blog/blog.curiouscardinals.com/why-your-kids-wont-listen-to-you-what-you-can-do-about-it.html" [1]
2026-05-18 01:13:50 URL:https://blog.curiouscardinals.com/hs-fs/hubfs/Screenshot%202023-10-12%202.29.44%20AM.png?width=560&height=323&name=Screenshot%202023-10-12%202.29.44%20AM.png [57911/57911] -> "/Users/briannazajicek/Documents/illuminairy/archives/curious-cardinals-2026-05-18/blog/blog.curiouscardinals.com/hs-fs/hubfs/Screenshot 2023-10-12 2.29.44 AM.png?width=560&height=323&name=Screenshot 2023-10-12 2.29.44 AM.png" [1]
2026-05-18 01:13:51 URL:https://blog.curiouscardinals.com/hs-fs/hubfs/Screenshot%202023-10-12%202.29.44%20AM.png?width=280&height=162&name=Screenshot%202023-10-12%202.29.44%20AM.png [21323/21323] -> "/Users/briannazajicek/Documents/illuminairy/archives/curious-cardinals-2026-05-18/blog/blog.curiouscardinals.com/hs-fs/hubfs/Screenshot 2023-10-12 2.29.44 AM.png?width=280&height=162&name=Screenshot 2023-10-12 2.29.44 AM.png" [1]
2026-05-18 01:13:52 URL:https://blog.curiouscardinals.com/hs-fs/hubfs/Screenshot%202023-10-12%202.29.44%20AM.png?width=840&height=485&name=Screenshot%202023-10-12%202.29.44%20AM.png [127376/127376] -> "/Users/briannazajicek/Documents/illuminairy/archives/curious-cardinals-2026-05-18/blog/blog.curiouscardinals.com/hs-fs/hubfs/Screenshot 2023-10-12 2.29.44 AM.png?width=840&height=485&name=Screenshot 2023-10-12 2.29.44 AM.png" [1]
2026-05-18 01:13:52 URL:https://blog.curiouscardinals.com/hs-fs/hubfs/Screenshot%202023-10-12%202.29.44%20AM.png?width=1120&height=646&name=Screenshot%202023-10-12%202.29.44%20AM.png [127376/127376] -> "/Users/briannazajicek/Documents/illuminairy/archives/curious-cardinals-2026-05-18/blog/blog.curiouscardinals.com/hs-fs/hubfs/Screenshot 2023-10-12 2.29.44 AM.png?width=1120&height=646&name=Screenshot 2023-10-12 2.29.44 AM.png" [1]
2026-05-18 01:13:53 URL:https://blog.curiouscardinals.com/hs-fs/hubfs/Screenshot%202023-10-12%202.29.44%20AM.png?width=1400&height=808&name=Screenshot%202023-10-12%202.29.44%20AM.png [127376/127376] -> "/Users/briannazajicek/Documents/illuminairy/archives/curious-cardinals-2026-05-18/blog/blog.curiouscardinals.com/hs-fs/hubfs/Screenshot 2023-10-12 2.29.44 AM.png?width=1400&height=808&name=Screenshot 2023-10-12 2.29.44 AM.png" [1]
2026-05-18 01:13:54 URL:https://blog.curiouscardinals.com/hs-fs/hubfs/Screenshot%202023-10-12%202.29.44%20AM.png?width=1680&height=969&name=Screenshot%202023-10-12%202.29.44%20AM.png [127376/127376] -> "/Users/briannazajicek/Documents/illuminairy/archives/curious-cardinals-2026-05-18/blog/blog.curiouscardinals.com/hs-fs/hubfs/Screenshot 2023-10-12 2.29.44 AM.png?width=1680&height=969&name=Screenshot 2023-10-12 2.29.44 AM.png" [1]
2026-05-18 01:13:55 URL:https://blog.curiouscardinals.com/hs-fs/hubfs/Screenshot%202023-10-12%2012.51.57%20PM.png?width=560&height=327&name=Screenshot%202023-10-12%2012.51.57%20PM.png [54571/54571] -> "/Users/briannazajicek/Documents/illuminairy/archives/curious-cardinals-2026-05-18/blog/blog.curiouscardinals.com/hs-fs/hubfs/Screenshot 2023-10-12 12.51.57 PM.png?width=560&height=327&name=Screenshot 2023-10-12 12.51.57 PM.png" [1]
2026-05-18 01:13:56 URL:https://blog.curiouscardinals.com/hs-fs/hubfs/Screenshot%202023-10-12%2012.51.57%20PM.png?width=280&height=164&name=Screenshot%202023-10-12%2012.51.57%20PM.png [19035/19035] -> "/Users/briannazajicek/Documents/illuminairy/archives/curious-cardinals-2026-05-18/blog/blog.curiouscardinals.com/hs-fs/hubfs/Screenshot 2023-10-12 12.51.57 PM.png?width=280&height=164&name=Screenshot 2023-10-12 12.51.57 PM.png" [1]
2026-05-18 01:13:57 URL:https://blog.curiouscardinals.com/hs-fs/hubfs/Screenshot%202023-10-12%2012.51.57%20PM.png?width=840&height=491&name=Screenshot%202023-10-12%2012.51.57%20PM.png [103903/103903] -> "/Users/briannazajicek/Documents/illuminairy/archives/curious-cardinals-2026-05-18/blog/blog.curiouscardinals.com/hs-fs/hubfs/Screenshot 2023-10-12 12.51.57 PM.png?width=840&height=491&name=Screenshot 2023-10-12 12.51.57 PM.png" [1]
2026-05-18 01:13:58 URL:https://blog.curiouscardinals.com/hs-fs/hubfs/Screenshot%202023-10-12%2012.51.57%20PM.png?width=1120&height=654&name=Screenshot%202023-10-12%2012.51.57%20PM.png [103903/103903] -> "/Users/briannazajicek/Documents/illuminairy/archives/curious-cardinals-2026-05-18/blog/blog.curiouscardinals.com/hs-fs/hubfs/Screenshot 2023-10-12 12.51.57 PM.png?width=1120&height=654&name=Screenshot 2023-10-12 12.51.57 PM.png" [1]
2026-05-18 01:13:59 URL:https://blog.curiouscardinals.com/hs-fs/hubfs/Screenshot%202023-10-12%2012.51.57%20PM.png?width=1400&height=818&name=Screenshot%202023-10-12%2012.51.57%20PM.png [103903/103903] -> "/Users/briannazajicek/Documents/illuminairy/archives/curious-cardinals-2026-05-18/blog/blog.curiouscardinals.com/hs-fs/hubfs/Screenshot 2023-10-12 12.51.57 PM.png?width=1400&height=818&name=Screenshot 2023-10-12 12.51.57 PM.png" [1]
2026-05-18 01:14:00 URL:https://blog.curiouscardinals.com/hs-fs/hubfs/Screenshot%202023-10-12%2012.51.57%20PM.png?width=1680&height=981&name=Screenshot%202023-10-12%2012.51.57%20PM.png [103903/103903] -> "/Users/briannazajicek/Documents/illuminairy/archives/curious-cardinals-2026-05-18/blog/blog.curiouscardinals.com/hs-fs/hubfs/Screenshot 2023-10-12 12.51.57 PM.png?width=1680&height=981&name=Screenshot 2023-10-12 12.51.57 PM.png" [1]
2026-05-18 01:14:01 URL:https://blog.curiouscardinals.com/hs-fs/hubfs/Screenshot%202023-10-12%202.26.06%20AM.png?width=560&height=345&name=Screenshot%202023-10-12%202.26.06%20AM.png [60574/60574] -> "/Users/briannazajicek/Documents/illuminairy/archives/curious-cardinals-2026-05-18/blog/blog.curiouscardinals.com/hs-fs/hubfs/Screenshot 2023-10-12 2.26.06 AM.png?width=560&height=345&name=Screenshot 2023-10-12 2.26.06 AM.png" [1]
2026-05-18 01:14:02 URL:https://blog.curiouscardinals.com/hs-fs/hubfs/Screenshot%202023-10-12%202.26.06%20AM.png?width=280&height=173&name=Screenshot%202023-10-12%202.26.06%20AM.png [21504/21504] -> "/Users/briannazajicek/Documents/illuminairy/archives/curious-cardinals-2026-05-18/blog/blog.curiouscardinals.com/hs-fs/hubfs/Screenshot 2023-10-12 2.26.06 AM.png?width=280&height=173&name=Screenshot 2023-10-12 2.26.06 AM.png" [1]
2026-05-18 01:14:03 URL:https://blog.curiouscardinals.com/hs-fs/hubfs/Screenshot%202023-10-12%202.26.06%20AM.png?width=840&height=518&name=Screenshot%202023-10-12%202.26.06%20AM.png [100138/100138] -> "/Users/briannazajicek/Documents/illuminairy/archives/curious-cardinals-2026-05-18/blog/blog.curiouscardinals.com/hs-fs/hubfs/Screenshot 2023-10-12 2.26.06 AM.png?width=840&height=518&name=Screenshot 2023-10-12 2.26.06 AM.png" [1]
2026-05-18 01:14:05 URL:https://blog.curiouscardinals.com/hs-fs/hubfs/Screenshot%202023-10-12%202.26.06%20AM.png?width=1120&height=690&name=Screenshot%202023-10-12%202.26.06%20AM.png [100138/100138] -> "/Users/briannazajicek/Documents/illuminairy/archives/curious-cardinals-2026-05-18/blog/blog.curiouscardinals.com/hs-fs/hubfs/Screenshot 2023-10-12 2.26.06 AM.png?width=1120&height=690&name=Screenshot 2023-10-12 2.26.06 AM.png" [1]
2026-05-18 01:14:05 URL:https://blog.curiouscardinals.com/hs-fs/hubfs/Screenshot%202023-10-12%202.26.06%20AM.png?width=1400&height=863&name=Screenshot%202023-10-12%202.26.06%20AM.png [100138/100138] -> "/Users/briannazajicek/Documents/illuminairy/archives/curious-cardinals-2026-05-18/blog/blog.curiouscardinals.com/hs-fs/hubfs/Screenshot 2023-10-12 2.26.06 AM.png?width=1400&height=863&name=Screenshot 2023-10-12 2.26.06 AM.png" [1]
2026-05-18 01:14:06 URL:https://blog.curiouscardinals.com/hs-fs/hubfs/Screenshot%202023-10-12%202.26.06%20AM.png?width=1680&height=1035&name=Screenshot%202023-10-12%202.26.06%20AM.png [100138/100138] -> "/Users/briannazajicek/Documents/illuminairy/archives/curious-cardinals-2026-05-18/blog/blog.curiouscardinals.com/hs-fs/hubfs/Screenshot 2023-10-12 2.26.06 AM.png?width=1680&height=1035&name=Screenshot 2023-10-12 2.26.06 AM.png" [1]
2026-05-18 01:14:06 URL:https://blog.curiouscardinals.com/10-top-tips-for-writing-your-college-essay [70341] -> "/Users/briannazajicek/Documents/illuminairy/archives/curious-cardinals-2026-05-18/blog/blog.curiouscardinals.com/10-top-tips-for-writing-your-college-essay.html" [1]
Cookie coming from blog.curiouscardinals.com attempted to set domain to hubspotusercontent-na2.net
2026-05-18 01:14:07 URL:https://blog.curiouscardinals.com/hubfs/blog%20banners%20--%20CC%20(9).png [514323/514323] -> "/Users/briannazajicek/Documents/illuminairy/archives/curious-cardinals-2026-05-18/blog/blog.curiouscardinals.com/hubfs/blog banners -- CC (9).png" [1]
2026-05-18 01:14:07 URL:https://blog.curiouscardinals.com/hs-fs/hubfs/ian_fisher_360x300.jpg?width=45&name=ian_fisher_360x300.jpg [1002/1002] -> "/Users/briannazajicek/Documents/illuminairy/archives/curious-cardinals-2026-05-18/blog/blog.curiouscardinals.com/hs-fs/hubfs/ian_fisher_360x300.jpg?width=45&name=ian_fisher_360x300.jpg" [1]
2026-05-18 01:14:08 URL:https://blog.curiouscardinals.com/hs-fs/hubfs/ian_fisher_360x300.jpg?width=23&name=ian_fisher_360x300.jpg [530/530] -> "/Users/briannazajicek/Documents/illuminairy/archives/curious-cardinals-2026-05-18/blog/blog.curiouscardinals.com/hs-fs/hubfs/ian_fisher_360x300.jpg?width=23&name=ian_fisher_360x300.jpg" [1]
2026-05-18 01:14:08 URL:https://blog.curiouscardinals.com/hs-fs/hubfs/ian_fisher_360x300.jpg?width=68&name=ian_fisher_360x300.jpg [1382/1382] -> "/Users/briannazajicek/Documents/illuminairy/archives/curious-cardinals-2026-05-18/blog/blog.curiouscardinals.com/hs-fs/hubfs/ian_fisher_360x300.jpg?width=68&name=ian_fisher_360x300.jpg" [1]
2026-05-18 01:14:08 URL:https://blog.curiouscardinals.com/hs-fs/hubfs/ian_fisher_360x300.jpg?width=90&name=ian_fisher_360x300.jpg [2246/2246] -> "/Users/briannazajicek/Documents/illuminairy/archives/curious-cardinals-2026-05-18/blog/blog.curiouscardinals.com/hs-fs/hubfs/ian_fisher_360x300.jpg?width=90&name=ian_fisher_360x300.jpg" [1]
2026-05-18 01:14:09 URL:https://blog.curiouscardinals.com/hs-fs/hubfs/ian_fisher_360x300.jpg?width=113&name=ian_fisher_360x300.jpg [2968/2968] -> "/Users/briannazajicek/Documents/illuminairy/archives/curious-cardinals-2026-05-18/blog/blog.curiouscardinals.com/hs-fs/hubfs/ian_fisher_360x300.jpg?width=113&name=ian_fisher_360x300.jpg" [1]
2026-05-18 01:14:09 URL:https://blog.curiouscardinals.com/hs-fs/hubfs/ian_fisher_360x300.jpg?width=135&name=ian_fisher_360x300.jpg [3035/3035] -> "/Users/briannazajicek/Documents/illuminairy/archives/curious-cardinals-2026-05-18/blog/blog.curiouscardinals.com/hs-fs/hubfs/ian_fisher_360x300.jpg?width=135&name=ian_fisher_360x300.jpg" [1]
2026-05-18 01:14:10 URL:https://blog.curiouscardinals.com/curiosity-compounds [79911] -> "/Users/briannazajicek/Documents/illuminairy/archives/curious-cardinals-2026-05-18/blog/blog.curiouscardinals.com/curiosity-compounds.html" [1]
2026-05-18 01:14:10 URL:https://blog.curiouscardinals.com/hs-fs/hubfs/corner%20(1).png?width=250&height=250&name=corner%20(1).png [17692/17692] -> "/Users/briannazajicek/Documents/illuminairy/archives/curious-cardinals-2026-05-18/blog/blog.curiouscardinals.com/hs-fs/hubfs/corner (1).png?width=250&height=250&name=corner (1).png" [1]
2026-05-18 01:14:11 URL:https://blog.curiouscardinals.com/hs-fs/hubfs/corner%20(1).png?width=125&height=125&name=corner%20(1).png [6302/6302] -> "/Users/briannazajicek/Documents/illuminairy/archives/curious-cardinals-2026-05-18/blog/blog.curiouscardinals.com/hs-fs/hubfs/corner (1).png?width=125&height=125&name=corner (1).png" [1]
2026-05-18 01:14:12 URL:https://blog.curiouscardinals.com/hs-fs/hubfs/corner%20(1).png?width=375&height=375&name=corner%20(1).png [32483/32483] -> "/Users/briannazajicek/Documents/illuminairy/archives/curious-cardinals-2026-05-18/blog/blog.curiouscardinals.com/hs-fs/hubfs/corner (1).png?width=375&height=375&name=corner (1).png" [1]
2026-05-18 01:14:13 URL:https://blog.curiouscardinals.com/hs-fs/hubfs/corner%20(1).png?width=500&height=500&name=corner%20(1).png [50798/50798] -> "/Users/briannazajicek/Documents/illuminairy/archives/curious-cardinals-2026-05-18/blog/blog.curiouscardinals.com/hs-fs/hubfs/corner (1).png?width=500&height=500&name=corner (1).png" [1]
2026-05-18 01:14:15 URL:https://blog.curiouscardinals.com/hs-fs/hubfs/corner%20(1).png?width=625&height=625&name=corner%20(1).png [79374/79374] -> "/Users/briannazajicek/Documents/illuminairy/archives/curious-cardinals-2026-05-18/blog/blog.curiouscardinals.com/hs-fs/hubfs/corner (1).png?width=625&height=625&name=corner (1).png" [1]
2026-05-18 01:14:16 URL:https://blog.curiouscardinals.com/hs-fs/hubfs/corner%20(1).png?width=750&height=750&name=corner%20(1).png [94746/94746] -> "/Users/briannazajicek/Documents/illuminairy/archives/curious-cardinals-2026-05-18/blog/blog.curiouscardinals.com/hs-fs/hubfs/corner (1).png?width=750&height=750&name=corner (1).png" [1]
2026-05-18 01:14:16 URL:https://blog.curiouscardinals.com/hs-fs/hubfs/10.png?upscale=true&upscale=true&width=180&name=10.png [6234/6234] -> "/Users/briannazajicek/Documents/illuminairy/archives/curious-cardinals-2026-05-18/blog/blog.curiouscardinals.com/hs-fs/hubfs/10.png?upscale=true&upscale=true&width=180&name=10.png" [1]
2026-05-18 01:14:17 URL:https://blog.curiouscardinals.com/hs-fs/hubfs/10.png?upscale=true&upscale=true&width=90&name=10.png [2769/2769] -> "/Users/briannazajicek/Documents/illuminairy/archives/curious-cardinals-2026-05-18/blog/blog.curiouscardinals.com/hs-fs/hubfs/10.png?upscale=true&upscale=true&width=90&name=10.png" [1]
2026-05-18 01:14:18 URL:https://blog.curiouscardinals.com/hs-fs/hubfs/10.png?upscale=true&upscale=true&width=270&name=10.png [9817/9817] -> "/Users/briannazajicek/Documents/illuminairy/archives/curious-cardinals-2026-05-18/blog/blog.curiouscardinals.com/hs-fs/hubfs/10.png?upscale=true&upscale=true&width=270&name=10.png" [1]
2026-05-18 01:14:19 URL:https://blog.curiouscardinals.com/hs-fs/hubfs/10.png?upscale=true&upscale=true&width=360&name=10.png [15053/15053] -> "/Users/briannazajicek/Documents/illuminairy/archives/curious-cardinals-2026-05-18/blog/blog.curiouscardinals.com/hs-fs/hubfs/10.png?upscale=true&upscale=true&width=360&name=10.png" [1]
2026-05-18 01:14:20 URL:https://blog.curiouscardinals.com/hs-fs/hubfs/10.png?upscale=true&upscale=true&width=450&name=10.png [19922/19922] -> "/Users/briannazajicek/Documents/illuminairy/archives/curious-cardinals-2026-05-18/blog/blog.curiouscardinals.com/hs-fs/hubfs/10.png?upscale=true&upscale=true&width=450&name=10.png" [1]
2026-05-18 01:14:21 URL:https://blog.curiouscardinals.com/hs-fs/hubfs/10.png?upscale=true&upscale=true&width=540&name=10.png [23471/23471] -> "/Users/briannazajicek/Documents/illuminairy/archives/curious-cardinals-2026-05-18/blog/blog.curiouscardinals.com/hs-fs/hubfs/10.png?upscale=true&upscale=true&width=540&name=10.png" [1]
2026-05-18 01:14:22 URL:https://blog.curiouscardinals.com/hs-fs/hubfs/11.png?upscale=true&upscale=true&width=180&name=11.png [4610/4610] -> "/Users/briannazajicek/Documents/illuminairy/archives/curious-cardinals-2026-05-18/blog/blog.curiouscardinals.com/hs-fs/hubfs/11.png?upscale=true&upscale=true&width=180&name=11.png" [1]
2026-05-18 01:14:23 URL:https://blog.curiouscardinals.com/hs-fs/hubfs/11.png?upscale=true&upscale=true&width=90&name=11.png [2194/2194] -> "/Users/briannazajicek/Documents/illuminairy/archives/curious-cardinals-2026-05-18/blog/blog.curiouscardinals.com/hs-fs/hubfs/11.png?upscale=true&upscale=true&width=90&name=11.png" [1]
2026-05-18 01:14:24 URL:https://blog.curiouscardinals.com/hs-fs/hubfs/11.png?upscale=true&upscale=true&width=270&name=11.png [7105/7105] -> "/Users/briannazajicek/Documents/illuminairy/archives/curious-cardinals-2026-05-18/blog/blog.curiouscardinals.com/hs-fs/hubfs/11.png?upscale=true&upscale=true&width=270&name=11.png" [1]
2026-05-18 01:14:25 URL:https://blog.curiouscardinals.com/hs-fs/hubfs/11.png?upscale=true&upscale=true&width=360&name=11.png [10726/10726] -> "/Users/briannazajicek/Documents/illuminairy/archives/curious-cardinals-2026-05-18/blog/blog.curiouscardinals.com/hs-fs/hubfs/11.png?upscale=true&upscale=true&width=360&name=11.png" [1]
2026-05-18 01:14:26 URL:https://blog.curiouscardinals.com/hs-fs/hubfs/11.png?upscale=true&upscale=true&width=450&name=11.png [14096/14096] -> "/Users/briannazajicek/Documents/illuminairy/archives/curious-cardinals-2026-05-18/blog/blog.curiouscardinals.com/hs-fs/hubfs/11.png?upscale=true&upscale=true&width=450&name=11.png" [1]
2026-05-18 01:14:27 URL:https://blog.curiouscardinals.com/hs-fs/hubfs/11.png?upscale=true&upscale=true&width=540&name=11.png [16870/16870] -> "/Users/briannazajicek/Documents/illuminairy/archives/curious-cardinals-2026-05-18/blog/blog.curiouscardinals.com/hs-fs/hubfs/11.png?upscale=true&upscale=true&width=540&name=11.png" [1]
2026-05-18 01:14:28 URL:https://blog.curiouscardinals.com/hs-fs/hubfs/13.png?upscale=true&upscale=true&width=180&name=13.png [4917/4917] -> "/Users/briannazajicek/Documents/illuminairy/archives/curious-cardinals-2026-05-18/blog/blog.curiouscardinals.com/hs-fs/hubfs/13.png?upscale=true&upscale=true&width=180&name=13.png" [1]
2026-05-18 01:14:29 URL:https://blog.curiouscardinals.com/hs-fs/hubfs/13.png?upscale=true&upscale=true&width=90&name=13.png [2303/2303] -> "/Users/briannazajicek/Documents/illuminairy/archives/curious-cardinals-2026-05-18/blog/blog.curiouscardinals.com/hs-fs/hubfs/13.png?upscale=true&upscale=true&width=90&name=13.png" [1]
2026-05-18 01:14:30 URL:https://blog.curiouscardinals.com/hs-fs/hubfs/13.png?upscale=true&upscale=true&width=270&name=13.png [7526/7526] -> "/Users/briannazajicek/Documents/illuminairy/archives/curious-cardinals-2026-05-18/blog/blog.curiouscardinals.com/hs-fs/hubfs/13.png?upscale=true&upscale=true&width=270&name=13.png" [1]
2026-05-18 01:14:31 URL:https://blog.curiouscardinals.com/hs-fs/hubfs/13.png?upscale=true&upscale=true&width=360&name=13.png [11418/11418] -> "/Users/briannazajicek/Documents/illuminairy/archives/curious-cardinals-2026-05-18/blog/blog.curiouscardinals.com/hs-fs/hubfs/13.png?upscale=true&upscale=true&width=360&name=13.png" [1]
2026-05-18 01:14:31 URL:https://blog.curiouscardinals.com/hs-fs/hubfs/13.png?upscale=true&upscale=true&width=450&name=13.png [15109/15109] -> "/Users/briannazajicek/Documents/illuminairy/archives/curious-cardinals-2026-05-18/blog/blog.curiouscardinals.com/hs-fs/hubfs/13.png?upscale=true&upscale=true&width=450&name=13.png" [1]
2026-05-18 01:14:32 URL:https://blog.curiouscardinals.com/hs-fs/hubfs/13.png?upscale=true&upscale=true&width=540&name=13.png [17514/17514] -> "/Users/briannazajicek/Documents/illuminairy/archives/curious-cardinals-2026-05-18/blog/blog.curiouscardinals.com/hs-fs/hubfs/13.png?upscale=true&upscale=true&width=540&name=13.png" [1]
2026-05-18 01:14:32 URL:https://blog.curiouscardinals.com/harvard-stanford-yale [115954] -> "/Users/briannazajicek/Documents/illuminairy/archives/curious-cardinals-2026-05-18/blog/blog.curiouscardinals.com/harvard-stanford-yale.html" [1]
2026-05-18 01:14:32 URL:https://blog.curiouscardinals.com/how-anya-became-a-google-engineer-in-one-year [81548] -> "/Users/briannazajicek/Documents/illuminairy/archives/curious-cardinals-2026-05-18/blog/blog.curiouscardinals.com/how-anya-became-a-google-engineer-in-one-year.html" [1]
2026-05-18 01:14:33 URL:https://blog.curiouscardinals.com/hs-fs/hubfs/4-3.png?width=244&height=203&name=4-3.png [9200/9200] -> "/Users/briannazajicek/Documents/illuminairy/archives/curious-cardinals-2026-05-18/blog/blog.curiouscardinals.com/hs-fs/hubfs/4-3.png?width=244&height=203&name=4-3.png" [1]
2026-05-18 01:14:34 URL:https://blog.curiouscardinals.com/hs-fs/hubfs/4-3.png?width=122&height=102&name=4-3.png [3803/3803] -> "/Users/briannazajicek/Documents/illuminairy/archives/curious-cardinals-2026-05-18/blog/blog.curiouscardinals.com/hs-fs/hubfs/4-3.png?width=122&height=102&name=4-3.png" [1]
2026-05-18 01:14:34 URL:https://blog.curiouscardinals.com/hs-fs/hubfs/4-3.png?width=366&height=305&name=4-3.png [15863/15863] -> "/Users/briannazajicek/Documents/illuminairy/archives/curious-cardinals-2026-05-18/blog/blog.curiouscardinals.com/hs-fs/hubfs/4-3.png?width=366&height=305&name=4-3.png" [1]
2026-05-18 01:14:34 URL:https://blog.curiouscardinals.com/hs-fs/hubfs/4-3.png?width=488&height=406&name=4-3.png [23386/23386] -> "/Users/briannazajicek/Documents/illuminairy/archives/curious-cardinals-2026-05-18/blog/blog.curiouscardinals.com/hs-fs/hubfs/4-3.png?width=488&height=406&name=4-3.png" [1]
2026-05-18 01:14:35 URL:https://blog.curiouscardinals.com/hs-fs/hubfs/4-3.png?width=610&height=508&name=4-3.png [32545/32545] -> "/Users/briannazajicek/Documents/illuminairy/archives/curious-cardinals-2026-05-18/blog/blog.curiouscardinals.com/hs-fs/hubfs/4-3.png?width=610&height=508&name=4-3.png" [1]
2026-05-18 01:14:36 URL:https://blog.curiouscardinals.com/hs-fs/hubfs/4-3.png?width=732&height=609&name=4-3.png [41389/41389] -> "/Users/briannazajicek/Documents/illuminairy/archives/curious-cardinals-2026-05-18/blog/blog.curiouscardinals.com/hs-fs/hubfs/4-3.png?width=732&height=609&name=4-3.png" [1]
2026-05-18 01:14:36 URL:https://blog.curiouscardinals.com/hs-fs/hubfs/2-2.png?width=244&height=203&name=2-2.png [10969/10969] -> "/Users/briannazajicek/Documents/illuminairy/archives/curious-cardinals-2026-05-18/blog/blog.curiouscardinals.com/hs-fs/hubfs/2-2.png?width=244&height=203&name=2-2.png" [1]
2026-05-18 01:14:36 URL:https://blog.curiouscardinals.com/hs-fs/hubfs/2-2.png?width=122&height=102&name=2-2.png [4391/4391] -> "/Users/briannazajicek/Documents/illuminairy/archives/curious-cardinals-2026-05-18/blog/blog.curiouscardinals.com/hs-fs/hubfs/2-2.png?width=122&height=102&name=2-2.png" [1]
2026-05-18 01:14:37 URL:https://blog.curiouscardinals.com/hs-fs/hubfs/2-2.png?width=366&height=305&name=2-2.png [18223/18223] -> "/Users/briannazajicek/Documents/illuminairy/archives/curious-cardinals-2026-05-18/blog/blog.curiouscardinals.com/hs-fs/hubfs/2-2.png?width=366&height=305&name=2-2.png" [1]
2026-05-18 01:14:37 URL:https://blog.curiouscardinals.com/hs-fs/hubfs/2-2.png?width=488&height=406&name=2-2.png [25775/25775] -> "/Users/briannazajicek/Documents/illuminairy/archives/curious-cardinals-2026-05-18/blog/blog.curiouscardinals.com/hs-fs/hubfs/2-2.png?width=488&height=406&name=2-2.png" [1]
2026-05-18 01:14:38 URL:https://blog.curiouscardinals.com/hs-fs/hubfs/2-2.png?width=610&height=508&name=2-2.png [34035/34035] -> "/Users/briannazajicek/Documents/illuminairy/archives/curious-cardinals-2026-05-18/blog/blog.curiouscardinals.com/hs-fs/hubfs/2-2.png?width=610&height=508&name=2-2.png" [1]
2026-05-18 01:14:38 URL:https://blog.curiouscardinals.com/hs-fs/hubfs/2-2.png?width=732&height=609&name=2-2.png [42170/42170] -> "/Users/briannazajicek/Documents/illuminairy/archives/curious-cardinals-2026-05-18/blog/blog.curiouscardinals.com/hs-fs/hubfs/2-2.png?width=732&height=609&name=2-2.png" [1]
2026-05-18 01:14:39 URL:https://blog.curiouscardinals.com/hs-fs/hubfs/3-1.png?width=240&height=200&name=3-1.png [9079/9079] -> "/Users/briannazajicek/Documents/illuminairy/archives/curious-cardinals-2026-05-18/blog/blog.curiouscardinals.com/hs-fs/hubfs/3-1.png?width=240&height=200&name=3-1.png" [1]
2026-05-18 01:14:39 URL:https://blog.curiouscardinals.com/hs-fs/hubfs/3-1.png?width=120&height=100&name=3-1.png [3808/3808] -> "/Users/briannazajicek/Documents/illuminairy/archives/curious-cardinals-2026-05-18/blog/blog.curiouscardinals.com/hs-fs/hubfs/3-1.png?width=120&height=100&name=3-1.png" [1]
2026-05-18 01:14:40 URL:https://blog.curiouscardinals.com/hs-fs/hubfs/3-1.png?width=360&height=300&name=3-1.png [13691/13691] -> "/Users/briannazajicek/Documents/illuminairy/archives/curious-cardinals-2026-05-18/blog/blog.curiouscardinals.com/hs-fs/hubfs/3-1.png?width=360&height=300&name=3-1.png" [1]
2026-05-18 01:14:40 URL:https://blog.curiouscardinals.com/hs-fs/hubfs/3-1.png?width=480&height=400&name=3-1.png [20651/20651] -> "/Users/briannazajicek/Documents/illuminairy/archives/curious-cardinals-2026-05-18/blog/blog.curiouscardinals.com/hs-fs/hubfs/3-1.png?width=480&height=400&name=3-1.png" [1]
2026-05-18 01:14:41 URL:https://blog.curiouscardinals.com/hs-fs/hubfs/3-1.png?width=600&height=500&name=3-1.png [27306/27306] -> "/Users/briannazajicek/Documents/illuminairy/archives/curious-cardinals-2026-05-18/blog/blog.curiouscardinals.com/hs-fs/hubfs/3-1.png?width=600&height=500&name=3-1.png" [1]
2026-05-18 01:14:42 URL:https://blog.curiouscardinals.com/hs-fs/hubfs/3-1.png?width=720&height=600&name=3-1.png [33123/33123] -> "/Users/briannazajicek/Documents/illuminairy/archives/curious-cardinals-2026-05-18/blog/blog.curiouscardinals.com/hs-fs/hubfs/3-1.png?width=720&height=600&name=3-1.png" [1]
2026-05-18 01:14:43 URL:https://blog.curiouscardinals.com/hs-fs/hubfs/corner%20(1).png?width=212&height=212&name=corner%20(1).png [13591/13591] -> "/Users/briannazajicek/Documents/illuminairy/archives/curious-cardinals-2026-05-18/blog/blog.curiouscardinals.com/hs-fs/hubfs/corner (1).png?width=212&height=212&name=corner (1).png" [1]
2026-05-18 01:14:43 URL:https://blog.curiouscardinals.com/hs-fs/hubfs/corner%20(1).png?width=106&height=106&name=corner%20(1).png [5019/5019] -> "/Users/briannazajicek/Documents/illuminairy/archives/curious-cardinals-2026-05-18/blog/blog.curiouscardinals.com/hs-fs/hubfs/corner (1).png?width=106&height=106&name=corner (1).png" [1]
2026-05-18 01:14:43 URL:https://blog.curiouscardinals.com/hs-fs/hubfs/corner%20(1).png?width=318&height=318&name=corner%20(1).png [25508/25508] -> "/Users/briannazajicek/Documents/illuminairy/archives/curious-cardinals-2026-05-18/blog/blog.curiouscardinals.com/hs-fs/hubfs/corner (1).png?width=318&height=318&name=corner (1).png" [1]
2026-05-18 01:14:44 URL:https://blog.curiouscardinals.com/hs-fs/hubfs/corner%20(1).png?width=424&height=424&name=corner%20(1).png [39564/39564] -> "/Users/briannazajicek/Documents/illuminairy/archives/curious-cardinals-2026-05-18/blog/blog.curiouscardinals.com/hs-fs/hubfs/corner (1).png?width=424&height=424&name=corner (1).png" [1]
2026-05-18 01:14:44 URL:https://blog.curiouscardinals.com/hs-fs/hubfs/corner%20(1).png?width=530&height=530&name=corner%20(1).png [60621/60621] -> "/Users/briannazajicek/Documents/illuminairy/archives/curious-cardinals-2026-05-18/blog/blog.curiouscardinals.com/hs-fs/hubfs/corner (1).png?width=530&height=530&name=corner (1).png" [1]
2026-05-18 01:14:45 URL:https://blog.curiouscardinals.com/hs-fs/hubfs/corner%20(1).png?width=636&height=636&name=corner%20(1).png [81785/81785] -> "/Users/briannazajicek/Documents/illuminairy/archives/curious-cardinals-2026-05-18/blog/blog.curiouscardinals.com/hs-fs/hubfs/corner (1).png?width=636&height=636&name=corner (1).png" [1]
2026-05-18 01:14:46 URL:https://blog.curiouscardinals.com/the-summer-i-finally-ended-my-relationship-with-procrastination-%EF%B8%8F [75219] -> "/Users/briannazajicek/Documents/illuminairy/archives/curious-cardinals-2026-05-18/blog/blog.curiouscardinals.com/the-summer-i-finally-ended-my-relationship-with-procrastination-️.html" [1]
Cookie coming from blog.curiouscardinals.com attempted to set domain to hubspotusercontent-na2.net
2026-05-18 01:14:46 URL:https://blog.curiouscardinals.com/hubfs/June%20Blog%201.png [739947/739947] -> "/Users/briannazajicek/Documents/illuminairy/archives/curious-cardinals-2026-05-18/blog/blog.curiouscardinals.com/hubfs/June Blog 1.png" [1]
2026-05-18 01:14:47 URL:https://blog.curiouscardinals.com/hs-fs/hubfs/F9499E89-FD53-4A2B-BD71-9A2B5DEDC0DB_1_105_c.jpeg?width=479&height=638&name=F9499E89-FD53-4A2B-BD71-9A2B5DEDC0DB_1_105_c.jpeg [42171/42171] -> "/Users/briannazajicek/Documents/illuminairy/archives/curious-cardinals-2026-05-18/blog/blog.curiouscardinals.com/hs-fs/hubfs/F9499E89-FD53-4A2B-BD71-9A2B5DEDC0DB_1_105_c.jpeg?width=479&height=638&name=F9499E89-FD53-4A2B-BD71-9A2B5DEDC0DB_1_105_c.jpeg" [1]
2026-05-18 01:14:48 URL:https://blog.curiouscardinals.com/hs-fs/hubfs/F9499E89-FD53-4A2B-BD71-9A2B5DEDC0DB_1_105_c.jpeg?width=240&height=319&name=F9499E89-FD53-4A2B-BD71-9A2B5DEDC0DB_1_105_c.jpeg [13385/13385] -> "/Users/briannazajicek/Documents/illuminairy/archives/curious-cardinals-2026-05-18/blog/blog.curiouscardinals.com/hs-fs/hubfs/F9499E89-FD53-4A2B-BD71-9A2B5DEDC0DB_1_105_c.jpeg?width=240&height=319&name=F9499E89-FD53-4A2B-BD71-9A2B5DEDC0DB_1_105_c.jpeg" [1]
2026-05-18 01:14:50 URL:https://blog.curiouscardinals.com/hs-fs/hubfs/F9499E89-FD53-4A2B-BD71-9A2B5DEDC0DB_1_105_c.jpeg?width=719&height=957&name=F9499E89-FD53-4A2B-BD71-9A2B5DEDC0DB_1_105_c.jpeg [84165/84165] -> "/Users/briannazajicek/Documents/illuminairy/archives/curious-cardinals-2026-05-18/blog/blog.curiouscardinals.com/hs-fs/hubfs/F9499E89-FD53-4A2B-BD71-9A2B5DEDC0DB_1_105_c.jpeg?width=719&height=957&name=F9499E89-FD53-4A2B-BD71-9A2B5DEDC0DB_1_105_c.jpeg" [1]
2026-05-18 01:14:51 URL:https://blog.curiouscardinals.com/hs-fs/hubfs/F9499E89-FD53-4A2B-BD71-9A2B5DEDC0DB_1_105_c.jpeg?width=958&height=1276&name=F9499E89-FD53-4A2B-BD71-9A2B5DEDC0DB_1_105_c.jpeg [191262/191262] -> "/Users/briannazajicek/Documents/illuminairy/archives/curious-cardinals-2026-05-18/blog/blog.curiouscardinals.com/hs-fs/hubfs/F9499E89-FD53-4A2B-BD71-9A2B5DEDC0DB_1_105_c.jpeg?width=958&height=1276&name=F9499E89-FD53-4A2B-BD71-9A2B5DEDC0DB_1_105_c.jpeg" [1]
2026-05-18 01:14:52 URL:https://blog.curiouscardinals.com/hs-fs/hubfs/F9499E89-FD53-4A2B-BD71-9A2B5DEDC0DB_1_105_c.jpeg?width=1198&height=1595&name=F9499E89-FD53-4A2B-BD71-9A2B5DEDC0DB_1_105_c.jpeg [191262/191262] -> "/Users/briannazajicek/Documents/illuminairy/archives/curious-cardinals-2026-05-18/blog/blog.curiouscardinals.com/hs-fs/hubfs/F9499E89-FD53-4A2B-BD71-9A2B5DEDC0DB_1_105_c.jpeg?width=1198&height=1595&name=F9499E89-FD53-4A2B-BD71-9A2B5DEDC0DB_1_105_c.jpeg" [1]
2026-05-18 01:14:52 URL:https://blog.curiouscardinals.com/hs-fs/hubfs/F9499E89-FD53-4A2B-BD71-9A2B5DEDC0DB_1_105_c.jpeg?width=1437&height=1914&name=F9499E89-FD53-4A2B-BD71-9A2B5DEDC0DB_1_105_c.jpeg [191262/191262] -> "/Users/briannazajicek/Documents/illuminairy/archives/curious-cardinals-2026-05-18/blog/blog.curiouscardinals.com/hs-fs/hubfs/F9499E89-FD53-4A2B-BD71-9A2B5DEDC0DB_1_105_c.jpeg?width=1437&height=1914&name=F9499E89-FD53-4A2B-BD71-9A2B5DEDC0DB_1_105_c.jpeg" [1]
2026-05-18 01:14:53 URL:https://blog.curiouscardinals.com/hs-fs/hubfs/Audrey%20image.png?width=90&height=127&name=Audrey%20image.png [3534/3534] -> "/Users/briannazajicek/Documents/illuminairy/archives/curious-cardinals-2026-05-18/blog/blog.curiouscardinals.com/hs-fs/hubfs/Audrey image.png?width=90&height=127&name=Audrey image.png" [1]
2026-05-18 01:14:55 URL:https://blog.curiouscardinals.com/hs-fs/hubfs/Audrey%20image.png?width=45&height=64&name=Audrey%20image.png [1648/1648] -> "/Users/briannazajicek/Documents/illuminairy/archives/curious-cardinals-2026-05-18/blog/blog.curiouscardinals.com/hs-fs/hubfs/Audrey image.png?width=45&height=64&name=Audrey image.png" [1]
2026-05-18 01:14:56 URL:https://blog.curiouscardinals.com/hs-fs/hubfs/Audrey%20image.png?width=135&height=191&name=Audrey%20image.png [6466/6466] -> "/Users/briannazajicek/Documents/illuminairy/archives/curious-cardinals-2026-05-18/blog/blog.curiouscardinals.com/hs-fs/hubfs/Audrey image.png?width=135&height=191&name=Audrey image.png" [1]
2026-05-18 01:14:56 URL:https://blog.curiouscardinals.com/hs-fs/hubfs/Audrey%20image.png?width=180&height=254&name=Audrey%20image.png [10524/10524] -> "/Users/briannazajicek/Documents/illuminairy/archives/curious-cardinals-2026-05-18/blog/blog.curiouscardinals.com/hs-fs/hubfs/Audrey image.png?width=180&height=254&name=Audrey image.png" [1]
2026-05-18 01:14:57 URL:https://blog.curiouscardinals.com/hs-fs/hubfs/Audrey%20image.png?width=225&height=318&name=Audrey%20image.png [15578/15578] -> "/Users/briannazajicek/Documents/illuminairy/archives/curious-cardinals-2026-05-18/blog/blog.curiouscardinals.com/hs-fs/hubfs/Audrey image.png?width=225&height=318&name=Audrey image.png" [1]
2026-05-18 01:14:58 URL:https://blog.curiouscardinals.com/hs-fs/hubfs/Audrey%20image.png?width=270&height=381&name=Audrey%20image.png [21722/21722] -> "/Users/briannazajicek/Documents/illuminairy/archives/curious-cardinals-2026-05-18/blog/blog.curiouscardinals.com/hs-fs/hubfs/Audrey image.png?width=270&height=381&name=Audrey image.png" [1]
2026-05-18 01:14:59 URL:https://blog.curiouscardinals.com/hs-fs/hubfs/stay_curious_cursive.png?width=388&height=87&name=stay_curious_cursive.png [7236/7236] -> "/Users/briannazajicek/Documents/illuminairy/archives/curious-cardinals-2026-05-18/blog/blog.curiouscardinals.com/hs-fs/hubfs/stay_curious_cursive.png?width=388&height=87&name=stay_curious_cursive.png" [1]
2026-05-18 01:14:59 URL:https://blog.curiouscardinals.com/hs-fs/hubfs/stay_curious_cursive.png?width=194&height=44&name=stay_curious_cursive.png [3102/3102] -> "/Users/briannazajicek/Documents/illuminairy/archives/curious-cardinals-2026-05-18/blog/blog.curiouscardinals.com/hs-fs/hubfs/stay_curious_cursive.png?width=194&height=44&name=stay_curious_cursive.png" [1]
2026-05-18 01:15:00 URL:https://blog.curiouscardinals.com/hs-fs/hubfs/stay_curious_cursive.png?width=582&height=131&name=stay_curious_cursive.png [6847/6847] -> "/Users/briannazajicek/Documents/illuminairy/archives/curious-cardinals-2026-05-18/blog/blog.curiouscardinals.com/hs-fs/hubfs/stay_curious_cursive.png?width=582&height=131&name=stay_curious_cursive.png" [1]
2026-05-18 01:15:01 URL:https://blog.curiouscardinals.com/hs-fs/hubfs/stay_curious_cursive.png?width=776&height=174&name=stay_curious_cursive.png [6847/6847] -> "/Users/briannazajicek/Documents/illuminairy/archives/curious-cardinals-2026-05-18/blog/blog.curiouscardinals.com/hs-fs/hubfs/stay_curious_cursive.png?width=776&height=174&name=stay_curious_cursive.png" [1]
2026-05-18 01:15:01 URL:https://blog.curiouscardinals.com/hs-fs/hubfs/stay_curious_cursive.png?width=970&height=218&name=stay_curious_cursive.png [6847/6847] -> "/Users/briannazajicek/Documents/illuminairy/archives/curious-cardinals-2026-05-18/blog/blog.curiouscardinals.com/hs-fs/hubfs/stay_curious_cursive.png?width=970&height=218&name=stay_curious_cursive.png" [1]
2026-05-18 01:15:01 URL:https://blog.curiouscardinals.com/hs-fs/hubfs/stay_curious_cursive.png?width=1164&height=261&name=stay_curious_cursive.png [6847/6847] -> "/Users/briannazajicek/Documents/illuminairy/archives/curious-cardinals-2026-05-18/blog/blog.curiouscardinals.com/hs-fs/hubfs/stay_curious_cursive.png?width=1164&height=261&name=stay_curious_cursive.png" [1]
2026-05-18 01:15:02 URL:https://blog.curiouscardinals.com/mentor-vs.-tutor [75844] -> "/Users/briannazajicek/Documents/illuminairy/archives/curious-cardinals-2026-05-18/blog/blog.curiouscardinals.com/mentor-vs.-tutor.html" [1]
2026-05-18 01:15:02 URL:https://blog.curiouscardinals.com/hs-fs/hubfs/CC%20studying.webp?width=293&height=293&name=CC%20studying.webp [14920/14920] -> "/Users/briannazajicek/Documents/illuminairy/archives/curious-cardinals-2026-05-18/blog/blog.curiouscardinals.com/hs-fs/hubfs/CC studying.webp?width=293&height=293&name=CC studying.webp" [1]
2026-05-18 01:15:03 URL:https://blog.curiouscardinals.com/hs-fs/hubfs/CC%20studying.webp?width=147&height=147&name=CC%20studying.webp [5232/5232] -> "/Users/briannazajicek/Documents/illuminairy/archives/curious-cardinals-2026-05-18/blog/blog.curiouscardinals.com/hs-fs/hubfs/CC studying.webp?width=147&height=147&name=CC studying.webp" [1]
2026-05-18 01:15:04 URL:https://blog.curiouscardinals.com/hs-fs/hubfs/CC%20studying.webp?width=440&height=440&name=CC%20studying.webp [27478/27478] -> "/Users/briannazajicek/Documents/illuminairy/archives/curious-cardinals-2026-05-18/blog/blog.curiouscardinals.com/hs-fs/hubfs/CC studying.webp?width=440&height=440&name=CC studying.webp" [1]
2026-05-18 01:15:05 URL:https://blog.curiouscardinals.com/hs-fs/hubfs/CC%20studying.webp?width=586&height=586&name=CC%20studying.webp [43002/43002] -> "/Users/briannazajicek/Documents/illuminairy/archives/curious-cardinals-2026-05-18/blog/blog.curiouscardinals.com/hs-fs/hubfs/CC studying.webp?width=586&height=586&name=CC studying.webp" [1]
2026-05-18 01:15:06 URL:https://blog.curiouscardinals.com/hs-fs/hubfs/CC%20studying.webp?width=733&height=733&name=CC%20studying.webp [43952/43952] -> "/Users/briannazajicek/Documents/illuminairy/archives/curious-cardinals-2026-05-18/blog/blog.curiouscardinals.com/hs-fs/hubfs/CC studying.webp?width=733&height=733&name=CC studying.webp" [1]
2026-05-18 01:15:07 URL:https://blog.curiouscardinals.com/hs-fs/hubfs/CC%20studying.webp?width=879&height=879&name=CC%20studying.webp [43952/43952] -> "/Users/briannazajicek/Documents/illuminairy/archives/curious-cardinals-2026-05-18/blog/blog.curiouscardinals.com/hs-fs/hubfs/CC studying.webp?width=879&height=879&name=CC studying.webp" [1]
2026-05-18 01:15:08 URL:https://blog.curiouscardinals.com/hs-fs/hubfs/CC%20book%20library.webp?width=285&height=380&name=CC%20book%20library.webp [33508/33508] -> "/Users/briannazajicek/Documents/illuminairy/archives/curious-cardinals-2026-05-18/blog/blog.curiouscardinals.com/hs-fs/hubfs/CC book library.webp?width=285&height=380&name=CC book library.webp" [1]
2026-05-18 01:15:08 URL:https://blog.curiouscardinals.com/hs-fs/hubfs/CC%20book%20library.webp?width=143&height=190&name=CC%20book%20library.webp [9240/9240] -> "/Users/briannazajicek/Documents/illuminairy/archives/curious-cardinals-2026-05-18/blog/blog.curiouscardinals.com/hs-fs/hubfs/CC book library.webp?width=143&height=190&name=CC book library.webp" [1]
2026-05-18 01:15:10 URL:https://blog.curiouscardinals.com/hs-fs/hubfs/CC%20book%20library.webp?width=428&height=570&name=CC%20book%20library.webp [73386/73386] -> "/Users/briannazajicek/Documents/illuminairy/archives/curious-cardinals-2026-05-18/blog/blog.curiouscardinals.com/hs-fs/hubfs/CC book library.webp?width=428&height=570&name=CC book library.webp" [1]
2026-05-18 01:15:10 URL:https://blog.curiouscardinals.com/hs-fs/hubfs/CC%20book%20library.webp?width=570&height=760&name=CC%20book%20library.webp [125835/125835] -> "/Users/briannazajicek/Documents/illuminairy/archives/curious-cardinals-2026-05-18/blog/blog.curiouscardinals.com/hs-fs/hubfs/CC book library.webp?width=570&height=760&name=CC book library.webp" [1]
2026-05-18 01:15:12 URL:https://blog.curiouscardinals.com/hs-fs/hubfs/CC%20book%20library.webp?width=713&height=950&name=CC%20book%20library.webp [140242/140242] -> "/Users/briannazajicek/Documents/illuminairy/archives/curious-cardinals-2026-05-18/blog/blog.curiouscardinals.com/hs-fs/hubfs/CC book library.webp?width=713&height=950&name=CC book library.webp" [1]
2026-05-18 01:15:13 URL:https://blog.curiouscardinals.com/hs-fs/hubfs/CC%20book%20library.webp?width=855&height=1140&name=CC%20book%20library.webp [140242/140242] -> "/Users/briannazajicek/Documents/illuminairy/archives/curious-cardinals-2026-05-18/blog/blog.curiouscardinals.com/hs-fs/hubfs/CC book library.webp?width=855&height=1140&name=CC book library.webp" [1]
2026-05-18 01:15:14 URL:https://blog.curiouscardinals.com/hs-fs/hubfs/Eve%20Rodsky.webp?width=236&height=419&name=Eve%20Rodsky.webp [784763/784763] -> "/Users/briannazajicek/Documents/illuminairy/archives/curious-cardinals-2026-05-18/blog/blog.curiouscardinals.com/hs-fs/hubfs/Eve Rodsky.webp?width=236&height=419&name=Eve Rodsky.webp" [1]
2026-05-18 01:15:16 URL:https://blog.curiouscardinals.com/hs-fs/hubfs/Eve%20Rodsky.webp?width=118&height=210&name=Eve%20Rodsky.webp [238924/238924] -> "/Users/briannazajicek/Documents/illuminairy/archives/curious-cardinals-2026-05-18/blog/blog.curiouscardinals.com/hs-fs/hubfs/Eve Rodsky.webp?width=118&height=210&name=Eve Rodsky.webp" [1]
2026-05-18 01:15:18 URL:https://blog.curiouscardinals.com/hs-fs/hubfs/Eve%20Rodsky.webp?width=354&height=629&name=Eve%20Rodsky.webp [1794563/1794563] -> "/Users/briannazajicek/Documents/illuminairy/archives/curious-cardinals-2026-05-18/blog/blog.curiouscardinals.com/hs-fs/hubfs/Eve Rodsky.webp?width=354&height=629&name=Eve Rodsky.webp" [1]
2026-05-18 01:15:19 URL:https://blog.curiouscardinals.com/hs-fs/hubfs/Eve%20Rodsky.webp?width=472&height=838&name=Eve%20Rodsky.webp [2311739/2311739] -> "/Users/briannazajicek/Documents/illuminairy/archives/curious-cardinals-2026-05-18/blog/blog.curiouscardinals.com/hs-fs/hubfs/Eve Rodsky.webp?width=472&height=838&name=Eve Rodsky.webp" [1]
2026-05-18 01:15:21 URL:https://blog.curiouscardinals.com/hs-fs/hubfs/Eve%20Rodsky.webp?width=590&height=1048&name=Eve%20Rodsky.webp [2311739/2311739] -> "/Users/briannazajicek/Documents/illuminairy/archives/curious-cardinals-2026-05-18/blog/blog.curiouscardinals.com/hs-fs/hubfs/Eve Rodsky.webp?width=590&height=1048&name=Eve Rodsky.webp" [1]
2026-05-18 01:15:23 URL:https://blog.curiouscardinals.com/hs-fs/hubfs/Eve%20Rodsky.webp?width=708&height=1257&name=Eve%20Rodsky.webp [2311739/2311739] -> "/Users/briannazajicek/Documents/illuminairy/archives/curious-cardinals-2026-05-18/blog/blog.curiouscardinals.com/hs-fs/hubfs/Eve Rodsky.webp?width=708&height=1257&name=Eve Rodsky.webp" [1]
2026-05-18 01:15:24 URL:https://blog.curiouscardinals.com/hs-fs/hubfs/Screen%20Shot%202025-01-06%20at%208.27.20%20PM.png?width=216&height=173&name=Screen%20Shot%202025-01-06%20at%208.27.20%20PM.png [14545/14545] -> "/Users/briannazajicek/Documents/illuminairy/archives/curious-cardinals-2026-05-18/blog/blog.curiouscardinals.com/hs-fs/hubfs/Screen Shot 2025-01-06 at 8.27.20 PM.png?width=216&height=173&name=Screen Shot 2025-01-06 at 8.27.20 PM.png" [1]
2026-05-18 01:15:25 URL:https://blog.curiouscardinals.com/hs-fs/hubfs/Screen%20Shot%202025-01-06%20at%208.27.20%20PM.png?width=108&height=87&name=Screen%20Shot%202025-01-06%20at%208.27.20%20PM.png [4958/4958] -> "/Users/briannazajicek/Documents/illuminairy/archives/curious-cardinals-2026-05-18/blog/blog.curiouscardinals.com/hs-fs/hubfs/Screen Shot 2025-01-06 at 8.27.20 PM.png?width=108&height=87&name=Screen Shot 2025-01-06 at 8.27.20 PM.png" [1]
2026-05-18 01:15:26 URL:https://blog.curiouscardinals.com/hs-fs/hubfs/Screen%20Shot%202025-01-06%20at%208.27.20%20PM.png?width=324&height=260&name=Screen%20Shot%202025-01-06%20at%208.27.20%20PM.png [34454/34454] -> "/Users/briannazajicek/Documents/illuminairy/archives/curious-cardinals-2026-05-18/blog/blog.curiouscardinals.com/hs-fs/hubfs/Screen Shot 2025-01-06 at 8.27.20 PM.png?width=324&height=260&name=Screen Shot 2025-01-06 at 8.27.20 PM.png" [1]
2026-05-18 01:15:26 URL:https://blog.curiouscardinals.com/hs-fs/hubfs/Screen%20Shot%202025-01-06%20at%208.27.20%20PM.png?width=432&height=346&name=Screen%20Shot%202025-01-06%20at%208.27.20%20PM.png [93393/93393] -> "/Users/briannazajicek/Documents/illuminairy/archives/curious-cardinals-2026-05-18/blog/blog.curiouscardinals.com/hs-fs/hubfs/Screen Shot 2025-01-06 at 8.27.20 PM.png?width=432&height=346&name=Screen Shot 2025-01-06 at 8.27.20 PM.png" [1]
2026-05-18 01:15:28 URL:https://blog.curiouscardinals.com/hs-fs/hubfs/Screen%20Shot%202025-01-06%20at%208.27.20%20PM.png?width=540&height=433&name=Screen%20Shot%202025-01-06%20at%208.27.20%20PM.png [93393/93393] -> "/Users/briannazajicek/Documents/illuminairy/archives/curious-cardinals-2026-05-18/blog/blog.curiouscardinals.com/hs-fs/hubfs/Screen Shot 2025-01-06 at 8.27.20 PM.png?width=540&height=433&name=Screen Shot 2025-01-06 at 8.27.20 PM.png" [1]
2026-05-18 01:15:28 URL:https://blog.curiouscardinals.com/hs-fs/hubfs/Screen%20Shot%202025-01-06%20at%208.27.20%20PM.png?width=648&height=519&name=Screen%20Shot%202025-01-06%20at%208.27.20%20PM.png [93393/93393] -> "/Users/briannazajicek/Documents/illuminairy/archives/curious-cardinals-2026-05-18/blog/blog.curiouscardinals.com/hs-fs/hubfs/Screen Shot 2025-01-06 at 8.27.20 PM.png?width=648&height=519&name=Screen Shot 2025-01-06 at 8.27.20 PM.png" [1]
2026-05-18 01:15:29 URL:https://blog.curiouscardinals.com/from-soccer-fan-to-sports-journalist-how-curious-cardinals-ignited-an-eighth-graders-passion [70262] -> "/Users/briannazajicek/Documents/illuminairy/archives/curious-cardinals-2026-05-18/blog/blog.curiouscardinals.com/from-soccer-fan-to-sports-journalist-how-curious-cardinals-ignited-an-eighth-graders-passion.html" [1]
Cookie coming from blog.curiouscardinals.com attempted to set domain to hubspotusercontent-na2.net
2026-05-18 01:15:30 URL:https://blog.curiouscardinals.com/hubfs/Caetanos%20CC%20Journey.png [1695723/1695723] -> "/Users/briannazajicek/Documents/illuminairy/archives/curious-cardinals-2026-05-18/blog/blog.curiouscardinals.com/hubfs/Caetanos CC Journey.png" [1]
2026-05-18 01:15:31 URL:https://blog.curiouscardinals.com/hs-fs/hubfs/Caetano%20Sports%20Analytics.png?width=381&height=212&name=Caetano%20Sports%20Analytics.png [26475/26475] -> "/Users/briannazajicek/Documents/illuminairy/archives/curious-cardinals-2026-05-18/blog/blog.curiouscardinals.com/hs-fs/hubfs/Caetano Sports Analytics.png?width=381&height=212&name=Caetano Sports Analytics.png" [1]
2026-05-18 01:15:32 URL:https://blog.curiouscardinals.com/hs-fs/hubfs/Caetano%20Sports%20Analytics.png?width=191&height=106&name=Caetano%20Sports%20Analytics.png [10016/10016] -> "/Users/briannazajicek/Documents/illuminairy/archives/curious-cardinals-2026-05-18/blog/blog.curiouscardinals.com/hs-fs/hubfs/Caetano Sports Analytics.png?width=191&height=106&name=Caetano Sports Analytics.png" [1]
2026-05-18 01:15:33 URL:https://blog.curiouscardinals.com/hs-fs/hubfs/Caetano%20Sports%20Analytics.png?width=572&height=318&name=Caetano%20Sports%20Analytics.png [48832/48832] -> "/Users/briannazajicek/Documents/illuminairy/archives/curious-cardinals-2026-05-18/blog/blog.curiouscardinals.com/hs-fs/hubfs/Caetano Sports Analytics.png?width=572&height=318&name=Caetano Sports Analytics.png" [1]
2026-05-18 01:15:35 URL:https://blog.curiouscardinals.com/hs-fs/hubfs/Caetano%20Sports%20Analytics.png?width=762&height=424&name=Caetano%20Sports%20Analytics.png [85702/85702] -> "/Users/briannazajicek/Documents/illuminairy/archives/curious-cardinals-2026-05-18/blog/blog.curiouscardinals.com/hs-fs/hubfs/Caetano Sports Analytics.png?width=762&height=424&name=Caetano Sports Analytics.png" [1]
2026-05-18 01:15:36 URL:https://blog.curiouscardinals.com/hs-fs/hubfs/Caetano%20Sports%20Analytics.png?width=953&height=530&name=Caetano%20Sports%20Analytics.png [120475/120475] -> "/Users/briannazajicek/Documents/illuminairy/archives/curious-cardinals-2026-05-18/blog/blog.curiouscardinals.com/hs-fs/hubfs/Caetano Sports Analytics.png?width=953&height=530&name=Caetano Sports Analytics.png" [1]
2026-05-18 01:15:37 URL:https://blog.curiouscardinals.com/hs-fs/hubfs/Caetano%20Sports%20Analytics.png?width=1143&height=636&name=Caetano%20Sports%20Analytics.png [166390/166390] -> "/Users/briannazajicek/Documents/illuminairy/archives/curious-cardinals-2026-05-18/blog/blog.curiouscardinals.com/hs-fs/hubfs/Caetano Sports Analytics.png?width=1143&height=636&name=Caetano Sports Analytics.png" [1]
2026-05-18 01:15:39 URL:https://blog.curiouscardinals.com/hs-fs/hubfs/Caetano%20-%20data%20anlytics.png?width=3016&height=1472&name=Caetano%20-%20data%20anlytics.png [1769492/1769492] -> "/Users/briannazajicek/Documents/illuminairy/archives/curious-cardinals-2026-05-18/blog/blog.curiouscardinals.com/hs-fs/hubfs/Caetano - data anlytics.png?width=3016&height=1472&name=Caetano - data anlytics.png" [1]
2026-05-18 01:15:40 URL:https://blog.curiouscardinals.com/hs-fs/hubfs/Caetano%20-%20data%20anlytics.png?width=1508&height=736&name=Caetano%20-%20data%20anlytics.png [232320/232320] -> "/Users/briannazajicek/Documents/illuminairy/archives/curious-cardinals-2026-05-18/blog/blog.curiouscardinals.com/hs-fs/hubfs/Caetano - data anlytics.png?width=1508&height=736&name=Caetano - data anlytics.png" [1]
2026-05-18 01:15:42 URL:https://blog.curiouscardinals.com/hs-fs/hubfs/Caetano%20-%20data%20anlytics.png?width=4524&height=2208&name=Caetano%20-%20data%20anlytics.png [1769492/1769492] -> "/Users/briannazajicek/Documents/illuminairy/archives/curious-cardinals-2026-05-18/blog/blog.curiouscardinals.com/hs-fs/hubfs/Caetano - data anlytics.png?width=4524&height=2208&name=Caetano - data anlytics.png" [1]
2026-05-18 01:15:43 URL:https://blog.curiouscardinals.com/hs-fs/hubfs/Caetano%20-%20data%20anlytics.png?width=6032&height=2944&name=Caetano%20-%20data%20anlytics.png [1769492/1769492] -> "/Users/briannazajicek/Documents/illuminairy/archives/curious-cardinals-2026-05-18/blog/blog.curiouscardinals.com/hs-fs/hubfs/Caetano - data anlytics.png?width=6032&height=2944&name=Caetano - data anlytics.png" [1]
2026-05-18 01:15:45 URL:https://blog.curiouscardinals.com/hs-fs/hubfs/Caetano%20-%20data%20anlytics.png?width=7540&height=3680&name=Caetano%20-%20data%20anlytics.png [1769492/1769492] -> "/Users/briannazajicek/Documents/illuminairy/archives/curious-cardinals-2026-05-18/blog/blog.curiouscardinals.com/hs-fs/hubfs/Caetano - data anlytics.png?width=7540&height=3680&name=Caetano - data anlytics.png" [1]
2026-05-18 01:15:47 URL:https://blog.curiouscardinals.com/hs-fs/hubfs/Caetano%20-%20data%20anlytics.png?width=9048&height=4416&name=Caetano%20-%20data%20anlytics.png [1769492/1769492] -> "/Users/briannazajicek/Documents/illuminairy/archives/curious-cardinals-2026-05-18/blog/blog.curiouscardinals.com/hs-fs/hubfs/Caetano - data anlytics.png?width=9048&height=4416&name=Caetano - data anlytics.png" [1]
2026-05-18 01:15:47 URL:https://blog.curiouscardinals.com/curious-cardinals-summer-2025 [76410] -> "/Users/briannazajicek/Documents/illuminairy/archives/curious-cardinals-2026-05-18/blog/blog.curiouscardinals.com/curious-cardinals-summer-2025.html" [1]
Cookie coming from blog.curiouscardinals.com attempted to set domain to hubspotusercontent-na2.net
2026-05-18 01:15:48 URL:https://blog.curiouscardinals.com/hubfs/Screenshot%202025-04-23%20at%207.51.34%20AM.png [571706/571706] -> "/Users/briannazajicek/Documents/illuminairy/archives/curious-cardinals-2026-05-18/blog/blog.curiouscardinals.com/hubfs/Screenshot 2025-04-23 at 7.51.34 AM.png" [1]
2026-05-18 01:15:48 URL:https://blog.curiouscardinals.com/the-mentor-your-busy-child-actually-wants [85753] -> "/Users/briannazajicek/Documents/illuminairy/archives/curious-cardinals-2026-05-18/blog/blog.curiouscardinals.com/the-mentor-your-busy-child-actually-wants.html" [1]
2026-05-18 01:15:49 URL:https://blog.curiouscardinals.com/hs-fs/hubfs/batman-newsleter.jpg?width=512&height=288&name=batman-newsleter.jpg [46742/46742] -> "/Users/briannazajicek/Documents/illuminairy/archives/curious-cardinals-2026-05-18/blog/blog.curiouscardinals.com/hs-fs/hubfs/batman-newsleter.jpg?width=512&height=288&name=batman-newsleter.jpg" [1]
2026-05-18 01:15:50 URL:https://blog.curiouscardinals.com/hs-fs/hubfs/batman-newsleter.jpg?width=256&height=144&name=batman-newsleter.jpg [6898/6898] -> "/Users/briannazajicek/Documents/illuminairy/archives/curious-cardinals-2026-05-18/blog/blog.curiouscardinals.com/hs-fs/hubfs/batman-newsleter.jpg?width=256&height=144&name=batman-newsleter.jpg" [1]
2026-05-18 01:15:51 URL:https://blog.curiouscardinals.com/hs-fs/hubfs/batman-newsleter.jpg?width=768&height=432&name=batman-newsleter.jpg [46742/46742] -> "/Users/briannazajicek/Documents/illuminairy/archives/curious-cardinals-2026-05-18/blog/blog.curiouscardinals.com/hs-fs/hubfs/batman-newsleter.jpg?width=768&height=432&name=batman-newsleter.jpg" [1]
2026-05-18 01:15:52 URL:https://blog.curiouscardinals.com/hs-fs/hubfs/batman-newsleter.jpg?width=1024&height=576&name=batman-newsleter.jpg [46742/46742] -> "/Users/briannazajicek/Documents/illuminairy/archives/curious-cardinals-2026-05-18/blog/blog.curiouscardinals.com/hs-fs/hubfs/batman-newsleter.jpg?width=1024&height=576&name=batman-newsleter.jpg" [1]
2026-05-18 01:15:53 URL:https://blog.curiouscardinals.com/hs-fs/hubfs/batman-newsleter.jpg?width=1280&height=720&name=batman-newsleter.jpg [46742/46742] -> "/Users/briannazajicek/Documents/illuminairy/archives/curious-cardinals-2026-05-18/blog/blog.curiouscardinals.com/hs-fs/hubfs/batman-newsleter.jpg?width=1280&height=720&name=batman-newsleter.jpg" [1]
2026-05-18 01:15:54 URL:https://blog.curiouscardinals.com/hs-fs/hubfs/batman-newsleter.jpg?width=1536&height=864&name=batman-newsleter.jpg [46742/46742] -> "/Users/briannazajicek/Documents/illuminairy/archives/curious-cardinals-2026-05-18/blog/blog.curiouscardinals.com/hs-fs/hubfs/batman-newsleter.jpg?width=1536&height=864&name=batman-newsleter.jpg" [1]
2026-05-18 01:15:54 URL:https://blog.curiouscardinals.com/hs-fs/hubfs/mentorsCCemail.webp?width=561&height=186&name=mentorsCCemail.webp [22703/22703] -> "/Users/briannazajicek/Documents/illuminairy/archives/curious-cardinals-2026-05-18/blog/blog.curiouscardinals.com/hs-fs/hubfs/mentorsCCemail.webp?width=561&height=186&name=mentorsCCemail.webp" [1]
2026-05-18 01:15:55 URL:https://blog.curiouscardinals.com/hs-fs/hubfs/mentorsCCemail.webp?width=281&height=93&name=mentorsCCemail.webp [7841/7841] -> "/Users/briannazajicek/Documents/illuminairy/archives/curious-cardinals-2026-05-18/blog/blog.curiouscardinals.com/hs-fs/hubfs/mentorsCCemail.webp?width=281&height=93&name=mentorsCCemail.webp" [1]
2026-05-18 01:15:56 URL:https://blog.curiouscardinals.com/hs-fs/hubfs/mentorsCCemail.webp?width=842&height=279&name=mentorsCCemail.webp [42346/42346] -> "/Users/briannazajicek/Documents/illuminairy/archives/curious-cardinals-2026-05-18/blog/blog.curiouscardinals.com/hs-fs/hubfs/mentorsCCemail.webp?width=842&height=279&name=mentorsCCemail.webp" [1]
2026-05-18 01:15:57 URL:https://blog.curiouscardinals.com/hs-fs/hubfs/mentorsCCemail.webp?width=1122&height=372&name=mentorsCCemail.webp [65735/65735] -> "/Users/briannazajicek/Documents/illuminairy/archives/curious-cardinals-2026-05-18/blog/blog.curiouscardinals.com/hs-fs/hubfs/mentorsCCemail.webp?width=1122&height=372&name=mentorsCCemail.webp" [1]
2026-05-18 01:15:58 URL:https://blog.curiouscardinals.com/hs-fs/hubfs/mentorsCCemail.webp?width=1403&height=465&name=mentorsCCemail.webp [65735/65735] -> "/Users/briannazajicek/Documents/illuminairy/archives/curious-cardinals-2026-05-18/blog/blog.curiouscardinals.com/hs-fs/hubfs/mentorsCCemail.webp?width=1403&height=465&name=mentorsCCemail.webp" [1]
2026-05-18 01:15:59 URL:https://blog.curiouscardinals.com/hs-fs/hubfs/mentorsCCemail.webp?width=1683&height=558&name=mentorsCCemail.webp [65735/65735] -> "/Users/briannazajicek/Documents/illuminairy/archives/curious-cardinals-2026-05-18/blog/blog.curiouscardinals.com/hs-fs/hubfs/mentorsCCemail.webp?width=1683&height=558&name=mentorsCCemail.webp" [1]
2026-05-18 01:16:00 URL:https://blog.curiouscardinals.com/hs-fs/hubfs/Screen%20Shot%202025-01-09%20at%202.59.56%20PM-1.png?width=334&height=53&name=Screen%20Shot%202025-01-09%20at%202.59.56%20PM-1.png [3518/3518] -> "/Users/briannazajicek/Documents/illuminairy/archives/curious-cardinals-2026-05-18/blog/blog.curiouscardinals.com/hs-fs/hubfs/Screen Shot 2025-01-09 at 2.59.56 PM-1.png?width=334&height=53&name=Screen Shot 2025-01-09 at 2.59.56 PM-1.png" [1]
2026-05-18 01:16:00 URL:https://blog.curiouscardinals.com/hs-fs/hubfs/Screen%20Shot%202025-01-09%20at%202.59.56%20PM-1.png?width=167&height=27&name=Screen%20Shot%202025-01-09%20at%202.59.56%20PM-1.png [1597/1597] -> "/Users/briannazajicek/Documents/illuminairy/archives/curious-cardinals-2026-05-18/blog/blog.curiouscardinals.com/hs-fs/hubfs/Screen Shot 2025-01-09 at 2.59.56 PM-1.png?width=167&height=27&name=Screen Shot 2025-01-09 at 2.59.56 PM-1.png" [1]
2026-05-18 01:16:01 URL:https://blog.curiouscardinals.com/hs-fs/hubfs/Screen%20Shot%202025-01-09%20at%202.59.56%20PM-1.png?width=501&height=80&name=Screen%20Shot%202025-01-09%20at%202.59.56%20PM-1.png [5889/5889] -> "/Users/briannazajicek/Documents/illuminairy/archives/curious-cardinals-2026-05-18/blog/blog.curiouscardinals.com/hs-fs/hubfs/Screen Shot 2025-01-09 at 2.59.56 PM-1.png?width=501&height=80&name=Screen Shot 2025-01-09 at 2.59.56 PM-1.png" [1]
2026-05-18 01:16:02 URL:https://blog.curiouscardinals.com/hs-fs/hubfs/Screen%20Shot%202025-01-09%20at%202.59.56%20PM-1.png?width=668&height=106&name=Screen%20Shot%202025-01-09%20at%202.59.56%20PM-1.png [8345/8345] -> "/Users/briannazajicek/Documents/illuminairy/archives/curious-cardinals-2026-05-18/blog/blog.curiouscardinals.com/hs-fs/hubfs/Screen Shot 2025-01-09 at 2.59.56 PM-1.png?width=668&height=106&name=Screen Shot 2025-01-09 at 2.59.56 PM-1.png" [1]
2026-05-18 01:16:03 URL:https://blog.curiouscardinals.com/hs-fs/hubfs/Screen%20Shot%202025-01-09%20at%202.59.56%20PM-1.png?width=835&height=133&name=Screen%20Shot%202025-01-09%20at%202.59.56%20PM-1.png [4677/4677] -> "/Users/briannazajicek/Documents/illuminairy/archives/curious-cardinals-2026-05-18/blog/blog.curiouscardinals.com/hs-fs/hubfs/Screen Shot 2025-01-09 at 2.59.56 PM-1.png?width=835&height=133&name=Screen Shot 2025-01-09 at 2.59.56 PM-1.png" [1]
2026-05-18 01:16:04 URL:https://blog.curiouscardinals.com/hs-fs/hubfs/Screen%20Shot%202025-01-09%20at%202.59.56%20PM-1.png?width=1002&height=159&name=Screen%20Shot%202025-01-09%20at%202.59.56%20PM-1.png [4677/4677] -> "/Users/briannazajicek/Documents/illuminairy/archives/curious-cardinals-2026-05-18/blog/blog.curiouscardinals.com/hs-fs/hubfs/Screen Shot 2025-01-09 at 2.59.56 PM-1.png?width=1002&height=159&name=Screen Shot 2025-01-09 at 2.59.56 PM-1.png" [1]
2026-05-18 01:16:05 URL:https://blog.curiouscardinals.com/hs-fs/hubfs/AudreysMentor%26Team.webp?width=495&height=324&name=AudreysMentor%26Team.webp [34916/34916] -> "/Users/briannazajicek/Documents/illuminairy/archives/curious-cardinals-2026-05-18/blog/blog.curiouscardinals.com/hs-fs/hubfs/AudreysMentor&Team.webp?width=495&height=324&name=AudreysMentor&Team.webp" [1]
2026-05-18 01:16:05 URL:https://blog.curiouscardinals.com/hs-fs/hubfs/AudreysMentor%26Team.webp?width=248&height=162&name=AudreysMentor%26Team.webp [11692/11692] -> "/Users/briannazajicek/Documents/illuminairy/archives/curious-cardinals-2026-05-18/blog/blog.curiouscardinals.com/hs-fs/hubfs/AudreysMentor&Team.webp?width=248&height=162&name=AudreysMentor&Team.webp" [1]
2026-05-18 01:16:06 URL:https://blog.curiouscardinals.com/hs-fs/hubfs/AudreysMentor%26Team.webp?width=743&height=486&name=AudreysMentor%26Team.webp [68008/68008] -> "/Users/briannazajicek/Documents/illuminairy/archives/curious-cardinals-2026-05-18/blog/blog.curiouscardinals.com/hs-fs/hubfs/AudreysMentor&Team.webp?width=743&height=486&name=AudreysMentor&Team.webp" [1]
2026-05-18 01:16:08 URL:https://blog.curiouscardinals.com/hs-fs/hubfs/AudreysMentor%26Team.webp?width=990&height=648&name=AudreysMentor%26Team.webp [105373/105373] -> "/Users/briannazajicek/Documents/illuminairy/archives/curious-cardinals-2026-05-18/blog/blog.curiouscardinals.com/hs-fs/hubfs/AudreysMentor&Team.webp?width=990&height=648&name=AudreysMentor&Team.webp" [1]
2026-05-18 01:16:08 URL:https://blog.curiouscardinals.com/hs-fs/hubfs/AudreysMentor%26Team.webp?width=1238&height=810&name=AudreysMentor%26Team.webp [120200/120200] -> "/Users/briannazajicek/Documents/illuminairy/archives/curious-cardinals-2026-05-18/blog/blog.curiouscardinals.com/hs-fs/hubfs/AudreysMentor&Team.webp?width=1238&height=810&name=AudreysMentor&Team.webp" [1]
2026-05-18 01:16:10 URL:https://blog.curiouscardinals.com/hs-fs/hubfs/AudreysMentor%26Team.webp?width=1485&height=972&name=AudreysMentor%26Team.webp [120200/120200] -> "/Users/briannazajicek/Documents/illuminairy/archives/curious-cardinals-2026-05-18/blog/blog.curiouscardinals.com/hs-fs/hubfs/AudreysMentor&Team.webp?width=1485&height=972&name=AudreysMentor&Team.webp" [1]
2026-05-18 01:16:10 URL:https://blog.curiouscardinals.com/hs-fs/hubfs/Screen%20Shot%202025-01-09%20at%203.26.46%20PM.png?width=426&height=81&name=Screen%20Shot%202025-01-09%20at%203.26.46%20PM.png [6994/6994] -> "/Users/briannazajicek/Documents/illuminairy/archives/curious-cardinals-2026-05-18/blog/blog.curiouscardinals.com/hs-fs/hubfs/Screen Shot 2025-01-09 at 3.26.46 PM.png?width=426&height=81&name=Screen Shot 2025-01-09 at 3.26.46 PM.png" [1]
2026-05-18 01:16:11 URL:https://blog.curiouscardinals.com/hs-fs/hubfs/Screen%20Shot%202025-01-09%20at%203.26.46%20PM.png?width=213&height=41&name=Screen%20Shot%202025-01-09%20at%203.26.46%20PM.png [2298/2298] -> "/Users/briannazajicek/Documents/illuminairy/archives/curious-cardinals-2026-05-18/blog/blog.curiouscardinals.com/hs-fs/hubfs/Screen Shot 2025-01-09 at 3.26.46 PM.png?width=213&height=41&name=Screen Shot 2025-01-09 at 3.26.46 PM.png" [1]
2026-05-18 01:16:12 URL:https://blog.curiouscardinals.com/hs-fs/hubfs/Screen%20Shot%202025-01-09%20at%203.26.46%20PM.png?width=639&height=122&name=Screen%20Shot%202025-01-09%20at%203.26.46%20PM.png [20110/20110] -> "/Users/briannazajicek/Documents/illuminairy/archives/curious-cardinals-2026-05-18/blog/blog.curiouscardinals.com/hs-fs/hubfs/Screen Shot 2025-01-09 at 3.26.46 PM.png?width=639&height=122&name=Screen Shot 2025-01-09 at 3.26.46 PM.png" [1]
2026-05-18 01:16:13 URL:https://blog.curiouscardinals.com/hs-fs/hubfs/Screen%20Shot%202025-01-09%20at%203.26.46%20PM.png?width=852&height=162&name=Screen%20Shot%202025-01-09%20at%203.26.46%20PM.png [28027/28027] -> "/Users/briannazajicek/Documents/illuminairy/archives/curious-cardinals-2026-05-18/blog/blog.curiouscardinals.com/hs-fs/hubfs/Screen Shot 2025-01-09 at 3.26.46 PM.png?width=852&height=162&name=Screen Shot 2025-01-09 at 3.26.46 PM.png" [1]
2026-05-18 01:16:14 URL:https://blog.curiouscardinals.com/hs-fs/hubfs/Screen%20Shot%202025-01-09%20at%203.26.46%20PM.png?width=1065&height=203&name=Screen%20Shot%202025-01-09%20at%203.26.46%20PM.png [28027/28027] -> "/Users/briannazajicek/Documents/illuminairy/archives/curious-cardinals-2026-05-18/blog/blog.curiouscardinals.com/hs-fs/hubfs/Screen Shot 2025-01-09 at 3.26.46 PM.png?width=1065&height=203&name=Screen Shot 2025-01-09 at 3.26.46 PM.png" [1]
2026-05-18 01:16:15 URL:https://blog.curiouscardinals.com/hs-fs/hubfs/Screen%20Shot%202025-01-09%20at%203.26.46%20PM.png?width=1278&height=243&name=Screen%20Shot%202025-01-09%20at%203.26.46%20PM.png [28027/28027] -> "/Users/briannazajicek/Documents/illuminairy/archives/curious-cardinals-2026-05-18/blog/blog.curiouscardinals.com/hs-fs/hubfs/Screen Shot 2025-01-09 at 3.26.46 PM.png?width=1278&height=243&name=Screen Shot 2025-01-09 at 3.26.46 PM.png" [1]
2026-05-18 01:16:16 URL:https://blog.curiouscardinals.com/hs-fs/hubfs/Screen%20Shot%202025-01-06%20at%208.27.20%20PM.png?width=215&height=172&name=Screen%20Shot%202025-01-06%20at%208.27.20%20PM.png [14369/14369] -> "/Users/briannazajicek/Documents/illuminairy/archives/curious-cardinals-2026-05-18/blog/blog.curiouscardinals.com/hs-fs/hubfs/Screen Shot 2025-01-06 at 8.27.20 PM.png?width=215&height=172&name=Screen Shot 2025-01-06 at 8.27.20 PM.png" [1]
2026-05-18 01:16:17 URL:https://blog.curiouscardinals.com/hs-fs/hubfs/Screen%20Shot%202025-01-06%20at%208.27.20%20PM.png?width=108&height=86&name=Screen%20Shot%202025-01-06%20at%208.27.20%20PM.png [4958/4958] -> "/Users/briannazajicek/Documents/illuminairy/archives/curious-cardinals-2026-05-18/blog/blog.curiouscardinals.com/hs-fs/hubfs/Screen Shot 2025-01-06 at 8.27.20 PM.png?width=108&height=86&name=Screen Shot 2025-01-06 at 8.27.20 PM.png" [1]
2026-05-18 01:16:19 URL:https://blog.curiouscardinals.com/hs-fs/hubfs/Screen%20Shot%202025-01-06%20at%208.27.20%20PM.png?width=323&height=258&name=Screen%20Shot%202025-01-06%20at%208.27.20%20PM.png [35331/35331] -> "/Users/briannazajicek/Documents/illuminairy/archives/curious-cardinals-2026-05-18/blog/blog.curiouscardinals.com/hs-fs/hubfs/Screen Shot 2025-01-06 at 8.27.20 PM.png?width=323&height=258&name=Screen Shot 2025-01-06 at 8.27.20 PM.png" [1]
2026-05-18 01:16:20 URL:https://blog.curiouscardinals.com/hs-fs/hubfs/Screen%20Shot%202025-01-06%20at%208.27.20%20PM.png?width=430&height=344&name=Screen%20Shot%202025-01-06%20at%208.27.20%20PM.png [93393/93393] -> "/Users/briannazajicek/Documents/illuminairy/archives/curious-cardinals-2026-05-18/blog/blog.curiouscardinals.com/hs-fs/hubfs/Screen Shot 2025-01-06 at 8.27.20 PM.png?width=430&height=344&name=Screen Shot 2025-01-06 at 8.27.20 PM.png" [1]
2026-05-18 01:16:20 URL:https://blog.curiouscardinals.com/hs-fs/hubfs/Screen%20Shot%202025-01-06%20at%208.27.20%20PM.png?width=538&height=430&name=Screen%20Shot%202025-01-06%20at%208.27.20%20PM.png [93393/93393] -> "/Users/briannazajicek/Documents/illuminairy/archives/curious-cardinals-2026-05-18/blog/blog.curiouscardinals.com/hs-fs/hubfs/Screen Shot 2025-01-06 at 8.27.20 PM.png?width=538&height=430&name=Screen Shot 2025-01-06 at 8.27.20 PM.png" [1]
2026-05-18 01:16:21 URL:https://blog.curiouscardinals.com/hs-fs/hubfs/Screen%20Shot%202025-01-06%20at%208.27.20%20PM.png?width=645&height=516&name=Screen%20Shot%202025-01-06%20at%208.27.20%20PM.png [93393/93393] -> "/Users/briannazajicek/Documents/illuminairy/archives/curious-cardinals-2026-05-18/blog/blog.curiouscardinals.com/hs-fs/hubfs/Screen Shot 2025-01-06 at 8.27.20 PM.png?width=645&height=516&name=Screen Shot 2025-01-06 at 8.27.20 PM.png" [1]
2026-05-18 01:16:22 URL:https://blog.curiouscardinals.com/navigating-growing-up-in-a-digital-world [79732] -> "/Users/briannazajicek/Documents/illuminairy/archives/curious-cardinals-2026-05-18/blog/blog.curiouscardinals.com/navigating-growing-up-in-a-digital-world.html" [1]
2026-05-18 01:16:22 URL:https://blog.curiouscardinals.com/hs-fs/hubfs/Screen%20Shot%202025-01-09%20at%202.56.58%20PM.png?width=329&height=72&name=Screen%20Shot%202025-01-09%20at%202.56.58%20PM.png [5956/5956] -> "/Users/briannazajicek/Documents/illuminairy/archives/curious-cardinals-2026-05-18/blog/blog.curiouscardinals.com/hs-fs/hubfs/Screen Shot 2025-01-09 at 2.56.58 PM.png?width=329&height=72&name=Screen Shot 2025-01-09 at 2.56.58 PM.png" [1]
2026-05-18 01:16:23 URL:https://blog.curiouscardinals.com/hs-fs/hubfs/Screen%20Shot%202025-01-09%20at%202.56.58%20PM.png?width=165&height=36&name=Screen%20Shot%202025-01-09%20at%202.56.58%20PM.png [1994/1994] -> "/Users/briannazajicek/Documents/illuminairy/archives/curious-cardinals-2026-05-18/blog/blog.curiouscardinals.com/hs-fs/hubfs/Screen Shot 2025-01-09 at 2.56.58 PM.png?width=165&height=36&name=Screen Shot 2025-01-09 at 2.56.58 PM.png" [1]
2026-05-18 01:16:24 URL:https://blog.curiouscardinals.com/hs-fs/hubfs/Screen%20Shot%202025-01-09%20at%202.56.58%20PM.png?width=494&height=108&name=Screen%20Shot%202025-01-09%20at%202.56.58%20PM.png [26835/26835] -> "/Users/briannazajicek/Documents/illuminairy/archives/curious-cardinals-2026-05-18/blog/blog.curiouscardinals.com/hs-fs/hubfs/Screen Shot 2025-01-09 at 2.56.58 PM.png?width=494&height=108&name=Screen Shot 2025-01-09 at 2.56.58 PM.png" [1]
2026-05-18 01:16:25 URL:https://blog.curiouscardinals.com/hs-fs/hubfs/Screen%20Shot%202025-01-09%20at%202.56.58%20PM.png?width=658&height=144&name=Screen%20Shot%202025-01-09%20at%202.56.58%20PM.png [26835/26835] -> "/Users/briannazajicek/Documents/illuminairy/archives/curious-cardinals-2026-05-18/blog/blog.curiouscardinals.com/hs-fs/hubfs/Screen Shot 2025-01-09 at 2.56.58 PM.png?width=658&height=144&name=Screen Shot 2025-01-09 at 2.56.58 PM.png" [1]
2026-05-18 01:16:26 URL:https://blog.curiouscardinals.com/hs-fs/hubfs/Screen%20Shot%202025-01-09%20at%202.56.58%20PM.png?width=823&height=180&name=Screen%20Shot%202025-01-09%20at%202.56.58%20PM.png [26835/26835] -> "/Users/briannazajicek/Documents/illuminairy/archives/curious-cardinals-2026-05-18/blog/blog.curiouscardinals.com/hs-fs/hubfs/Screen Shot 2025-01-09 at 2.56.58 PM.png?width=823&height=180&name=Screen Shot 2025-01-09 at 2.56.58 PM.png" [1]
2026-05-18 01:16:26 URL:https://blog.curiouscardinals.com/hs-fs/hubfs/Screen%20Shot%202025-01-09%20at%202.56.58%20PM.png?width=987&height=216&name=Screen%20Shot%202025-01-09%20at%202.56.58%20PM.png [26835/26835] -> "/Users/briannazajicek/Documents/illuminairy/archives/curious-cardinals-2026-05-18/blog/blog.curiouscardinals.com/hs-fs/hubfs/Screen Shot 2025-01-09 at 2.56.58 PM.png?width=987&height=216&name=Screen Shot 2025-01-09 at 2.56.58 PM.png" [1]
2026-05-18 01:16:27 URL:https://blog.curiouscardinals.com/hs-fs/hubfs/PACT%20FRAMEWORK.webp?width=469&height=469&name=PACT%20FRAMEWORK.webp [43774/43774] -> "/Users/briannazajicek/Documents/illuminairy/archives/curious-cardinals-2026-05-18/blog/blog.curiouscardinals.com/hs-fs/hubfs/PACT FRAMEWORK.webp?width=469&height=469&name=PACT FRAMEWORK.webp" [1]
2026-05-18 01:16:28 URL:https://blog.curiouscardinals.com/hs-fs/hubfs/PACT%20FRAMEWORK.webp?width=235&height=235&name=PACT%20FRAMEWORK.webp [19355/19355] -> "/Users/briannazajicek/Documents/illuminairy/archives/curious-cardinals-2026-05-18/blog/blog.curiouscardinals.com/hs-fs/hubfs/PACT FRAMEWORK.webp?width=235&height=235&name=PACT FRAMEWORK.webp" [1]
2026-05-18 01:16:29 URL:https://blog.curiouscardinals.com/hs-fs/hubfs/PACT%20FRAMEWORK.webp?width=704&height=704&name=PACT%20FRAMEWORK.webp [66461/66461] -> "/Users/briannazajicek/Documents/illuminairy/archives/curious-cardinals-2026-05-18/blog/blog.curiouscardinals.com/hs-fs/hubfs/PACT FRAMEWORK.webp?width=704&height=704&name=PACT FRAMEWORK.webp" [1]
2026-05-18 01:16:30 URL:https://blog.curiouscardinals.com/hs-fs/hubfs/PACT%20FRAMEWORK.webp?width=938&height=938&name=PACT%20FRAMEWORK.webp [97634/97634] -> "/Users/briannazajicek/Documents/illuminairy/archives/curious-cardinals-2026-05-18/blog/blog.curiouscardinals.com/hs-fs/hubfs/PACT FRAMEWORK.webp?width=938&height=938&name=PACT FRAMEWORK.webp" [1]
2026-05-18 01:16:31 URL:https://blog.curiouscardinals.com/hs-fs/hubfs/PACT%20FRAMEWORK.webp?width=1173&height=1173&name=PACT%20FRAMEWORK.webp [138942/138942] -> "/Users/briannazajicek/Documents/illuminairy/archives/curious-cardinals-2026-05-18/blog/blog.curiouscardinals.com/hs-fs/hubfs/PACT FRAMEWORK.webp?width=1173&height=1173&name=PACT FRAMEWORK.webp" [1]
2026-05-18 01:16:32 URL:https://blog.curiouscardinals.com/hs-fs/hubfs/PACT%20FRAMEWORK.webp?width=1407&height=1407&name=PACT%20FRAMEWORK.webp [138942/138942] -> "/Users/briannazajicek/Documents/illuminairy/archives/curious-cardinals-2026-05-18/blog/blog.curiouscardinals.com/hs-fs/hubfs/PACT FRAMEWORK.webp?width=1407&height=1407&name=PACT FRAMEWORK.webp" [1]
2026-05-18 01:16:33 URL:https://blog.curiouscardinals.com/hs-fs/hubfs/Screen%20Shot%202025-01-09%20at%202.59.56%20PM.png?width=377&height=60&name=Screen%20Shot%202025-01-09%20at%202.59.56%20PM.png [3925/3925] -> "/Users/briannazajicek/Documents/illuminairy/archives/curious-cardinals-2026-05-18/blog/blog.curiouscardinals.com/hs-fs/hubfs/Screen Shot 2025-01-09 at 2.59.56 PM.png?width=377&height=60&name=Screen Shot 2025-01-09 at 2.59.56 PM.png" [1]
2026-05-18 01:16:34 URL:https://blog.curiouscardinals.com/hs-fs/hubfs/Screen%20Shot%202025-01-09%20at%202.59.56%20PM.png?width=189&height=30&name=Screen%20Shot%202025-01-09%20at%202.59.56%20PM.png [1765/1765] -> "/Users/briannazajicek/Documents/illuminairy/archives/curious-cardinals-2026-05-18/blog/blog.curiouscardinals.com/hs-fs/hubfs/Screen Shot 2025-01-09 at 2.59.56 PM.png?width=189&height=30&name=Screen Shot 2025-01-09 at 2.59.56 PM.png" [1]
2026-05-18 01:16:35 URL:https://blog.curiouscardinals.com/hs-fs/hubfs/Screen%20Shot%202025-01-09%20at%202.59.56%20PM.png?width=566&height=90&name=Screen%20Shot%202025-01-09%20at%202.59.56%20PM.png [6835/6835] -> "/Users/briannazajicek/Documents/illuminairy/archives/curious-cardinals-2026-05-18/blog/blog.curiouscardinals.com/hs-fs/hubfs/Screen Shot 2025-01-09 at 2.59.56 PM.png?width=566&height=90&name=Screen Shot 2025-01-09 at 2.59.56 PM.png" [1]
2026-05-18 01:16:36 URL:https://blog.curiouscardinals.com/hs-fs/hubfs/Screen%20Shot%202025-01-09%20at%202.59.56%20PM.png?width=754&height=120&name=Screen%20Shot%202025-01-09%20at%202.59.56%20PM.png [4677/4677] -> "/Users/briannazajicek/Documents/illuminairy/archives/curious-cardinals-2026-05-18/blog/blog.curiouscardinals.com/hs-fs/hubfs/Screen Shot 2025-01-09 at 2.59.56 PM.png?width=754&height=120&name=Screen Shot 2025-01-09 at 2.59.56 PM.png" [1]
2026-05-18 01:16:37 URL:https://blog.curiouscardinals.com/hs-fs/hubfs/Screen%20Shot%202025-01-09%20at%202.59.56%20PM.png?width=943&height=150&name=Screen%20Shot%202025-01-09%20at%202.59.56%20PM.png [4677/4677] -> "/Users/briannazajicek/Documents/illuminairy/archives/curious-cardinals-2026-05-18/blog/blog.curiouscardinals.com/hs-fs/hubfs/Screen Shot 2025-01-09 at 2.59.56 PM.png?width=943&height=150&name=Screen Shot 2025-01-09 at 2.59.56 PM.png" [1]
2026-05-18 01:16:37 URL:https://blog.curiouscardinals.com/hs-fs/hubfs/Screen%20Shot%202025-01-09%20at%202.59.56%20PM.png?width=1131&height=180&name=Screen%20Shot%202025-01-09%20at%202.59.56%20PM.png [4677/4677] -> "/Users/briannazajicek/Documents/illuminairy/archives/curious-cardinals-2026-05-18/blog/blog.curiouscardinals.com/hs-fs/hubfs/Screen Shot 2025-01-09 at 2.59.56 PM.png?width=1131&height=180&name=Screen Shot 2025-01-09 at 2.59.56 PM.png" [1]
2026-05-18 01:16:37 URL:https://blog.curiouscardinals.com/hs-fs/hubfs/IMG_9892.webp?width=261&height=348&name=IMG_9892.webp [24434/24434] -> "/Users/briannazajicek/Documents/illuminairy/archives/curious-cardinals-2026-05-18/blog/blog.curiouscardinals.com/hs-fs/hubfs/IMG_9892.webp?width=261&height=348&name=IMG_9892.webp" [1]
2026-05-18 01:16:38 URL:https://blog.curiouscardinals.com/hs-fs/hubfs/IMG_9892.webp?width=131&height=174&name=IMG_9892.webp [7965/7965] -> "/Users/briannazajicek/Documents/illuminairy/archives/curious-cardinals-2026-05-18/blog/blog.curiouscardinals.com/hs-fs/hubfs/IMG_9892.webp?width=131&height=174&name=IMG_9892.webp" [1]
2026-05-18 01:16:39 URL:https://blog.curiouscardinals.com/hs-fs/hubfs/IMG_9892.webp?width=392&height=522&name=IMG_9892.webp [48144/48144] -> "/Users/briannazajicek/Documents/illuminairy/archives/curious-cardinals-2026-05-18/blog/blog.curiouscardinals.com/hs-fs/hubfs/IMG_9892.webp?width=392&height=522&name=IMG_9892.webp" [1]
2026-05-18 01:16:40 URL:https://blog.curiouscardinals.com/hs-fs/hubfs/IMG_9892.webp?width=522&height=696&name=IMG_9892.webp [77608/77608] -> "/Users/briannazajicek/Documents/illuminairy/archives/curious-cardinals-2026-05-18/blog/blog.curiouscardinals.com/hs-fs/hubfs/IMG_9892.webp?width=522&height=696&name=IMG_9892.webp" [1]
2026-05-18 01:16:41 URL:https://blog.curiouscardinals.com/hs-fs/hubfs/IMG_9892.webp?width=653&height=870&name=IMG_9892.webp [77608/77608] -> "/Users/briannazajicek/Documents/illuminairy/archives/curious-cardinals-2026-05-18/blog/blog.curiouscardinals.com/hs-fs/hubfs/IMG_9892.webp?width=653&height=870&name=IMG_9892.webp" [1]
2026-05-18 01:16:42 URL:https://blog.curiouscardinals.com/hs-fs/hubfs/IMG_9892.webp?width=783&height=1044&name=IMG_9892.webp [77608/77608] -> "/Users/briannazajicek/Documents/illuminairy/archives/curious-cardinals-2026-05-18/blog/blog.curiouscardinals.com/hs-fs/hubfs/IMG_9892.webp?width=783&height=1044&name=IMG_9892.webp" [1]
2026-05-18 01:16:42 URL:https://blog.curiouscardinals.com/hs-fs/hubfs/7E54ECA0-C689-4536-8A59-56F81DFE0521_1_105_c.webp?width=260&height=348&name=7E54ECA0-C689-4536-8A59-56F81DFE0521_1_105_c.webp [23552/23552] -> "/Users/briannazajicek/Documents/illuminairy/archives/curious-cardinals-2026-05-18/blog/blog.curiouscardinals.com/hs-fs/hubfs/7E54ECA0-C689-4536-8A59-56F81DFE0521_1_105_c.webp?width=260&height=348&name=7E54ECA0-C689-4536-8A59-56F81DFE0521_1_105_c.webp" [1]
2026-05-18 01:16:43 URL:https://blog.curiouscardinals.com/hs-fs/hubfs/7E54ECA0-C689-4536-8A59-56F81DFE0521_1_105_c.webp?width=130&height=174&name=7E54ECA0-C689-4536-8A59-56F81DFE0521_1_105_c.webp [7629/7629] -> "/Users/briannazajicek/Documents/illuminairy/archives/curious-cardinals-2026-05-18/blog/blog.curiouscardinals.com/hs-fs/hubfs/7E54ECA0-C689-4536-8A59-56F81DFE0521_1_105_c.webp?width=130&height=174&name=7E54ECA0-C689-4536-8A59-56F81DFE0521_1_105_c.webp" [1]
2026-05-18 01:16:44 URL:https://blog.curiouscardinals.com/hs-fs/hubfs/7E54ECA0-C689-4536-8A59-56F81DFE0521_1_105_c.webp?width=390&height=522&name=7E54ECA0-C689-4536-8A59-56F81DFE0521_1_105_c.webp [48639/48639] -> "/Users/briannazajicek/Documents/illuminairy/archives/curious-cardinals-2026-05-18/blog/blog.curiouscardinals.com/hs-fs/hubfs/7E54ECA0-C689-4536-8A59-56F81DFE0521_1_105_c.webp?width=390&height=522&name=7E54ECA0-C689-4536-8A59-56F81DFE0521_1_105_c.webp" [1]
2026-05-18 01:16:45 URL:https://blog.curiouscardinals.com/hs-fs/hubfs/7E54ECA0-C689-4536-8A59-56F81DFE0521_1_105_c.webp?width=520&height=696&name=7E54ECA0-C689-4536-8A59-56F81DFE0521_1_105_c.webp [81770/81770] -> "/Users/briannazajicek/Documents/illuminairy/archives/curious-cardinals-2026-05-18/blog/blog.curiouscardinals.com/hs-fs/hubfs/7E54ECA0-C689-4536-8A59-56F81DFE0521_1_105_c.webp?width=520&height=696&name=7E54ECA0-C689-4536-8A59-56F81DFE0521_1_105_c.webp" [1]
2026-05-18 01:16:46 URL:https://blog.curiouscardinals.com/hs-fs/hubfs/7E54ECA0-C689-4536-8A59-56F81DFE0521_1_105_c.webp?width=650&height=870&name=7E54ECA0-C689-4536-8A59-56F81DFE0521_1_105_c.webp [81770/81770] -> "/Users/briannazajicek/Documents/illuminairy/archives/curious-cardinals-2026-05-18/blog/blog.curiouscardinals.com/hs-fs/hubfs/7E54ECA0-C689-4536-8A59-56F81DFE0521_1_105_c.webp?width=650&height=870&name=7E54ECA0-C689-4536-8A59-56F81DFE0521_1_105_c.webp" [1]
2026-05-18 01:16:47 URL:https://blog.curiouscardinals.com/hs-fs/hubfs/7E54ECA0-C689-4536-8A59-56F81DFE0521_1_105_c.webp?width=780&height=1044&name=7E54ECA0-C689-4536-8A59-56F81DFE0521_1_105_c.webp [81770/81770] -> "/Users/briannazajicek/Documents/illuminairy/archives/curious-cardinals-2026-05-18/blog/blog.curiouscardinals.com/hs-fs/hubfs/7E54ECA0-C689-4536-8A59-56F81DFE0521_1_105_c.webp?width=780&height=1044&name=7E54ECA0-C689-4536-8A59-56F81DFE0521_1_105_c.webp" [1]
2026-05-18 01:16:47 URL:https://blog.curiouscardinals.com/hs-fs/hubfs/Screen%20Shot%202025-01-06%20at%208.27.20%20PM.png?width=197&height=158&name=Screen%20Shot%202025-01-06%20at%208.27.20%20PM.png [12305/12305] -> "/Users/briannazajicek/Documents/illuminairy/archives/curious-cardinals-2026-05-18/blog/blog.curiouscardinals.com/hs-fs/hubfs/Screen Shot 2025-01-06 at 8.27.20 PM.png?width=197&height=158&name=Screen Shot 2025-01-06 at 8.27.20 PM.png" [1]
2026-05-18 01:16:48 URL:https://blog.curiouscardinals.com/hs-fs/hubfs/Screen%20Shot%202025-01-06%20at%208.27.20%20PM.png?width=99&height=79&name=Screen%20Shot%202025-01-06%20at%208.27.20%20PM.png [4451/4451] -> "/Users/briannazajicek/Documents/illuminairy/archives/curious-cardinals-2026-05-18/blog/blog.curiouscardinals.com/hs-fs/hubfs/Screen Shot 2025-01-06 at 8.27.20 PM.png?width=99&height=79&name=Screen Shot 2025-01-06 at 8.27.20 PM.png" [1]
2026-05-18 01:16:49 URL:https://blog.curiouscardinals.com/hs-fs/hubfs/Screen%20Shot%202025-01-06%20at%208.27.20%20PM.png?width=296&height=237&name=Screen%20Shot%202025-01-06%20at%208.27.20%20PM.png [30751/30751] -> "/Users/briannazajicek/Documents/illuminairy/archives/curious-cardinals-2026-05-18/blog/blog.curiouscardinals.com/hs-fs/hubfs/Screen Shot 2025-01-06 at 8.27.20 PM.png?width=296&height=237&name=Screen Shot 2025-01-06 at 8.27.20 PM.png" [1]
2026-05-18 01:16:50 URL:https://blog.curiouscardinals.com/hs-fs/hubfs/Screen%20Shot%202025-01-06%20at%208.27.20%20PM.png?width=394&height=316&name=Screen%20Shot%202025-01-06%20at%208.27.20%20PM.png [93393/93393] -> "/Users/briannazajicek/Documents/illuminairy/archives/curious-cardinals-2026-05-18/blog/blog.curiouscardinals.com/hs-fs/hubfs/Screen Shot 2025-01-06 at 8.27.20 PM.png?width=394&height=316&name=Screen Shot 2025-01-06 at 8.27.20 PM.png" [1]
2026-05-18 01:16:51 URL:https://blog.curiouscardinals.com/hs-fs/hubfs/Screen%20Shot%202025-01-06%20at%208.27.20%20PM.png?width=493&height=395&name=Screen%20Shot%202025-01-06%20at%208.27.20%20PM.png [93393/93393] -> "/Users/briannazajicek/Documents/illuminairy/archives/curious-cardinals-2026-05-18/blog/blog.curiouscardinals.com/hs-fs/hubfs/Screen Shot 2025-01-06 at 8.27.20 PM.png?width=493&height=395&name=Screen Shot 2025-01-06 at 8.27.20 PM.png" [1]
2026-05-18 01:16:51 URL:https://blog.curiouscardinals.com/hs-fs/hubfs/Screen%20Shot%202025-01-06%20at%208.27.20%20PM.png?width=591&height=474&name=Screen%20Shot%202025-01-06%20at%208.27.20%20PM.png [93393/93393] -> "/Users/briannazajicek/Documents/illuminairy/archives/curious-cardinals-2026-05-18/blog/blog.curiouscardinals.com/hs-fs/hubfs/Screen Shot 2025-01-06 at 8.27.20 PM.png?width=591&height=474&name=Screen Shot 2025-01-06 at 8.27.20 PM.png" [1]
2026-05-18 01:16:52 URL:https://blog.curiouscardinals.com/ai-help-for-back-to-school [82217] -> "/Users/briannazajicek/Documents/illuminairy/archives/curious-cardinals-2026-05-18/blog/blog.curiouscardinals.com/ai-help-for-back-to-school.html" [1]
2026-05-18 01:16:52 URL:https://blog.curiouscardinals.com/hs-fs/hubfs/CC%20audrey%20mail.webp?width=1200&height=300&name=CC%20audrey%20mail.webp [29475/29475] -> "/Users/briannazajicek/Documents/illuminairy/archives/curious-cardinals-2026-05-18/blog/blog.curiouscardinals.com/hs-fs/hubfs/CC audrey mail.webp?width=1200&height=300&name=CC audrey mail.webp" [1]
2026-05-18 01:16:53 URL:https://blog.curiouscardinals.com/hs-fs/hubfs/CC%20audrey%20mail.webp?width=600&height=150&name=CC%20audrey%20mail.webp [11409/11409] -> "/Users/briannazajicek/Documents/illuminairy/archives/curious-cardinals-2026-05-18/blog/blog.curiouscardinals.com/hs-fs/hubfs/CC audrey mail.webp?width=600&height=150&name=CC audrey mail.webp" [1]
2026-05-18 01:16:54 URL:https://blog.curiouscardinals.com/hs-fs/hubfs/CC%20audrey%20mail.webp?width=1800&height=450&name=CC%20audrey%20mail.webp [29475/29475] -> "/Users/briannazajicek/Documents/illuminairy/archives/curious-cardinals-2026-05-18/blog/blog.curiouscardinals.com/hs-fs/hubfs/CC audrey mail.webp?width=1800&height=450&name=CC audrey mail.webp" [1]
2026-05-18 01:16:55 URL:https://blog.curiouscardinals.com/hs-fs/hubfs/CC%20audrey%20mail.webp?width=2400&height=600&name=CC%20audrey%20mail.webp [29475/29475] -> "/Users/briannazajicek/Documents/illuminairy/archives/curious-cardinals-2026-05-18/blog/blog.curiouscardinals.com/hs-fs/hubfs/CC audrey mail.webp?width=2400&height=600&name=CC audrey mail.webp" [1]
2026-05-18 01:16:55 URL:https://blog.curiouscardinals.com/hs-fs/hubfs/CC%20audrey%20mail.webp?width=3000&height=750&name=CC%20audrey%20mail.webp [29475/29475] -> "/Users/briannazajicek/Documents/illuminairy/archives/curious-cardinals-2026-05-18/blog/blog.curiouscardinals.com/hs-fs/hubfs/CC audrey mail.webp?width=3000&height=750&name=CC audrey mail.webp" [1]
2026-05-18 01:16:56 URL:https://blog.curiouscardinals.com/hs-fs/hubfs/CC%20audrey%20mail.webp?width=3600&height=900&name=CC%20audrey%20mail.webp [29475/29475] -> "/Users/briannazajicek/Documents/illuminairy/archives/curious-cardinals-2026-05-18/blog/blog.curiouscardinals.com/hs-fs/hubfs/CC audrey mail.webp?width=3600&height=900&name=CC audrey mail.webp" [1]
2026-05-18 01:16:57 URL:https://blog.curiouscardinals.com/hs-fs/hubfs/AI%20literacy%20workshop.webp?width=345&height=259&name=AI%20literacy%20workshop.webp [22492/22492] -> "/Users/briannazajicek/Documents/illuminairy/archives/curious-cardinals-2026-05-18/blog/blog.curiouscardinals.com/hs-fs/hubfs/AI literacy workshop.webp?width=345&height=259&name=AI literacy workshop.webp" [1]
2026-05-18 01:16:58 URL:https://blog.curiouscardinals.com/hs-fs/hubfs/AI%20literacy%20workshop.webp?width=173&height=130&name=AI%20literacy%20workshop.webp [7244/7244] -> "/Users/briannazajicek/Documents/illuminairy/archives/curious-cardinals-2026-05-18/blog/blog.curiouscardinals.com/hs-fs/hubfs/AI literacy workshop.webp?width=173&height=130&name=AI literacy workshop.webp" [1]
2026-05-18 01:16:59 URL:https://blog.curiouscardinals.com/hs-fs/hubfs/AI%20literacy%20workshop.webp?width=518&height=389&name=AI%20literacy%20workshop.webp [44279/44279] -> "/Users/briannazajicek/Documents/illuminairy/archives/curious-cardinals-2026-05-18/blog/blog.curiouscardinals.com/hs-fs/hubfs/AI literacy workshop.webp?width=518&height=389&name=AI literacy workshop.webp" [1]
2026-05-18 01:17:00 URL:https://blog.curiouscardinals.com/hs-fs/hubfs/AI%20literacy%20workshop.webp?width=690&height=518&name=AI%20literacy%20workshop.webp [71368/71368] -> "/Users/briannazajicek/Documents/illuminairy/archives/curious-cardinals-2026-05-18/blog/blog.curiouscardinals.com/hs-fs/hubfs/AI literacy workshop.webp?width=690&height=518&name=AI literacy workshop.webp" [1]
2026-05-18 01:17:01 URL:https://blog.curiouscardinals.com/hs-fs/hubfs/AI%20literacy%20workshop.webp?width=863&height=648&name=AI%20literacy%20workshop.webp [90763/90763] -> "/Users/briannazajicek/Documents/illuminairy/archives/curious-cardinals-2026-05-18/blog/blog.curiouscardinals.com/hs-fs/hubfs/AI literacy workshop.webp?width=863&height=648&name=AI literacy workshop.webp" [1]
2026-05-18 01:17:03 URL:https://blog.curiouscardinals.com/hs-fs/hubfs/AI%20literacy%20workshop.webp?width=1035&height=777&name=AI%20literacy%20workshop.webp [90763/90763] -> "/Users/briannazajicek/Documents/illuminairy/archives/curious-cardinals-2026-05-18/blog/blog.curiouscardinals.com/hs-fs/hubfs/AI literacy workshop.webp?width=1035&height=777&name=AI literacy workshop.webp" [1]
2026-05-18 01:17:04 URL:https://blog.curiouscardinals.com/hs-fs/hubfs/CC%20Community%20Leaders.webp?width=362&height=203&name=CC%20Community%20Leaders.webp [18403/18403] -> "/Users/briannazajicek/Documents/illuminairy/archives/curious-cardinals-2026-05-18/blog/blog.curiouscardinals.com/hs-fs/hubfs/CC Community Leaders.webp?width=362&height=203&name=CC Community Leaders.webp" [1]
2026-05-18 01:17:04 URL:https://blog.curiouscardinals.com/hs-fs/hubfs/CC%20Community%20Leaders.webp?width=181&height=102&name=CC%20Community%20Leaders.webp [6713/6713] -> "/Users/briannazajicek/Documents/illuminairy/archives/curious-cardinals-2026-05-18/blog/blog.curiouscardinals.com/hs-fs/hubfs/CC Community Leaders.webp?width=181&height=102&name=CC Community Leaders.webp" [1]
2026-05-18 01:17:06 URL:https://blog.curiouscardinals.com/hs-fs/hubfs/CC%20Community%20Leaders.webp?width=543&height=305&name=CC%20Community%20Leaders.webp [34833/34833] -> "/Users/briannazajicek/Documents/illuminairy/archives/curious-cardinals-2026-05-18/blog/blog.curiouscardinals.com/hs-fs/hubfs/CC Community Leaders.webp?width=543&height=305&name=CC Community Leaders.webp" [1]
2026-05-18 01:17:06 URL:https://blog.curiouscardinals.com/hs-fs/hubfs/CC%20Community%20Leaders.webp?width=724&height=406&name=CC%20Community%20Leaders.webp [53784/53784] -> "/Users/briannazajicek/Documents/illuminairy/archives/curious-cardinals-2026-05-18/blog/blog.curiouscardinals.com/hs-fs/hubfs/CC Community Leaders.webp?width=724&height=406&name=CC Community Leaders.webp" [1]
2026-05-18 01:17:07 URL:https://blog.curiouscardinals.com/hs-fs/hubfs/CC%20Community%20Leaders.webp?width=905&height=508&name=CC%20Community%20Leaders.webp [62811/62811] -> "/Users/briannazajicek/Documents/illuminairy/archives/curious-cardinals-2026-05-18/blog/blog.curiouscardinals.com/hs-fs/hubfs/CC Community Leaders.webp?width=905&height=508&name=CC Community Leaders.webp" [1]
2026-05-18 01:17:08 URL:https://blog.curiouscardinals.com/hs-fs/hubfs/CC%20Community%20Leaders.webp?width=1086&height=609&name=CC%20Community%20Leaders.webp [62811/62811] -> "/Users/briannazajicek/Documents/illuminairy/archives/curious-cardinals-2026-05-18/blog/blog.curiouscardinals.com/hs-fs/hubfs/CC Community Leaders.webp?width=1086&height=609&name=CC Community Leaders.webp" [1]
2026-05-18 01:17:09 URL:https://blog.curiouscardinals.com/hs-fs/hubfs/Audrey.webp?width=322&height=242&name=Audrey.webp [23167/23167] -> "/Users/briannazajicek/Documents/illuminairy/archives/curious-cardinals-2026-05-18/blog/blog.curiouscardinals.com/hs-fs/hubfs/Audrey.webp?width=322&height=242&name=Audrey.webp" [1]
2026-05-18 01:17:10 URL:https://blog.curiouscardinals.com/hs-fs/hubfs/Audrey.webp?width=161&height=121&name=Audrey.webp [7625/7625] -> "/Users/briannazajicek/Documents/illuminairy/archives/curious-cardinals-2026-05-18/blog/blog.curiouscardinals.com/hs-fs/hubfs/Audrey.webp?width=161&height=121&name=Audrey.webp" [1]
2026-05-18 01:17:11 URL:https://blog.curiouscardinals.com/hs-fs/hubfs/Audrey.webp?width=483&height=363&name=Audrey.webp [43192/43192] -> "/Users/briannazajicek/Documents/illuminairy/archives/curious-cardinals-2026-05-18/blog/blog.curiouscardinals.com/hs-fs/hubfs/Audrey.webp?width=483&height=363&name=Audrey.webp" [1]
2026-05-18 01:17:12 URL:https://blog.curiouscardinals.com/hs-fs/hubfs/Audrey.webp?width=644&height=484&name=Audrey.webp [67035/67035] -> "/Users/briannazajicek/Documents/illuminairy/archives/curious-cardinals-2026-05-18/blog/blog.curiouscardinals.com/hs-fs/hubfs/Audrey.webp?width=644&height=484&name=Audrey.webp" [1]
2026-05-18 01:17:13 URL:https://blog.curiouscardinals.com/hs-fs/hubfs/Audrey.webp?width=805&height=605&name=Audrey.webp [91545/91545] -> "/Users/briannazajicek/Documents/illuminairy/archives/curious-cardinals-2026-05-18/blog/blog.curiouscardinals.com/hs-fs/hubfs/Audrey.webp?width=805&height=605&name=Audrey.webp" [1]
2026-05-18 01:17:14 URL:https://blog.curiouscardinals.com/hs-fs/hubfs/Audrey.webp?width=966&height=726&name=Audrey.webp [91545/91545] -> "/Users/briannazajicek/Documents/illuminairy/archives/curious-cardinals-2026-05-18/blog/blog.curiouscardinals.com/hs-fs/hubfs/Audrey.webp?width=966&height=726&name=Audrey.webp" [1]
2026-05-18 01:17:15 URL:https://blog.curiouscardinals.com/hs-fs/hubfs/Screen%20Shot%202025-01-08%20at%204.07.52%20PM.png?width=143&height=70&name=Screen%20Shot%202025-01-08%20at%204.07.52%20PM.png [2100/2100] -> "/Users/briannazajicek/Documents/illuminairy/archives/curious-cardinals-2026-05-18/blog/blog.curiouscardinals.com/hs-fs/hubfs/Screen Shot 2025-01-08 at 4.07.52 PM.png?width=143&height=70&name=Screen Shot 2025-01-08 at 4.07.52 PM.png" [1]
2026-05-18 01:17:16 URL:https://blog.curiouscardinals.com/hs-fs/hubfs/Screen%20Shot%202025-01-08%20at%204.07.52%20PM.png?width=72&height=35&name=Screen%20Shot%202025-01-08%20at%204.07.52%20PM.png [1374/1374] -> "/Users/briannazajicek/Documents/illuminairy/archives/curious-cardinals-2026-05-18/blog/blog.curiouscardinals.com/hs-fs/hubfs/Screen Shot 2025-01-08 at 4.07.52 PM.png?width=72&height=35&name=Screen Shot 2025-01-08 at 4.07.52 PM.png" [1]
2026-05-18 01:17:17 URL:https://blog.curiouscardinals.com/hs-fs/hubfs/Screen%20Shot%202025-01-08%20at%204.07.52%20PM.png?width=215&height=105&name=Screen%20Shot%202025-01-08%20at%204.07.52%20PM.png [3243/3243] -> "/Users/briannazajicek/Documents/illuminairy/archives/curious-cardinals-2026-05-18/blog/blog.curiouscardinals.com/hs-fs/hubfs/Screen Shot 2025-01-08 at 4.07.52 PM.png?width=215&height=105&name=Screen Shot 2025-01-08 at 4.07.52 PM.png" [1]
2026-05-18 01:17:18 URL:https://blog.curiouscardinals.com/hs-fs/hubfs/Screen%20Shot%202025-01-08%20at%204.07.52%20PM.png?width=286&height=140&name=Screen%20Shot%202025-01-08%20at%204.07.52%20PM.png [2659/2659] -> "/Users/briannazajicek/Documents/illuminairy/archives/curious-cardinals-2026-05-18/blog/blog.curiouscardinals.com/hs-fs/hubfs/Screen Shot 2025-01-08 at 4.07.52 PM.png?width=286&height=140&name=Screen Shot 2025-01-08 at 4.07.52 PM.png" [1]
2026-05-18 01:17:19 URL:https://blog.curiouscardinals.com/hs-fs/hubfs/Screen%20Shot%202025-01-08%20at%204.07.52%20PM.png?width=358&height=175&name=Screen%20Shot%202025-01-08%20at%204.07.52%20PM.png [2659/2659] -> "/Users/briannazajicek/Documents/illuminairy/archives/curious-cardinals-2026-05-18/blog/blog.curiouscardinals.com/hs-fs/hubfs/Screen Shot 2025-01-08 at 4.07.52 PM.png?width=358&height=175&name=Screen Shot 2025-01-08 at 4.07.52 PM.png" [1]
2026-05-18 01:17:19 URL:https://blog.curiouscardinals.com/hs-fs/hubfs/Screen%20Shot%202025-01-08%20at%204.07.52%20PM.png?width=429&height=210&name=Screen%20Shot%202025-01-08%20at%204.07.52%20PM.png [2659/2659] -> "/Users/briannazajicek/Documents/illuminairy/archives/curious-cardinals-2026-05-18/blog/blog.curiouscardinals.com/hs-fs/hubfs/Screen Shot 2025-01-08 at 4.07.52 PM.png?width=429&height=210&name=Screen Shot 2025-01-08 at 4.07.52 PM.png" [1]
2026-05-18 01:17:21 URL:https://blog.curiouscardinals.com/hs-fs/hubfs/Screen%20Shot%202025-01-06%20at%208.27.20%20PM.png?width=139&height=111&name=Screen%20Shot%202025-01-06%20at%208.27.20%20PM.png [7151/7151] -> "/Users/briannazajicek/Documents/illuminairy/archives/curious-cardinals-2026-05-18/blog/blog.curiouscardinals.com/hs-fs/hubfs/Screen Shot 2025-01-06 at 8.27.20 PM.png?width=139&height=111&name=Screen Shot 2025-01-06 at 8.27.20 PM.png" [1]
2026-05-18 01:17:22 URL:https://blog.curiouscardinals.com/hs-fs/hubfs/Screen%20Shot%202025-01-06%20at%208.27.20%20PM.png?width=70&height=56&name=Screen%20Shot%202025-01-06%20at%208.27.20%20PM.png [2922/2922] -> "/Users/briannazajicek/Documents/illuminairy/archives/curious-cardinals-2026-05-18/blog/blog.curiouscardinals.com/hs-fs/hubfs/Screen Shot 2025-01-06 at 8.27.20 PM.png?width=70&height=56&name=Screen Shot 2025-01-06 at 8.27.20 PM.png" [1]
2026-05-18 01:17:23 URL:https://blog.curiouscardinals.com/hs-fs/hubfs/Screen%20Shot%202025-01-06%20at%208.27.20%20PM.png?width=209&height=167&name=Screen%20Shot%202025-01-06%20at%208.27.20%20PM.png [13646/13646] -> "/Users/briannazajicek/Documents/illuminairy/archives/curious-cardinals-2026-05-18/blog/blog.curiouscardinals.com/hs-fs/hubfs/Screen Shot 2025-01-06 at 8.27.20 PM.png?width=209&height=167&name=Screen Shot 2025-01-06 at 8.27.20 PM.png" [1]
2026-05-18 01:17:24 URL:https://blog.curiouscardinals.com/hs-fs/hubfs/Screen%20Shot%202025-01-06%20at%208.27.20%20PM.png?width=278&height=222&name=Screen%20Shot%202025-01-06%20at%208.27.20%20PM.png [28793/28793] -> "/Users/briannazajicek/Documents/illuminairy/archives/curious-cardinals-2026-05-18/blog/blog.curiouscardinals.com/hs-fs/hubfs/Screen Shot 2025-01-06 at 8.27.20 PM.png?width=278&height=222&name=Screen Shot 2025-01-06 at 8.27.20 PM.png" [1]
2026-05-18 01:17:25 URL:https://blog.curiouscardinals.com/hs-fs/hubfs/Screen%20Shot%202025-01-06%20at%208.27.20%20PM.png?width=348&height=278&name=Screen%20Shot%202025-01-06%20at%208.27.20%20PM.png [93393/93393] -> "/Users/briannazajicek/Documents/illuminairy/archives/curious-cardinals-2026-05-18/blog/blog.curiouscardinals.com/hs-fs/hubfs/Screen Shot 2025-01-06 at 8.27.20 PM.png?width=348&height=278&name=Screen Shot 2025-01-06 at 8.27.20 PM.png" [1]
2026-05-18 01:17:26 URL:https://blog.curiouscardinals.com/hs-fs/hubfs/Screen%20Shot%202025-01-06%20at%208.27.20%20PM.png?width=417&height=333&name=Screen%20Shot%202025-01-06%20at%208.27.20%20PM.png [93393/93393] -> "/Users/briannazajicek/Documents/illuminairy/archives/curious-cardinals-2026-05-18/blog/blog.curiouscardinals.com/hs-fs/hubfs/Screen Shot 2025-01-06 at 8.27.20 PM.png?width=417&height=333&name=Screen Shot 2025-01-06 at 8.27.20 PM.png" [1]
2026-05-18 01:17:26 URL:https://blog.curiouscardinals.com/2025-college-admits [81040] -> "/Users/briannazajicek/Documents/illuminairy/archives/curious-cardinals-2026-05-18/blog/blog.curiouscardinals.com/2025-college-admits.html" [1]
2026-05-18 01:17:27 URL:https://blog.curiouscardinals.com/hs-fs/hubfs/2-Jan-21-2025-10-42-52-4814-PM.png?width=238&height=238&name=2-Jan-21-2025-10-42-52-4814-PM.png [21746/21746] -> "/Users/briannazajicek/Documents/illuminairy/archives/curious-cardinals-2026-05-18/blog/blog.curiouscardinals.com/hs-fs/hubfs/2-Jan-21-2025-10-42-52-4814-PM.png?width=238&height=238&name=2-Jan-21-2025-10-42-52-4814-PM.png" [1]
2026-05-18 01:17:29 URL:https://blog.curiouscardinals.com/hs-fs/hubfs/2-Jan-21-2025-10-42-52-4814-PM.png?width=119&height=119&name=2-Jan-21-2025-10-42-52-4814-PM.png [7459/7459] -> "/Users/briannazajicek/Documents/illuminairy/archives/curious-cardinals-2026-05-18/blog/blog.curiouscardinals.com/hs-fs/hubfs/2-Jan-21-2025-10-42-52-4814-PM.png?width=119&height=119&name=2-Jan-21-2025-10-42-52-4814-PM.png" [1]
2026-05-18 01:17:30 URL:https://blog.curiouscardinals.com/hs-fs/hubfs/2-Jan-21-2025-10-42-52-4814-PM.png?width=357&height=357&name=2-Jan-21-2025-10-42-52-4814-PM.png [32463/32463] -> "/Users/briannazajicek/Documents/illuminairy/archives/curious-cardinals-2026-05-18/blog/blog.curiouscardinals.com/hs-fs/hubfs/2-Jan-21-2025-10-42-52-4814-PM.png?width=357&height=357&name=2-Jan-21-2025-10-42-52-4814-PM.png" [1]
2026-05-18 01:17:30 URL:https://blog.curiouscardinals.com/hs-fs/hubfs/2-Jan-21-2025-10-42-52-4814-PM.png?width=476&height=476&name=2-Jan-21-2025-10-42-52-4814-PM.png [42330/42330] -> "/Users/briannazajicek/Documents/illuminairy/archives/curious-cardinals-2026-05-18/blog/blog.curiouscardinals.com/hs-fs/hubfs/2-Jan-21-2025-10-42-52-4814-PM.png?width=476&height=476&name=2-Jan-21-2025-10-42-52-4814-PM.png" [1]
2026-05-18 01:17:32 URL:https://blog.curiouscardinals.com/hs-fs/hubfs/2-Jan-21-2025-10-42-52-4814-PM.png?width=595&height=595&name=2-Jan-21-2025-10-42-52-4814-PM.png [58225/58225] -> "/Users/briannazajicek/Documents/illuminairy/archives/curious-cardinals-2026-05-18/blog/blog.curiouscardinals.com/hs-fs/hubfs/2-Jan-21-2025-10-42-52-4814-PM.png?width=595&height=595&name=2-Jan-21-2025-10-42-52-4814-PM.png" [1]
2026-05-18 01:17:32 URL:https://blog.curiouscardinals.com/hs-fs/hubfs/2-Jan-21-2025-10-42-52-4814-PM.png?width=714&height=714&name=2-Jan-21-2025-10-42-52-4814-PM.png [73693/73693] -> "/Users/briannazajicek/Documents/illuminairy/archives/curious-cardinals-2026-05-18/blog/blog.curiouscardinals.com/hs-fs/hubfs/2-Jan-21-2025-10-42-52-4814-PM.png?width=714&height=714&name=2-Jan-21-2025-10-42-52-4814-PM.png" [1]
2026-05-18 01:17:34 URL:https://blog.curiouscardinals.com/hs-fs/hubfs/1-4.png?width=233&height=233&name=1-4.png [22615/22615] -> "/Users/briannazajicek/Documents/illuminairy/archives/curious-cardinals-2026-05-18/blog/blog.curiouscardinals.com/hs-fs/hubfs/1-4.png?width=233&height=233&name=1-4.png" [1]
2026-05-18 01:17:35 URL:https://blog.curiouscardinals.com/hs-fs/hubfs/1-4.png?width=117&height=117&name=1-4.png [7364/7364] -> "/Users/briannazajicek/Documents/illuminairy/archives/curious-cardinals-2026-05-18/blog/blog.curiouscardinals.com/hs-fs/hubfs/1-4.png?width=117&height=117&name=1-4.png" [1]
2026-05-18 01:17:36 URL:https://blog.curiouscardinals.com/hs-fs/hubfs/1-4.png?width=350&height=350&name=1-4.png [40444/40444] -> "/Users/briannazajicek/Documents/illuminairy/archives/curious-cardinals-2026-05-18/blog/blog.curiouscardinals.com/hs-fs/hubfs/1-4.png?width=350&height=350&name=1-4.png" [1]
2026-05-18 01:17:37 URL:https://blog.curiouscardinals.com/hs-fs/hubfs/1-4.png?width=466&height=466&name=1-4.png [47277/47277] -> "/Users/briannazajicek/Documents/illuminairy/archives/curious-cardinals-2026-05-18/blog/blog.curiouscardinals.com/hs-fs/hubfs/1-4.png?width=466&height=466&name=1-4.png" [1]
2026-05-18 01:17:38 URL:https://blog.curiouscardinals.com/hs-fs/hubfs/1-4.png?width=583&height=583&name=1-4.png [65815/65815] -> "/Users/briannazajicek/Documents/illuminairy/archives/curious-cardinals-2026-05-18/blog/blog.curiouscardinals.com/hs-fs/hubfs/1-4.png?width=583&height=583&name=1-4.png" [1]
2026-05-18 01:17:39 URL:https://blog.curiouscardinals.com/hs-fs/hubfs/1-4.png?width=699&height=699&name=1-4.png [85151/85151] -> "/Users/briannazajicek/Documents/illuminairy/archives/curious-cardinals-2026-05-18/blog/blog.curiouscardinals.com/hs-fs/hubfs/1-4.png?width=699&height=699&name=1-4.png" [1]
2026-05-18 01:17:40 URL:https://blog.curiouscardinals.com/hs-fs/hubfs/3-Jan-21-2025-10-43-04-8886-PM.png?width=227&height=227&name=3-Jan-21-2025-10-43-04-8886-PM.png [21592/21592] -> "/Users/briannazajicek/Documents/illuminairy/archives/curious-cardinals-2026-05-18/blog/blog.curiouscardinals.com/hs-fs/hubfs/3-Jan-21-2025-10-43-04-8886-PM.png?width=227&height=227&name=3-Jan-21-2025-10-43-04-8886-PM.png" [1]
2026-05-18 01:17:41 URL:https://blog.curiouscardinals.com/hs-fs/hubfs/3-Jan-21-2025-10-43-04-8886-PM.png?width=114&height=114&name=3-Jan-21-2025-10-43-04-8886-PM.png [7201/7201] -> "/Users/briannazajicek/Documents/illuminairy/archives/curious-cardinals-2026-05-18/blog/blog.curiouscardinals.com/hs-fs/hubfs/3-Jan-21-2025-10-43-04-8886-PM.png?width=114&height=114&name=3-Jan-21-2025-10-43-04-8886-PM.png" [1]
2026-05-18 01:17:42 URL:https://blog.curiouscardinals.com/hs-fs/hubfs/3-Jan-21-2025-10-43-04-8886-PM.png?width=341&height=341&name=3-Jan-21-2025-10-43-04-8886-PM.png [37138/37138] -> "/Users/briannazajicek/Documents/illuminairy/archives/curious-cardinals-2026-05-18/blog/blog.curiouscardinals.com/hs-fs/hubfs/3-Jan-21-2025-10-43-04-8886-PM.png?width=341&height=341&name=3-Jan-21-2025-10-43-04-8886-PM.png" [1]
2026-05-18 01:17:43 URL:https://blog.curiouscardinals.com/hs-fs/hubfs/3-Jan-21-2025-10-43-04-8886-PM.png?width=454&height=454&name=3-Jan-21-2025-10-43-04-8886-PM.png [41587/41587] -> "/Users/briannazajicek/Documents/illuminairy/archives/curious-cardinals-2026-05-18/blog/blog.curiouscardinals.com/hs-fs/hubfs/3-Jan-21-2025-10-43-04-8886-PM.png?width=454&height=454&name=3-Jan-21-2025-10-43-04-8886-PM.png" [1]
2026-05-18 01:17:44 URL:https://blog.curiouscardinals.com/hs-fs/hubfs/3-Jan-21-2025-10-43-04-8886-PM.png?width=568&height=568&name=3-Jan-21-2025-10-43-04-8886-PM.png [56988/56988] -> "/Users/briannazajicek/Documents/illuminairy/archives/curious-cardinals-2026-05-18/blog/blog.curiouscardinals.com/hs-fs/hubfs/3-Jan-21-2025-10-43-04-8886-PM.png?width=568&height=568&name=3-Jan-21-2025-10-43-04-8886-PM.png" [1]
2026-05-18 01:17:45 URL:https://blog.curiouscardinals.com/hs-fs/hubfs/3-Jan-21-2025-10-43-04-8886-PM.png?width=681&height=681&name=3-Jan-21-2025-10-43-04-8886-PM.png [73232/73232] -> "/Users/briannazajicek/Documents/illuminairy/archives/curious-cardinals-2026-05-18/blog/blog.curiouscardinals.com/hs-fs/hubfs/3-Jan-21-2025-10-43-04-8886-PM.png?width=681&height=681&name=3-Jan-21-2025-10-43-04-8886-PM.png" [1]
2026-05-18 01:17:46 URL:https://blog.curiouscardinals.com/hs-fs/hubfs/AudreyStanford.png?width=472&height=355&name=AudreyStanford.png [95374/95374] -> "/Users/briannazajicek/Documents/illuminairy/archives/curious-cardinals-2026-05-18/blog/blog.curiouscardinals.com/hs-fs/hubfs/AudreyStanford.png?width=472&height=355&name=AudreyStanford.png" [1]
2026-05-18 01:17:47 URL:https://blog.curiouscardinals.com/hs-fs/hubfs/AudreyStanford.png?width=236&height=178&name=AudreyStanford.png [30032/30032] -> "/Users/briannazajicek/Documents/illuminairy/archives/curious-cardinals-2026-05-18/blog/blog.curiouscardinals.com/hs-fs/hubfs/AudreyStanford.png?width=236&height=178&name=AudreyStanford.png" [1]
2026-05-18 01:17:48 URL:https://blog.curiouscardinals.com/hs-fs/hubfs/AudreyStanford.png?width=708&height=533&name=AudreyStanford.png [206199/206199] -> "/Users/briannazajicek/Documents/illuminairy/archives/curious-cardinals-2026-05-18/blog/blog.curiouscardinals.com/hs-fs/hubfs/AudreyStanford.png?width=708&height=533&name=AudreyStanford.png" [1]
2026-05-18 01:17:50 URL:https://blog.curiouscardinals.com/hs-fs/hubfs/AudreyStanford.png?width=944&height=710&name=AudreyStanford.png [341982/341982] -> "/Users/briannazajicek/Documents/illuminairy/archives/curious-cardinals-2026-05-18/blog/blog.curiouscardinals.com/hs-fs/hubfs/AudreyStanford.png?width=944&height=710&name=AudreyStanford.png" [1]
2026-05-18 01:17:51 URL:https://blog.curiouscardinals.com/hs-fs/hubfs/AudreyStanford.png?width=1180&height=888&name=AudreyStanford.png [507148/507148] -> "/Users/briannazajicek/Documents/illuminairy/archives/curious-cardinals-2026-05-18/blog/blog.curiouscardinals.com/hs-fs/hubfs/AudreyStanford.png?width=1180&height=888&name=AudreyStanford.png" [1]
2026-05-18 01:17:52 URL:https://blog.curiouscardinals.com/hs-fs/hubfs/AudreyStanford.png?width=1416&height=1065&name=AudreyStanford.png [1271548/1271548] -> "/Users/briannazajicek/Documents/illuminairy/archives/curious-cardinals-2026-05-18/blog/blog.curiouscardinals.com/hs-fs/hubfs/AudreyStanford.png?width=1416&height=1065&name=AudreyStanford.png" [1]
2026-05-18 01:17:54 URL:https://blog.curiouscardinals.com/hs-fs/hubfs/Screen%20Shot%202025-01-08%20at%201.02.08%20PM.png?width=410&height=102&name=Screen%20Shot%202025-01-08%20at%201.02.08%20PM.png [11728/11728] -> "/Users/briannazajicek/Documents/illuminairy/archives/curious-cardinals-2026-05-18/blog/blog.curiouscardinals.com/hs-fs/hubfs/Screen Shot 2025-01-08 at 1.02.08 PM.png?width=410&height=102&name=Screen Shot 2025-01-08 at 1.02.08 PM.png" [1]
2026-05-18 01:17:55 URL:https://blog.curiouscardinals.com/hs-fs/hubfs/Screen%20Shot%202025-01-08%20at%201.02.08%20PM.png?width=205&height=51&name=Screen%20Shot%202025-01-08%20at%201.02.08%20PM.png [2827/2827] -> "/Users/briannazajicek/Documents/illuminairy/archives/curious-cardinals-2026-05-18/blog/blog.curiouscardinals.com/hs-fs/hubfs/Screen Shot 2025-01-08 at 1.02.08 PM.png?width=205&height=51&name=Screen Shot 2025-01-08 at 1.02.08 PM.png" [1]
2026-05-18 01:17:56 URL:https://blog.curiouscardinals.com/hs-fs/hubfs/Screen%20Shot%202025-01-08%20at%201.02.08%20PM.png?width=615&height=153&name=Screen%20Shot%202025-01-08%20at%201.02.08%20PM.png [26350/26350] -> "/Users/briannazajicek/Documents/illuminairy/archives/curious-cardinals-2026-05-18/blog/blog.curiouscardinals.com/hs-fs/hubfs/Screen Shot 2025-01-08 at 1.02.08 PM.png?width=615&height=153&name=Screen Shot 2025-01-08 at 1.02.08 PM.png" [1]
2026-05-18 01:17:57 URL:https://blog.curiouscardinals.com/hs-fs/hubfs/Screen%20Shot%202025-01-08%20at%201.02.08%20PM.png?width=820&height=204&name=Screen%20Shot%202025-01-08%20at%201.02.08%20PM.png [26350/26350] -> "/Users/briannazajicek/Documents/illuminairy/archives/curious-cardinals-2026-05-18/blog/blog.curiouscardinals.com/hs-fs/hubfs/Screen Shot 2025-01-08 at 1.02.08 PM.png?width=820&height=204&name=Screen Shot 2025-01-08 at 1.02.08 PM.png" [1]
2026-05-18 01:17:57 URL:https://blog.curiouscardinals.com/hs-fs/hubfs/Screen%20Shot%202025-01-08%20at%201.02.08%20PM.png?width=1025&height=255&name=Screen%20Shot%202025-01-08%20at%201.02.08%20PM.png [26350/26350] -> "/Users/briannazajicek/Documents/illuminairy/archives/curious-cardinals-2026-05-18/blog/blog.curiouscardinals.com/hs-fs/hubfs/Screen Shot 2025-01-08 at 1.02.08 PM.png?width=1025&height=255&name=Screen Shot 2025-01-08 at 1.02.08 PM.png" [1]
2026-05-18 01:17:58 URL:https://blog.curiouscardinals.com/hs-fs/hubfs/Screen%20Shot%202025-01-08%20at%201.02.08%20PM.png?width=1230&height=306&name=Screen%20Shot%202025-01-08%20at%201.02.08%20PM.png [26350/26350] -> "/Users/briannazajicek/Documents/illuminairy/archives/curious-cardinals-2026-05-18/blog/blog.curiouscardinals.com/hs-fs/hubfs/Screen Shot 2025-01-08 at 1.02.08 PM.png?width=1230&height=306&name=Screen Shot 2025-01-08 at 1.02.08 PM.png" [1]
2026-05-18 01:17:59 URL:https://blog.curiouscardinals.com/hs-fs/hubfs/Screen%20Shot%202025-01-06%20at%208.27.20%20PM.png?width=164&height=131&name=Screen%20Shot%202025-01-06%20at%208.27.20%20PM.png [9016/9016] -> "/Users/briannazajicek/Documents/illuminairy/archives/curious-cardinals-2026-05-18/blog/blog.curiouscardinals.com/hs-fs/hubfs/Screen Shot 2025-01-06 at 8.27.20 PM.png?width=164&height=131&name=Screen Shot 2025-01-06 at 8.27.20 PM.png" [1]
2026-05-18 01:18:00 URL:https://blog.curiouscardinals.com/hs-fs/hubfs/Screen%20Shot%202025-01-06%20at%208.27.20%20PM.png?width=82&height=66&name=Screen%20Shot%202025-01-06%20at%208.27.20%20PM.png [3508/3508] -> "/Users/briannazajicek/Documents/illuminairy/archives/curious-cardinals-2026-05-18/blog/blog.curiouscardinals.com/hs-fs/hubfs/Screen Shot 2025-01-06 at 8.27.20 PM.png?width=82&height=66&name=Screen Shot 2025-01-06 at 8.27.20 PM.png" [1]
2026-05-18 01:18:01 URL:https://blog.curiouscardinals.com/hs-fs/hubfs/Screen%20Shot%202025-01-06%20at%208.27.20%20PM.png?width=246&height=197&name=Screen%20Shot%202025-01-06%20at%208.27.20%20PM.png [20203/20203] -> "/Users/briannazajicek/Documents/illuminairy/archives/curious-cardinals-2026-05-18/blog/blog.curiouscardinals.com/hs-fs/hubfs/Screen Shot 2025-01-06 at 8.27.20 PM.png?width=246&height=197&name=Screen Shot 2025-01-06 at 8.27.20 PM.png" [1]
2026-05-18 01:18:02 URL:https://blog.curiouscardinals.com/hs-fs/hubfs/Screen%20Shot%202025-01-06%20at%208.27.20%20PM.png?width=328&height=262&name=Screen%20Shot%202025-01-06%20at%208.27.20%20PM.png [93393/93393] -> "/Users/briannazajicek/Documents/illuminairy/archives/curious-cardinals-2026-05-18/blog/blog.curiouscardinals.com/hs-fs/hubfs/Screen Shot 2025-01-06 at 8.27.20 PM.png?width=328&height=262&name=Screen Shot 2025-01-06 at 8.27.20 PM.png" [1]
2026-05-18 01:18:03 URL:https://blog.curiouscardinals.com/hs-fs/hubfs/Screen%20Shot%202025-01-06%20at%208.27.20%20PM.png?width=492&height=393&name=Screen%20Shot%202025-01-06%20at%208.27.20%20PM.png [93393/93393] -> "/Users/briannazajicek/Documents/illuminairy/archives/curious-cardinals-2026-05-18/blog/blog.curiouscardinals.com/hs-fs/hubfs/Screen Shot 2025-01-06 at 8.27.20 PM.png?width=492&height=393&name=Screen Shot 2025-01-06 at 8.27.20 PM.png" [1]
2026-05-18 01:18:03 URL:https://blog.curiouscardinals.com/what-our-mentors-wish-they-knew-before-high-school [79118] -> "/Users/briannazajicek/Documents/illuminairy/archives/curious-cardinals-2026-05-18/blog/blog.curiouscardinals.com/what-our-mentors-wish-they-knew-before-high-school.html" [1]
2026-05-18 01:18:04 URL:https://blog.curiouscardinals.com/hs-fs/hubfs/Screen%20Shot%202022-08-12%20at%2012.43.23%20PM.png?width=691&name=Screen%20Shot%202022-08-12%20at%2012.43.23%20PM.png [64514/64514] -> "/Users/briannazajicek/Documents/illuminairy/archives/curious-cardinals-2026-05-18/blog/blog.curiouscardinals.com/hs-fs/hubfs/Screen Shot 2022-08-12 at 12.43.23 PM.png?width=691&name=Screen Shot 2022-08-12 at 12.43.23 PM.png" [1]
2026-05-18 01:18:06 URL:https://blog.curiouscardinals.com/hs-fs/hubfs/Screen%20Shot%202022-08-12%20at%2012.43.23%20PM.png?width=346&name=Screen%20Shot%202022-08-12%20at%2012.43.23%20PM.png [21172/21172] -> "/Users/briannazajicek/Documents/illuminairy/archives/curious-cardinals-2026-05-18/blog/blog.curiouscardinals.com/hs-fs/hubfs/Screen Shot 2022-08-12 at 12.43.23 PM.png?width=346&name=Screen Shot 2022-08-12 at 12.43.23 PM.png" [1]
2026-05-18 01:18:07 URL:https://blog.curiouscardinals.com/hs-fs/hubfs/Screen%20Shot%202022-08-12%20at%2012.43.23%20PM.png?width=1037&name=Screen%20Shot%202022-08-12%20at%2012.43.23%20PM.png [152766/152766] -> "/Users/briannazajicek/Documents/illuminairy/archives/curious-cardinals-2026-05-18/blog/blog.curiouscardinals.com/hs-fs/hubfs/Screen Shot 2022-08-12 at 12.43.23 PM.png?width=1037&name=Screen Shot 2022-08-12 at 12.43.23 PM.png" [1]
2026-05-18 01:18:08 URL:https://blog.curiouscardinals.com/hs-fs/hubfs/Screen%20Shot%202022-08-12%20at%2012.43.23%20PM.png?width=1382&name=Screen%20Shot%202022-08-12%20at%2012.43.23%20PM.png [381854/381854] -> "/Users/briannazajicek/Documents/illuminairy/archives/curious-cardinals-2026-05-18/blog/blog.curiouscardinals.com/hs-fs/hubfs/Screen Shot 2022-08-12 at 12.43.23 PM.png?width=1382&name=Screen Shot 2022-08-12 at 12.43.23 PM.png" [1]
2026-05-18 01:18:10 URL:https://blog.curiouscardinals.com/hs-fs/hubfs/Screen%20Shot%202022-08-12%20at%2012.43.23%20PM.png?width=1728&name=Screen%20Shot%202022-08-12%20at%2012.43.23%20PM.png [552813/552813] -> "/Users/briannazajicek/Documents/illuminairy/archives/curious-cardinals-2026-05-18/blog/blog.curiouscardinals.com/hs-fs/hubfs/Screen Shot 2022-08-12 at 12.43.23 PM.png?width=1728&name=Screen Shot 2022-08-12 at 12.43.23 PM.png" [1]
2026-05-18 01:18:11 URL:https://blog.curiouscardinals.com/hs-fs/hubfs/Screen%20Shot%202022-08-12%20at%2012.43.23%20PM.png?width=2073&name=Screen%20Shot%202022-08-12%20at%2012.43.23%20PM.png [1499259/1499259] -> "/Users/briannazajicek/Documents/illuminairy/archives/curious-cardinals-2026-05-18/blog/blog.curiouscardinals.com/hs-fs/hubfs/Screen Shot 2022-08-12 at 12.43.23 PM.png?width=2073&name=Screen Shot 2022-08-12 at 12.43.23 PM.png" [1]
2026-05-18 01:18:12 URL:https://blog.curiouscardinals.com/hs-fs/hubfs/Screen%20Shot%202022-08-12%20at%2011.45.09%20AM.png?width=691&name=Screen%20Shot%202022-08-12%20at%2011.45.09%20AM.png [60638/60638] -> "/Users/briannazajicek/Documents/illuminairy/archives/curious-cardinals-2026-05-18/blog/blog.curiouscardinals.com/hs-fs/hubfs/Screen Shot 2022-08-12 at 11.45.09 AM.png?width=691&name=Screen Shot 2022-08-12 at 11.45.09 AM.png" [1]
2026-05-18 01:18:13 URL:https://blog.curiouscardinals.com/hs-fs/hubfs/Screen%20Shot%202022-08-12%20at%2011.45.09%20AM.png?width=346&name=Screen%20Shot%202022-08-12%20at%2011.45.09%20AM.png [19683/19683] -> "/Users/briannazajicek/Documents/illuminairy/archives/curious-cardinals-2026-05-18/blog/blog.curiouscardinals.com/hs-fs/hubfs/Screen Shot 2022-08-12 at 11.45.09 AM.png?width=346&name=Screen Shot 2022-08-12 at 11.45.09 AM.png" [1]
2026-05-18 01:18:14 URL:https://blog.curiouscardinals.com/hs-fs/hubfs/Screen%20Shot%202022-08-12%20at%2011.45.09%20AM.png?width=1037&name=Screen%20Shot%202022-08-12%20at%2011.45.09%20AM.png [138844/138844] -> "/Users/briannazajicek/Documents/illuminairy/archives/curious-cardinals-2026-05-18/blog/blog.curiouscardinals.com/hs-fs/hubfs/Screen Shot 2022-08-12 at 11.45.09 AM.png?width=1037&name=Screen Shot 2022-08-12 at 11.45.09 AM.png" [1]
2026-05-18 01:18:16 URL:https://blog.curiouscardinals.com/hs-fs/hubfs/Screen%20Shot%202022-08-12%20at%2011.45.09%20AM.png?width=1382&name=Screen%20Shot%202022-08-12%20at%2011.45.09%20AM.png [361413/361413] -> "/Users/briannazajicek/Documents/illuminairy/archives/curious-cardinals-2026-05-18/blog/blog.curiouscardinals.com/hs-fs/hubfs/Screen Shot 2022-08-12 at 11.45.09 AM.png?width=1382&name=Screen Shot 2022-08-12 at 11.45.09 AM.png" [1]
2026-05-18 01:18:17 URL:https://blog.curiouscardinals.com/hs-fs/hubfs/Screen%20Shot%202022-08-12%20at%2011.45.09%20AM.png?width=1728&name=Screen%20Shot%202022-08-12%20at%2011.45.09%20AM.png [599687/599687] -> "/Users/briannazajicek/Documents/illuminairy/archives/curious-cardinals-2026-05-18/blog/blog.curiouscardinals.com/hs-fs/hubfs/Screen Shot 2022-08-12 at 11.45.09 AM.png?width=1728&name=Screen Shot 2022-08-12 at 11.45.09 AM.png" [1]
2026-05-18 01:18:19 URL:https://blog.curiouscardinals.com/hs-fs/hubfs/Screen%20Shot%202022-08-12%20at%2011.45.09%20AM.png?width=2073&name=Screen%20Shot%202022-08-12%20at%2011.45.09%20AM.png [1436759/1436759] -> "/Users/briannazajicek/Documents/illuminairy/archives/curious-cardinals-2026-05-18/blog/blog.curiouscardinals.com/hs-fs/hubfs/Screen Shot 2022-08-12 at 11.45.09 AM.png?width=2073&name=Screen Shot 2022-08-12 at 11.45.09 AM.png" [1]
2026-05-18 01:18:19 URL:https://blog.curiouscardinals.com/hs-fs/hubfs/Screen%20Shot%202022-08-12%20at%2011.50.01%20AM.png?width=691&name=Screen%20Shot%202022-08-12%20at%2011.50.01%20AM.png [63414/63414] -> "/Users/briannazajicek/Documents/illuminairy/archives/curious-cardinals-2026-05-18/blog/blog.curiouscardinals.com/hs-fs/hubfs/Screen Shot 2022-08-12 at 11.50.01 AM.png?width=691&name=Screen Shot 2022-08-12 at 11.50.01 AM.png" [1]
2026-05-18 01:18:20 URL:https://blog.curiouscardinals.com/hs-fs/hubfs/Screen%20Shot%202022-08-12%20at%2011.50.01%20AM.png?width=346&name=Screen%20Shot%202022-08-12%20at%2011.50.01%20AM.png [20368/20368] -> "/Users/briannazajicek/Documents/illuminairy/archives/curious-cardinals-2026-05-18/blog/blog.curiouscardinals.com/hs-fs/hubfs/Screen Shot 2022-08-12 at 11.50.01 AM.png?width=346&name=Screen Shot 2022-08-12 at 11.50.01 AM.png" [1]
2026-05-18 01:18:21 URL:https://blog.curiouscardinals.com/hs-fs/hubfs/Screen%20Shot%202022-08-12%20at%2011.50.01%20AM.png?width=1037&name=Screen%20Shot%202022-08-12%20at%2011.50.01%20AM.png [143582/143582] -> "/Users/briannazajicek/Documents/illuminairy/archives/curious-cardinals-2026-05-18/blog/blog.curiouscardinals.com/hs-fs/hubfs/Screen Shot 2022-08-12 at 11.50.01 AM.png?width=1037&name=Screen Shot 2022-08-12 at 11.50.01 AM.png" [1]
2026-05-18 01:18:22 URL:https://blog.curiouscardinals.com/hs-fs/hubfs/Screen%20Shot%202022-08-12%20at%2011.50.01%20AM.png?width=1382&name=Screen%20Shot%202022-08-12%20at%2011.50.01%20AM.png [369903/369903] -> "/Users/briannazajicek/Documents/illuminairy/archives/curious-cardinals-2026-05-18/blog/blog.curiouscardinals.com/hs-fs/hubfs/Screen Shot 2022-08-12 at 11.50.01 AM.png?width=1382&name=Screen Shot 2022-08-12 at 11.50.01 AM.png" [1]
2026-05-18 01:18:23 URL:https://blog.curiouscardinals.com/hs-fs/hubfs/Screen%20Shot%202022-08-12%20at%2011.50.01%20AM.png?width=1728&name=Screen%20Shot%202022-08-12%20at%2011.50.01%20AM.png [587223/587223] -> "/Users/briannazajicek/Documents/illuminairy/archives/curious-cardinals-2026-05-18/blog/blog.curiouscardinals.com/hs-fs/hubfs/Screen Shot 2022-08-12 at 11.50.01 AM.png?width=1728&name=Screen Shot 2022-08-12 at 11.50.01 AM.png" [1]
2026-05-18 01:18:24 URL:https://blog.curiouscardinals.com/hs-fs/hubfs/Screen%20Shot%202022-08-12%20at%2011.50.01%20AM.png?width=2073&name=Screen%20Shot%202022-08-12%20at%2011.50.01%20AM.png [1463990/1463990] -> "/Users/briannazajicek/Documents/illuminairy/archives/curious-cardinals-2026-05-18/blog/blog.curiouscardinals.com/hs-fs/hubfs/Screen Shot 2022-08-12 at 11.50.01 AM.png?width=2073&name=Screen Shot 2022-08-12 at 11.50.01 AM.png" [1]
2026-05-18 01:18:25 URL:https://blog.curiouscardinals.com/student-spotlights-sustainability-in-action [68719] -> "/Users/briannazajicek/Documents/illuminairy/archives/curious-cardinals-2026-05-18/blog/blog.curiouscardinals.com/student-spotlights-sustainability-in-action.html" [1]
2026-05-18 01:18:25 URL:https://blog.curiouscardinals.com/how-to-create-the-psychological-safety-students-need [78364] -> "/Users/briannazajicek/Documents/illuminairy/archives/curious-cardinals-2026-05-18/blog/blog.curiouscardinals.com/how-to-create-the-psychological-safety-students-need.html" [1]
2026-05-18 01:18:26 URL:https://blog.curiouscardinals.com/hs-fs/hubfs/events%20-%20Curious%20Cardinals-1.png?width=303&height=303&name=events%20-%20Curious%20Cardinals-1.png [20585/20585] -> "/Users/briannazajicek/Documents/illuminairy/archives/curious-cardinals-2026-05-18/blog/blog.curiouscardinals.com/hs-fs/hubfs/events - Curious Cardinals-1.png?width=303&height=303&name=events - Curious Cardinals-1.png" [1]
2026-05-18 01:18:27 URL:https://blog.curiouscardinals.com/hs-fs/hubfs/events%20-%20Curious%20Cardinals-1.png?width=152&height=152&name=events%20-%20Curious%20Cardinals-1.png [8085/8085] -> "/Users/briannazajicek/Documents/illuminairy/archives/curious-cardinals-2026-05-18/blog/blog.curiouscardinals.com/hs-fs/hubfs/events - Curious Cardinals-1.png?width=152&height=152&name=events - Curious Cardinals-1.png" [1]
2026-05-18 01:18:28 URL:https://blog.curiouscardinals.com/hs-fs/hubfs/events%20-%20Curious%20Cardinals-1.png?width=455&height=455&name=events%20-%20Curious%20Cardinals-1.png [36650/36650] -> "/Users/briannazajicek/Documents/illuminairy/archives/curious-cardinals-2026-05-18/blog/blog.curiouscardinals.com/hs-fs/hubfs/events - Curious Cardinals-1.png?width=455&height=455&name=events - Curious Cardinals-1.png" [1]
2026-05-18 01:18:30 URL:https://blog.curiouscardinals.com/hs-fs/hubfs/events%20-%20Curious%20Cardinals-1.png?width=606&height=606&name=events%20-%20Curious%20Cardinals-1.png [54782/54782] -> "/Users/briannazajicek/Documents/illuminairy/archives/curious-cardinals-2026-05-18/blog/blog.curiouscardinals.com/hs-fs/hubfs/events - Curious Cardinals-1.png?width=606&height=606&name=events - Curious Cardinals-1.png" [1]
2026-05-18 01:18:31 URL:https://blog.curiouscardinals.com/hs-fs/hubfs/events%20-%20Curious%20Cardinals-1.png?width=758&height=758&name=events%20-%20Curious%20Cardinals-1.png [75007/75007] -> "/Users/briannazajicek/Documents/illuminairy/archives/curious-cardinals-2026-05-18/blog/blog.curiouscardinals.com/hs-fs/hubfs/events - Curious Cardinals-1.png?width=758&height=758&name=events - Curious Cardinals-1.png" [1]
2026-05-18 01:18:32 URL:https://blog.curiouscardinals.com/hs-fs/hubfs/events%20-%20Curious%20Cardinals-1.png?width=909&height=909&name=events%20-%20Curious%20Cardinals-1.png [96885/96885] -> "/Users/briannazajicek/Documents/illuminairy/archives/curious-cardinals-2026-05-18/blog/blog.curiouscardinals.com/hs-fs/hubfs/events - Curious Cardinals-1.png?width=909&height=909&name=events - Curious Cardinals-1.png" [1]
2026-05-18 01:18:32 URL:https://blog.curiouscardinals.com/hs-fs/hubfs/events%20-%20Curious%20Cardinals%20(1)-2.png?width=298&height=298&name=events%20-%20Curious%20Cardinals%20(1)-2.png [17715/17715] -> "/Users/briannazajicek/Documents/illuminairy/archives/curious-cardinals-2026-05-18/blog/blog.curiouscardinals.com/hs-fs/hubfs/events - Curious Cardinals (1)-2.png?width=298&height=298&name=events - Curious Cardinals (1)-2.png" [1]
2026-05-18 01:18:33 URL:https://blog.curiouscardinals.com/hs-fs/hubfs/events%20-%20Curious%20Cardinals%20(1)-2.png?width=149&height=149&name=events%20-%20Curious%20Cardinals%20(1)-2.png [6876/6876] -> "/Users/briannazajicek/Documents/illuminairy/archives/curious-cardinals-2026-05-18/blog/blog.curiouscardinals.com/hs-fs/hubfs/events - Curious Cardinals (1)-2.png?width=149&height=149&name=events - Curious Cardinals (1)-2.png" [1]
2026-05-18 01:18:34 URL:https://blog.curiouscardinals.com/hs-fs/hubfs/events%20-%20Curious%20Cardinals%20(1)-2.png?width=447&height=447&name=events%20-%20Curious%20Cardinals%20(1)-2.png [30437/30437] -> "/Users/briannazajicek/Documents/illuminairy/archives/curious-cardinals-2026-05-18/blog/blog.curiouscardinals.com/hs-fs/hubfs/events - Curious Cardinals (1)-2.png?width=447&height=447&name=events - Curious Cardinals (1)-2.png" [1]
2026-05-18 01:18:35 URL:https://blog.curiouscardinals.com/hs-fs/hubfs/events%20-%20Curious%20Cardinals%20(1)-2.png?width=596&height=596&name=events%20-%20Curious%20Cardinals%20(1)-2.png [47657/47657] -> "/Users/briannazajicek/Documents/illuminairy/archives/curious-cardinals-2026-05-18/blog/blog.curiouscardinals.com/hs-fs/hubfs/events - Curious Cardinals (1)-2.png?width=596&height=596&name=events - Curious Cardinals (1)-2.png" [1]
2026-05-18 01:18:36 URL:https://blog.curiouscardinals.com/hs-fs/hubfs/events%20-%20Curious%20Cardinals%20(1)-2.png?width=745&height=745&name=events%20-%20Curious%20Cardinals%20(1)-2.png [65860/65860] -> "/Users/briannazajicek/Documents/illuminairy/archives/curious-cardinals-2026-05-18/blog/blog.curiouscardinals.com/hs-fs/hubfs/events - Curious Cardinals (1)-2.png?width=745&height=745&name=events - Curious Cardinals (1)-2.png" [1]
2026-05-18 01:18:37 URL:https://blog.curiouscardinals.com/hs-fs/hubfs/events%20-%20Curious%20Cardinals%20(1)-2.png?width=894&height=894&name=events%20-%20Curious%20Cardinals%20(1)-2.png [83927/83927] -> "/Users/briannazajicek/Documents/illuminairy/archives/curious-cardinals-2026-05-18/blog/blog.curiouscardinals.com/hs-fs/hubfs/events - Curious Cardinals (1)-2.png?width=894&height=894&name=events - Curious Cardinals (1)-2.png" [1]
2026-05-18 01:18:38 URL:https://blog.curiouscardinals.com/announcing-student-stories-where-data-meets-story [74907] -> "/Users/briannazajicek/Documents/illuminairy/archives/curious-cardinals-2026-05-18/blog/blog.curiouscardinals.com/announcing-student-stories-where-data-meets-story.html" [1]
2026-05-18 01:18:38 URL:https://blog.curiouscardinals.com/the-power-of-reading [80894] -> "/Users/briannazajicek/Documents/illuminairy/archives/curious-cardinals-2026-05-18/blog/blog.curiouscardinals.com/the-power-of-reading.html" [1]
2026-05-18 01:18:39 URL:https://blog.curiouscardinals.com/hs-fs/hubfs/unnamed.jpg?width=527&height=350&name=unnamed.jpg [17342/17342] -> "/Users/briannazajicek/Documents/illuminairy/archives/curious-cardinals-2026-05-18/blog/blog.curiouscardinals.com/hs-fs/hubfs/unnamed.jpg?width=527&height=350&name=unnamed.jpg" [1]
2026-05-18 01:18:40 URL:https://blog.curiouscardinals.com/hs-fs/hubfs/unnamed.jpg?width=264&height=175&name=unnamed.jpg [7090/7090] -> "/Users/briannazajicek/Documents/illuminairy/archives/curious-cardinals-2026-05-18/blog/blog.curiouscardinals.com/hs-fs/hubfs/unnamed.jpg?width=264&height=175&name=unnamed.jpg" [1]
2026-05-18 01:18:42 URL:https://blog.curiouscardinals.com/hs-fs/hubfs/unnamed.jpg?width=791&height=525&name=unnamed.jpg [31435/31435] -> "/Users/briannazajicek/Documents/illuminairy/archives/curious-cardinals-2026-05-18/blog/blog.curiouscardinals.com/hs-fs/hubfs/unnamed.jpg?width=791&height=525&name=unnamed.jpg" [1]
2026-05-18 01:18:43 URL:https://blog.curiouscardinals.com/hs-fs/hubfs/unnamed.jpg?width=1054&height=700&name=unnamed.jpg [48099/48099] -> "/Users/briannazajicek/Documents/illuminairy/archives/curious-cardinals-2026-05-18/blog/blog.curiouscardinals.com/hs-fs/hubfs/unnamed.jpg?width=1054&height=700&name=unnamed.jpg" [1]
2026-05-18 01:18:44 URL:https://blog.curiouscardinals.com/hs-fs/hubfs/unnamed.jpg?width=1318&height=875&name=unnamed.jpg [89488/89488] -> "/Users/briannazajicek/Documents/illuminairy/archives/curious-cardinals-2026-05-18/blog/blog.curiouscardinals.com/hs-fs/hubfs/unnamed.jpg?width=1318&height=875&name=unnamed.jpg" [1]
2026-05-18 01:18:46 URL:https://blog.curiouscardinals.com/hs-fs/hubfs/unnamed.jpg?width=1581&height=1050&name=unnamed.jpg [125610/125610] -> "/Users/briannazajicek/Documents/illuminairy/archives/curious-cardinals-2026-05-18/blog/blog.curiouscardinals.com/hs-fs/hubfs/unnamed.jpg?width=1581&height=1050&name=unnamed.jpg" [1]
2026-05-18 01:18:47 URL:https://blog.curiouscardinals.com/hs-fs/hubfs/71l4l6o2drL.jpg?width=222&height=338&name=71l4l6o2drL.jpg [14240/14240] -> "/Users/briannazajicek/Documents/illuminairy/archives/curious-cardinals-2026-05-18/blog/blog.curiouscardinals.com/hs-fs/hubfs/71l4l6o2drL.jpg?width=222&height=338&name=71l4l6o2drL.jpg" [1]
2026-05-18 01:18:48 URL:https://blog.curiouscardinals.com/hs-fs/hubfs/71l4l6o2drL.jpg?width=111&height=169&name=71l4l6o2drL.jpg [5515/5515] -> "/Users/briannazajicek/Documents/illuminairy/archives/curious-cardinals-2026-05-18/blog/blog.curiouscardinals.com/hs-fs/hubfs/71l4l6o2drL.jpg?width=111&height=169&name=71l4l6o2drL.jpg" [1]
2026-05-18 01:18:49 URL:https://blog.curiouscardinals.com/hs-fs/hubfs/71l4l6o2drL.jpg?width=333&height=507&name=71l4l6o2drL.jpg [25190/25190] -> "/Users/briannazajicek/Documents/illuminairy/archives/curious-cardinals-2026-05-18/blog/blog.curiouscardinals.com/hs-fs/hubfs/71l4l6o2drL.jpg?width=333&height=507&name=71l4l6o2drL.jpg" [1]
2026-05-18 01:18:50 URL:https://blog.curiouscardinals.com/hs-fs/hubfs/71l4l6o2drL.jpg?width=444&height=676&name=71l4l6o2drL.jpg [34486/34486] -> "/Users/briannazajicek/Documents/illuminairy/archives/curious-cardinals-2026-05-18/blog/blog.curiouscardinals.com/hs-fs/hubfs/71l4l6o2drL.jpg?width=444&height=676&name=71l4l6o2drL.jpg" [1]
2026-05-18 01:18:51 URL:https://blog.curiouscardinals.com/hs-fs/hubfs/71l4l6o2drL.jpg?width=555&height=845&name=71l4l6o2drL.jpg [42664/42664] -> "/Users/briannazajicek/Documents/illuminairy/archives/curious-cardinals-2026-05-18/blog/blog.curiouscardinals.com/hs-fs/hubfs/71l4l6o2drL.jpg?width=555&height=845&name=71l4l6o2drL.jpg" [1]
2026-05-18 01:18:52 URL:https://blog.curiouscardinals.com/hs-fs/hubfs/71l4l6o2drL.jpg?width=666&height=1014&name=71l4l6o2drL.jpg [54498/54498] -> "/Users/briannazajicek/Documents/illuminairy/archives/curious-cardinals-2026-05-18/blog/blog.curiouscardinals.com/hs-fs/hubfs/71l4l6o2drL.jpg?width=666&height=1014&name=71l4l6o2drL.jpg" [1]
2026-05-18 01:18:54 URL:https://blog.curiouscardinals.com/hs-fs/hubfs/91iZ2ZQduBL.jpg?width=163&height=249&name=91iZ2ZQduBL.jpg [10008/10008] -> "/Users/briannazajicek/Documents/illuminairy/archives/curious-cardinals-2026-05-18/blog/blog.curiouscardinals.com/hs-fs/hubfs/91iZ2ZQduBL.jpg?width=163&height=249&name=91iZ2ZQduBL.jpg" [1]
2026-05-18 01:18:55 URL:https://blog.curiouscardinals.com/hs-fs/hubfs/91iZ2ZQduBL.jpg?width=82&height=125&name=91iZ2ZQduBL.jpg [3543/3543] -> "/Users/briannazajicek/Documents/illuminairy/archives/curious-cardinals-2026-05-18/blog/blog.curiouscardinals.com/hs-fs/hubfs/91iZ2ZQduBL.jpg?width=82&height=125&name=91iZ2ZQduBL.jpg" [1]
2026-05-18 01:18:56 URL:https://blog.curiouscardinals.com/hs-fs/hubfs/91iZ2ZQduBL.jpg?width=245&height=374&name=91iZ2ZQduBL.jpg [19020/19020] -> "/Users/briannazajicek/Documents/illuminairy/archives/curious-cardinals-2026-05-18/blog/blog.curiouscardinals.com/hs-fs/hubfs/91iZ2ZQduBL.jpg?width=245&height=374&name=91iZ2ZQduBL.jpg" [1]
2026-05-18 01:18:57 URL:https://blog.curiouscardinals.com/hs-fs/hubfs/91iZ2ZQduBL.jpg?width=326&height=498&name=91iZ2ZQduBL.jpg [28342/28342] -> "/Users/briannazajicek/Documents/illuminairy/archives/curious-cardinals-2026-05-18/blog/blog.curiouscardinals.com/hs-fs/hubfs/91iZ2ZQduBL.jpg?width=326&height=498&name=91iZ2ZQduBL.jpg" [1]
2026-05-18 01:18:58 URL:https://blog.curiouscardinals.com/hs-fs/hubfs/91iZ2ZQduBL.jpg?width=408&height=623&name=91iZ2ZQduBL.jpg [40651/40651] -> "/Users/briannazajicek/Documents/illuminairy/archives/curious-cardinals-2026-05-18/blog/blog.curiouscardinals.com/hs-fs/hubfs/91iZ2ZQduBL.jpg?width=408&height=623&name=91iZ2ZQduBL.jpg" [1]
2026-05-18 01:19:00 URL:https://blog.curiouscardinals.com/hs-fs/hubfs/91iZ2ZQduBL.jpg?width=489&height=747&name=91iZ2ZQduBL.jpg [54065/54065] -> "/Users/briannazajicek/Documents/illuminairy/archives/curious-cardinals-2026-05-18/blog/blog.curiouscardinals.com/hs-fs/hubfs/91iZ2ZQduBL.jpg?width=489&height=747&name=91iZ2ZQduBL.jpg" [1]
2026-05-18 01:19:01 URL:https://blog.curiouscardinals.com/hs-fs/hubfs/81XP4hEXDXL.jpg?width=216&height=329&name=81XP4hEXDXL.jpg [25758/25758] -> "/Users/briannazajicek/Documents/illuminairy/archives/curious-cardinals-2026-05-18/blog/blog.curiouscardinals.com/hs-fs/hubfs/81XP4hEXDXL.jpg?width=216&height=329&name=81XP4hEXDXL.jpg" [1]
2026-05-18 01:19:02 URL:https://blog.curiouscardinals.com/hs-fs/hubfs/81XP4hEXDXL.jpg?width=108&height=165&name=81XP4hEXDXL.jpg [11303/11303] -> "/Users/briannazajicek/Documents/illuminairy/archives/curious-cardinals-2026-05-18/blog/blog.curiouscardinals.com/hs-fs/hubfs/81XP4hEXDXL.jpg?width=108&height=165&name=81XP4hEXDXL.jpg" [1]
2026-05-18 01:19:03 URL:https://blog.curiouscardinals.com/hs-fs/hubfs/81XP4hEXDXL.jpg?width=324&height=494&name=81XP4hEXDXL.jpg [47379/47379] -> "/Users/briannazajicek/Documents/illuminairy/archives/curious-cardinals-2026-05-18/blog/blog.curiouscardinals.com/hs-fs/hubfs/81XP4hEXDXL.jpg?width=324&height=494&name=81XP4hEXDXL.jpg" [1]
2026-05-18 01:19:05 URL:https://blog.curiouscardinals.com/hs-fs/hubfs/81XP4hEXDXL.jpg?width=432&height=658&name=81XP4hEXDXL.jpg [72780/72780] -> "/Users/briannazajicek/Documents/illuminairy/archives/curious-cardinals-2026-05-18/blog/blog.curiouscardinals.com/hs-fs/hubfs/81XP4hEXDXL.jpg?width=432&height=658&name=81XP4hEXDXL.jpg" [1]
2026-05-18 01:19:06 URL:https://blog.curiouscardinals.com/hs-fs/hubfs/81XP4hEXDXL.jpg?width=540&height=823&name=81XP4hEXDXL.jpg [100635/100635] -> "/Users/briannazajicek/Documents/illuminairy/archives/curious-cardinals-2026-05-18/blog/blog.curiouscardinals.com/hs-fs/hubfs/81XP4hEXDXL.jpg?width=540&height=823&name=81XP4hEXDXL.jpg" [1]
2026-05-18 01:19:07 URL:https://blog.curiouscardinals.com/hs-fs/hubfs/81XP4hEXDXL.jpg?width=648&height=987&name=81XP4hEXDXL.jpg [128330/128330] -> "/Users/briannazajicek/Documents/illuminairy/archives/curious-cardinals-2026-05-18/blog/blog.curiouscardinals.com/hs-fs/hubfs/81XP4hEXDXL.jpg?width=648&height=987&name=81XP4hEXDXL.jpg" [1]
2026-05-18 01:19:08 URL:https://blog.curiouscardinals.com/hs-fs/hubfs/fei%20fei.png?width=514&height=428&name=fei%20fei.png [80818/80818] -> "/Users/briannazajicek/Documents/illuminairy/archives/curious-cardinals-2026-05-18/blog/blog.curiouscardinals.com/hs-fs/hubfs/fei fei.png?width=514&height=428&name=fei fei.png" [1]
2026-05-18 01:19:09 URL:https://blog.curiouscardinals.com/hs-fs/hubfs/fei%20fei.png?width=257&height=214&name=fei%20fei.png [29317/29317] -> "/Users/briannazajicek/Documents/illuminairy/archives/curious-cardinals-2026-05-18/blog/blog.curiouscardinals.com/hs-fs/hubfs/fei fei.png?width=257&height=214&name=fei fei.png" [1]
2026-05-18 01:19:10 URL:https://blog.curiouscardinals.com/hs-fs/hubfs/fei%20fei.png?width=771&height=642&name=fei%20fei.png [159730/159730] -> "/Users/briannazajicek/Documents/illuminairy/archives/curious-cardinals-2026-05-18/blog/blog.curiouscardinals.com/hs-fs/hubfs/fei fei.png?width=771&height=642&name=fei fei.png" [1]
2026-05-18 01:19:11 URL:https://blog.curiouscardinals.com/hs-fs/hubfs/fei%20fei.png?width=1028&height=856&name=fei%20fei.png [253640/253640] -> "/Users/briannazajicek/Documents/illuminairy/archives/curious-cardinals-2026-05-18/blog/blog.curiouscardinals.com/hs-fs/hubfs/fei fei.png?width=1028&height=856&name=fei fei.png" [1]
2026-05-18 01:19:12 URL:https://blog.curiouscardinals.com/hs-fs/hubfs/fei%20fei.png?width=1285&height=1070&name=fei%20fei.png [661249/661249] -> "/Users/briannazajicek/Documents/illuminairy/archives/curious-cardinals-2026-05-18/blog/blog.curiouscardinals.com/hs-fs/hubfs/fei fei.png?width=1285&height=1070&name=fei fei.png" [1]
2026-05-18 01:19:13 URL:https://blog.curiouscardinals.com/hs-fs/hubfs/fei%20fei.png?width=1542&height=1284&name=fei%20fei.png [661249/661249] -> "/Users/briannazajicek/Documents/illuminairy/archives/curious-cardinals-2026-05-18/blog/blog.curiouscardinals.com/hs-fs/hubfs/fei fei.png?width=1542&height=1284&name=fei fei.png" [1]
2026-05-18 01:19:14 URL:https://blog.curiouscardinals.com/hs-fs/hubfs/kazuo.png?width=515&height=429&name=kazuo.png [105349/105349] -> "/Users/briannazajicek/Documents/illuminairy/archives/curious-cardinals-2026-05-18/blog/blog.curiouscardinals.com/hs-fs/hubfs/kazuo.png?width=515&height=429&name=kazuo.png" [1]
2026-05-18 01:19:15 URL:https://blog.curiouscardinals.com/hs-fs/hubfs/kazuo.png?width=258&height=215&name=kazuo.png [32141/32141] -> "/Users/briannazajicek/Documents/illuminairy/archives/curious-cardinals-2026-05-18/blog/blog.curiouscardinals.com/hs-fs/hubfs/kazuo.png?width=258&height=215&name=kazuo.png" [1]
2026-05-18 01:19:16 URL:https://blog.curiouscardinals.com/hs-fs/hubfs/kazuo.png?width=773&height=644&name=kazuo.png [213407/213407] -> "/Users/briannazajicek/Documents/illuminairy/archives/curious-cardinals-2026-05-18/blog/blog.curiouscardinals.com/hs-fs/hubfs/kazuo.png?width=773&height=644&name=kazuo.png" [1]
2026-05-18 01:19:17 URL:https://blog.curiouscardinals.com/hs-fs/hubfs/kazuo.png?width=1030&height=858&name=kazuo.png [351313/351313] -> "/Users/briannazajicek/Documents/illuminairy/archives/curious-cardinals-2026-05-18/blog/blog.curiouscardinals.com/hs-fs/hubfs/kazuo.png?width=1030&height=858&name=kazuo.png" [1]
2026-05-18 01:19:19 URL:https://blog.curiouscardinals.com/hs-fs/hubfs/kazuo.png?width=1288&height=1073&name=kazuo.png [809054/809054] -> "/Users/briannazajicek/Documents/illuminairy/archives/curious-cardinals-2026-05-18/blog/blog.curiouscardinals.com/hs-fs/hubfs/kazuo.png?width=1288&height=1073&name=kazuo.png" [1]
2026-05-18 01:19:20 URL:https://blog.curiouscardinals.com/hs-fs/hubfs/kazuo.png?width=1545&height=1287&name=kazuo.png [809054/809054] -> "/Users/briannazajicek/Documents/illuminairy/archives/curious-cardinals-2026-05-18/blog/blog.curiouscardinals.com/hs-fs/hubfs/kazuo.png?width=1545&height=1287&name=kazuo.png" [1]
2026-05-18 01:19:21 URL:https://blog.curiouscardinals.com/hs-fs/hubfs/monty%20%26%20audrey%20feminist%20reader%20icons.jpeg?width=419&height=314&name=monty%20%26%20audrey%20feminist%20reader%20icons.jpeg [20354/20354] -> "/Users/briannazajicek/Documents/illuminairy/archives/curious-cardinals-2026-05-18/blog/blog.curiouscardinals.com/hs-fs/hubfs/monty & audrey feminist reader icons.jpeg?width=419&height=314&name=monty & audrey feminist reader icons.jpeg" [1]
2026-05-18 01:19:22 URL:https://blog.curiouscardinals.com/hs-fs/hubfs/monty%20%26%20audrey%20feminist%20reader%20icons.jpeg?width=210&height=157&name=monty%20%26%20audrey%20feminist%20reader%20icons.jpeg [6909/6909] -> "/Users/briannazajicek/Documents/illuminairy/archives/curious-cardinals-2026-05-18/blog/blog.curiouscardinals.com/hs-fs/hubfs/monty & audrey feminist reader icons.jpeg?width=210&height=157&name=monty & audrey feminist reader icons.jpeg" [1]
2026-05-18 01:19:23 URL:https://blog.curiouscardinals.com/hs-fs/hubfs/monty%20%26%20audrey%20feminist%20reader%20icons.jpeg?width=629&height=471&name=monty%20%26%20audrey%20feminist%20reader%20icons.jpeg [38580/38580] -> "/Users/briannazajicek/Documents/illuminairy/archives/curious-cardinals-2026-05-18/blog/blog.curiouscardinals.com/hs-fs/hubfs/monty & audrey feminist reader icons.jpeg?width=629&height=471&name=monty & audrey feminist reader icons.jpeg" [1]
2026-05-18 01:19:24 URL:https://blog.curiouscardinals.com/hs-fs/hubfs/monty%20%26%20audrey%20feminist%20reader%20icons.jpeg?width=838&height=628&name=monty%20%26%20audrey%20feminist%20reader%20icons.jpeg [62729/62729] -> "/Users/briannazajicek/Documents/illuminairy/archives/curious-cardinals-2026-05-18/blog/blog.curiouscardinals.com/hs-fs/hubfs/monty & audrey feminist reader icons.jpeg?width=838&height=628&name=monty & audrey feminist reader icons.jpeg" [1]
2026-05-18 01:19:25 URL:https://blog.curiouscardinals.com/hs-fs/hubfs/monty%20%26%20audrey%20feminist%20reader%20icons.jpeg?width=1048&height=785&name=monty%20%26%20audrey%20feminist%20reader%20icons.jpeg [90676/90676] -> "/Users/briannazajicek/Documents/illuminairy/archives/curious-cardinals-2026-05-18/blog/blog.curiouscardinals.com/hs-fs/hubfs/monty & audrey feminist reader icons.jpeg?width=1048&height=785&name=monty & audrey feminist reader icons.jpeg" [1]
2026-05-18 01:19:26 URL:https://blog.curiouscardinals.com/hs-fs/hubfs/monty%20%26%20audrey%20feminist%20reader%20icons.jpeg?width=1257&height=942&name=monty%20%26%20audrey%20feminist%20reader%20icons.jpeg [90676/90676] -> "/Users/briannazajicek/Documents/illuminairy/archives/curious-cardinals-2026-05-18/blog/blog.curiouscardinals.com/hs-fs/hubfs/monty & audrey feminist reader icons.jpeg?width=1257&height=942&name=monty & audrey feminist reader icons.jpeg" [1]
2026-05-18 01:19:27 URL:https://blog.curiouscardinals.com/hs-fs/hubfs/Screen%20Shot%202025-01-06%20at%208.27.20%20PM.png?width=207&height=166&name=Screen%20Shot%202025-01-06%20at%208.27.20%20PM.png [13547/13547] -> "/Users/briannazajicek/Documents/illuminairy/archives/curious-cardinals-2026-05-18/blog/blog.curiouscardinals.com/hs-fs/hubfs/Screen Shot 2025-01-06 at 8.27.20 PM.png?width=207&height=166&name=Screen Shot 2025-01-06 at 8.27.20 PM.png" [1]
2026-05-18 01:19:28 URL:https://blog.curiouscardinals.com/hs-fs/hubfs/Screen%20Shot%202025-01-06%20at%208.27.20%20PM.png?width=311&height=249&name=Screen%20Shot%202025-01-06%20at%208.27.20%20PM.png [34919/34919] -> "/Users/briannazajicek/Documents/illuminairy/archives/curious-cardinals-2026-05-18/blog/blog.curiouscardinals.com/hs-fs/hubfs/Screen Shot 2025-01-06 at 8.27.20 PM.png?width=311&height=249&name=Screen Shot 2025-01-06 at 8.27.20 PM.png" [1]
2026-05-18 01:19:29 URL:https://blog.curiouscardinals.com/hs-fs/hubfs/Screen%20Shot%202025-01-06%20at%208.27.20%20PM.png?width=414&height=332&name=Screen%20Shot%202025-01-06%20at%208.27.20%20PM.png [93393/93393] -> "/Users/briannazajicek/Documents/illuminairy/archives/curious-cardinals-2026-05-18/blog/blog.curiouscardinals.com/hs-fs/hubfs/Screen Shot 2025-01-06 at 8.27.20 PM.png?width=414&height=332&name=Screen Shot 2025-01-06 at 8.27.20 PM.png" [1]
2026-05-18 01:19:30 URL:https://blog.curiouscardinals.com/hs-fs/hubfs/Screen%20Shot%202025-01-06%20at%208.27.20%20PM.png?width=518&height=415&name=Screen%20Shot%202025-01-06%20at%208.27.20%20PM.png [93393/93393] -> "/Users/briannazajicek/Documents/illuminairy/archives/curious-cardinals-2026-05-18/blog/blog.curiouscardinals.com/hs-fs/hubfs/Screen Shot 2025-01-06 at 8.27.20 PM.png?width=518&height=415&name=Screen Shot 2025-01-06 at 8.27.20 PM.png" [1]
2026-05-18 01:19:31 URL:https://blog.curiouscardinals.com/hs-fs/hubfs/Screen%20Shot%202025-01-06%20at%208.27.20%20PM.png?width=621&height=498&name=Screen%20Shot%202025-01-06%20at%208.27.20%20PM.png [93393/93393] -> "/Users/briannazajicek/Documents/illuminairy/archives/curious-cardinals-2026-05-18/blog/blog.curiouscardinals.com/hs-fs/hubfs/Screen Shot 2025-01-06 at 8.27.20 PM.png?width=621&height=498&name=Screen Shot 2025-01-06 at 8.27.20 PM.png" [1]
2026-05-18 01:19:31 URL:https://blog.curiouscardinals.com/you-are-never-too-young-to-make-a-difference [75167] -> "/Users/briannazajicek/Documents/illuminairy/archives/curious-cardinals-2026-05-18/blog/blog.curiouscardinals.com/you-are-never-too-young-to-make-a-difference.html" [1]
2026-05-18 01:19:32 URL:https://blog.curiouscardinals.com/hs-fs/hubfs/Mentor%20v2%20(7)-1.png?width=257&height=250&name=Mentor%20v2%20(7)-1.png [16846/16846] -> "/Users/briannazajicek/Documents/illuminairy/archives/curious-cardinals-2026-05-18/blog/blog.curiouscardinals.com/hs-fs/hubfs/Mentor v2 (7)-1.png?width=257&height=250&name=Mentor v2 (7)-1.png" [1]
2026-05-18 01:19:33 URL:https://blog.curiouscardinals.com/hs-fs/hubfs/Mentor%20v2%20(7)-1.png?width=129&height=125&name=Mentor%20v2%20(7)-1.png [6182/6182] -> "/Users/briannazajicek/Documents/illuminairy/archives/curious-cardinals-2026-05-18/blog/blog.curiouscardinals.com/hs-fs/hubfs/Mentor v2 (7)-1.png?width=129&height=125&name=Mentor v2 (7)-1.png" [1]
2026-05-18 01:19:34 URL:https://blog.curiouscardinals.com/hs-fs/hubfs/Mentor%20v2%20(7)-1.png?width=386&height=375&name=Mentor%20v2%20(7)-1.png [31442/31442] -> "/Users/briannazajicek/Documents/illuminairy/archives/curious-cardinals-2026-05-18/blog/blog.curiouscardinals.com/hs-fs/hubfs/Mentor v2 (7)-1.png?width=386&height=375&name=Mentor v2 (7)-1.png" [1]
2026-05-18 01:19:35 URL:https://blog.curiouscardinals.com/hs-fs/hubfs/Mentor%20v2%20(7)-1.png?width=514&height=500&name=Mentor%20v2%20(7)-1.png [55440/55440] -> "/Users/briannazajicek/Documents/illuminairy/archives/curious-cardinals-2026-05-18/blog/blog.curiouscardinals.com/hs-fs/hubfs/Mentor v2 (7)-1.png?width=514&height=500&name=Mentor v2 (7)-1.png" [1]
2026-05-18 01:19:36 URL:https://blog.curiouscardinals.com/hs-fs/hubfs/Mentor%20v2%20(7)-1.png?width=643&height=625&name=Mentor%20v2%20(7)-1.png [79521/79521] -> "/Users/briannazajicek/Documents/illuminairy/archives/curious-cardinals-2026-05-18/blog/blog.curiouscardinals.com/hs-fs/hubfs/Mentor v2 (7)-1.png?width=643&height=625&name=Mentor v2 (7)-1.png" [1]
2026-05-18 01:19:37 URL:https://blog.curiouscardinals.com/hs-fs/hubfs/Mentor%20v2%20(7)-1.png?width=771&height=750&name=Mentor%20v2%20(7)-1.png [107151/107151] -> "/Users/briannazajicek/Documents/illuminairy/archives/curious-cardinals-2026-05-18/blog/blog.curiouscardinals.com/hs-fs/hubfs/Mentor v2 (7)-1.png?width=771&height=750&name=Mentor v2 (7)-1.png" [1]
2026-05-18 01:19:38 URL:https://blog.curiouscardinals.com/hs-fs/hubfs/image-png-1-1-1.png?width=639&height=400&name=image-png-1-1-1.png [54601/54601] -> "/Users/briannazajicek/Documents/illuminairy/archives/curious-cardinals-2026-05-18/blog/blog.curiouscardinals.com/hs-fs/hubfs/image-png-1-1-1.png?width=639&height=400&name=image-png-1-1-1.png" [1]
2026-05-18 01:19:39 URL:https://blog.curiouscardinals.com/hs-fs/hubfs/image-png-1-1-1.png?width=320&height=200&name=image-png-1-1-1.png [17492/17492] -> "/Users/briannazajicek/Documents/illuminairy/archives/curious-cardinals-2026-05-18/blog/blog.curiouscardinals.com/hs-fs/hubfs/image-png-1-1-1.png?width=320&height=200&name=image-png-1-1-1.png" [1]
2026-05-18 01:19:40 URL:https://blog.curiouscardinals.com/hs-fs/hubfs/image-png-1-1-1.png?width=959&height=600&name=image-png-1-1-1.png [109965/109965] -> "/Users/briannazajicek/Documents/illuminairy/archives/curious-cardinals-2026-05-18/blog/blog.curiouscardinals.com/hs-fs/hubfs/image-png-1-1-1.png?width=959&height=600&name=image-png-1-1-1.png" [1]
2026-05-18 01:19:42 URL:https://blog.curiouscardinals.com/hs-fs/hubfs/image-png-1-1-1.png?width=1278&height=800&name=image-png-1-1-1.png [303909/303909] -> "/Users/briannazajicek/Documents/illuminairy/archives/curious-cardinals-2026-05-18/blog/blog.curiouscardinals.com/hs-fs/hubfs/image-png-1-1-1.png?width=1278&height=800&name=image-png-1-1-1.png" [1]
2026-05-18 01:19:43 URL:https://blog.curiouscardinals.com/hs-fs/hubfs/image-png-1-1-1.png?width=1598&height=1000&name=image-png-1-1-1.png [303909/303909] -> "/Users/briannazajicek/Documents/illuminairy/archives/curious-cardinals-2026-05-18/blog/blog.curiouscardinals.com/hs-fs/hubfs/image-png-1-1-1.png?width=1598&height=1000&name=image-png-1-1-1.png" [1]
2026-05-18 01:19:44 URL:https://blog.curiouscardinals.com/hs-fs/hubfs/image-png-1-1-1.png?width=1917&height=1200&name=image-png-1-1-1.png [303909/303909] -> "/Users/briannazajicek/Documents/illuminairy/archives/curious-cardinals-2026-05-18/blog/blog.curiouscardinals.com/hs-fs/hubfs/image-png-1-1-1.png?width=1917&height=1200&name=image-png-1-1-1.png" [1]
2026-05-18 01:19:44 URL:https://blog.curiouscardinals.com/how-to-get-the-most-out-of-your-academic-mentorship-for-writing [81150] -> "/Users/briannazajicek/Documents/illuminairy/archives/curious-cardinals-2026-05-18/blog/blog.curiouscardinals.com/how-to-get-the-most-out-of-your-academic-mentorship-for-writing.html" [1]
2026-05-18 01:19:45 URL:https://blog.curiouscardinals.com/hs-fs/hubfs/Banner%20v2-11.png?width=604&height=182&name=Banner%20v2-11.png [18591/18591] -> "/Users/briannazajicek/Documents/illuminairy/archives/curious-cardinals-2026-05-18/blog/blog.curiouscardinals.com/hs-fs/hubfs/Banner v2-11.png?width=604&height=182&name=Banner v2-11.png" [1]
2026-05-18 01:19:45 URL:https://blog.curiouscardinals.com/hs-fs/hubfs/Banner%20v2-11.png?width=302&height=91&name=Banner%20v2-11.png [7665/7665] -> "/Users/briannazajicek/Documents/illuminairy/archives/curious-cardinals-2026-05-18/blog/blog.curiouscardinals.com/hs-fs/hubfs/Banner v2-11.png?width=302&height=91&name=Banner v2-11.png" [1]
2026-05-18 01:19:46 URL:https://blog.curiouscardinals.com/hs-fs/hubfs/Banner%20v2-11.png?width=906&height=273&name=Banner%20v2-11.png [30763/30763] -> "/Users/briannazajicek/Documents/illuminairy/archives/curious-cardinals-2026-05-18/blog/blog.curiouscardinals.com/hs-fs/hubfs/Banner v2-11.png?width=906&height=273&name=Banner v2-11.png" [1]
2026-05-18 01:19:46 URL:https://blog.curiouscardinals.com/hs-fs/hubfs/Banner%20v2-11.png?width=1208&height=364&name=Banner%20v2-11.png [47772/47772] -> "/Users/briannazajicek/Documents/illuminairy/archives/curious-cardinals-2026-05-18/blog/blog.curiouscardinals.com/hs-fs/hubfs/Banner v2-11.png?width=1208&height=364&name=Banner v2-11.png" [1]
2026-05-18 01:19:47 URL:https://blog.curiouscardinals.com/hs-fs/hubfs/Banner%20v2-11.png?width=1510&height=455&name=Banner%20v2-11.png [65040/65040] -> "/Users/briannazajicek/Documents/illuminairy/archives/curious-cardinals-2026-05-18/blog/blog.curiouscardinals.com/hs-fs/hubfs/Banner v2-11.png?width=1510&height=455&name=Banner v2-11.png" [1]
2026-05-18 01:19:47 URL:https://blog.curiouscardinals.com/hs-fs/hubfs/Banner%20v2-11.png?width=1812&height=546&name=Banner%20v2-11.png [78945/78945] -> "/Users/briannazajicek/Documents/illuminairy/archives/curious-cardinals-2026-05-18/blog/blog.curiouscardinals.com/hs-fs/hubfs/Banner v2-11.png?width=1812&height=546&name=Banner v2-11.png" [1]
2026-05-18 01:19:48 URL:https://blog.curiouscardinals.com/hs-fs/hubfs/Banner%20v2-12.png?width=604&height=182&name=Banner%20v2-12.png [18051/18051] -> "/Users/briannazajicek/Documents/illuminairy/archives/curious-cardinals-2026-05-18/blog/blog.curiouscardinals.com/hs-fs/hubfs/Banner v2-12.png?width=604&height=182&name=Banner v2-12.png" [1]
2026-05-18 01:19:48 URL:https://blog.curiouscardinals.com/hs-fs/hubfs/Banner%20v2-12.png?width=302&height=91&name=Banner%20v2-12.png [7716/7716] -> "/Users/briannazajicek/Documents/illuminairy/archives/curious-cardinals-2026-05-18/blog/blog.curiouscardinals.com/hs-fs/hubfs/Banner v2-12.png?width=302&height=91&name=Banner v2-12.png" [1]
2026-05-18 01:19:48 URL:https://blog.curiouscardinals.com/hs-fs/hubfs/Banner%20v2-12.png?width=906&height=273&name=Banner%20v2-12.png [30521/30521] -> "/Users/briannazajicek/Documents/illuminairy/archives/curious-cardinals-2026-05-18/blog/blog.curiouscardinals.com/hs-fs/hubfs/Banner v2-12.png?width=906&height=273&name=Banner v2-12.png" [1]
2026-05-18 01:19:49 URL:https://blog.curiouscardinals.com/hs-fs/hubfs/Banner%20v2-12.png?width=1208&height=364&name=Banner%20v2-12.png [46808/46808] -> "/Users/briannazajicek/Documents/illuminairy/archives/curious-cardinals-2026-05-18/blog/blog.curiouscardinals.com/hs-fs/hubfs/Banner v2-12.png?width=1208&height=364&name=Banner v2-12.png" [1]
2026-05-18 01:19:49 URL:https://blog.curiouscardinals.com/hs-fs/hubfs/Banner%20v2-12.png?width=1510&height=455&name=Banner%20v2-12.png [63816/63816] -> "/Users/briannazajicek/Documents/illuminairy/archives/curious-cardinals-2026-05-18/blog/blog.curiouscardinals.com/hs-fs/hubfs/Banner v2-12.png?width=1510&height=455&name=Banner v2-12.png" [1]
2026-05-18 01:19:50 URL:https://blog.curiouscardinals.com/hs-fs/hubfs/Banner%20v2-12.png?width=1812&height=546&name=Banner%20v2-12.png [78338/78338] -> "/Users/briannazajicek/Documents/illuminairy/archives/curious-cardinals-2026-05-18/blog/blog.curiouscardinals.com/hs-fs/hubfs/Banner v2-12.png?width=1812&height=546&name=Banner v2-12.png" [1]
2026-05-18 01:19:50 URL:https://blog.curiouscardinals.com/hs-fs/hubfs/Banner%20v2-13.png?width=604&height=182&name=Banner%20v2-13.png [21575/21575] -> "/Users/briannazajicek/Documents/illuminairy/archives/curious-cardinals-2026-05-18/blog/blog.curiouscardinals.com/hs-fs/hubfs/Banner v2-13.png?width=604&height=182&name=Banner v2-13.png" [1]
2026-05-18 01:19:50 URL:https://blog.curiouscardinals.com/hs-fs/hubfs/Banner%20v2-13.png?width=302&height=91&name=Banner%20v2-13.png [9065/9065] -> "/Users/briannazajicek/Documents/illuminairy/archives/curious-cardinals-2026-05-18/blog/blog.curiouscardinals.com/hs-fs/hubfs/Banner v2-13.png?width=302&height=91&name=Banner v2-13.png" [1]
2026-05-18 01:19:51 URL:https://blog.curiouscardinals.com/hs-fs/hubfs/Banner%20v2-13.png?width=906&height=273&name=Banner%20v2-13.png [35946/35946] -> "/Users/briannazajicek/Documents/illuminairy/archives/curious-cardinals-2026-05-18/blog/blog.curiouscardinals.com/hs-fs/hubfs/Banner v2-13.png?width=906&height=273&name=Banner v2-13.png" [1]
2026-05-18 01:19:51 URL:https://blog.curiouscardinals.com/hs-fs/hubfs/Banner%20v2-13.png?width=1208&height=364&name=Banner%20v2-13.png [54636/54636] -> "/Users/briannazajicek/Documents/illuminairy/archives/curious-cardinals-2026-05-18/blog/blog.curiouscardinals.com/hs-fs/hubfs/Banner v2-13.png?width=1208&height=364&name=Banner v2-13.png" [1]
2026-05-18 01:19:52 URL:https://blog.curiouscardinals.com/hs-fs/hubfs/Banner%20v2-13.png?width=1510&height=455&name=Banner%20v2-13.png [76027/76027] -> "/Users/briannazajicek/Documents/illuminairy/archives/curious-cardinals-2026-05-18/blog/blog.curiouscardinals.com/hs-fs/hubfs/Banner v2-13.png?width=1510&height=455&name=Banner v2-13.png" [1]
2026-05-18 01:19:52 URL:https://blog.curiouscardinals.com/hs-fs/hubfs/Banner%20v2-13.png?width=1812&height=546&name=Banner%20v2-13.png [88196/88196] -> "/Users/briannazajicek/Documents/illuminairy/archives/curious-cardinals-2026-05-18/blog/blog.curiouscardinals.com/hs-fs/hubfs/Banner v2-13.png?width=1812&height=546&name=Banner v2-13.png" [1]
2026-05-18 01:19:53 URL:https://blog.curiouscardinals.com/hs-fs/hubfs/Screen%20Shot%202023-01-20%20at%2012.26.29%20PM.png?width=420&height=415&name=Screen%20Shot%202023-01-20%20at%2012.26.29%20PM.png [33648/33648] -> "/Users/briannazajicek/Documents/illuminairy/archives/curious-cardinals-2026-05-18/blog/blog.curiouscardinals.com/hs-fs/hubfs/Screen Shot 2023-01-20 at 12.26.29 PM.png?width=420&height=415&name=Screen Shot 2023-01-20 at 12.26.29 PM.png" [1]
2026-05-18 01:19:53 URL:https://blog.curiouscardinals.com/hs-fs/hubfs/Screen%20Shot%202023-01-20%20at%2012.26.29%20PM.png?width=210&height=208&name=Screen%20Shot%202023-01-20%20at%2012.26.29%20PM.png [11965/11965] -> "/Users/briannazajicek/Documents/illuminairy/archives/curious-cardinals-2026-05-18/blog/blog.curiouscardinals.com/hs-fs/hubfs/Screen Shot 2023-01-20 at 12.26.29 PM.png?width=210&height=208&name=Screen Shot 2023-01-20 at 12.26.29 PM.png" [1]
2026-05-18 01:19:54 URL:https://blog.curiouscardinals.com/hs-fs/hubfs/Screen%20Shot%202023-01-20%20at%2012.26.29%20PM.png?width=630&height=623&name=Screen%20Shot%202023-01-20%20at%2012.26.29%20PM.png [60716/60716] -> "/Users/briannazajicek/Documents/illuminairy/archives/curious-cardinals-2026-05-18/blog/blog.curiouscardinals.com/hs-fs/hubfs/Screen Shot 2023-01-20 at 12.26.29 PM.png?width=630&height=623&name=Screen Shot 2023-01-20 at 12.26.29 PM.png" [1]
2026-05-18 01:19:54 URL:https://blog.curiouscardinals.com/hs-fs/hubfs/Screen%20Shot%202023-01-20%20at%2012.26.29%20PM.png?width=840&height=830&name=Screen%20Shot%202023-01-20%20at%2012.26.29%20PM.png [92003/92003] -> "/Users/briannazajicek/Documents/illuminairy/archives/curious-cardinals-2026-05-18/blog/blog.curiouscardinals.com/hs-fs/hubfs/Screen Shot 2023-01-20 at 12.26.29 PM.png?width=840&height=830&name=Screen Shot 2023-01-20 at 12.26.29 PM.png" [1]
2026-05-18 01:19:55 URL:https://blog.curiouscardinals.com/hs-fs/hubfs/Screen%20Shot%202023-01-20%20at%2012.26.29%20PM.png?width=1050&height=1038&name=Screen%20Shot%202023-01-20%20at%2012.26.29%20PM.png [130467/130467] -> "/Users/briannazajicek/Documents/illuminairy/archives/curious-cardinals-2026-05-18/blog/blog.curiouscardinals.com/hs-fs/hubfs/Screen Shot 2023-01-20 at 12.26.29 PM.png?width=1050&height=1038&name=Screen Shot 2023-01-20 at 12.26.29 PM.png" [1]
2026-05-18 01:19:55 URL:https://blog.curiouscardinals.com/hs-fs/hubfs/Screen%20Shot%202023-01-20%20at%2012.26.29%20PM.png?width=1260&height=1245&name=Screen%20Shot%202023-01-20%20at%2012.26.29%20PM.png [172468/172468] -> "/Users/briannazajicek/Documents/illuminairy/archives/curious-cardinals-2026-05-18/blog/blog.curiouscardinals.com/hs-fs/hubfs/Screen Shot 2023-01-20 at 12.26.29 PM.png?width=1260&height=1245&name=Screen Shot 2023-01-20 at 12.26.29 PM.png" [1]
2026-05-18 01:19:55 URL:https://blog.curiouscardinals.com/ [76615] -> "/Users/briannazajicek/Documents/illuminairy/archives/curious-cardinals-2026-05-18/blog/blog.curiouscardinals.com/index.html" [1]
2026-05-18 01:19:55 URL:https://blog.curiouscardinals.com/why-your-daughter-needs-a-mentor-and-how-to-find-one [84368] -> "/Users/briannazajicek/Documents/illuminairy/archives/curious-cardinals-2026-05-18/blog/blog.curiouscardinals.com/why-your-daughter-needs-a-mentor-and-how-to-find-one.html" [1]
2026-05-18 01:19:56 URL:https://blog.curiouscardinals.com/hs-fs/hubfs/elise%20l.png?upscale=true&width=129&height=180&name=elise%20l.png [5220/5220] -> "/Users/briannazajicek/Documents/illuminairy/archives/curious-cardinals-2026-05-18/blog/blog.curiouscardinals.com/hs-fs/hubfs/elise l.png?upscale=true&width=129&height=180&name=elise l.png" [1]
2026-05-18 01:19:57 URL:https://blog.curiouscardinals.com/hs-fs/hubfs/elise%20l.png?upscale=true&width=65&height=90&name=elise%20l.png [1968/1968] -> "/Users/briannazajicek/Documents/illuminairy/archives/curious-cardinals-2026-05-18/blog/blog.curiouscardinals.com/hs-fs/hubfs/elise l.png?upscale=true&width=65&height=90&name=elise l.png" [1]
2026-05-18 01:19:58 URL:https://blog.curiouscardinals.com/hs-fs/hubfs/elise%20l.png?upscale=true&width=194&height=270&name=elise%20l.png [8890/8890] -> "/Users/briannazajicek/Documents/illuminairy/archives/curious-cardinals-2026-05-18/blog/blog.curiouscardinals.com/hs-fs/hubfs/elise l.png?upscale=true&width=194&height=270&name=elise l.png" [1]
2026-05-18 01:19:59 URL:https://blog.curiouscardinals.com/hs-fs/hubfs/elise%20l.png?upscale=true&width=258&height=360&name=elise%20l.png [13915/13915] -> "/Users/briannazajicek/Documents/illuminairy/archives/curious-cardinals-2026-05-18/blog/blog.curiouscardinals.com/hs-fs/hubfs/elise l.png?upscale=true&width=258&height=360&name=elise l.png" [1]
2026-05-18 01:20:00 URL:https://blog.curiouscardinals.com/hs-fs/hubfs/elise%20l.png?upscale=true&width=323&height=450&name=elise%20l.png [19884/19884] -> "/Users/briannazajicek/Documents/illuminairy/archives/curious-cardinals-2026-05-18/blog/blog.curiouscardinals.com/hs-fs/hubfs/elise l.png?upscale=true&width=323&height=450&name=elise l.png" [1]
2026-05-18 01:20:01 URL:https://blog.curiouscardinals.com/hs-fs/hubfs/elise%20l.png?upscale=true&width=387&height=540&name=elise%20l.png [19884/19884] -> "/Users/briannazajicek/Documents/illuminairy/archives/curious-cardinals-2026-05-18/blog/blog.curiouscardinals.com/hs-fs/hubfs/elise l.png?upscale=true&width=387&height=540&name=elise l.png" [1]
Cookie coming from blog.curiouscardinals.com attempted to set domain to hubspotusercontent-na1.net
2026-05-18 01:20:03 URL:https://21557089.fs1.hubspotusercontent-na2.net/hubfs/21557089/naisha.png [60194/60194] -> "/Users/briannazajicek/Documents/illuminairy/archives/curious-cardinals-2026-05-18/blog/blog.curiouscardinals.com/hs-fs/hubfs/naisha.png?upscale=true&width=187&height=187&name=naisha.png" [1]
Cookie coming from blog.curiouscardinals.com attempted to set domain to hubspotusercontent-na2.net
2026-05-18 01:20:05 URL:https://blog.curiouscardinals.com/hs-fs/hubfs/naisha.png?upscale=true&width=94&height=94&name=naisha.png [60194/60194] -> "/Users/briannazajicek/Documents/illuminairy/archives/curious-cardinals-2026-05-18/blog/blog.curiouscardinals.com/hs-fs/hubfs/naisha.png?upscale=true&width=94&height=94&name=naisha.png" [1]
Cookie coming from blog.curiouscardinals.com attempted to set domain to hubspotusercontent-na2.net
2026-05-18 01:20:06 URL:https://blog.curiouscardinals.com/hs-fs/hubfs/naisha.png?upscale=true&width=281&height=281&name=naisha.png [60194/60194] -> "/Users/briannazajicek/Documents/illuminairy/archives/curious-cardinals-2026-05-18/blog/blog.curiouscardinals.com/hs-fs/hubfs/naisha.png?upscale=true&width=281&height=281&name=naisha.png" [1]
Cookie coming from blog.curiouscardinals.com attempted to set domain to hubspotusercontent-na2.net
2026-05-18 01:20:08 URL:https://blog.curiouscardinals.com/hs-fs/hubfs/naisha.png?upscale=true&width=374&height=374&name=naisha.png [60194/60194] -> "/Users/briannazajicek/Documents/illuminairy/archives/curious-cardinals-2026-05-18/blog/blog.curiouscardinals.com/hs-fs/hubfs/naisha.png?upscale=true&width=374&height=374&name=naisha.png" [1]
Cookie coming from blog.curiouscardinals.com attempted to set domain to hubspotusercontent-na1.net
2026-05-18 01:20:10 URL:https://21557089.fs1.hubspotusercontent-na2.net/hubfs/21557089/naisha.png [60194/60194] -> "/Users/briannazajicek/Documents/illuminairy/archives/curious-cardinals-2026-05-18/blog/blog.curiouscardinals.com/hs-fs/hubfs/naisha.png?upscale=true&width=468&height=468&name=naisha.png" [1]
Cookie coming from blog.curiouscardinals.com attempted to set domain to hubspotusercontent-na1.net
2026-05-18 01:20:12 URL:https://21557089.fs1.hubspotusercontent-na2.net/hubfs/21557089/naisha.png [60194/60194] -> "/Users/briannazajicek/Documents/illuminairy/archives/curious-cardinals-2026-05-18/blog/blog.curiouscardinals.com/hs-fs/hubfs/naisha.png?upscale=true&width=561&height=561&name=naisha.png" [1]
Cookie coming from blog.curiouscardinals.com attempted to set domain to hubspotusercontent-na1.net
2026-05-18 01:20:14 URL:https://21557089.fs1.hubspotusercontent-na2.net/hubfs/21557089/april.png [18392/18392] -> "/Users/briannazajicek/Documents/illuminairy/archives/curious-cardinals-2026-05-18/blog/blog.curiouscardinals.com/hs-fs/hubfs/april.png?upscale=true&width=187&height=187&name=april.png" [1]
Cookie coming from blog.curiouscardinals.com attempted to set domain to hubspotusercontent-na2.net
2026-05-18 01:20:16 URL:https://blog.curiouscardinals.com/hs-fs/hubfs/april.png?upscale=true&width=94&height=94&name=april.png [18392/18392] -> "/Users/briannazajicek/Documents/illuminairy/archives/curious-cardinals-2026-05-18/blog/blog.curiouscardinals.com/hs-fs/hubfs/april.png?upscale=true&width=94&height=94&name=april.png" [1]
Cookie coming from blog.curiouscardinals.com attempted to set domain to hubspotusercontent-na1.net
2026-05-18 01:20:17 URL:https://21557089.fs1.hubspotusercontent-na2.net/hubfs/21557089/april.png [18392/18392] -> "/Users/briannazajicek/Documents/illuminairy/archives/curious-cardinals-2026-05-18/blog/blog.curiouscardinals.com/hs-fs/hubfs/april.png?upscale=true&width=281&height=281&name=april.png" [1]
Cookie coming from blog.curiouscardinals.com attempted to set domain to hubspotusercontent-na1.net
2026-05-18 01:20:19 URL:https://21557089.fs1.hubspotusercontent-na2.net/hubfs/21557089/april.png [18392/18392] -> "/Users/briannazajicek/Documents/illuminairy/archives/curious-cardinals-2026-05-18/blog/blog.curiouscardinals.com/hs-fs/hubfs/april.png?upscale=true&width=374&height=374&name=april.png" [1]
Cookie coming from blog.curiouscardinals.com attempted to set domain to hubspotusercontent-na1.net
2026-05-18 01:20:21 URL:https://21557089.fs1.hubspotusercontent-na2.net/hubfs/21557089/april.png [18392/18392] -> "/Users/briannazajicek/Documents/illuminairy/archives/curious-cardinals-2026-05-18/blog/blog.curiouscardinals.com/hs-fs/hubfs/april.png?upscale=true&width=468&height=468&name=april.png" [1]
Cookie coming from blog.curiouscardinals.com attempted to set domain to hubspotusercontent-na1.net
2026-05-18 01:20:24 URL:https://21557089.fs1.hubspotusercontent-na2.net/hubfs/21557089/april.png [18392/18392] -> "/Users/briannazajicek/Documents/illuminairy/archives/curious-cardinals-2026-05-18/blog/blog.curiouscardinals.com/hs-fs/hubfs/april.png?upscale=true&width=561&height=561&name=april.png" [1]
2026-05-18 01:20:26 URL:https://blog.curiouscardinals.com/hs-fs/hubfs/natachi.png?upscale=true&width=188&height=188&name=natachi.png [4535/4535] -> "/Users/briannazajicek/Documents/illuminairy/archives/curious-cardinals-2026-05-18/blog/blog.curiouscardinals.com/hs-fs/hubfs/natachi.png?upscale=true&width=188&height=188&name=natachi.png" [1]
2026-05-18 01:20:27 URL:https://blog.curiouscardinals.com/hs-fs/hubfs/natachi.png?upscale=true&width=94&height=94&name=natachi.png [1675/1675] -> "/Users/briannazajicek/Documents/illuminairy/archives/curious-cardinals-2026-05-18/blog/blog.curiouscardinals.com/hs-fs/hubfs/natachi.png?upscale=true&width=94&height=94&name=natachi.png" [1]
2026-05-18 01:20:28 URL:https://blog.curiouscardinals.com/hs-fs/hubfs/natachi.png?upscale=true&width=282&height=282&name=natachi.png [8387/8387] -> "/Users/briannazajicek/Documents/illuminairy/archives/curious-cardinals-2026-05-18/blog/blog.curiouscardinals.com/hs-fs/hubfs/natachi.png?upscale=true&width=282&height=282&name=natachi.png" [1]
2026-05-18 01:20:29 URL:https://blog.curiouscardinals.com/hs-fs/hubfs/natachi.png?upscale=true&width=376&height=376&name=natachi.png [12996/12996] -> "/Users/briannazajicek/Documents/illuminairy/archives/curious-cardinals-2026-05-18/blog/blog.curiouscardinals.com/hs-fs/hubfs/natachi.png?upscale=true&width=376&height=376&name=natachi.png" [1]
2026-05-18 01:20:30 URL:https://blog.curiouscardinals.com/hs-fs/hubfs/natachi.png?upscale=true&width=470&height=470&name=natachi.png [19212/19212] -> "/Users/briannazajicek/Documents/illuminairy/archives/curious-cardinals-2026-05-18/blog/blog.curiouscardinals.com/hs-fs/hubfs/natachi.png?upscale=true&width=470&height=470&name=natachi.png" [1]
2026-05-18 01:20:31 URL:https://blog.curiouscardinals.com/hs-fs/hubfs/natachi.png?upscale=true&width=564&height=564&name=natachi.png [27106/27106] -> "/Users/briannazajicek/Documents/illuminairy/archives/curious-cardinals-2026-05-18/blog/blog.curiouscardinals.com/hs-fs/hubfs/natachi.png?upscale=true&width=564&height=564&name=natachi.png" [1]
2026-05-18 01:20:32 URL:https://blog.curiouscardinals.com/hs-fs/hubfs/riley.jpg?upscale=true&width=187&height=281&name=riley.jpg [6522/6522] -> "/Users/briannazajicek/Documents/illuminairy/archives/curious-cardinals-2026-05-18/blog/blog.curiouscardinals.com/hs-fs/hubfs/riley.jpg?upscale=true&width=187&height=281&name=riley.jpg" [1]
2026-05-18 01:20:33 URL:https://blog.curiouscardinals.com/hs-fs/hubfs/riley.jpg?upscale=true&width=94&height=141&name=riley.jpg [2676/2676] -> "/Users/briannazajicek/Documents/illuminairy/archives/curious-cardinals-2026-05-18/blog/blog.curiouscardinals.com/hs-fs/hubfs/riley.jpg?upscale=true&width=94&height=141&name=riley.jpg" [1]
2026-05-18 01:20:34 URL:https://blog.curiouscardinals.com/hs-fs/hubfs/riley.jpg?upscale=true&width=281&height=422&name=riley.jpg [11526/11526] -> "/Users/briannazajicek/Documents/illuminairy/archives/curious-cardinals-2026-05-18/blog/blog.curiouscardinals.com/hs-fs/hubfs/riley.jpg?upscale=true&width=281&height=422&name=riley.jpg" [1]
2026-05-18 01:20:35 URL:https://blog.curiouscardinals.com/hs-fs/hubfs/riley.jpg?upscale=true&width=374&height=562&name=riley.jpg [17240/17240] -> "/Users/briannazajicek/Documents/illuminairy/archives/curious-cardinals-2026-05-18/blog/blog.curiouscardinals.com/hs-fs/hubfs/riley.jpg?upscale=true&width=374&height=562&name=riley.jpg" [1]
2026-05-18 01:20:37 URL:https://blog.curiouscardinals.com/hs-fs/hubfs/riley.jpg?upscale=true&width=468&height=703&name=riley.jpg [23701/23701] -> "/Users/briannazajicek/Documents/illuminairy/archives/curious-cardinals-2026-05-18/blog/blog.curiouscardinals.com/hs-fs/hubfs/riley.jpg?upscale=true&width=468&height=703&name=riley.jpg" [1]
2026-05-18 01:20:38 URL:https://blog.curiouscardinals.com/hs-fs/hubfs/riley.jpg?upscale=true&width=561&height=843&name=riley.jpg [30769/30769] -> "/Users/briannazajicek/Documents/illuminairy/archives/curious-cardinals-2026-05-18/blog/blog.curiouscardinals.com/hs-fs/hubfs/riley.jpg?upscale=true&width=561&height=843&name=riley.jpg" [1]
2026-05-18 01:20:38 URL:https://blog.curiouscardinals.com/how-one-seventh-grader-is-schooling-his-peers-and-parents-in-venture-capital [69033] -> "/Users/briannazajicek/Documents/illuminairy/archives/curious-cardinals-2026-05-18/blog/blog.curiouscardinals.com/how-one-seventh-grader-is-schooling-his-peers-and-parents-in-venture-capital.html" [1]
2026-05-18 01:20:39 URL:https://blog.curiouscardinals.com/google-board-member-ai-education-discussion [85870] -> "/Users/briannazajicek/Documents/illuminairy/archives/curious-cardinals-2026-05-18/blog/blog.curiouscardinals.com/google-board-member-ai-education-discussion.html" [1]
2026-05-18 01:20:40 URL:https://blog.curiouscardinals.com/hs-fs/hubfs/IMG_6383%20(1).webp?width=553&height=414&name=IMG_6383%20(1).webp [41464/41464] -> "/Users/briannazajicek/Documents/illuminairy/archives/curious-cardinals-2026-05-18/blog/blog.curiouscardinals.com/hs-fs/hubfs/IMG_6383 (1).webp?width=553&height=414&name=IMG_6383 (1).webp" [1]
2026-05-18 01:20:41 URL:https://blog.curiouscardinals.com/hs-fs/hubfs/IMG_6383%20(1).webp?width=277&height=207&name=IMG_6383%20(1).webp [13169/13169] -> "/Users/briannazajicek/Documents/illuminairy/archives/curious-cardinals-2026-05-18/blog/blog.curiouscardinals.com/hs-fs/hubfs/IMG_6383 (1).webp?width=277&height=207&name=IMG_6383 (1).webp" [1]
2026-05-18 01:20:42 URL:https://blog.curiouscardinals.com/hs-fs/hubfs/IMG_6383%20(1).webp?width=830&height=621&name=IMG_6383%20(1).webp [80414/80414] -> "/Users/briannazajicek/Documents/illuminairy/archives/curious-cardinals-2026-05-18/blog/blog.curiouscardinals.com/hs-fs/hubfs/IMG_6383 (1).webp?width=830&height=621&name=IMG_6383 (1).webp" [1]
2026-05-18 01:20:42 URL:https://blog.curiouscardinals.com/hs-fs/hubfs/IMG_6383%20(1).webp?width=1106&height=828&name=IMG_6383%20(1).webp [126496/126496] -> "/Users/briannazajicek/Documents/illuminairy/archives/curious-cardinals-2026-05-18/blog/blog.curiouscardinals.com/hs-fs/hubfs/IMG_6383 (1).webp?width=1106&height=828&name=IMG_6383 (1).webp" [1]
2026-05-18 01:20:44 URL:https://blog.curiouscardinals.com/hs-fs/hubfs/IMG_6383%20(1).webp?width=1383&height=1035&name=IMG_6383%20(1).webp [131292/131292] -> "/Users/briannazajicek/Documents/illuminairy/archives/curious-cardinals-2026-05-18/blog/blog.curiouscardinals.com/hs-fs/hubfs/IMG_6383 (1).webp?width=1383&height=1035&name=IMG_6383 (1).webp" [1]
2026-05-18 01:20:44 URL:https://blog.curiouscardinals.com/hs-fs/hubfs/IMG_6383%20(1).webp?width=1659&height=1242&name=IMG_6383%20(1).webp [131292/131292] -> "/Users/briannazajicek/Documents/illuminairy/archives/curious-cardinals-2026-05-18/blog/blog.curiouscardinals.com/hs-fs/hubfs/IMG_6383 (1).webp?width=1659&height=1242&name=IMG_6383 (1).webp" [1]
2026-05-18 01:20:46 URL:https://blog.curiouscardinals.com/hs-fs/hubfs/8FFD9548-878E-4C56-A42D-94FD93742CF9_1_105_c.webp?width=517&height=689&name=8FFD9548-878E-4C56-A42D-94FD93742CF9_1_105_c.webp [76191/76191] -> "/Users/briannazajicek/Documents/illuminairy/archives/curious-cardinals-2026-05-18/blog/blog.curiouscardinals.com/hs-fs/hubfs/8FFD9548-878E-4C56-A42D-94FD93742CF9_1_105_c.webp?width=517&height=689&name=8FFD9548-878E-4C56-A42D-94FD93742CF9_1_105_c.webp" [1]
2026-05-18 01:20:47 URL:https://blog.curiouscardinals.com/hs-fs/hubfs/8FFD9548-878E-4C56-A42D-94FD93742CF9_1_105_c.webp?width=259&height=345&name=8FFD9548-878E-4C56-A42D-94FD93742CF9_1_105_c.webp [23130/23130] -> "/Users/briannazajicek/Documents/illuminairy/archives/curious-cardinals-2026-05-18/blog/blog.curiouscardinals.com/hs-fs/hubfs/8FFD9548-878E-4C56-A42D-94FD93742CF9_1_105_c.webp?width=259&height=345&name=8FFD9548-878E-4C56-A42D-94FD93742CF9_1_105_c.webp" [1]
2026-05-18 01:20:48 URL:https://blog.curiouscardinals.com/hs-fs/hubfs/8FFD9548-878E-4C56-A42D-94FD93742CF9_1_105_c.webp?width=776&height=1034&name=8FFD9548-878E-4C56-A42D-94FD93742CF9_1_105_c.webp [145665/145665] -> "/Users/briannazajicek/Documents/illuminairy/archives/curious-cardinals-2026-05-18/blog/blog.curiouscardinals.com/hs-fs/hubfs/8FFD9548-878E-4C56-A42D-94FD93742CF9_1_105_c.webp?width=776&height=1034&name=8FFD9548-878E-4C56-A42D-94FD93742CF9_1_105_c.webp" [1]
2026-05-18 01:20:49 URL:https://blog.curiouscardinals.com/hs-fs/hubfs/8FFD9548-878E-4C56-A42D-94FD93742CF9_1_105_c.webp?width=1034&height=1378&name=8FFD9548-878E-4C56-A42D-94FD93742CF9_1_105_c.webp [145665/145665] -> "/Users/briannazajicek/Documents/illuminairy/archives/curious-cardinals-2026-05-18/blog/blog.curiouscardinals.com/hs-fs/hubfs/8FFD9548-878E-4C56-A42D-94FD93742CF9_1_105_c.webp?width=1034&height=1378&name=8FFD9548-878E-4C56-A42D-94FD93742CF9_1_105_c.webp" [1]
2026-05-18 01:20:50 URL:https://blog.curiouscardinals.com/hs-fs/hubfs/8FFD9548-878E-4C56-A42D-94FD93742CF9_1_105_c.webp?width=1293&height=1723&name=8FFD9548-878E-4C56-A42D-94FD93742CF9_1_105_c.webp [145665/145665] -> "/Users/briannazajicek/Documents/illuminairy/archives/curious-cardinals-2026-05-18/blog/blog.curiouscardinals.com/hs-fs/hubfs/8FFD9548-878E-4C56-A42D-94FD93742CF9_1_105_c.webp?width=1293&height=1723&name=8FFD9548-878E-4C56-A42D-94FD93742CF9_1_105_c.webp" [1]
2026-05-18 01:20:51 URL:https://blog.curiouscardinals.com/hs-fs/hubfs/8FFD9548-878E-4C56-A42D-94FD93742CF9_1_105_c.webp?width=1551&height=2067&name=8FFD9548-878E-4C56-A42D-94FD93742CF9_1_105_c.webp [145665/145665] -> "/Users/briannazajicek/Documents/illuminairy/archives/curious-cardinals-2026-05-18/blog/blog.curiouscardinals.com/hs-fs/hubfs/8FFD9548-878E-4C56-A42D-94FD93742CF9_1_105_c.webp?width=1551&height=2067&name=8FFD9548-878E-4C56-A42D-94FD93742CF9_1_105_c.webp" [1]
2026-05-18 01:20:52 URL:https://blog.curiouscardinals.com/hs-fs/hubfs/Screen%20Shot%202025-01-09%20at%203.50.06%20PM.png?width=459&height=67&name=Screen%20Shot%202025-01-09%20at%203.50.06%20PM.png [6244/6244] -> "/Users/briannazajicek/Documents/illuminairy/archives/curious-cardinals-2026-05-18/blog/blog.curiouscardinals.com/hs-fs/hubfs/Screen Shot 2025-01-09 at 3.50.06 PM.png?width=459&height=67&name=Screen Shot 2025-01-09 at 3.50.06 PM.png" [1]
2026-05-18 01:20:53 URL:https://blog.curiouscardinals.com/hs-fs/hubfs/Screen%20Shot%202025-01-09%20at%203.50.06%20PM.png?width=230&height=34&name=Screen%20Shot%202025-01-09%20at%203.50.06%20PM.png [2292/2292] -> "/Users/briannazajicek/Documents/illuminairy/archives/curious-cardinals-2026-05-18/blog/blog.curiouscardinals.com/hs-fs/hubfs/Screen Shot 2025-01-09 at 3.50.06 PM.png?width=230&height=34&name=Screen Shot 2025-01-09 at 3.50.06 PM.png" [1]
2026-05-18 01:20:54 URL:https://blog.curiouscardinals.com/hs-fs/hubfs/Screen%20Shot%202025-01-09%20at%203.50.06%20PM.png?width=689&height=101&name=Screen%20Shot%202025-01-09%20at%203.50.06%20PM.png [17707/17707] -> "/Users/briannazajicek/Documents/illuminairy/archives/curious-cardinals-2026-05-18/blog/blog.curiouscardinals.com/hs-fs/hubfs/Screen Shot 2025-01-09 at 3.50.06 PM.png?width=689&height=101&name=Screen Shot 2025-01-09 at 3.50.06 PM.png" [1]
2026-05-18 01:20:55 URL:https://blog.curiouscardinals.com/hs-fs/hubfs/Screen%20Shot%202025-01-09%20at%203.50.06%20PM.png?width=918&height=134&name=Screen%20Shot%202025-01-09%20at%203.50.06%20PM.png [32784/32784] -> "/Users/briannazajicek/Documents/illuminairy/archives/curious-cardinals-2026-05-18/blog/blog.curiouscardinals.com/hs-fs/hubfs/Screen Shot 2025-01-09 at 3.50.06 PM.png?width=918&height=134&name=Screen Shot 2025-01-09 at 3.50.06 PM.png" [1]
2026-05-18 01:20:56 URL:https://blog.curiouscardinals.com/hs-fs/hubfs/Screen%20Shot%202025-01-09%20at%203.50.06%20PM.png?width=1148&height=168&name=Screen%20Shot%202025-01-09%20at%203.50.06%20PM.png [32784/32784] -> "/Users/briannazajicek/Documents/illuminairy/archives/curious-cardinals-2026-05-18/blog/blog.curiouscardinals.com/hs-fs/hubfs/Screen Shot 2025-01-09 at 3.50.06 PM.png?width=1148&height=168&name=Screen Shot 2025-01-09 at 3.50.06 PM.png" [1]
2026-05-18 01:20:57 URL:https://blog.curiouscardinals.com/hs-fs/hubfs/Screen%20Shot%202025-01-09%20at%203.50.06%20PM.png?width=1377&height=201&name=Screen%20Shot%202025-01-09%20at%203.50.06%20PM.png [32784/32784] -> "/Users/briannazajicek/Documents/illuminairy/archives/curious-cardinals-2026-05-18/blog/blog.curiouscardinals.com/hs-fs/hubfs/Screen Shot 2025-01-09 at 3.50.06 PM.png?width=1377&height=201&name=Screen Shot 2025-01-09 at 3.50.06 PM.png" [1]
2026-05-18 01:20:58 URL:https://blog.curiouscardinals.com/hs-fs/hubfs/3979823B-06B0-4A32-85B0-C0B6C5CEBDD3_1_201_a.webp?width=510&height=709&name=3979823B-06B0-4A32-85B0-C0B6C5CEBDD3_1_201_a.webp [37677/37677] -> "/Users/briannazajicek/Documents/illuminairy/archives/curious-cardinals-2026-05-18/blog/blog.curiouscardinals.com/hs-fs/hubfs/3979823B-06B0-4A32-85B0-C0B6C5CEBDD3_1_201_a.webp?width=510&height=709&name=3979823B-06B0-4A32-85B0-C0B6C5CEBDD3_1_201_a.webp" [1]
2026-05-18 01:20:59 URL:https://blog.curiouscardinals.com/hs-fs/hubfs/3979823B-06B0-4A32-85B0-C0B6C5CEBDD3_1_201_a.webp?width=255&height=355&name=3979823B-06B0-4A32-85B0-C0B6C5CEBDD3_1_201_a.webp [17492/17492] -> "/Users/briannazajicek/Documents/illuminairy/archives/curious-cardinals-2026-05-18/blog/blog.curiouscardinals.com/hs-fs/hubfs/3979823B-06B0-4A32-85B0-C0B6C5CEBDD3_1_201_a.webp?width=255&height=355&name=3979823B-06B0-4A32-85B0-C0B6C5CEBDD3_1_201_a.webp" [1]
2026-05-18 01:21:00 URL:https://blog.curiouscardinals.com/hs-fs/hubfs/3979823B-06B0-4A32-85B0-C0B6C5CEBDD3_1_201_a.webp?width=765&height=1064&name=3979823B-06B0-4A32-85B0-C0B6C5CEBDD3_1_201_a.webp [64083/64083] -> "/Users/briannazajicek/Documents/illuminairy/archives/curious-cardinals-2026-05-18/blog/blog.curiouscardinals.com/hs-fs/hubfs/3979823B-06B0-4A32-85B0-C0B6C5CEBDD3_1_201_a.webp?width=765&height=1064&name=3979823B-06B0-4A32-85B0-C0B6C5CEBDD3_1_201_a.webp" [1]
2026-05-18 01:21:01 URL:https://blog.curiouscardinals.com/hs-fs/hubfs/3979823B-06B0-4A32-85B0-C0B6C5CEBDD3_1_201_a.webp?width=1020&height=1418&name=3979823B-06B0-4A32-85B0-C0B6C5CEBDD3_1_201_a.webp [110244/110244] -> "/Users/briannazajicek/Documents/illuminairy/archives/curious-cardinals-2026-05-18/blog/blog.curiouscardinals.com/hs-fs/hubfs/3979823B-06B0-4A32-85B0-C0B6C5CEBDD3_1_201_a.webp?width=1020&height=1418&name=3979823B-06B0-4A32-85B0-C0B6C5CEBDD3_1_201_a.webp" [1]
2026-05-18 01:21:02 URL:https://blog.curiouscardinals.com/hs-fs/hubfs/3979823B-06B0-4A32-85B0-C0B6C5CEBDD3_1_201_a.webp?width=1275&height=1773&name=3979823B-06B0-4A32-85B0-C0B6C5CEBDD3_1_201_a.webp [121442/121442] -> "/Users/briannazajicek/Documents/illuminairy/archives/curious-cardinals-2026-05-18/blog/blog.curiouscardinals.com/hs-fs/hubfs/3979823B-06B0-4A32-85B0-C0B6C5CEBDD3_1_201_a.webp?width=1275&height=1773&name=3979823B-06B0-4A32-85B0-C0B6C5CEBDD3_1_201_a.webp" [1]
2026-05-18 01:21:03 URL:https://blog.curiouscardinals.com/hs-fs/hubfs/3979823B-06B0-4A32-85B0-C0B6C5CEBDD3_1_201_a.webp?width=1530&height=2127&name=3979823B-06B0-4A32-85B0-C0B6C5CEBDD3_1_201_a.webp [121442/121442] -> "/Users/briannazajicek/Documents/illuminairy/archives/curious-cardinals-2026-05-18/blog/blog.curiouscardinals.com/hs-fs/hubfs/3979823B-06B0-4A32-85B0-C0B6C5CEBDD3_1_201_a.webp?width=1530&height=2127&name=3979823B-06B0-4A32-85B0-C0B6C5CEBDD3_1_201_a.webp" [1]
2026-05-18 01:21:04 URL:https://blog.curiouscardinals.com/hs-fs/hubfs/Screen%20Shot%202025-01-06%20at%208.27.20%20PM.png?width=229&height=183&name=Screen%20Shot%202025-01-06%20at%208.27.20%20PM.png [17013/17013] -> "/Users/briannazajicek/Documents/illuminairy/archives/curious-cardinals-2026-05-18/blog/blog.curiouscardinals.com/hs-fs/hubfs/Screen Shot 2025-01-06 at 8.27.20 PM.png?width=229&height=183&name=Screen Shot 2025-01-06 at 8.27.20 PM.png" [1]
2026-05-18 01:21:05 URL:https://blog.curiouscardinals.com/hs-fs/hubfs/Screen%20Shot%202025-01-06%20at%208.27.20%20PM.png?width=115&height=92&name=Screen%20Shot%202025-01-06%20at%208.27.20%20PM.png [5548/5548] -> "/Users/briannazajicek/Documents/illuminairy/archives/curious-cardinals-2026-05-18/blog/blog.curiouscardinals.com/hs-fs/hubfs/Screen Shot 2025-01-06 at 8.27.20 PM.png?width=115&height=92&name=Screen Shot 2025-01-06 at 8.27.20 PM.png" [1]
2026-05-18 01:21:06 URL:https://blog.curiouscardinals.com/hs-fs/hubfs/Screen%20Shot%202025-01-06%20at%208.27.20%20PM.png?width=344&height=275&name=Screen%20Shot%202025-01-06%20at%208.27.20%20PM.png [93393/93393] -> "/Users/briannazajicek/Documents/illuminairy/archives/curious-cardinals-2026-05-18/blog/blog.curiouscardinals.com/hs-fs/hubfs/Screen Shot 2025-01-06 at 8.27.20 PM.png?width=344&height=275&name=Screen Shot 2025-01-06 at 8.27.20 PM.png" [1]
2026-05-18 01:21:07 URL:https://blog.curiouscardinals.com/hs-fs/hubfs/Screen%20Shot%202025-01-06%20at%208.27.20%20PM.png?width=458&height=366&name=Screen%20Shot%202025-01-06%20at%208.27.20%20PM.png [93393/93393] -> "/Users/briannazajicek/Documents/illuminairy/archives/curious-cardinals-2026-05-18/blog/blog.curiouscardinals.com/hs-fs/hubfs/Screen Shot 2025-01-06 at 8.27.20 PM.png?width=458&height=366&name=Screen Shot 2025-01-06 at 8.27.20 PM.png" [1]
2026-05-18 01:21:08 URL:https://blog.curiouscardinals.com/hs-fs/hubfs/Screen%20Shot%202025-01-06%20at%208.27.20%20PM.png?width=573&height=458&name=Screen%20Shot%202025-01-06%20at%208.27.20%20PM.png [93393/93393] -> "/Users/briannazajicek/Documents/illuminairy/archives/curious-cardinals-2026-05-18/blog/blog.curiouscardinals.com/hs-fs/hubfs/Screen Shot 2025-01-06 at 8.27.20 PM.png?width=573&height=458&name=Screen Shot 2025-01-06 at 8.27.20 PM.png" [1]
2026-05-18 01:21:09 URL:https://blog.curiouscardinals.com/hs-fs/hubfs/Screen%20Shot%202025-01-06%20at%208.27.20%20PM.png?width=687&height=549&name=Screen%20Shot%202025-01-06%20at%208.27.20%20PM.png [93393/93393] -> "/Users/briannazajicek/Documents/illuminairy/archives/curious-cardinals-2026-05-18/blog/blog.curiouscardinals.com/hs-fs/hubfs/Screen Shot 2025-01-06 at 8.27.20 PM.png?width=687&height=549&name=Screen Shot 2025-01-06 at 8.27.20 PM.png" [1]
2026-05-18 01:21:10 URL:https://blog.curiouscardinals.com/expanding-our-concept-of-entrepreneurship-with-mentor-nicholas-pez [67751] -> "/Users/briannazajicek/Documents/illuminairy/archives/curious-cardinals-2026-05-18/blog/blog.curiouscardinals.com/expanding-our-concept-of-entrepreneurship-with-mentor-nicholas-pez.html" [1]
2026-05-18 01:21:10 URL:https://blog.curiouscardinals.com/building-and-launching-a-blog-made-easy-berfin-karaman [68973] -> "/Users/briannazajicek/Documents/illuminairy/archives/curious-cardinals-2026-05-18/blog/blog.curiouscardinals.com/building-and-launching-a-blog-made-easy-berfin-karaman.html" [1]
2026-05-18 01:21:11 URL:https://blog.curiouscardinals.com/audreys-best-tips-for-beating-back-to-school-stress-1 [73568] -> "/Users/briannazajicek/Documents/illuminairy/archives/curious-cardinals-2026-05-18/blog/blog.curiouscardinals.com/audreys-best-tips-for-beating-back-to-school-stress-1.html" [1]
2026-05-18 01:21:12 URL:https://blog.curiouscardinals.com/importance-of-work-ethic [78188] -> "/Users/briannazajicek/Documents/illuminairy/archives/curious-cardinals-2026-05-18/blog/blog.curiouscardinals.com/importance-of-work-ethic.html" [1]
2026-05-18 01:21:13 URL:https://blog.curiouscardinals.com/hs-fs/hubfs/cc%20group.webp?width=308&height=231&name=cc%20group.webp [15679/15679] -> "/Users/briannazajicek/Documents/illuminairy/archives/curious-cardinals-2026-05-18/blog/blog.curiouscardinals.com/hs-fs/hubfs/cc group.webp?width=308&height=231&name=cc group.webp" [1]
2026-05-18 01:21:14 URL:https://blog.curiouscardinals.com/hs-fs/hubfs/cc%20group.webp?width=154&height=116&name=cc%20group.webp [5347/5347] -> "/Users/briannazajicek/Documents/illuminairy/archives/curious-cardinals-2026-05-18/blog/blog.curiouscardinals.com/hs-fs/hubfs/cc group.webp?width=154&height=116&name=cc group.webp" [1]
2026-05-18 01:21:15 URL:https://blog.curiouscardinals.com/hs-fs/hubfs/cc%20group.webp?width=462&height=347&name=cc%20group.webp [30076/30076] -> "/Users/briannazajicek/Documents/illuminairy/archives/curious-cardinals-2026-05-18/blog/blog.curiouscardinals.com/hs-fs/hubfs/cc group.webp?width=462&height=347&name=cc group.webp" [1]
2026-05-18 01:21:15 URL:https://blog.curiouscardinals.com/hs-fs/hubfs/cc%20group.webp?width=616&height=462&name=cc%20group.webp [47528/47528] -> "/Users/briannazajicek/Documents/illuminairy/archives/curious-cardinals-2026-05-18/blog/blog.curiouscardinals.com/hs-fs/hubfs/cc group.webp?width=616&height=462&name=cc group.webp" [1]
2026-05-18 01:21:16 URL:https://blog.curiouscardinals.com/hs-fs/hubfs/cc%20group.webp?width=770&height=578&name=cc%20group.webp [68307/68307] -> "/Users/briannazajicek/Documents/illuminairy/archives/curious-cardinals-2026-05-18/blog/blog.curiouscardinals.com/hs-fs/hubfs/cc group.webp?width=770&height=578&name=cc group.webp" [1]
2026-05-18 01:21:17 URL:https://blog.curiouscardinals.com/hs-fs/hubfs/cc%20group.webp?width=924&height=693&name=cc%20group.webp [72040/72040] -> "/Users/briannazajicek/Documents/illuminairy/archives/curious-cardinals-2026-05-18/blog/blog.curiouscardinals.com/hs-fs/hubfs/cc group.webp?width=924&height=693&name=cc group.webp" [1]
2026-05-18 01:21:18 URL:https://blog.curiouscardinals.com/hs-fs/hubfs/alec%20vacation.webp?width=315&height=420&name=alec%20vacation.webp [31814/31814] -> "/Users/briannazajicek/Documents/illuminairy/archives/curious-cardinals-2026-05-18/blog/blog.curiouscardinals.com/hs-fs/hubfs/alec vacation.webp?width=315&height=420&name=alec vacation.webp" [1]
2026-05-18 01:21:19 URL:https://blog.curiouscardinals.com/hs-fs/hubfs/alec%20vacation.webp?width=158&height=210&name=alec%20vacation.webp [10098/10098] -> "/Users/briannazajicek/Documents/illuminairy/archives/curious-cardinals-2026-05-18/blog/blog.curiouscardinals.com/hs-fs/hubfs/alec vacation.webp?width=158&height=210&name=alec vacation.webp" [1]
2026-05-18 01:21:20 URL:https://blog.curiouscardinals.com/hs-fs/hubfs/alec%20vacation.webp?width=473&height=630&name=alec%20vacation.webp [62086/62086] -> "/Users/briannazajicek/Documents/illuminairy/archives/curious-cardinals-2026-05-18/blog/blog.curiouscardinals.com/hs-fs/hubfs/alec vacation.webp?width=473&height=630&name=alec vacation.webp" [1]
2026-05-18 01:21:21 URL:https://blog.curiouscardinals.com/hs-fs/hubfs/alec%20vacation.webp?width=630&height=840&name=alec%20vacation.webp [99292/99292] -> "/Users/briannazajicek/Documents/illuminairy/archives/curious-cardinals-2026-05-18/blog/blog.curiouscardinals.com/hs-fs/hubfs/alec vacation.webp?width=630&height=840&name=alec vacation.webp" [1]
2026-05-18 01:21:22 URL:https://blog.curiouscardinals.com/hs-fs/hubfs/alec%20vacation.webp?width=788&height=1050&name=alec%20vacation.webp [138220/138220] -> "/Users/briannazajicek/Documents/illuminairy/archives/curious-cardinals-2026-05-18/blog/blog.curiouscardinals.com/hs-fs/hubfs/alec vacation.webp?width=788&height=1050&name=alec vacation.webp" [1]
2026-05-18 01:21:23 URL:https://blog.curiouscardinals.com/hs-fs/hubfs/alec%20vacation.webp?width=945&height=1260&name=alec%20vacation.webp [138220/138220] -> "/Users/briannazajicek/Documents/illuminairy/archives/curious-cardinals-2026-05-18/blog/blog.curiouscardinals.com/hs-fs/hubfs/alec vacation.webp?width=945&height=1260&name=alec vacation.webp" [1]
2026-05-18 01:21:24 URL:https://blog.curiouscardinals.com/hs-fs/hubfs/Alec%20working.webp?width=353&height=235&name=Alec%20working.webp [16767/16767] -> "/Users/briannazajicek/Documents/illuminairy/archives/curious-cardinals-2026-05-18/blog/blog.curiouscardinals.com/hs-fs/hubfs/Alec working.webp?width=353&height=235&name=Alec working.webp" [1]
2026-05-18 01:21:25 URL:https://blog.curiouscardinals.com/hs-fs/hubfs/Alec%20working.webp?width=177&height=118&name=Alec%20working.webp [5688/5688] -> "/Users/briannazajicek/Documents/illuminairy/archives/curious-cardinals-2026-05-18/blog/blog.curiouscardinals.com/hs-fs/hubfs/Alec working.webp?width=177&height=118&name=Alec working.webp" [1]
2026-05-18 01:21:26 URL:https://blog.curiouscardinals.com/hs-fs/hubfs/Alec%20working.webp?width=530&height=353&name=Alec%20working.webp [30507/30507] -> "/Users/briannazajicek/Documents/illuminairy/archives/curious-cardinals-2026-05-18/blog/blog.curiouscardinals.com/hs-fs/hubfs/Alec working.webp?width=530&height=353&name=Alec working.webp" [1]
2026-05-18 01:21:27 URL:https://blog.curiouscardinals.com/hs-fs/hubfs/Alec%20working.webp?width=706&height=470&name=Alec%20working.webp [46516/46516] -> "/Users/briannazajicek/Documents/illuminairy/archives/curious-cardinals-2026-05-18/blog/blog.curiouscardinals.com/hs-fs/hubfs/Alec working.webp?width=706&height=470&name=Alec working.webp" [1]
2026-05-18 01:21:28 URL:https://blog.curiouscardinals.com/hs-fs/hubfs/Alec%20working.webp?width=883&height=588&name=Alec%20working.webp [55140/55140] -> "/Users/briannazajicek/Documents/illuminairy/archives/curious-cardinals-2026-05-18/blog/blog.curiouscardinals.com/hs-fs/hubfs/Alec working.webp?width=883&height=588&name=Alec working.webp" [1]
2026-05-18 01:21:29 URL:https://blog.curiouscardinals.com/hs-fs/hubfs/Alec%20working.webp?width=1059&height=705&name=Alec%20working.webp [55140/55140] -> "/Users/briannazajicek/Documents/illuminairy/archives/curious-cardinals-2026-05-18/blog/blog.curiouscardinals.com/hs-fs/hubfs/Alec working.webp?width=1059&height=705&name=Alec working.webp" [1]
2026-05-18 01:21:30 URL:https://blog.curiouscardinals.com/hs-fs/hubfs/Screen%20Shot%202025-01-09%20at%203.26.46%20PM.png?width=399&height=76&name=Screen%20Shot%202025-01-09%20at%203.26.46%20PM.png [6094/6094] -> "/Users/briannazajicek/Documents/illuminairy/archives/curious-cardinals-2026-05-18/blog/blog.curiouscardinals.com/hs-fs/hubfs/Screen Shot 2025-01-09 at 3.26.46 PM.png?width=399&height=76&name=Screen Shot 2025-01-09 at 3.26.46 PM.png" [1]
2026-05-18 01:21:30 URL:https://blog.curiouscardinals.com/hs-fs/hubfs/Screen%20Shot%202025-01-09%20at%203.26.46%20PM.png?width=200&height=38&name=Screen%20Shot%202025-01-09%20at%203.26.46%20PM.png [2266/2266] -> "/Users/briannazajicek/Documents/illuminairy/archives/curious-cardinals-2026-05-18/blog/blog.curiouscardinals.com/hs-fs/hubfs/Screen Shot 2025-01-09 at 3.26.46 PM.png?width=200&height=38&name=Screen Shot 2025-01-09 at 3.26.46 PM.png" [1]
2026-05-18 01:21:31 URL:https://blog.curiouscardinals.com/hs-fs/hubfs/Screen%20Shot%202025-01-09%20at%203.26.46%20PM.png?width=599&height=114&name=Screen%20Shot%202025-01-09%20at%203.26.46%20PM.png [16039/16039] -> "/Users/briannazajicek/Documents/illuminairy/archives/curious-cardinals-2026-05-18/blog/blog.curiouscardinals.com/hs-fs/hubfs/Screen Shot 2025-01-09 at 3.26.46 PM.png?width=599&height=114&name=Screen Shot 2025-01-09 at 3.26.46 PM.png" [1]
2026-05-18 01:21:32 URL:https://blog.curiouscardinals.com/hs-fs/hubfs/Screen%20Shot%202025-01-09%20at%203.26.46%20PM.png?width=798&height=152&name=Screen%20Shot%202025-01-09%20at%203.26.46%20PM.png [28027/28027] -> "/Users/briannazajicek/Documents/illuminairy/archives/curious-cardinals-2026-05-18/blog/blog.curiouscardinals.com/hs-fs/hubfs/Screen Shot 2025-01-09 at 3.26.46 PM.png?width=798&height=152&name=Screen Shot 2025-01-09 at 3.26.46 PM.png" [1]
2026-05-18 01:21:33 URL:https://blog.curiouscardinals.com/hs-fs/hubfs/Screen%20Shot%202025-01-09%20at%203.26.46%20PM.png?width=998&height=190&name=Screen%20Shot%202025-01-09%20at%203.26.46%20PM.png [28027/28027] -> "/Users/briannazajicek/Documents/illuminairy/archives/curious-cardinals-2026-05-18/blog/blog.curiouscardinals.com/hs-fs/hubfs/Screen Shot 2025-01-09 at 3.26.46 PM.png?width=998&height=190&name=Screen Shot 2025-01-09 at 3.26.46 PM.png" [1]
2026-05-18 01:21:34 URL:https://blog.curiouscardinals.com/hs-fs/hubfs/Screen%20Shot%202025-01-09%20at%203.26.46%20PM.png?width=1197&height=228&name=Screen%20Shot%202025-01-09%20at%203.26.46%20PM.png [28027/28027] -> "/Users/briannazajicek/Documents/illuminairy/archives/curious-cardinals-2026-05-18/blog/blog.curiouscardinals.com/hs-fs/hubfs/Screen Shot 2025-01-09 at 3.26.46 PM.png?width=1197&height=228&name=Screen Shot 2025-01-09 at 3.26.46 PM.png" [1]
2026-05-18 01:21:34 URL:https://blog.curiouscardinals.com/hs-fs/hubfs/Screen%20Shot%202025-01-06%20at%208.27.20%20PM.png?width=211&height=169&name=Screen%20Shot%202025-01-06%20at%208.27.20%20PM.png [13931/13931] -> "/Users/briannazajicek/Documents/illuminairy/archives/curious-cardinals-2026-05-18/blog/blog.curiouscardinals.com/hs-fs/hubfs/Screen Shot 2025-01-06 at 8.27.20 PM.png?width=211&height=169&name=Screen Shot 2025-01-06 at 8.27.20 PM.png" [1]
2026-05-18 01:21:35 URL:https://blog.curiouscardinals.com/hs-fs/hubfs/Screen%20Shot%202025-01-06%20at%208.27.20%20PM.png?width=106&height=85&name=Screen%20Shot%202025-01-06%20at%208.27.20%20PM.png [4843/4843] -> "/Users/briannazajicek/Documents/illuminairy/archives/curious-cardinals-2026-05-18/blog/blog.curiouscardinals.com/hs-fs/hubfs/Screen Shot 2025-01-06 at 8.27.20 PM.png?width=106&height=85&name=Screen Shot 2025-01-06 at 8.27.20 PM.png" [1]
2026-05-18 01:21:36 URL:https://blog.curiouscardinals.com/hs-fs/hubfs/Screen%20Shot%202025-01-06%20at%208.27.20%20PM.png?width=317&height=254&name=Screen%20Shot%202025-01-06%20at%208.27.20%20PM.png [33651/33651] -> "/Users/briannazajicek/Documents/illuminairy/archives/curious-cardinals-2026-05-18/blog/blog.curiouscardinals.com/hs-fs/hubfs/Screen Shot 2025-01-06 at 8.27.20 PM.png?width=317&height=254&name=Screen Shot 2025-01-06 at 8.27.20 PM.png" [1]
2026-05-18 01:21:37 URL:https://blog.curiouscardinals.com/hs-fs/hubfs/Screen%20Shot%202025-01-06%20at%208.27.20%20PM.png?width=422&height=338&name=Screen%20Shot%202025-01-06%20at%208.27.20%20PM.png [93393/93393] -> "/Users/briannazajicek/Documents/illuminairy/archives/curious-cardinals-2026-05-18/blog/blog.curiouscardinals.com/hs-fs/hubfs/Screen Shot 2025-01-06 at 8.27.20 PM.png?width=422&height=338&name=Screen Shot 2025-01-06 at 8.27.20 PM.png" [1]
2026-05-18 01:21:38 URL:https://blog.curiouscardinals.com/hs-fs/hubfs/Screen%20Shot%202025-01-06%20at%208.27.20%20PM.png?width=528&height=423&name=Screen%20Shot%202025-01-06%20at%208.27.20%20PM.png [93393/93393] -> "/Users/briannazajicek/Documents/illuminairy/archives/curious-cardinals-2026-05-18/blog/blog.curiouscardinals.com/hs-fs/hubfs/Screen Shot 2025-01-06 at 8.27.20 PM.png?width=528&height=423&name=Screen Shot 2025-01-06 at 8.27.20 PM.png" [1]
2026-05-18 01:21:40 URL:https://blog.curiouscardinals.com/hs-fs/hubfs/Screen%20Shot%202025-01-06%20at%208.27.20%20PM.png?width=633&height=507&name=Screen%20Shot%202025-01-06%20at%208.27.20%20PM.png [93393/93393] -> "/Users/briannazajicek/Documents/illuminairy/archives/curious-cardinals-2026-05-18/blog/blog.curiouscardinals.com/hs-fs/hubfs/Screen Shot 2025-01-06 at 8.27.20 PM.png?width=633&height=507&name=Screen Shot 2025-01-06 at 8.27.20 PM.png" [1]
2026-05-18 01:21:40 URL:https://blog.curiouscardinals.com/heres-the-scoop-incredible-ice-cream-workshop-with-dr.-maya [83310] -> "/Users/briannazajicek/Documents/illuminairy/archives/curious-cardinals-2026-05-18/blog/blog.curiouscardinals.com/heres-the-scoop-incredible-ice-cream-workshop-with-dr.-maya.html" [1]
2026-05-18 01:21:40 URL:https://blog.curiouscardinals.com/its-time-to-plan-for-summer-%EF%B8%8F [81956] -> "/Users/briannazajicek/Documents/illuminairy/archives/curious-cardinals-2026-05-18/blog/blog.curiouscardinals.com/its-time-to-plan-for-summer-️.html" [1]
Cookie coming from blog.curiouscardinals.com attempted to set domain to hubspotusercontent-na2.net
2026-05-18 01:21:41 URL:https://blog.curiouscardinals.com/hubfs/pexels-cottonbro-studio-9291043.jpg [1993618/1993618] -> "/Users/briannazajicek/Documents/illuminairy/archives/curious-cardinals-2026-05-18/blog/blog.curiouscardinals.com/hubfs/pexels-cottonbro-studio-9291043.jpg" [1]
2026-05-18 01:21:42 URL:https://blog.curiouscardinals.com/hs-fs/hubfs/186ca6d6-a7ac-cbb0-15b3-6edfb324fd88.jpg?width=528&height=300&name=186ca6d6-a7ac-cbb0-15b3-6edfb324fd88.jpg [27240/27240] -> "/Users/briannazajicek/Documents/illuminairy/archives/curious-cardinals-2026-05-18/blog/blog.curiouscardinals.com/hs-fs/hubfs/186ca6d6-a7ac-cbb0-15b3-6edfb324fd88.jpg?width=528&height=300&name=186ca6d6-a7ac-cbb0-15b3-6edfb324fd88.jpg" [1]
2026-05-18 01:21:43 URL:https://blog.curiouscardinals.com/hs-fs/hubfs/186ca6d6-a7ac-cbb0-15b3-6edfb324fd88.jpg?width=264&height=150&name=186ca6d6-a7ac-cbb0-15b3-6edfb324fd88.jpg [9696/9696] -> "/Users/briannazajicek/Documents/illuminairy/archives/curious-cardinals-2026-05-18/blog/blog.curiouscardinals.com/hs-fs/hubfs/186ca6d6-a7ac-cbb0-15b3-6edfb324fd88.jpg?width=264&height=150&name=186ca6d6-a7ac-cbb0-15b3-6edfb324fd88.jpg" [1]
2026-05-18 01:21:44 URL:https://blog.curiouscardinals.com/hs-fs/hubfs/186ca6d6-a7ac-cbb0-15b3-6edfb324fd88.jpg?width=792&height=450&name=186ca6d6-a7ac-cbb0-15b3-6edfb324fd88.jpg [47364/47364] -> "/Users/briannazajicek/Documents/illuminairy/archives/curious-cardinals-2026-05-18/blog/blog.curiouscardinals.com/hs-fs/hubfs/186ca6d6-a7ac-cbb0-15b3-6edfb324fd88.jpg?width=792&height=450&name=186ca6d6-a7ac-cbb0-15b3-6edfb324fd88.jpg" [1]
2026-05-18 01:21:45 URL:https://blog.curiouscardinals.com/hs-fs/hubfs/186ca6d6-a7ac-cbb0-15b3-6edfb324fd88.jpg?width=1056&height=600&name=186ca6d6-a7ac-cbb0-15b3-6edfb324fd88.jpg [47364/47364] -> "/Users/briannazajicek/Documents/illuminairy/archives/curious-cardinals-2026-05-18/blog/blog.curiouscardinals.com/hs-fs/hubfs/186ca6d6-a7ac-cbb0-15b3-6edfb324fd88.jpg?width=1056&height=600&name=186ca6d6-a7ac-cbb0-15b3-6edfb324fd88.jpg" [1]
2026-05-18 01:21:46 URL:https://blog.curiouscardinals.com/hs-fs/hubfs/186ca6d6-a7ac-cbb0-15b3-6edfb324fd88.jpg?width=1320&height=750&name=186ca6d6-a7ac-cbb0-15b3-6edfb324fd88.jpg [47364/47364] -> "/Users/briannazajicek/Documents/illuminairy/archives/curious-cardinals-2026-05-18/blog/blog.curiouscardinals.com/hs-fs/hubfs/186ca6d6-a7ac-cbb0-15b3-6edfb324fd88.jpg?width=1320&height=750&name=186ca6d6-a7ac-cbb0-15b3-6edfb324fd88.jpg" [1]
2026-05-18 01:21:47 URL:https://blog.curiouscardinals.com/hs-fs/hubfs/186ca6d6-a7ac-cbb0-15b3-6edfb324fd88.jpg?width=1584&height=900&name=186ca6d6-a7ac-cbb0-15b3-6edfb324fd88.jpg [47364/47364] -> "/Users/briannazajicek/Documents/illuminairy/archives/curious-cardinals-2026-05-18/blog/blog.curiouscardinals.com/hs-fs/hubfs/186ca6d6-a7ac-cbb0-15b3-6edfb324fd88.jpg?width=1584&height=900&name=186ca6d6-a7ac-cbb0-15b3-6edfb324fd88.jpg" [1]
2026-05-18 01:21:47 URL:https://blog.curiouscardinals.com/hs-fs/hubfs/d8baad01-75f2-eaf3-c7cb-6a8602046ae4.png?width=350&height=350&name=d8baad01-75f2-eaf3-c7cb-6a8602046ae4.png [23032/23032] -> "/Users/briannazajicek/Documents/illuminairy/archives/curious-cardinals-2026-05-18/blog/blog.curiouscardinals.com/hs-fs/hubfs/d8baad01-75f2-eaf3-c7cb-6a8602046ae4.png?width=350&height=350&name=d8baad01-75f2-eaf3-c7cb-6a8602046ae4.png" [1]
2026-05-18 01:21:48 URL:https://blog.curiouscardinals.com/hs-fs/hubfs/d8baad01-75f2-eaf3-c7cb-6a8602046ae4.png?width=175&height=175&name=d8baad01-75f2-eaf3-c7cb-6a8602046ae4.png [8094/8094] -> "/Users/briannazajicek/Documents/illuminairy/archives/curious-cardinals-2026-05-18/blog/blog.curiouscardinals.com/hs-fs/hubfs/d8baad01-75f2-eaf3-c7cb-6a8602046ae4.png?width=175&height=175&name=d8baad01-75f2-eaf3-c7cb-6a8602046ae4.png" [1]
2026-05-18 01:21:49 URL:https://blog.curiouscardinals.com/hs-fs/hubfs/d8baad01-75f2-eaf3-c7cb-6a8602046ae4.png?width=525&height=525&name=d8baad01-75f2-eaf3-c7cb-6a8602046ae4.png [48297/48297] -> "/Users/briannazajicek/Documents/illuminairy/archives/curious-cardinals-2026-05-18/blog/blog.curiouscardinals.com/hs-fs/hubfs/d8baad01-75f2-eaf3-c7cb-6a8602046ae4.png?width=525&height=525&name=d8baad01-75f2-eaf3-c7cb-6a8602046ae4.png" [1]
2026-05-18 01:21:50 URL:https://blog.curiouscardinals.com/hs-fs/hubfs/d8baad01-75f2-eaf3-c7cb-6a8602046ae4.png?width=700&height=700&name=d8baad01-75f2-eaf3-c7cb-6a8602046ae4.png [493722/493722] -> "/Users/briannazajicek/Documents/illuminairy/archives/curious-cardinals-2026-05-18/blog/blog.curiouscardinals.com/hs-fs/hubfs/d8baad01-75f2-eaf3-c7cb-6a8602046ae4.png?width=700&height=700&name=d8baad01-75f2-eaf3-c7cb-6a8602046ae4.png" [1]
2026-05-18 01:21:51 URL:https://blog.curiouscardinals.com/hs-fs/hubfs/d8baad01-75f2-eaf3-c7cb-6a8602046ae4.png?width=875&height=875&name=d8baad01-75f2-eaf3-c7cb-6a8602046ae4.png [493722/493722] -> "/Users/briannazajicek/Documents/illuminairy/archives/curious-cardinals-2026-05-18/blog/blog.curiouscardinals.com/hs-fs/hubfs/d8baad01-75f2-eaf3-c7cb-6a8602046ae4.png?width=875&height=875&name=d8baad01-75f2-eaf3-c7cb-6a8602046ae4.png" [1]
2026-05-18 01:21:52 URL:https://blog.curiouscardinals.com/hs-fs/hubfs/d8baad01-75f2-eaf3-c7cb-6a8602046ae4.png?width=1050&height=1050&name=d8baad01-75f2-eaf3-c7cb-6a8602046ae4.png [493722/493722] -> "/Users/briannazajicek/Documents/illuminairy/archives/curious-cardinals-2026-05-18/blog/blog.curiouscardinals.com/hs-fs/hubfs/d8baad01-75f2-eaf3-c7cb-6a8602046ae4.png?width=1050&height=1050&name=d8baad01-75f2-eaf3-c7cb-6a8602046ae4.png" [1]
2026-05-18 01:21:53 URL:https://blog.curiouscardinals.com/bridging-the-confidence-gap [70473] -> "/Users/briannazajicek/Documents/illuminairy/archives/curious-cardinals-2026-05-18/blog/blog.curiouscardinals.com/bridging-the-confidence-gap.html" [1]
2026-05-18 01:21:53 URL:https://blog.curiouscardinals.com/hs-fs/hubfs/7e2dd8ab-e6cc-8500-ba55-3ec8ee2cf9e9.jpg?width=391&height=547&name=7e2dd8ab-e6cc-8500-ba55-3ec8ee2cf9e9.jpg [35643/35643] -> "/Users/briannazajicek/Documents/illuminairy/archives/curious-cardinals-2026-05-18/blog/blog.curiouscardinals.com/hs-fs/hubfs/7e2dd8ab-e6cc-8500-ba55-3ec8ee2cf9e9.jpg?width=391&height=547&name=7e2dd8ab-e6cc-8500-ba55-3ec8ee2cf9e9.jpg" [1]
2026-05-18 01:21:54 URL:https://blog.curiouscardinals.com/hs-fs/hubfs/7e2dd8ab-e6cc-8500-ba55-3ec8ee2cf9e9.jpg?width=196&height=274&name=7e2dd8ab-e6cc-8500-ba55-3ec8ee2cf9e9.jpg [13329/13329] -> "/Users/briannazajicek/Documents/illuminairy/archives/curious-cardinals-2026-05-18/blog/blog.curiouscardinals.com/hs-fs/hubfs/7e2dd8ab-e6cc-8500-ba55-3ec8ee2cf9e9.jpg?width=196&height=274&name=7e2dd8ab-e6cc-8500-ba55-3ec8ee2cf9e9.jpg" [1]
2026-05-18 01:21:55 URL:https://blog.curiouscardinals.com/hs-fs/hubfs/7e2dd8ab-e6cc-8500-ba55-3ec8ee2cf9e9.jpg?width=587&height=821&name=7e2dd8ab-e6cc-8500-ba55-3ec8ee2cf9e9.jpg [55184/55184] -> "/Users/briannazajicek/Documents/illuminairy/archives/curious-cardinals-2026-05-18/blog/blog.curiouscardinals.com/hs-fs/hubfs/7e2dd8ab-e6cc-8500-ba55-3ec8ee2cf9e9.jpg?width=587&height=821&name=7e2dd8ab-e6cc-8500-ba55-3ec8ee2cf9e9.jpg" [1]
2026-05-18 01:21:56 URL:https://blog.curiouscardinals.com/hs-fs/hubfs/7e2dd8ab-e6cc-8500-ba55-3ec8ee2cf9e9.jpg?width=782&height=1094&name=7e2dd8ab-e6cc-8500-ba55-3ec8ee2cf9e9.jpg [55184/55184] -> "/Users/briannazajicek/Documents/illuminairy/archives/curious-cardinals-2026-05-18/blog/blog.curiouscardinals.com/hs-fs/hubfs/7e2dd8ab-e6cc-8500-ba55-3ec8ee2cf9e9.jpg?width=782&height=1094&name=7e2dd8ab-e6cc-8500-ba55-3ec8ee2cf9e9.jpg" [1]
2026-05-18 01:21:57 URL:https://blog.curiouscardinals.com/hs-fs/hubfs/7e2dd8ab-e6cc-8500-ba55-3ec8ee2cf9e9.jpg?width=978&height=1368&name=7e2dd8ab-e6cc-8500-ba55-3ec8ee2cf9e9.jpg [55184/55184] -> "/Users/briannazajicek/Documents/illuminairy/archives/curious-cardinals-2026-05-18/blog/blog.curiouscardinals.com/hs-fs/hubfs/7e2dd8ab-e6cc-8500-ba55-3ec8ee2cf9e9.jpg?width=978&height=1368&name=7e2dd8ab-e6cc-8500-ba55-3ec8ee2cf9e9.jpg" [1]
2026-05-18 01:21:58 URL:https://blog.curiouscardinals.com/hs-fs/hubfs/7e2dd8ab-e6cc-8500-ba55-3ec8ee2cf9e9.jpg?width=1173&height=1641&name=7e2dd8ab-e6cc-8500-ba55-3ec8ee2cf9e9.jpg [55184/55184] -> "/Users/briannazajicek/Documents/illuminairy/archives/curious-cardinals-2026-05-18/blog/blog.curiouscardinals.com/hs-fs/hubfs/7e2dd8ab-e6cc-8500-ba55-3ec8ee2cf9e9.jpg?width=1173&height=1641&name=7e2dd8ab-e6cc-8500-ba55-3ec8ee2cf9e9.jpg" [1]
2026-05-18 01:21:58 URL:https://blog.curiouscardinals.com/how-to-start-your-high-school-career-off-right [74951] -> "/Users/briannazajicek/Documents/illuminairy/archives/curious-cardinals-2026-05-18/blog/blog.curiouscardinals.com/how-to-start-your-high-school-career-off-right.html" [1]
2026-05-18 01:21:59 URL:https://blog.curiouscardinals.com/hs-fs/hubfs/CC%20quotes%20(5).png?width=307&height=256&name=CC%20quotes%20(5).png [22153/22153] -> "/Users/briannazajicek/Documents/illuminairy/archives/curious-cardinals-2026-05-18/blog/blog.curiouscardinals.com/hs-fs/hubfs/CC quotes (5).png?width=307&height=256&name=CC quotes (5).png" [1]
2026-05-18 01:22:00 URL:https://blog.curiouscardinals.com/hs-fs/hubfs/CC%20quotes%20(5).png?width=154&height=128&name=CC%20quotes%20(5).png [9108/9108] -> "/Users/briannazajicek/Documents/illuminairy/archives/curious-cardinals-2026-05-18/blog/blog.curiouscardinals.com/hs-fs/hubfs/CC quotes (5).png?width=154&height=128&name=CC quotes (5).png" [1]
2026-05-18 01:22:01 URL:https://blog.curiouscardinals.com/hs-fs/hubfs/CC%20quotes%20(5).png?width=461&height=384&name=CC%20quotes%20(5).png [37738/37738] -> "/Users/briannazajicek/Documents/illuminairy/archives/curious-cardinals-2026-05-18/blog/blog.curiouscardinals.com/hs-fs/hubfs/CC quotes (5).png?width=461&height=384&name=CC quotes (5).png" [1]
2026-05-18 01:22:02 URL:https://blog.curiouscardinals.com/hs-fs/hubfs/CC%20quotes%20(5).png?width=614&height=512&name=CC%20quotes%20(5).png [54241/54241] -> "/Users/briannazajicek/Documents/illuminairy/archives/curious-cardinals-2026-05-18/blog/blog.curiouscardinals.com/hs-fs/hubfs/CC quotes (5).png?width=614&height=512&name=CC quotes (5).png" [1]
2026-05-18 01:22:03 URL:https://blog.curiouscardinals.com/hs-fs/hubfs/CC%20quotes%20(5).png?width=768&height=640&name=CC%20quotes%20(5).png [71202/71202] -> "/Users/briannazajicek/Documents/illuminairy/archives/curious-cardinals-2026-05-18/blog/blog.curiouscardinals.com/hs-fs/hubfs/CC quotes (5).png?width=768&height=640&name=CC quotes (5).png" [1]
2026-05-18 01:22:04 URL:https://blog.curiouscardinals.com/hs-fs/hubfs/CC%20quotes%20(5).png?width=921&height=768&name=CC%20quotes%20(5).png [90706/90706] -> "/Users/briannazajicek/Documents/illuminairy/archives/curious-cardinals-2026-05-18/blog/blog.curiouscardinals.com/hs-fs/hubfs/CC quotes (5).png?width=921&height=768&name=CC quotes (5).png" [1]
2026-05-18 01:22:05 URL:https://blog.curiouscardinals.com/hs-fs/hubfs/ian_fisher_360x300.jpg?width=150&name=ian_fisher_360x300.jpg [3601/3601] -> "/Users/briannazajicek/Documents/illuminairy/archives/curious-cardinals-2026-05-18/blog/blog.curiouscardinals.com/hs-fs/hubfs/ian_fisher_360x300.jpg?width=150&name=ian_fisher_360x300.jpg" [1]
2026-05-18 01:22:06 URL:https://blog.curiouscardinals.com/hs-fs/hubfs/ian_fisher_360x300.jpg?width=75&name=ian_fisher_360x300.jpg [1541/1541] -> "/Users/briannazajicek/Documents/illuminairy/archives/curious-cardinals-2026-05-18/blog/blog.curiouscardinals.com/hs-fs/hubfs/ian_fisher_360x300.jpg?width=75&name=ian_fisher_360x300.jpg" [1]
2026-05-18 01:22:07 URL:https://blog.curiouscardinals.com/hs-fs/hubfs/ian_fisher_360x300.jpg?width=225&name=ian_fisher_360x300.jpg [6345/6345] -> "/Users/briannazajicek/Documents/illuminairy/archives/curious-cardinals-2026-05-18/blog/blog.curiouscardinals.com/hs-fs/hubfs/ian_fisher_360x300.jpg?width=225&name=ian_fisher_360x300.jpg" [1]
2026-05-18 01:22:08 URL:https://blog.curiouscardinals.com/hs-fs/hubfs/ian_fisher_360x300.jpg?width=300&name=ian_fisher_360x300.jpg [9290/9290] -> "/Users/briannazajicek/Documents/illuminairy/archives/curious-cardinals-2026-05-18/blog/blog.curiouscardinals.com/hs-fs/hubfs/ian_fisher_360x300.jpg?width=300&name=ian_fisher_360x300.jpg" [1]
2026-05-18 01:22:09 URL:https://blog.curiouscardinals.com/hs-fs/hubfs/ian_fisher_360x300.jpg?width=375&name=ian_fisher_360x300.jpg [11925/11925] -> "/Users/briannazajicek/Documents/illuminairy/archives/curious-cardinals-2026-05-18/blog/blog.curiouscardinals.com/hs-fs/hubfs/ian_fisher_360x300.jpg?width=375&name=ian_fisher_360x300.jpg" [1]
2026-05-18 01:22:09 URL:https://blog.curiouscardinals.com/hs-fs/hubfs/ian_fisher_360x300.jpg?width=450&name=ian_fisher_360x300.jpg [11925/11925] -> "/Users/briannazajicek/Documents/illuminairy/archives/curious-cardinals-2026-05-18/blog/blog.curiouscardinals.com/hs-fs/hubfs/ian_fisher_360x300.jpg?width=450&name=ian_fisher_360x300.jpg" [1]
2026-05-18 01:22:10 URL:https://blog.curiouscardinals.com/back-to-school-offer-tips [80751] -> "/Users/briannazajicek/Documents/illuminairy/archives/curious-cardinals-2026-05-18/blog/blog.curiouscardinals.com/back-to-school-offer-tips.html" [1]
2026-05-18 01:22:10 URL:https://blog.curiouscardinals.com/hs-fs/hubfs/corner%20(1).png?width=143&height=143&name=corner%20(1).png [7640/7640] -> "/Users/briannazajicek/Documents/illuminairy/archives/curious-cardinals-2026-05-18/blog/blog.curiouscardinals.com/hs-fs/hubfs/corner (1).png?width=143&height=143&name=corner (1).png" [1]
2026-05-18 01:22:12 URL:https://blog.curiouscardinals.com/hs-fs/hubfs/corner%20(1).png?width=72&height=72&name=corner%20(1).png [3017/3017] -> "/Users/briannazajicek/Documents/illuminairy/archives/curious-cardinals-2026-05-18/blog/blog.curiouscardinals.com/hs-fs/hubfs/corner (1).png?width=72&height=72&name=corner (1).png" [1]
2026-05-18 01:22:13 URL:https://blog.curiouscardinals.com/hs-fs/hubfs/corner%20(1).png?width=215&height=215&name=corner%20(1).png [13998/13998] -> "/Users/briannazajicek/Documents/illuminairy/archives/curious-cardinals-2026-05-18/blog/blog.curiouscardinals.com/hs-fs/hubfs/corner (1).png?width=215&height=215&name=corner (1).png" [1]
2026-05-18 01:22:14 URL:https://blog.curiouscardinals.com/hs-fs/hubfs/corner%20(1).png?width=286&height=286&name=corner%20(1).png [21688/21688] -> "/Users/briannazajicek/Documents/illuminairy/archives/curious-cardinals-2026-05-18/blog/blog.curiouscardinals.com/hs-fs/hubfs/corner (1).png?width=286&height=286&name=corner (1).png" [1]
2026-05-18 01:22:15 URL:https://blog.curiouscardinals.com/hs-fs/hubfs/corner%20(1).png?width=358&height=358&name=corner%20(1).png [30524/30524] -> "/Users/briannazajicek/Documents/illuminairy/archives/curious-cardinals-2026-05-18/blog/blog.curiouscardinals.com/hs-fs/hubfs/corner (1).png?width=358&height=358&name=corner (1).png" [1]
2026-05-18 01:22:16 URL:https://blog.curiouscardinals.com/hs-fs/hubfs/corner%20(1).png?width=429&height=429&name=corner%20(1).png [40365/40365] -> "/Users/briannazajicek/Documents/illuminairy/archives/curious-cardinals-2026-05-18/blog/blog.curiouscardinals.com/hs-fs/hubfs/corner (1).png?width=429&height=429&name=corner (1).png" [1]
2026-05-18 01:22:16 URL:https://blog.curiouscardinals.com/hs-fs/hubfs/Camp%20age%2012.webp?width=246&height=183&name=Camp%20age%2012.webp [9065/9065] -> "/Users/briannazajicek/Documents/illuminairy/archives/curious-cardinals-2026-05-18/blog/blog.curiouscardinals.com/hs-fs/hubfs/Camp age 12.webp?width=246&height=183&name=Camp age 12.webp" [1]
2026-05-18 01:22:18 URL:https://blog.curiouscardinals.com/hs-fs/hubfs/Camp%20age%2012.webp?width=123&height=92&name=Camp%20age%2012.webp [3550/3550] -> "/Users/briannazajicek/Documents/illuminairy/archives/curious-cardinals-2026-05-18/blog/blog.curiouscardinals.com/hs-fs/hubfs/Camp age 12.webp?width=123&height=92&name=Camp age 12.webp" [1]
2026-05-18 01:22:19 URL:https://blog.curiouscardinals.com/hs-fs/hubfs/Camp%20age%2012.webp?width=369&height=275&name=Camp%20age%2012.webp [15939/15939] -> "/Users/briannazajicek/Documents/illuminairy/archives/curious-cardinals-2026-05-18/blog/blog.curiouscardinals.com/hs-fs/hubfs/Camp age 12.webp?width=369&height=275&name=Camp age 12.webp" [1]
2026-05-18 01:22:20 URL:https://blog.curiouscardinals.com/hs-fs/hubfs/Camp%20age%2012.webp?width=492&height=366&name=Camp%20age%2012.webp [23150/23150] -> "/Users/briannazajicek/Documents/illuminairy/archives/curious-cardinals-2026-05-18/blog/blog.curiouscardinals.com/hs-fs/hubfs/Camp age 12.webp?width=492&height=366&name=Camp age 12.webp" [1]
2026-05-18 01:22:21 URL:https://blog.curiouscardinals.com/hs-fs/hubfs/Camp%20age%2012.webp?width=615&height=458&name=Camp%20age%2012.webp [94461/94461] -> "/Users/briannazajicek/Documents/illuminairy/archives/curious-cardinals-2026-05-18/blog/blog.curiouscardinals.com/hs-fs/hubfs/Camp age 12.webp?width=615&height=458&name=Camp age 12.webp" [1]
2026-05-18 01:22:22 URL:https://blog.curiouscardinals.com/hs-fs/hubfs/Camp%20age%2012.webp?width=738&height=549&name=Camp%20age%2012.webp [94461/94461] -> "/Users/briannazajicek/Documents/illuminairy/archives/curious-cardinals-2026-05-18/blog/blog.curiouscardinals.com/hs-fs/hubfs/Camp age 12.webp?width=738&height=549&name=Camp age 12.webp" [1]
2026-05-18 01:22:23 URL:https://blog.curiouscardinals.com/hs-fs/hubfs/closet.webp?width=238&height=177&name=closet.webp [10760/10760] -> "/Users/briannazajicek/Documents/illuminairy/archives/curious-cardinals-2026-05-18/blog/blog.curiouscardinals.com/hs-fs/hubfs/closet.webp?width=238&height=177&name=closet.webp" [1]
2026-05-18 01:22:24 URL:https://blog.curiouscardinals.com/hs-fs/hubfs/closet.webp?width=119&height=89&name=closet.webp [3945/3945] -> "/Users/briannazajicek/Documents/illuminairy/archives/curious-cardinals-2026-05-18/blog/blog.curiouscardinals.com/hs-fs/hubfs/closet.webp?width=119&height=89&name=closet.webp" [1]
2026-05-18 01:22:25 URL:https://blog.curiouscardinals.com/hs-fs/hubfs/closet.webp?width=357&height=266&name=closet.webp [19716/19716] -> "/Users/briannazajicek/Documents/illuminairy/archives/curious-cardinals-2026-05-18/blog/blog.curiouscardinals.com/hs-fs/hubfs/closet.webp?width=357&height=266&name=closet.webp" [1]
2026-05-18 01:22:26 URL:https://blog.curiouscardinals.com/hs-fs/hubfs/closet.webp?width=476&height=354&name=closet.webp [19893/19893] -> "/Users/briannazajicek/Documents/illuminairy/archives/curious-cardinals-2026-05-18/blog/blog.curiouscardinals.com/hs-fs/hubfs/closet.webp?width=476&height=354&name=closet.webp" [1]
2026-05-18 01:22:27 URL:https://blog.curiouscardinals.com/hs-fs/hubfs/closet.webp?width=595&height=443&name=closet.webp [19893/19893] -> "/Users/briannazajicek/Documents/illuminairy/archives/curious-cardinals-2026-05-18/blog/blog.curiouscardinals.com/hs-fs/hubfs/closet.webp?width=595&height=443&name=closet.webp" [1]
2026-05-18 01:22:28 URL:https://blog.curiouscardinals.com/hs-fs/hubfs/closet.webp?width=714&height=531&name=closet.webp [19893/19893] -> "/Users/briannazajicek/Documents/illuminairy/archives/curious-cardinals-2026-05-18/blog/blog.curiouscardinals.com/hs-fs/hubfs/closet.webp?width=714&height=531&name=closet.webp" [1]
2026-05-18 01:22:29 URL:https://blog.curiouscardinals.com/hs-fs/hubfs/summer%20reading.webp?width=299&height=222&name=summer%20reading.webp [17279/17279] -> "/Users/briannazajicek/Documents/illuminairy/archives/curious-cardinals-2026-05-18/blog/blog.curiouscardinals.com/hs-fs/hubfs/summer reading.webp?width=299&height=222&name=summer reading.webp" [1]
2026-05-18 01:22:29 URL:https://blog.curiouscardinals.com/hs-fs/hubfs/summer%20reading.webp?width=150&height=111&name=summer%20reading.webp [5592/5592] -> "/Users/briannazajicek/Documents/illuminairy/archives/curious-cardinals-2026-05-18/blog/blog.curiouscardinals.com/hs-fs/hubfs/summer reading.webp?width=150&height=111&name=summer reading.webp" [1]
2026-05-18 01:22:30 URL:https://blog.curiouscardinals.com/hs-fs/hubfs/summer%20reading.webp?width=449&height=333&name=summer%20reading.webp [23463/23463] -> "/Users/briannazajicek/Documents/illuminairy/archives/curious-cardinals-2026-05-18/blog/blog.curiouscardinals.com/hs-fs/hubfs/summer reading.webp?width=449&height=333&name=summer reading.webp" [1]
2026-05-18 01:22:31 URL:https://blog.curiouscardinals.com/hs-fs/hubfs/summer%20reading.webp?width=598&height=444&name=summer%20reading.webp [23463/23463] -> "/Users/briannazajicek/Documents/illuminairy/archives/curious-cardinals-2026-05-18/blog/blog.curiouscardinals.com/hs-fs/hubfs/summer reading.webp?width=598&height=444&name=summer reading.webp" [1]
2026-05-18 01:22:32 URL:https://blog.curiouscardinals.com/hs-fs/hubfs/summer%20reading.webp?width=748&height=555&name=summer%20reading.webp [23463/23463] -> "/Users/briannazajicek/Documents/illuminairy/archives/curious-cardinals-2026-05-18/blog/blog.curiouscardinals.com/hs-fs/hubfs/summer reading.webp?width=748&height=555&name=summer reading.webp" [1]
2026-05-18 01:22:33 URL:https://blog.curiouscardinals.com/hs-fs/hubfs/summer%20reading.webp?width=897&height=666&name=summer%20reading.webp [23463/23463] -> "/Users/briannazajicek/Documents/illuminairy/archives/curious-cardinals-2026-05-18/blog/blog.curiouscardinals.com/hs-fs/hubfs/summer reading.webp?width=897&height=666&name=summer reading.webp" [1]
2026-05-18 01:22:34 URL:https://blog.curiouscardinals.com/hs-fs/hubfs/summer.webp?width=252&height=187&name=summer.webp [10547/10547] -> "/Users/briannazajicek/Documents/illuminairy/archives/curious-cardinals-2026-05-18/blog/blog.curiouscardinals.com/hs-fs/hubfs/summer.webp?width=252&height=187&name=summer.webp" [1]
2026-05-18 01:22:35 URL:https://blog.curiouscardinals.com/hs-fs/hubfs/summer.webp?width=126&height=94&name=summer.webp [3759/3759] -> "/Users/briannazajicek/Documents/illuminairy/archives/curious-cardinals-2026-05-18/blog/blog.curiouscardinals.com/hs-fs/hubfs/summer.webp?width=126&height=94&name=summer.webp" [1]
2026-05-18 01:22:36 URL:https://blog.curiouscardinals.com/hs-fs/hubfs/summer.webp?width=378&height=281&name=summer.webp [14886/14886] -> "/Users/briannazajicek/Documents/illuminairy/archives/curious-cardinals-2026-05-18/blog/blog.curiouscardinals.com/hs-fs/hubfs/summer.webp?width=378&height=281&name=summer.webp" [1]
2026-05-18 01:22:36 URL:https://blog.curiouscardinals.com/hs-fs/hubfs/summer.webp?width=504&height=374&name=summer.webp [14886/14886] -> "/Users/briannazajicek/Documents/illuminairy/archives/curious-cardinals-2026-05-18/blog/blog.curiouscardinals.com/hs-fs/hubfs/summer.webp?width=504&height=374&name=summer.webp" [1]
2026-05-18 01:22:37 URL:https://blog.curiouscardinals.com/hs-fs/hubfs/summer.webp?width=630&height=468&name=summer.webp [14886/14886] -> "/Users/briannazajicek/Documents/illuminairy/archives/curious-cardinals-2026-05-18/blog/blog.curiouscardinals.com/hs-fs/hubfs/summer.webp?width=630&height=468&name=summer.webp" [1]
2026-05-18 01:22:38 URL:https://blog.curiouscardinals.com/hs-fs/hubfs/summer.webp?width=756&height=561&name=summer.webp [14886/14886] -> "/Users/briannazajicek/Documents/illuminairy/archives/curious-cardinals-2026-05-18/blog/blog.curiouscardinals.com/hs-fs/hubfs/summer.webp?width=756&height=561&name=summer.webp" [1]
2026-05-18 01:22:39 URL:https://blog.curiouscardinals.com/hs-fs/hubfs/Audrey.png?upscale=true&upscale=true&width=100&height=50&name=Audrey.png [1833/1833] -> "/Users/briannazajicek/Documents/illuminairy/archives/curious-cardinals-2026-05-18/blog/blog.curiouscardinals.com/hs-fs/hubfs/Audrey.png?upscale=true&upscale=true&width=100&height=50&name=Audrey.png" [1]
2026-05-18 01:22:39 URL:https://blog.curiouscardinals.com/hs-fs/hubfs/Audrey.png?upscale=true&upscale=true&width=50&height=25&name=Audrey.png [1107/1107] -> "/Users/briannazajicek/Documents/illuminairy/archives/curious-cardinals-2026-05-18/blog/blog.curiouscardinals.com/hs-fs/hubfs/Audrey.png?upscale=true&upscale=true&width=50&height=25&name=Audrey.png" [1]
2026-05-18 01:22:40 URL:https://blog.curiouscardinals.com/hs-fs/hubfs/Audrey.png?upscale=true&upscale=true&width=150&height=75&name=Audrey.png [1833/1833] -> "/Users/briannazajicek/Documents/illuminairy/archives/curious-cardinals-2026-05-18/blog/blog.curiouscardinals.com/hs-fs/hubfs/Audrey.png?upscale=true&upscale=true&width=150&height=75&name=Audrey.png" [1]
2026-05-18 01:22:41 URL:https://blog.curiouscardinals.com/hs-fs/hubfs/Audrey.png?upscale=true&upscale=true&width=200&height=100&name=Audrey.png [1833/1833] -> "/Users/briannazajicek/Documents/illuminairy/archives/curious-cardinals-2026-05-18/blog/blog.curiouscardinals.com/hs-fs/hubfs/Audrey.png?upscale=true&upscale=true&width=200&height=100&name=Audrey.png" [1]
2026-05-18 01:22:42 URL:https://blog.curiouscardinals.com/hs-fs/hubfs/Audrey.png?upscale=true&upscale=true&width=250&height=125&name=Audrey.png [1833/1833] -> "/Users/briannazajicek/Documents/illuminairy/archives/curious-cardinals-2026-05-18/blog/blog.curiouscardinals.com/hs-fs/hubfs/Audrey.png?upscale=true&upscale=true&width=250&height=125&name=Audrey.png" [1]
2026-05-18 01:22:43 URL:https://blog.curiouscardinals.com/hs-fs/hubfs/Audrey.png?upscale=true&upscale=true&width=300&height=150&name=Audrey.png [1833/1833] -> "/Users/briannazajicek/Documents/illuminairy/archives/curious-cardinals-2026-05-18/blog/blog.curiouscardinals.com/hs-fs/hubfs/Audrey.png?upscale=true&upscale=true&width=300&height=150&name=Audrey.png" [1]
2026-05-18 01:22:44 URL:https://blog.curiouscardinals.com/hs-fs/hubfs/stay%20curious.webp?width=1200&height=300&name=stay%20curious.webp [18472/18472] -> "/Users/briannazajicek/Documents/illuminairy/archives/curious-cardinals-2026-05-18/blog/blog.curiouscardinals.com/hs-fs/hubfs/stay curious.webp?width=1200&height=300&name=stay curious.webp" [1]
2026-05-18 01:22:44 URL:https://blog.curiouscardinals.com/hs-fs/hubfs/stay%20curious.webp?width=600&height=150&name=stay%20curious.webp [7678/7678] -> "/Users/briannazajicek/Documents/illuminairy/archives/curious-cardinals-2026-05-18/blog/blog.curiouscardinals.com/hs-fs/hubfs/stay curious.webp?width=600&height=150&name=stay curious.webp" [1]
2026-05-18 01:22:45 URL:https://blog.curiouscardinals.com/hs-fs/hubfs/stay%20curious.webp?width=1800&height=450&name=stay%20curious.webp [18472/18472] -> "/Users/briannazajicek/Documents/illuminairy/archives/curious-cardinals-2026-05-18/blog/blog.curiouscardinals.com/hs-fs/hubfs/stay curious.webp?width=1800&height=450&name=stay curious.webp" [1]
2026-05-18 01:22:46 URL:https://blog.curiouscardinals.com/hs-fs/hubfs/stay%20curious.webp?width=2400&height=600&name=stay%20curious.webp [18472/18472] -> "/Users/briannazajicek/Documents/illuminairy/archives/curious-cardinals-2026-05-18/blog/blog.curiouscardinals.com/hs-fs/hubfs/stay curious.webp?width=2400&height=600&name=stay curious.webp" [1]
2026-05-18 01:22:47 URL:https://blog.curiouscardinals.com/hs-fs/hubfs/stay%20curious.webp?width=3000&height=750&name=stay%20curious.webp [18472/18472] -> "/Users/briannazajicek/Documents/illuminairy/archives/curious-cardinals-2026-05-18/blog/blog.curiouscardinals.com/hs-fs/hubfs/stay curious.webp?width=3000&height=750&name=stay curious.webp" [1]
2026-05-18 01:22:48 URL:https://blog.curiouscardinals.com/hs-fs/hubfs/stay%20curious.webp?width=3600&height=900&name=stay%20curious.webp [18472/18472] -> "/Users/briannazajicek/Documents/illuminairy/archives/curious-cardinals-2026-05-18/blog/blog.curiouscardinals.com/hs-fs/hubfs/stay curious.webp?width=3600&height=900&name=stay curious.webp" [1]
2026-05-18 01:22:48 URL:https://blog.curiouscardinals.com/3-key-takeaways-from-jennifer-wallaces-never-enough [80764] -> "/Users/briannazajicek/Documents/illuminairy/archives/curious-cardinals-2026-05-18/blog/blog.curiouscardinals.com/3-key-takeaways-from-jennifer-wallaces-never-enough.html" [1]
Cookie coming from blog.curiouscardinals.com attempted to set domain to hubspotusercontent-na2.net
2026-05-18 01:22:49 URL:https://blog.curiouscardinals.com/hubfs/blog%20banners%20--%20CC%20(4).png [601463/601463] -> "/Users/briannazajicek/Documents/illuminairy/archives/curious-cardinals-2026-05-18/blog/blog.curiouscardinals.com/hubfs/blog banners -- CC (4).png" [1]
2026-05-18 01:22:51 URL:https://blog.curiouscardinals.com/hs-fs/hubfs/CC_Cornell-72.jpg?width=244&height=366&name=CC_Cornell-72.jpg [22362/22362] -> "/Users/briannazajicek/Documents/illuminairy/archives/curious-cardinals-2026-05-18/blog/blog.curiouscardinals.com/hs-fs/hubfs/CC_Cornell-72.jpg?width=244&height=366&name=CC_Cornell-72.jpg" [1]
2026-05-18 01:22:52 URL:https://blog.curiouscardinals.com/hs-fs/hubfs/CC_Cornell-72.jpg?width=122&height=183&name=CC_Cornell-72.jpg [9238/9238] -> "/Users/briannazajicek/Documents/illuminairy/archives/curious-cardinals-2026-05-18/blog/blog.curiouscardinals.com/hs-fs/hubfs/CC_Cornell-72.jpg?width=122&height=183&name=CC_Cornell-72.jpg" [1]
2026-05-18 01:22:55 URL:https://blog.curiouscardinals.com/hs-fs/hubfs/CC_Cornell-72.jpg?width=366&height=549&name=CC_Cornell-72.jpg [42923/42923] -> "/Users/briannazajicek/Documents/illuminairy/archives/curious-cardinals-2026-05-18/blog/blog.curiouscardinals.com/hs-fs/hubfs/CC_Cornell-72.jpg?width=366&height=549&name=CC_Cornell-72.jpg" [1]
2026-05-18 01:22:57 URL:https://blog.curiouscardinals.com/hs-fs/hubfs/CC_Cornell-72.jpg?width=488&height=732&name=CC_Cornell-72.jpg [69060/69060] -> "/Users/briannazajicek/Documents/illuminairy/archives/curious-cardinals-2026-05-18/blog/blog.curiouscardinals.com/hs-fs/hubfs/CC_Cornell-72.jpg?width=488&height=732&name=CC_Cornell-72.jpg" [1]
2026-05-18 01:23:00 URL:https://blog.curiouscardinals.com/hs-fs/hubfs/CC_Cornell-72.jpg?width=610&height=915&name=CC_Cornell-72.jpg [102259/102259] -> "/Users/briannazajicek/Documents/illuminairy/archives/curious-cardinals-2026-05-18/blog/blog.curiouscardinals.com/hs-fs/hubfs/CC_Cornell-72.jpg?width=610&height=915&name=CC_Cornell-72.jpg" [1]
2026-05-18 01:23:04 URL:https://blog.curiouscardinals.com/hs-fs/hubfs/CC_Cornell-72.jpg?width=732&height=1098&name=CC_Cornell-72.jpg [142964/142964] -> "/Users/briannazajicek/Documents/illuminairy/archives/curious-cardinals-2026-05-18/blog/blog.curiouscardinals.com/hs-fs/hubfs/CC_Cornell-72.jpg?width=732&height=1098&name=CC_Cornell-72.jpg" [1]
2026-05-18 01:23:04 URL:https://blog.curiouscardinals.com/hs-fs/hubfs/CC_Cornell-2.jpg?width=355&height=236&name=CC_Cornell-2.jpg [17164/17164] -> "/Users/briannazajicek/Documents/illuminairy/archives/curious-cardinals-2026-05-18/blog/blog.curiouscardinals.com/hs-fs/hubfs/CC_Cornell-2.jpg?width=355&height=236&name=CC_Cornell-2.jpg" [1]
2026-05-18 01:23:07 URL:https://blog.curiouscardinals.com/hs-fs/hubfs/CC_Cornell-2.jpg?width=178&height=118&name=CC_Cornell-2.jpg [7367/7367] -> "/Users/briannazajicek/Documents/illuminairy/archives/curious-cardinals-2026-05-18/blog/blog.curiouscardinals.com/hs-fs/hubfs/CC_Cornell-2.jpg?width=178&height=118&name=CC_Cornell-2.jpg" [1]
2026-05-18 01:23:09 URL:https://blog.curiouscardinals.com/hs-fs/hubfs/CC_Cornell-2.jpg?width=533&height=354&name=CC_Cornell-2.jpg [32232/32232] -> "/Users/briannazajicek/Documents/illuminairy/archives/curious-cardinals-2026-05-18/blog/blog.curiouscardinals.com/hs-fs/hubfs/CC_Cornell-2.jpg?width=533&height=354&name=CC_Cornell-2.jpg" [1]
2026-05-18 01:23:11 URL:https://blog.curiouscardinals.com/hs-fs/hubfs/CC_Cornell-2.jpg?width=710&height=472&name=CC_Cornell-2.jpg [50492/50492] -> "/Users/briannazajicek/Documents/illuminairy/archives/curious-cardinals-2026-05-18/blog/blog.curiouscardinals.com/hs-fs/hubfs/CC_Cornell-2.jpg?width=710&height=472&name=CC_Cornell-2.jpg" [1]
2026-05-18 01:23:12 URL:https://blog.curiouscardinals.com/hs-fs/hubfs/CC_Cornell-2.jpg?width=888&height=590&name=CC_Cornell-2.jpg [72217/72217] -> "/Users/briannazajicek/Documents/illuminairy/archives/curious-cardinals-2026-05-18/blog/blog.curiouscardinals.com/hs-fs/hubfs/CC_Cornell-2.jpg?width=888&height=590&name=CC_Cornell-2.jpg" [1]
2026-05-18 01:23:15 URL:https://blog.curiouscardinals.com/hs-fs/hubfs/CC_Cornell-2.jpg?width=1065&height=708&name=CC_Cornell-2.jpg [98936/98936] -> "/Users/briannazajicek/Documents/illuminairy/archives/curious-cardinals-2026-05-18/blog/blog.curiouscardinals.com/hs-fs/hubfs/CC_Cornell-2.jpg?width=1065&height=708&name=CC_Cornell-2.jpg" [1]
2026-05-18 01:23:16 URL:https://blog.curiouscardinals.com/hs-fs/hubfs/60c2c7a56a70ffe3fbc6a2a9_yvtdn62-p-500.png?width=164&height=164&name=60c2c7a56a70ffe3fbc6a2a9_yvtdn62-p-500.png [5847/5847] -> "/Users/briannazajicek/Documents/illuminairy/archives/curious-cardinals-2026-05-18/blog/blog.curiouscardinals.com/hs-fs/hubfs/60c2c7a56a70ffe3fbc6a2a9_yvtdn62-p-500.png?width=164&height=164&name=60c2c7a56a70ffe3fbc6a2a9_yvtdn62-p-500.png" [1]
2026-05-18 01:23:17 URL:https://blog.curiouscardinals.com/hs-fs/hubfs/60c2c7a56a70ffe3fbc6a2a9_yvtdn62-p-500.png?width=82&height=82&name=60c2c7a56a70ffe3fbc6a2a9_yvtdn62-p-500.png [2265/2265] -> "/Users/briannazajicek/Documents/illuminairy/archives/curious-cardinals-2026-05-18/blog/blog.curiouscardinals.com/hs-fs/hubfs/60c2c7a56a70ffe3fbc6a2a9_yvtdn62-p-500.png?width=82&height=82&name=60c2c7a56a70ffe3fbc6a2a9_yvtdn62-p-500.png" [1]
2026-05-18 01:23:18 URL:https://blog.curiouscardinals.com/hs-fs/hubfs/60c2c7a56a70ffe3fbc6a2a9_yvtdn62-p-500.png?width=246&height=246&name=60c2c7a56a70ffe3fbc6a2a9_yvtdn62-p-500.png [10251/10251] -> "/Users/briannazajicek/Documents/illuminairy/archives/curious-cardinals-2026-05-18/blog/blog.curiouscardinals.com/hs-fs/hubfs/60c2c7a56a70ffe3fbc6a2a9_yvtdn62-p-500.png?width=246&height=246&name=60c2c7a56a70ffe3fbc6a2a9_yvtdn62-p-500.png" [1]
2026-05-18 01:23:19 URL:https://blog.curiouscardinals.com/hs-fs/hubfs/60c2c7a56a70ffe3fbc6a2a9_yvtdn62-p-500.png?width=328&height=328&name=60c2c7a56a70ffe3fbc6a2a9_yvtdn62-p-500.png [15417/15417] -> "/Users/briannazajicek/Documents/illuminairy/archives/curious-cardinals-2026-05-18/blog/blog.curiouscardinals.com/hs-fs/hubfs/60c2c7a56a70ffe3fbc6a2a9_yvtdn62-p-500.png?width=328&height=328&name=60c2c7a56a70ffe3fbc6a2a9_yvtdn62-p-500.png" [1]
2026-05-18 01:23:20 URL:https://blog.curiouscardinals.com/hs-fs/hubfs/60c2c7a56a70ffe3fbc6a2a9_yvtdn62-p-500.png?width=410&height=410&name=60c2c7a56a70ffe3fbc6a2a9_yvtdn62-p-500.png [21594/21594] -> "/Users/briannazajicek/Documents/illuminairy/archives/curious-cardinals-2026-05-18/blog/blog.curiouscardinals.com/hs-fs/hubfs/60c2c7a56a70ffe3fbc6a2a9_yvtdn62-p-500.png?width=410&height=410&name=60c2c7a56a70ffe3fbc6a2a9_yvtdn62-p-500.png" [1]
2026-05-18 01:23:21 URL:https://blog.curiouscardinals.com/hs-fs/hubfs/60c2c7a56a70ffe3fbc6a2a9_yvtdn62-p-500.png?width=492&height=492&name=60c2c7a56a70ffe3fbc6a2a9_yvtdn62-p-500.png [27887/27887] -> "/Users/briannazajicek/Documents/illuminairy/archives/curious-cardinals-2026-05-18/blog/blog.curiouscardinals.com/hs-fs/hubfs/60c2c7a56a70ffe3fbc6a2a9_yvtdn62-p-500.png?width=492&height=492&name=60c2c7a56a70ffe3fbc6a2a9_yvtdn62-p-500.png" [1]
2026-05-18 01:23:22 URL:https://blog.curiouscardinals.com/wildwood-press-meets-curious-cardinals [71276] -> "/Users/briannazajicek/Documents/illuminairy/archives/curious-cardinals-2026-05-18/blog/blog.curiouscardinals.com/wildwood-press-meets-curious-cardinals.html" [1]
2026-05-18 01:23:22 URL:https://blog.curiouscardinals.com/eleanor-hawkins-connects-the-dots-in-her-passion-project [74727] -> "/Users/briannazajicek/Documents/illuminairy/archives/curious-cardinals-2026-05-18/blog/blog.curiouscardinals.com/eleanor-hawkins-connects-the-dots-in-her-passion-project.html" [1]
2026-05-18 01:23:23 URL:https://blog.curiouscardinals.com/audreys-best-tips-for-beating-back-to-school-stress [76508] -> "/Users/briannazajicek/Documents/illuminairy/archives/curious-cardinals-2026-05-18/blog/blog.curiouscardinals.com/audreys-best-tips-for-beating-back-to-school-stress.html" [1]
FINISHED --2026-05-18 01:23:23--
Total wall clock time: 33m 34s
Downloaded: 2148 files, 324M in 1m 12s (4.48 MB/s)
