2026-05-18 00:49:57 URL:https://app.curiouscardinals.com/mentors [4767/4767] -> "/Users/briannazajicek/Documents/illuminairy/archives/curious-cardinals-2026-05-18/app-mentors/app.curiouscardinals.com/mentors.html" [1]
2026-05-18 00:49:58 URL:https://app.curiouscardinals.com/manifest.json [438/438] -> "/Users/briannazajicek/Documents/illuminairy/archives/curious-cardinals-2026-05-18/app-mentors/app.curiouscardinals.com/manifest.json" [1]
2026-05-18 00:49:58 URL:https://app.curiouscardinals.com/favicon.png [2984/2984] -> "/Users/briannazajicek/Documents/illuminairy/archives/curious-cardinals-2026-05-18/app-mentors/app.curiouscardinals.com/favicon.png" [1]
2026-05-18 00:49:58 URL:https://rsms.me/inter/inter.css [11497] -> "/Users/briannazajicek/Documents/illuminairy/archives/curious-cardinals-2026-05-18/app-mentors/rsms.me/inter/inter.css" [1]
2026-05-18 00:49:59 URL:https://app.curiouscardinals.com/_next/static/css/d7bb6a4d83b97ea7.css [287688/287688] -> "/Users/briannazajicek/Documents/illuminairy/archives/curious-cardinals-2026-05-18/app-mentors/app.curiouscardinals.com/_next/static/css/d7bb6a4d83b97ea7.css" [1]
2026-05-18 00:49:59 URL:https://app.curiouscardinals.com/_next/static/css/f51e81b9dec3311b.css [23603/23603] -> "/Users/briannazajicek/Documents/illuminairy/archives/curious-cardinals-2026-05-18/app-mentors/app.curiouscardinals.com/_next/static/css/f51e81b9dec3311b.css" [1]
2026-05-18 00:49:59 URL:https://app.curiouscardinals.com/_next/static/chunks/polyfills-78c92fac7aa8fdd8.js [91381/91381] -> "/Users/briannazajicek/Documents/illuminairy/archives/curious-cardinals-2026-05-18/app-mentors/app.curiouscardinals.com/_next/static/chunks/polyfills-78c92fac7aa8fdd8.js" [1]
2026-05-18 00:50:00 URL:https://app.curiouscardinals.com/_next/static/chunks/webpack-e89a22db411f9bf6.js [8278/8278] -> "/Users/briannazajicek/Documents/illuminairy/archives/curious-cardinals-2026-05-18/app-mentors/app.curiouscardinals.com/_next/static/chunks/webpack-e89a22db411f9bf6.js" [1]
2026-05-18 00:50:00 URL:https://app.curiouscardinals.com/_next/static/chunks/framework-2645a99191cfc5e9.js [141039/141039] -> "/Users/briannazajicek/Documents/illuminairy/archives/curious-cardinals-2026-05-18/app-mentors/app.curiouscardinals.com/_next/static/chunks/framework-2645a99191cfc5e9.js" [1]
2026-05-18 00:50:01 URL:https://app.curiouscardinals.com/_next/static/chunks/main-963b5f3f457b1c9c.js [125523/125523] -> "/Users/briannazajicek/Documents/illuminairy/archives/curious-cardinals-2026-05-18/app-mentors/app.curiouscardinals.com/_next/static/chunks/main-963b5f3f457b1c9c.js" [1]
2026-05-18 00:50:01 URL:https://app.curiouscardinals.com/_next/static/chunks/pages/_app-f72b635bd00a02f1.js [1269853/1269853] -> "/Users/briannazajicek/Documents/illuminairy/archives/curious-cardinals-2026-05-18/app-mentors/app.curiouscardinals.com/_next/static/chunks/pages/_app-f72b635bd00a02f1.js" [1]
2026-05-18 00:50:01 URL:https://app.curiouscardinals.com/_next/static/chunks/0c428ae2-e2f864e78dfd3fcc.js [900/900] -> "/Users/briannazajicek/Documents/illuminairy/archives/curious-cardinals-2026-05-18/app-mentors/app.curiouscardinals.com/_next/static/chunks/0c428ae2-e2f864e78dfd3fcc.js" [1]
2026-05-18 00:50:02 URL:https://app.curiouscardinals.com/_next/static/chunks/1bfc9850-6f2aead1d313b810.js [6400/6400] -> "/Users/briannazajicek/Documents/illuminairy/archives/curious-cardinals-2026-05-18/app-mentors/app.curiouscardinals.com/_next/static/chunks/1bfc9850-6f2aead1d313b810.js" [1]
2026-05-18 00:50:02 URL:https://app.curiouscardinals.com/_next/static/chunks/fc83e031-004702cfabc3eeb6.js [90015/90015] -> "/Users/briannazajicek/Documents/illuminairy/archives/curious-cardinals-2026-05-18/app-mentors/app.curiouscardinals.com/_next/static/chunks/fc83e031-004702cfabc3eeb6.js" [1]
2026-05-18 00:50:02 URL:https://app.curiouscardinals.com/_next/static/chunks/98f61148-f84ff88e981df1e5.js [75142/75142] -> "/Users/briannazajicek/Documents/illuminairy/archives/curious-cardinals-2026-05-18/app-mentors/app.curiouscardinals.com/_next/static/chunks/98f61148-f84ff88e981df1e5.js" [1]
2026-05-18 00:50:03 URL:https://app.curiouscardinals.com/_next/static/chunks/d0c16330-06304b71da48081c.js [2035/2035] -> "/Users/briannazajicek/Documents/illuminairy/archives/curious-cardinals-2026-05-18/app-mentors/app.curiouscardinals.com/_next/static/chunks/d0c16330-06304b71da48081c.js" [1]
2026-05-18 00:50:03 URL:https://app.curiouscardinals.com/_next/static/chunks/7714-6d52a2553c8a5eed.js [12825/12825] -> "/Users/briannazajicek/Documents/illuminairy/archives/curious-cardinals-2026-05-18/app-mentors/app.curiouscardinals.com/_next/static/chunks/7714-6d52a2553c8a5eed.js" [1]
2026-05-18 00:50:03 URL:https://app.curiouscardinals.com/_next/static/chunks/3201-378bf126fe171981.js [73145/73145] -> "/Users/briannazajicek/Documents/illuminairy/archives/curious-cardinals-2026-05-18/app-mentors/app.curiouscardinals.com/_next/static/chunks/3201-378bf126fe171981.js" [1]
2026-05-18 00:50:04 URL:https://app.curiouscardinals.com/_next/static/chunks/7035-e98def35d43d2917.js [26327/26327] -> "/Users/briannazajicek/Documents/illuminairy/archives/curious-cardinals-2026-05-18/app-mentors/app.curiouscardinals.com/_next/static/chunks/7035-e98def35d43d2917.js" [1]
2026-05-18 00:50:04 URL:https://app.curiouscardinals.com/_next/static/chunks/857-9fc7730f1deaab0e.js [30949/30949] -> "/Users/briannazajicek/Documents/illuminairy/archives/curious-cardinals-2026-05-18/app-mentors/app.curiouscardinals.com/_next/static/chunks/857-9fc7730f1deaab0e.js" [1]
2026-05-18 00:50:04 URL:https://app.curiouscardinals.com/_next/static/chunks/2812-370ded79da1397af.js [30223/30223] -> "/Users/briannazajicek/Documents/illuminairy/archives/curious-cardinals-2026-05-18/app-mentors/app.curiouscardinals.com/_next/static/chunks/2812-370ded79da1397af.js" [1]
2026-05-18 00:50:05 URL:https://app.curiouscardinals.com/_next/static/chunks/6286-f428173603f98a04.js [19149/19149] -> "/Users/briannazajicek/Documents/illuminairy/archives/curious-cardinals-2026-05-18/app-mentors/app.curiouscardinals.com/_next/static/chunks/6286-f428173603f98a04.js" [1]
2026-05-18 00:50:05 URL:https://app.curiouscardinals.com/_next/static/chunks/5675-2bf9162bca91fd5c.js [10882/10882] -> "/Users/briannazajicek/Documents/illuminairy/archives/curious-cardinals-2026-05-18/app-mentors/app.curiouscardinals.com/_next/static/chunks/5675-2bf9162bca91fd5c.js" [1]
2026-05-18 00:50:05 URL:https://app.curiouscardinals.com/_next/static/chunks/4243-774be750685d5693.js [35338/35338] -> "/Users/briannazajicek/Documents/illuminairy/archives/curious-cardinals-2026-05-18/app-mentors/app.curiouscardinals.com/_next/static/chunks/4243-774be750685d5693.js" [1]
2026-05-18 00:50:06 URL:https://app.curiouscardinals.com/_next/static/chunks/8642-ce90555021d0848b.js [17380/17380] -> "/Users/briannazajicek/Documents/illuminairy/archives/curious-cardinals-2026-05-18/app-mentors/app.curiouscardinals.com/_next/static/chunks/8642-ce90555021d0848b.js" [1]
2026-05-18 00:50:06 URL:https://app.curiouscardinals.com/_next/static/chunks/5295-7db305c26288d42d.js [72853/72853] -> "/Users/briannazajicek/Documents/illuminairy/archives/curious-cardinals-2026-05-18/app-mentors/app.curiouscardinals.com/_next/static/chunks/5295-7db305c26288d42d.js" [1]
2026-05-18 00:50:07 URL:https://app.curiouscardinals.com/_next/static/chunks/7197-c3b7608a62aa25a3.js [3163/3163] -> "/Users/briannazajicek/Documents/illuminairy/archives/curious-cardinals-2026-05-18/app-mentors/app.curiouscardinals.com/_next/static/chunks/7197-c3b7608a62aa25a3.js" [1]
2026-05-18 00:50:07 URL:https://app.curiouscardinals.com/_next/static/chunks/1095-980da7b1cf5dadac.js [9469/9469] -> "/Users/briannazajicek/Documents/illuminairy/archives/curious-cardinals-2026-05-18/app-mentors/app.curiouscardinals.com/_next/static/chunks/1095-980da7b1cf5dadac.js" [1]
2026-05-18 00:50:07 URL:https://app.curiouscardinals.com/_next/static/chunks/2825-a51bc2c91373efc0.js [113826/113826] -> "/Users/briannazajicek/Documents/illuminairy/archives/curious-cardinals-2026-05-18/app-mentors/app.curiouscardinals.com/_next/static/chunks/2825-a51bc2c91373efc0.js" [1]
2026-05-18 00:50:08 URL:https://app.curiouscardinals.com/_next/static/chunks/7601-ec25c09efb471b9d.js [50762/50762] -> "/Users/briannazajicek/Documents/illuminairy/archives/curious-cardinals-2026-05-18/app-mentors/app.curiouscardinals.com/_next/static/chunks/7601-ec25c09efb471b9d.js" [1]
2026-05-18 00:50:08 URL:https://app.curiouscardinals.com/_next/static/chunks/4171-1ffcebd256c44857.js [105606/105606] -> "/Users/briannazajicek/Documents/illuminairy/archives/curious-cardinals-2026-05-18/app-mentors/app.curiouscardinals.com/_next/static/chunks/4171-1ffcebd256c44857.js" [1]
2026-05-18 00:50:08 URL:https://app.curiouscardinals.com/_next/static/chunks/1363-e8ed5b32b55f0f97.js [608512/608512] -> "/Users/briannazajicek/Documents/illuminairy/archives/curious-cardinals-2026-05-18/app-mentors/app.curiouscardinals.com/_next/static/chunks/1363-e8ed5b32b55f0f97.js" [1]
2026-05-18 00:50:09 URL:https://app.curiouscardinals.com/_next/static/chunks/4845-c132d18b64012391.js [350726/350726] -> "/Users/briannazajicek/Documents/illuminairy/archives/curious-cardinals-2026-05-18/app-mentors/app.curiouscardinals.com/_next/static/chunks/4845-c132d18b64012391.js" [1]
2026-05-18 00:50:09 URL:https://app.curiouscardinals.com/_next/static/chunks/3713-9e086ce85ef5969d.js [63231/63231] -> "/Users/briannazajicek/Documents/illuminairy/archives/curious-cardinals-2026-05-18/app-mentors/app.curiouscardinals.com/_next/static/chunks/3713-9e086ce85ef5969d.js" [1]
2026-05-18 00:50:09 URL:https://app.curiouscardinals.com/_next/static/chunks/8874-70911ab30cc2c205.js [19055/19055] -> "/Users/briannazajicek/Documents/illuminairy/archives/curious-cardinals-2026-05-18/app-mentors/app.curiouscardinals.com/_next/static/chunks/8874-70911ab30cc2c205.js" [1]
2026-05-18 00:50:10 URL:https://app.curiouscardinals.com/_next/static/chunks/2808-81f18af0d2b8da9e.js [594760/594760] -> "/Users/briannazajicek/Documents/illuminairy/archives/curious-cardinals-2026-05-18/app-mentors/app.curiouscardinals.com/_next/static/chunks/2808-81f18af0d2b8da9e.js" [1]
2026-05-18 00:50:10 URL:https://app.curiouscardinals.com/_next/static/chunks/6536-9015b99d7a17c17c.js [376891/376891] -> "/Users/briannazajicek/Documents/illuminairy/archives/curious-cardinals-2026-05-18/app-mentors/app.curiouscardinals.com/_next/static/chunks/6536-9015b99d7a17c17c.js" [1]
2026-05-18 00:50:11 URL:https://app.curiouscardinals.com/_next/static/chunks/pages/mentors-81d7ae992a5ca87b.js [13968/13968] -> "/Users/briannazajicek/Documents/illuminairy/archives/curious-cardinals-2026-05-18/app-mentors/app.curiouscardinals.com/_next/static/chunks/pages/mentors-81d7ae992a5ca87b.js" [1]
2026-05-18 00:50:11 URL:https://app.curiouscardinals.com/_next/static/ZAcrs1hPe6xcPEuk-Y5L_/_buildManifest.js [17534/17534] -> "/Users/briannazajicek/Documents/illuminairy/archives/curious-cardinals-2026-05-18/app-mentors/app.curiouscardinals.com/_next/static/ZAcrs1hPe6xcPEuk-Y5L_/_buildManifest.js" [1]
2026-05-18 00:50:12 URL:https://app.curiouscardinals.com/_next/static/ZAcrs1hPe6xcPEuk-Y5L_/_ssgManifest.js [77/77] -> "/Users/briannazajicek/Documents/illuminairy/archives/curious-cardinals-2026-05-18/app-mentors/app.curiouscardinals.com/_next/static/ZAcrs1hPe6xcPEuk-Y5L_/_ssgManifest.js" [1]
2026-05-18 00:50:12 URL:https://rsms.me/inter/font-files/InterVariable.woff2?v=4.1 [352240/352240] -> "/Users/briannazajicek/Documents/illuminairy/archives/curious-cardinals-2026-05-18/app-mentors/rsms.me/inter/font-files/InterVariable.woff2?v=4.1" [1]
2026-05-18 00:50:12 URL:https://rsms.me/inter/font-files/InterVariable-Italic.woff2?v=4.1 [387976/387976] -> "/Users/briannazajicek/Documents/illuminairy/archives/curious-cardinals-2026-05-18/app-mentors/rsms.me/inter/font-files/InterVariable-Italic.woff2?v=4.1" [1]
2026-05-18 00:50:13 URL:https://rsms.me/inter/font-files/Inter-Thin.woff2?v=4.1 [109548/109548] -> "/Users/briannazajicek/Documents/illuminairy/archives/curious-cardinals-2026-05-18/app-mentors/rsms.me/inter/font-files/Inter-Thin.woff2?v=4.1" [1]
2026-05-18 00:50:13 URL:https://rsms.me/inter/font-files/Inter-ThinItalic.woff2?v=4.1 [116880/116880] -> "/Users/briannazajicek/Documents/illuminairy/archives/curious-cardinals-2026-05-18/app-mentors/rsms.me/inter/font-files/Inter-ThinItalic.woff2?v=4.1" [1]
2026-05-18 00:50:13 URL:https://rsms.me/inter/font-files/Inter-ExtraLight.woff2?v=4.1 [112728/112728] -> "/Users/briannazajicek/Documents/illuminairy/archives/curious-cardinals-2026-05-18/app-mentors/rsms.me/inter/font-files/Inter-ExtraLight.woff2?v=4.1" [1]
2026-05-18 00:50:14 URL:https://rsms.me/inter/font-files/Inter-ExtraLightItalic.woff2?v=4.1 [119320/119320] -> "/Users/briannazajicek/Documents/illuminairy/archives/curious-cardinals-2026-05-18/app-mentors/rsms.me/inter/font-files/Inter-ExtraLightItalic.woff2?v=4.1" [1]
2026-05-18 00:50:14 URL:https://rsms.me/inter/font-files/Inter-Light.woff2?v=4.1 [112592/112592] -> "/Users/briannazajicek/Documents/illuminairy/archives/curious-cardinals-2026-05-18/app-mentors/rsms.me/inter/font-files/Inter-Light.woff2?v=4.1" [1]
2026-05-18 00:50:15 URL:https://rsms.me/inter/font-files/Inter-LightItalic.woff2?v=4.1 [119608/119608] -> "/Users/briannazajicek/Documents/illuminairy/archives/curious-cardinals-2026-05-18/app-mentors/rsms.me/inter/font-files/Inter-LightItalic.woff2?v=4.1" [1]
2026-05-18 00:50:15 URL:https://rsms.me/inter/font-files/Inter-Regular.woff2?v=4.1 [111268/111268] -> "/Users/briannazajicek/Documents/illuminairy/archives/curious-cardinals-2026-05-18/app-mentors/rsms.me/inter/font-files/Inter-Regular.woff2?v=4.1" [1]
2026-05-18 00:50:16 URL:https://rsms.me/inter/font-files/Inter-Italic.woff2?v=4.1 [117700/117700] -> "/Users/briannazajicek/Documents/illuminairy/archives/curious-cardinals-2026-05-18/app-mentors/rsms.me/inter/font-files/Inter-Italic.woff2?v=4.1" [1]
2026-05-18 00:50:16 URL:https://rsms.me/inter/font-files/Inter-Medium.woff2?v=4.1 [114348/114348] -> "/Users/briannazajicek/Documents/illuminairy/archives/curious-cardinals-2026-05-18/app-mentors/rsms.me/inter/font-files/Inter-Medium.woff2?v=4.1" [1]
2026-05-18 00:50:17 URL:https://rsms.me/inter/font-files/Inter-MediumItalic.woff2?v=4.1 [120784/120784] -> "/Users/briannazajicek/Documents/illuminairy/archives/curious-cardinals-2026-05-18/app-mentors/rsms.me/inter/font-files/Inter-MediumItalic.woff2?v=4.1" [1]
2026-05-18 00:50:17 URL:https://rsms.me/inter/font-files/Inter-SemiBold.woff2?v=4.1 [114812/114812] -> "/Users/briannazajicek/Documents/illuminairy/archives/curious-cardinals-2026-05-18/app-mentors/rsms.me/inter/font-files/Inter-SemiBold.woff2?v=4.1" [1]
2026-05-18 00:50:17 URL:https://rsms.me/inter/font-files/Inter-SemiBoldItalic.woff2?v=4.1 [121416/121416] -> "/Users/briannazajicek/Documents/illuminairy/archives/curious-cardinals-2026-05-18/app-mentors/rsms.me/inter/font-files/Inter-SemiBoldItalic.woff2?v=4.1" [1]
2026-05-18 00:50:17 URL:https://rsms.me/inter/font-files/Inter-Bold.woff2?v=4.1 [114840/114840] -> "/Users/briannazajicek/Documents/illuminairy/archives/curious-cardinals-2026-05-18/app-mentors/rsms.me/inter/font-files/Inter-Bold.woff2?v=4.1" [1]
2026-05-18 00:50:18 URL:https://rsms.me/inter/font-files/Inter-BoldItalic.woff2?v=4.1 [121500/121500] -> "/Users/briannazajicek/Documents/illuminairy/archives/curious-cardinals-2026-05-18/app-mentors/rsms.me/inter/font-files/Inter-BoldItalic.woff2?v=4.1" [1]
2026-05-18 00:50:18 URL:https://rsms.me/inter/font-files/Inter-ExtraBold.woff2?v=4.1 [114856/114856] -> "/Users/briannazajicek/Documents/illuminairy/archives/curious-cardinals-2026-05-18/app-mentors/rsms.me/inter/font-files/Inter-ExtraBold.woff2?v=4.1" [1]
2026-05-18 00:50:19 URL:https://rsms.me/inter/font-files/Inter-ExtraBoldItalic.woff2?v=4.1 [121516/121516] -> "/Users/briannazajicek/Documents/illuminairy/archives/curious-cardinals-2026-05-18/app-mentors/rsms.me/inter/font-files/Inter-ExtraBoldItalic.woff2?v=4.1" [1]
2026-05-18 00:50:19 URL:https://rsms.me/inter/font-files/Inter-Black.woff2?v=4.1 [111668/111668] -> "/Users/briannazajicek/Documents/illuminairy/archives/curious-cardinals-2026-05-18/app-mentors/rsms.me/inter/font-files/Inter-Black.woff2?v=4.1" [1]
2026-05-18 00:50:19 URL:https://rsms.me/inter/font-files/Inter-BlackItalic.woff2?v=4.1 [118420/118420] -> "/Users/briannazajicek/Documents/illuminairy/archives/curious-cardinals-2026-05-18/app-mentors/rsms.me/inter/font-files/Inter-BlackItalic.woff2?v=4.1" [1]
2026-05-18 00:50:19 URL:https://rsms.me/inter/font-files/InterDisplay-Thin.woff2?v=4.1 [108820/108820] -> "/Users/briannazajicek/Documents/illuminairy/archives/curious-cardinals-2026-05-18/app-mentors/rsms.me/inter/font-files/InterDisplay-Thin.woff2?v=4.1" [1]
2026-05-18 00:50:20 URL:https://rsms.me/inter/font-files/InterDisplay-ThinItalic.woff2?v=4.1 [116040/116040] -> "/Users/briannazajicek/Documents/illuminairy/archives/curious-cardinals-2026-05-18/app-mentors/rsms.me/inter/font-files/InterDisplay-ThinItalic.woff2?v=4.1" [1]
2026-05-18 00:50:20 URL:https://rsms.me/inter/font-files/InterDisplay-ExtraLight.woff2?v=4.1 [113108/113108] -> "/Users/briannazajicek/Documents/illuminairy/archives/curious-cardinals-2026-05-18/app-mentors/rsms.me/inter/font-files/InterDisplay-ExtraLight.woff2?v=4.1" [1]
2026-05-18 00:50:21 URL:https://rsms.me/inter/font-files/InterDisplay-ExtraLightItalic.woff2?v=4.1 [120124/120124] -> "/Users/briannazajicek/Documents/illuminairy/archives/curious-cardinals-2026-05-18/app-mentors/rsms.me/inter/font-files/InterDisplay-ExtraLightItalic.woff2?v=4.1" [1]
2026-05-18 00:50:21 URL:https://rsms.me/inter/font-files/InterDisplay-Light.woff2?v=4.1 [112976/112976] -> "/Users/briannazajicek/Documents/illuminairy/archives/curious-cardinals-2026-05-18/app-mentors/rsms.me/inter/font-files/InterDisplay-Light.woff2?v=4.1" [1]
2026-05-18 00:50:21 URL:https://rsms.me/inter/font-files/InterDisplay-LightItalic.woff2?v=4.1 [119692/119692] -> "/Users/briannazajicek/Documents/illuminairy/archives/curious-cardinals-2026-05-18/app-mentors/rsms.me/inter/font-files/InterDisplay-LightItalic.woff2?v=4.1" [1]
2026-05-18 00:50:22 URL:https://rsms.me/inter/font-files/InterDisplay-Regular.woff2?v=4.1 [108948/108948] -> "/Users/briannazajicek/Documents/illuminairy/archives/curious-cardinals-2026-05-18/app-mentors/rsms.me/inter/font-files/InterDisplay-Regular.woff2?v=4.1" [1]
2026-05-18 00:50:22 URL:https://rsms.me/inter/font-files/InterDisplay-Italic.woff2?v=4.1 [116988/116988] -> "/Users/briannazajicek/Documents/illuminairy/archives/curious-cardinals-2026-05-18/app-mentors/rsms.me/inter/font-files/InterDisplay-Italic.woff2?v=4.1" [1]
2026-05-18 00:50:22 URL:https://rsms.me/inter/font-files/InterDisplay-Medium.woff2?v=4.1 [113476/113476] -> "/Users/briannazajicek/Documents/illuminairy/archives/curious-cardinals-2026-05-18/app-mentors/rsms.me/inter/font-files/InterDisplay-Medium.woff2?v=4.1" [1]
2026-05-18 00:50:23 URL:https://rsms.me/inter/font-files/InterDisplay-MediumItalic.woff2?v=4.1 [120560/120560] -> "/Users/briannazajicek/Documents/illuminairy/archives/curious-cardinals-2026-05-18/app-mentors/rsms.me/inter/font-files/InterDisplay-MediumItalic.woff2?v=4.1" [1]
2026-05-18 00:50:23 URL:https://rsms.me/inter/font-files/InterDisplay-SemiBold.woff2?v=4.1 [113772/113772] -> "/Users/briannazajicek/Documents/illuminairy/archives/curious-cardinals-2026-05-18/app-mentors/rsms.me/inter/font-files/InterDisplay-SemiBold.woff2?v=4.1" [1]
2026-05-18 00:50:24 URL:https://rsms.me/inter/font-files/InterDisplay-SemiBoldItalic.woff2?v=4.1 [120468/120468] -> "/Users/briannazajicek/Documents/illuminairy/archives/curious-cardinals-2026-05-18/app-mentors/rsms.me/inter/font-files/InterDisplay-SemiBoldItalic.woff2?v=4.1" [1]
2026-05-18 00:50:24 URL:https://rsms.me/inter/font-files/InterDisplay-Bold.woff2?v=4.1 [113556/113556] -> "/Users/briannazajicek/Documents/illuminairy/archives/curious-cardinals-2026-05-18/app-mentors/rsms.me/inter/font-files/InterDisplay-Bold.woff2?v=4.1" [1]
2026-05-18 00:50:25 URL:https://rsms.me/inter/font-files/InterDisplay-BoldItalic.woff2?v=4.1 [120432/120432] -> "/Users/briannazajicek/Documents/illuminairy/archives/curious-cardinals-2026-05-18/app-mentors/rsms.me/inter/font-files/InterDisplay-BoldItalic.woff2?v=4.1" [1]
2026-05-18 00:50:25 URL:https://rsms.me/inter/font-files/InterDisplay-ExtraBold.woff2?v=4.1 [113636/113636] -> "/Users/briannazajicek/Documents/illuminairy/archives/curious-cardinals-2026-05-18/app-mentors/rsms.me/inter/font-files/InterDisplay-ExtraBold.woff2?v=4.1" [1]
2026-05-18 00:50:26 URL:https://rsms.me/inter/font-files/InterDisplay-ExtraBoldItalic.woff2?v=4.1 [120712/120712] -> "/Users/briannazajicek/Documents/illuminairy/archives/curious-cardinals-2026-05-18/app-mentors/rsms.me/inter/font-files/InterDisplay-ExtraBoldItalic.woff2?v=4.1" [1]
2026-05-18 00:50:26 URL:https://rsms.me/inter/font-files/InterDisplay-Black.woff2?v=4.1 [110308/110308] -> "/Users/briannazajicek/Documents/illuminairy/archives/curious-cardinals-2026-05-18/app-mentors/rsms.me/inter/font-files/InterDisplay-Black.woff2?v=4.1" [1]
2026-05-18 00:50:26 URL:https://rsms.me/inter/font-files/InterDisplay-BlackItalic.woff2?v=4.1 [116820/116820] -> "/Users/briannazajicek/Documents/illuminairy/archives/curious-cardinals-2026-05-18/app-mentors/rsms.me/inter/font-files/InterDisplay-BlackItalic.woff2?v=4.1" [1]
2026-05-18 00:50:27 URL:https://app.curiouscardinals.com/_next/static/media/close.f96586e2.svg [1224/1224] -> "/Users/briannazajicek/Documents/illuminairy/archives/curious-cardinals-2026-05-18/app-mentors/app.curiouscardinals.com/_next/static/media/close.f96586e2.svg" [1]
2026-05-18 00:50:27 URL:https://app.curiouscardinals.com/_next/static/media/download.edbc8d13.svg [1860/1860] -> "/Users/briannazajicek/Documents/illuminairy/archives/curious-cardinals-2026-05-18/app-mentors/app.curiouscardinals.com/_next/static/media/download.edbc8d13.svg" [1]
2026-05-18 00:50:27 URL:https://app.curiouscardinals.com/_next/static/media/play_arrow.ed7c5a05.svg [933/933] -> "/Users/briannazajicek/Documents/illuminairy/archives/curious-cardinals-2026-05-18/app-mentors/app.curiouscardinals.com/_next/static/media/play_arrow.ed7c5a05.svg" [1]
2026-05-18 00:50:28 URL:https://app.curiouscardinals.com/_next/static/media/pause.ef76679b.svg [1010/1010] -> "/Users/briannazajicek/Documents/illuminairy/archives/curious-cardinals-2026-05-18/app-mentors/app.curiouscardinals.com/_next/static/media/pause.ef76679b.svg" [1]
2026-05-18 00:50:28 URL:https://app.curiouscardinals.com/_next/static/media/incoming_video.00534798.svg [1676/1676] -> "/Users/briannazajicek/Documents/illuminairy/archives/curious-cardinals-2026-05-18/app-mentors/app.curiouscardinals.com/_next/static/media/incoming_video.00534798.svg" [1]
2026-05-18 00:50:29 URL:https://app.curiouscardinals.com/_next/static/media/change_scope.3b64ad78.png [19604/19604] -> "/Users/briannazajicek/Documents/illuminairy/archives/curious-cardinals-2026-05-18/app-mentors/app.curiouscardinals.com/_next/static/media/change_scope.3b64ad78.png" [1]
2026-05-18 00:50:29 URL:https://app.curiouscardinals.com/_next/static/media/checkbox_tick.3edd1f4f.svg [265/265] -> "/Users/briannazajicek/Documents/illuminairy/archives/curious-cardinals-2026-05-18/app-mentors/app.curiouscardinals.com/_next/static/media/checkbox_tick.3edd1f4f.svg" [1]
2026-05-18 00:50:30 URL:https://app.curiouscardinals.com/_next/static/media/delete.cfa5217e.svg [1745/1745] -> "/Users/briannazajicek/Documents/illuminairy/archives/curious-cardinals-2026-05-18/app-mentors/app.curiouscardinals.com/_next/static/media/delete.cfa5217e.svg" [1]
2026-05-18 00:50:30 URL:https://app.curiouscardinals.com/_next/static/media/more_icon.0d2a2e1e.svg [1358/1358] -> "/Users/briannazajicek/Documents/illuminairy/archives/curious-cardinals-2026-05-18/app-mentors/app.curiouscardinals.com/_next/static/media/more_icon.0d2a2e1e.svg" [1]
2026-05-18 00:50:30 URL:https://app.curiouscardinals.com/_next/static/media/message_delete.5aac2014.svg [1751/1751] -> "/Users/briannazajicek/Documents/illuminairy/archives/curious-cardinals-2026-05-18/app-mentors/app.curiouscardinals.com/_next/static/media/message_delete.5aac2014.svg" [1]
2026-05-18 00:50:31 URL:https://app.curiouscardinals.com/_next/static/media/collaborative_document_fill.9f662f5c.svg [1459/1459] -> "/Users/briannazajicek/Documents/illuminairy/archives/curious-cardinals-2026-05-18/app-mentors/app.curiouscardinals.com/_next/static/media/collaborative_document_fill.9f662f5c.svg" [1]
2026-05-18 00:50:31 URL:https://app.curiouscardinals.com/_next/static/media/collaborative_whiteboard_fill.f0f620fd.svg [1853/1853] -> "/Users/briannazajicek/Documents/illuminairy/archives/curious-cardinals-2026-05-18/app-mentors/app.curiouscardinals.com/_next/static/media/collaborative_whiteboard_fill.f0f620fd.svg" [1]
2026-05-18 00:50:31 URL:https://app.curiouscardinals.com/_next/static/media/dropdown-arrow.57901fb1.svg [781/781] -> "/Users/briannazajicek/Documents/illuminairy/archives/curious-cardinals-2026-05-18/app-mentors/app.curiouscardinals.com/_next/static/media/dropdown-arrow.57901fb1.svg" [1]
2026-05-18 00:50:32 URL:https://app.curiouscardinals.com/_next/static/media/stop.9bb34c95.svg [686/686] -> "/Users/briannazajicek/Documents/illuminairy/archives/curious-cardinals-2026-05-18/app-mentors/app.curiouscardinals.com/_next/static/media/stop.9bb34c95.svg" [1]
2026-05-18 00:50:32 URL:https://app.curiouscardinals.com/_next/static/media/recording_resume.e3081fab.svg [1757/1757] -> "/Users/briannazajicek/Documents/illuminairy/archives/curious-cardinals-2026-05-18/app-mentors/app.curiouscardinals.com/_next/static/media/recording_resume.e3081fab.svg" [1]
2026-05-18 00:50:32 URL:https://app.curiouscardinals.com/_next/static/media/mic_off.e236e62c.svg [2452/2452] -> "/Users/briannazajicek/Documents/illuminairy/archives/curious-cardinals-2026-05-18/app-mentors/app.curiouscardinals.com/_next/static/media/mic_off.e236e62c.svg" [1]
2026-05-18 00:50:33 URL:https://app.curiouscardinals.com/_next/static/media/send_fill.44c773ea.svg [687/687] -> "/Users/briannazajicek/Documents/illuminairy/archives/curious-cardinals-2026-05-18/app-mentors/app.curiouscardinals.com/_next/static/media/send_fill.44c773ea.svg" [1]
2026-05-18 00:50:33 URL:https://app.curiouscardinals.com/_next/static/media/recording_icon.b5e2ccac.svg [1629/1629] -> "/Users/briannazajicek/Documents/illuminairy/archives/curious-cardinals-2026-05-18/app-mentors/app.curiouscardinals.com/_next/static/media/recording_icon.b5e2ccac.svg" [1]
2026-05-18 00:50:34 URL:https://app.curiouscardinals.com/_next/static/media/error_info.09465711.svg [935/935] -> "/Users/briannazajicek/Documents/illuminairy/archives/curious-cardinals-2026-05-18/app-mentors/app.curiouscardinals.com/_next/static/media/error_info.09465711.svg" [1]
2026-05-18 00:50:34 URL:https://app.curiouscardinals.com/_next/static/media/tooltip.30d5a630.svg [377/377] -> "/Users/briannazajicek/Documents/illuminairy/archives/curious-cardinals-2026-05-18/app-mentors/app.curiouscardinals.com/_next/static/media/tooltip.30d5a630.svg" [1]
2026-05-18 00:50:34 URL:https://app.curiouscardinals.com/_next/static/media/search.ff5cfb77.svg [723/723] -> "/Users/briannazajicek/Documents/illuminairy/archives/curious-cardinals-2026-05-18/app-mentors/app.curiouscardinals.com/_next/static/media/search.ff5cfb77.svg" [1]
2026-05-18 00:50:35 URL:https://app.curiouscardinals.com/_next/static/media/error_icon.1da4b845.svg [2118/2118] -> "/Users/briannazajicek/Documents/illuminairy/archives/curious-cardinals-2026-05-18/app-mentors/app.curiouscardinals.com/_next/static/media/error_icon.1da4b845.svg" [1]
2026-05-18 00:50:35 URL:https://app.curiouscardinals.com/_next/static/media/loading_icon.a2679ae1.svg [1149/1149] -> "/Users/briannazajicek/Documents/illuminairy/archives/curious-cardinals-2026-05-18/app-mentors/app.curiouscardinals.com/_next/static/media/loading_icon.a2679ae1.svg" [1]
2026-05-18 00:50:36 URL:https://app.curiouscardinals.com/_next/static/media/sticker.9e647a27.svg [1659/1659] -> "/Users/briannazajicek/Documents/illuminairy/archives/curious-cardinals-2026-05-18/app-mentors/app.curiouscardinals.com/_next/static/media/sticker.9e647a27.svg" [1]
2026-05-18 00:50:36 URL:https://app.curiouscardinals.com/_next/static/media/call-log_video.a786d706.svg [850/850] -> "/Users/briannazajicek/Documents/illuminairy/archives/curious-cardinals-2026-05-18/app-mentors/app.curiouscardinals.com/_next/static/media/call-log_video.a786d706.svg" [1]
2026-05-18 00:50:37 URL:https://app.curiouscardinals.com/_next/static/media/call-log-audio.d53d70f0.svg [1476/1476] -> "/Users/briannazajicek/Documents/illuminairy/archives/curious-cardinals-2026-05-18/app-mentors/app.curiouscardinals.com/_next/static/media/call-log-audio.d53d70f0.svg" [1]
2026-05-18 00:50:37 URL:https://app.curiouscardinals.com/_next/static/media/call_received.60fa451d.svg [1085/1085] -> "/Users/briannazajicek/Documents/illuminairy/archives/curious-cardinals-2026-05-18/app-mentors/app.curiouscardinals.com/_next/static/media/call_received.60fa451d.svg" [1]
2026-05-18 00:50:37 URL:https://app.curiouscardinals.com/_next/static/media/call_made.b95e3982.svg [1085/1085] -> "/Users/briannazajicek/Documents/illuminairy/archives/curious-cardinals-2026-05-18/app-mentors/app.curiouscardinals.com/_next/static/media/call_made.b95e3982.svg" [1]
2026-05-18 00:50:38 URL:https://app.curiouscardinals.com/_next/static/media/missedCallIcon.de1d55d8.svg [1471/1471] -> "/Users/briannazajicek/Documents/illuminairy/archives/curious-cardinals-2026-05-18/app-mentors/app.curiouscardinals.com/_next/static/media/missedCallIcon.de1d55d8.svg" [1]
2026-05-18 00:50:38 URL:https://app.curiouscardinals.com/_next/static/media/conversations_sent.b2a73427.svg [705/705] -> "/Users/briannazajicek/Documents/illuminairy/archives/curious-cardinals-2026-05-18/app-mentors/app.curiouscardinals.com/_next/static/media/conversations_sent.b2a73427.svg" [1]
2026-05-18 00:50:38 URL:https://app.curiouscardinals.com/_next/static/media/conversations_delivered.1c7d4702.svg [1610/1610] -> "/Users/briannazajicek/Documents/illuminairy/archives/curious-cardinals-2026-05-18/app-mentors/app.curiouscardinals.com/_next/static/media/conversations_delivered.1c7d4702.svg" [1]
2026-05-18 00:50:39 URL:https://app.curiouscardinals.com/_next/static/media/conversations_read.1c7d4702.svg [1610/1610] -> "/Users/briannazajicek/Documents/illuminairy/archives/curious-cardinals-2026-05-18/app-mentors/app.curiouscardinals.com/_next/static/media/conversations_read.1c7d4702.svg" [1]
2026-05-18 00:50:39 URL:https://app.curiouscardinals.com/_next/static/media/conversations_missed-voice-call.d20d3a99.svg [1913/1913] -> "/Users/briannazajicek/Documents/illuminairy/archives/curious-cardinals-2026-05-18/app-mentors/app.curiouscardinals.com/_next/static/media/conversations_missed-voice-call.d20d3a99.svg" [1]
2026-05-18 00:50:39 URL:https://app.curiouscardinals.com/_next/static/media/conversations_missed-video-call.f8f0e4f0.svg [1756/1756] -> "/Users/briannazajicek/Documents/illuminairy/archives/curious-cardinals-2026-05-18/app-mentors/app.curiouscardinals.com/_next/static/media/conversations_missed-video-call.f8f0e4f0.svg" [1]
2026-05-18 00:50:40 URL:https://app.curiouscardinals.com/_next/static/media/conversations_outgoing-voice-call.864d29c8.svg [1941/1941] -> "/Users/briannazajicek/Documents/illuminairy/archives/curious-cardinals-2026-05-18/app-mentors/app.curiouscardinals.com/_next/static/media/conversations_outgoing-voice-call.864d29c8.svg" [1]
2026-05-18 00:50:40 URL:https://app.curiouscardinals.com/_next/static/media/conversations_outgoing-video-call.f91fd3f7.svg [1769/1769] -> "/Users/briannazajicek/Documents/illuminairy/archives/curious-cardinals-2026-05-18/app-mentors/app.curiouscardinals.com/_next/static/media/conversations_outgoing-video-call.f91fd3f7.svg" [1]
2026-05-18 00:50:41 URL:https://app.curiouscardinals.com/_next/static/media/conversations_image-message.3c9075a1.svg [1247/1247] -> "/Users/briannazajicek/Documents/illuminairy/archives/curious-cardinals-2026-05-18/app-mentors/app.curiouscardinals.com/_next/static/media/conversations_image-message.3c9075a1.svg" [1]
2026-05-18 00:50:41 URL:https://app.curiouscardinals.com/_next/static/media/conversations_file-message.a88f78ef.svg [1695/1695] -> "/Users/briannazajicek/Documents/illuminairy/archives/curious-cardinals-2026-05-18/app-mentors/app.curiouscardinals.com/_next/static/media/conversations_file-message.a88f78ef.svg" [1]
2026-05-18 00:50:41 URL:https://app.curiouscardinals.com/_next/static/media/conversations_video-message.91bd58b6.svg [983/983] -> "/Users/briannazajicek/Documents/illuminairy/archives/curious-cardinals-2026-05-18/app-mentors/app.curiouscardinals.com/_next/static/media/conversations_video-message.91bd58b6.svg" [1]
2026-05-18 00:50:42 URL:https://app.curiouscardinals.com/_next/static/media/conversations_audio-message.b9309277.svg [1754/1754] -> "/Users/briannazajicek/Documents/illuminairy/archives/curious-cardinals-2026-05-18/app-mentors/app.curiouscardinals.com/_next/static/media/conversations_audio-message.b9309277.svg" [1]
2026-05-18 00:50:42 URL:https://app.curiouscardinals.com/_next/static/media/conversations_poll-message.cd7e1ba5.svg [1338/1338] -> "/Users/briannazajicek/Documents/illuminairy/archives/curious-cardinals-2026-05-18/app-mentors/app.curiouscardinals.com/_next/static/media/conversations_poll-message.cd7e1ba5.svg" [1]
2026-05-18 00:50:43 URL:https://app.curiouscardinals.com/_next/static/media/conversations_sticker-message.45d2a7a2.svg [514/514] -> "/Users/briannazajicek/Documents/illuminairy/archives/curious-cardinals-2026-05-18/app-mentors/app.curiouscardinals.com/_next/static/media/conversations_sticker-message.45d2a7a2.svg" [1]
2026-05-18 00:50:43 URL:https://app.curiouscardinals.com/_next/static/media/conversations_collaborative-document-message.3b39c46e.svg [1460/1460] -> "/Users/briannazajicek/Documents/illuminairy/archives/curious-cardinals-2026-05-18/app-mentors/app.curiouscardinals.com/_next/static/media/conversations_collaborative-document-message.3b39c46e.svg" [1]
2026-05-18 00:50:43 URL:https://app.curiouscardinals.com/_next/static/media/conversations_collaborative-whiteboard-message.a2e431da.svg [1917/1917] -> "/Users/briannazajicek/Documents/illuminairy/archives/curious-cardinals-2026-05-18/app-mentors/app.curiouscardinals.com/_next/static/media/conversations_collaborative-whiteboard-message.a2e431da.svg" [1]
2026-05-18 00:50:44 URL:https://app.curiouscardinals.com/_next/static/media/conversations_delete.5aac2014.svg [1751/1751] -> "/Users/briannazajicek/Documents/illuminairy/archives/curious-cardinals-2026-05-18/app-mentors/app.curiouscardinals.com/_next/static/media/conversations_delete.5aac2014.svg" [1]
2026-05-18 00:50:44 URL:https://app.curiouscardinals.com/_next/static/media/conversations_link.d69fb012.svg [2327/2327] -> "/Users/briannazajicek/Documents/illuminairy/archives/curious-cardinals-2026-05-18/app-mentors/app.curiouscardinals.com/_next/static/media/conversations_link.d69fb012.svg" [1]
2026-05-18 00:50:45 URL:https://app.curiouscardinals.com/_next/static/media/conversations_thread.b1b800a5.svg [1358/1358] -> "/Users/briannazajicek/Documents/illuminairy/archives/curious-cardinals-2026-05-18/app-mentors/app.curiouscardinals.com/_next/static/media/conversations_thread.b1b800a5.svg" [1]
2026-05-18 00:50:45 URL:https://app.curiouscardinals.com/_next/static/media/lock.4b7687ff.svg [1489/1489] -> "/Users/briannazajicek/Documents/illuminairy/archives/curious-cardinals-2026-05-18/app-mentors/app.curiouscardinals.com/_next/static/media/lock.4b7687ff.svg" [1]
2026-05-18 00:50:45 URL:https://app.curiouscardinals.com/_next/static/media/shield.d1787c9f.svg [810/810] -> "/Users/briannazajicek/Documents/illuminairy/archives/curious-cardinals-2026-05-18/app-mentors/app.curiouscardinals.com/_next/static/media/shield.d1787c9f.svg" [1]
2026-05-18 00:50:46 URL:https://app.curiouscardinals.com/_next/static/media/delete_icon.9d02c80b.svg [1824/1824] -> "/Users/briannazajicek/Documents/illuminairy/archives/curious-cardinals-2026-05-18/app-mentors/app.curiouscardinals.com/_next/static/media/delete_icon.9d02c80b.svg" [1]
2026-05-18 00:50:47 URL:https://app.curiouscardinals.com/_next/static/media/conversations_empty_state.c654ea4d.svg [8700/8700] -> "/Users/briannazajicek/Documents/illuminairy/archives/curious-cardinals-2026-05-18/app-mentors/app.curiouscardinals.com/_next/static/media/conversations_empty_state.c654ea4d.svg" [1]
2026-05-18 00:50:47 URL:https://app.curiouscardinals.com/_next/static/media/list_error_state_icon.9fbea0ad.svg [3184/3184] -> "/Users/briannazajicek/Documents/illuminairy/archives/curious-cardinals-2026-05-18/app-mentors/app.curiouscardinals.com/_next/static/media/list_error_state_icon.9fbea0ad.svg" [1]
2026-05-18 00:50:47 URL:https://app.curiouscardinals.com/_next/static/media/arrow_back.57295352.svg [1139/1139] -> "/Users/briannazajicek/Documents/illuminairy/archives/curious-cardinals-2026-05-18/app-mentors/app.curiouscardinals.com/_next/static/media/arrow_back.57295352.svg" [1]
2026-05-18 00:50:48 URL:https://app.curiouscardinals.com/_next/static/media/status_sending.10bbdf20.svg [1859/1859] -> "/Users/briannazajicek/Documents/illuminairy/archives/curious-cardinals-2026-05-18/app-mentors/app.curiouscardinals.com/_next/static/media/status_sending.10bbdf20.svg" [1]
2026-05-18 00:50:48 URL:https://app.curiouscardinals.com/_next/static/media/status_sent.ffa2c0f2.svg [724/724] -> "/Users/briannazajicek/Documents/illuminairy/archives/curious-cardinals-2026-05-18/app-mentors/app.curiouscardinals.com/_next/static/media/status_sent.ffa2c0f2.svg" [1]
2026-05-18 00:50:48 URL:https://app.curiouscardinals.com/_next/static/media/status_delivered.7b9437af.svg [1657/1657] -> "/Users/briannazajicek/Documents/illuminairy/archives/curious-cardinals-2026-05-18/app-mentors/app.curiouscardinals.com/_next/static/media/status_delivered.7b9437af.svg" [1]
2026-05-18 00:50:49 URL:https://app.curiouscardinals.com/_next/static/media/status_read.ba282aac.svg [1615/1615] -> "/Users/briannazajicek/Documents/illuminairy/archives/curious-cardinals-2026-05-18/app-mentors/app.curiouscardinals.com/_next/static/media/status_read.ba282aac.svg" [1]
2026-05-18 00:50:49 URL:https://app.curiouscardinals.com/_next/static/media/missed_video_call_no_fill.bbeee504.svg [1799/1799] -> "/Users/briannazajicek/Documents/illuminairy/archives/curious-cardinals-2026-05-18/app-mentors/app.curiouscardinals.com/_next/static/media/missed_video_call_no_fill.bbeee504.svg" [1]
2026-05-18 00:50:50 URL:https://app.curiouscardinals.com/_next/static/media/call_end_no_fill.f2ef16a7.svg [1448/1448] -> "/Users/briannazajicek/Documents/illuminairy/archives/curious-cardinals-2026-05-18/app-mentors/app.curiouscardinals.com/_next/static/media/call_end_no_fill.f2ef16a7.svg" [1]
2026-05-18 00:50:50 URL:https://app.curiouscardinals.com/_next/static/media/outgoing_video_no_fill.f61abe50.svg [1563/1563] -> "/Users/briannazajicek/Documents/illuminairy/archives/curious-cardinals-2026-05-18/app-mentors/app.curiouscardinals.com/_next/static/media/outgoing_video_no_fill.f61abe50.svg" [1]
2026-05-18 00:50:51 URL:https://app.curiouscardinals.com/_next/static/media/incoming_video_no_fill.148d1bd5.svg [1608/1608] -> "/Users/briannazajicek/Documents/illuminairy/archives/curious-cardinals-2026-05-18/app-mentors/app.curiouscardinals.com/_next/static/media/incoming_video_no_fill.148d1bd5.svg" [1]
2026-05-18 00:50:51 URL:https://app.curiouscardinals.com/_next/static/media/video_call_button.38340e01.svg [886/886] -> "/Users/briannazajicek/Documents/illuminairy/archives/curious-cardinals-2026-05-18/app-mentors/app.curiouscardinals.com/_next/static/media/video_call_button.38340e01.svg" [1]
2026-05-18 00:50:51 URL:https://app.curiouscardinals.com/_next/static/media/phone_missed_no_fill.8a22716a.svg [2320/2320] -> "/Users/briannazajicek/Documents/illuminairy/archives/curious-cardinals-2026-05-18/app-mentors/app.curiouscardinals.com/_next/static/media/phone_missed_no_fill.8a22716a.svg" [1]
2026-05-18 00:50:52 URL:https://app.curiouscardinals.com/_next/static/media/phone_outgoing_no_fill.a135fe29.svg [2659/2659] -> "/Users/briannazajicek/Documents/illuminairy/archives/curious-cardinals-2026-05-18/app-mentors/app.curiouscardinals.com/_next/static/media/phone_outgoing_no_fill.a135fe29.svg" [1]
2026-05-18 00:50:52 URL:https://app.curiouscardinals.com/_next/static/media/phone_incoming_no_fill.f0f14f5d.svg [2633/2633] -> "/Users/briannazajicek/Documents/illuminairy/archives/curious-cardinals-2026-05-18/app-mentors/app.curiouscardinals.com/_next/static/media/phone_incoming_no_fill.f0f14f5d.svg" [1]
2026-05-18 00:50:53 URL:https://app.curiouscardinals.com/_next/static/media/audio_call_button.4fda01b6.svg [1512/1512] -> "/Users/briannazajicek/Documents/illuminairy/archives/curious-cardinals-2026-05-18/app-mentors/app.curiouscardinals.com/_next/static/media/audio_call_button.4fda01b6.svg" [1]
2026-05-18 00:50:53 URL:https://app.curiouscardinals.com/_next/static/media/Spinner-Gradient-1.50cbbe35.svg [2185/2185] -> "/Users/briannazajicek/Documents/illuminairy/archives/curious-cardinals-2026-05-18/app-mentors/app.curiouscardinals.com/_next/static/media/Spinner-Gradient-1.50cbbe35.svg" [1]
2026-05-18 00:50:53 URL:https://app.curiouscardinals.com/_next/static/media/Roboto-Black.cf9b4c79.ttf [168060/168060] -> "/Users/briannazajicek/Documents/illuminairy/archives/curious-cardinals-2026-05-18/app-mentors/app.curiouscardinals.com/_next/static/media/Roboto-Black.cf9b4c79.ttf" [1]
2026-05-18 00:50:54 URL:https://app.curiouscardinals.com/_next/static/media/Roboto-BlackItalic.cc1dbbb7.ttf [174108/174108] -> "/Users/briannazajicek/Documents/illuminairy/archives/curious-cardinals-2026-05-18/app-mentors/app.curiouscardinals.com/_next/static/media/Roboto-BlackItalic.cc1dbbb7.ttf" [1]
2026-05-18 00:50:54 URL:https://app.curiouscardinals.com/_next/static/media/Roboto-Bold.a5947e77.ttf [167336/167336] -> "/Users/briannazajicek/Documents/illuminairy/archives/curious-cardinals-2026-05-18/app-mentors/app.curiouscardinals.com/_next/static/media/Roboto-Bold.a5947e77.ttf" [1]
2026-05-18 00:50:55 URL:https://app.curiouscardinals.com/_next/static/media/Roboto-BoldItalic.13f5ef80.ttf [171508/171508] -> "/Users/briannazajicek/Documents/illuminairy/archives/curious-cardinals-2026-05-18/app-mentors/app.curiouscardinals.com/_next/static/media/Roboto-BoldItalic.13f5ef80.ttf" [1]
2026-05-18 00:50:55 URL:https://app.curiouscardinals.com/_next/static/media/Roboto-Regular.8ff69652.ttf [168260/168260] -> "/Users/briannazajicek/Documents/illuminairy/archives/curious-cardinals-2026-05-18/app-mentors/app.curiouscardinals.com/_next/static/media/Roboto-Regular.8ff69652.ttf" [1]
2026-05-18 00:50:56 URL:https://app.curiouscardinals.com/_next/static/media/Roboto-Italic.bc297ed5.ttf [170504/170504] -> "/Users/briannazajicek/Documents/illuminairy/archives/curious-cardinals-2026-05-18/app-mentors/app.curiouscardinals.com/_next/static/media/Roboto-Italic.bc297ed5.ttf" [1]
2026-05-18 00:50:56 URL:https://app.curiouscardinals.com/_next/static/media/Roboto-Light.cf1d77a2.ttf [167000/167000] -> "/Users/briannazajicek/Documents/illuminairy/archives/curious-cardinals-2026-05-18/app-mentors/app.curiouscardinals.com/_next/static/media/Roboto-Light.cf1d77a2.ttf" [1]
2026-05-18 00:50:56 URL:https://app.curiouscardinals.com/_next/static/media/Roboto-LightItalic.73657c5d.ttf [173172/173172] -> "/Users/briannazajicek/Documents/illuminairy/archives/curious-cardinals-2026-05-18/app-mentors/app.curiouscardinals.com/_next/static/media/Roboto-LightItalic.73657c5d.ttf" [1]
2026-05-18 00:50:57 URL:https://app.curiouscardinals.com/_next/static/media/Roboto-Medium.530bae4d.ttf [168644/168644] -> "/Users/briannazajicek/Documents/illuminairy/archives/curious-cardinals-2026-05-18/app-mentors/app.curiouscardinals.com/_next/static/media/Roboto-Medium.530bae4d.ttf" [1]
2026-05-18 00:50:57 URL:https://app.curiouscardinals.com/_next/static/media/Roboto-MediumItalic.3459c5e4.ttf [173416/173416] -> "/Users/briannazajicek/Documents/illuminairy/archives/curious-cardinals-2026-05-18/app-mentors/app.curiouscardinals.com/_next/static/media/Roboto-MediumItalic.3459c5e4.ttf" [1]
2026-05-18 00:50:58 URL:https://app.curiouscardinals.com/_next/static/media/block.7273eaae.svg [1582/1582] -> "/Users/briannazajicek/Documents/illuminairy/archives/curious-cardinals-2026-05-18/app-mentors/app.curiouscardinals.com/_next/static/media/block.7273eaae.svg" [1]
2026-05-18 00:50:58 URL:https://app.curiouscardinals.com/_next/static/media/cometchat_logo.bf2fea3e.svg [12515/12515] -> "/Users/briannazajicek/Documents/illuminairy/archives/curious-cardinals-2026-05-18/app-mentors/app.curiouscardinals.com/_next/static/media/cometchat_logo.bf2fea3e.svg" [1]
2026-05-18 00:50:59 URL:https://app.curiouscardinals.com/_next/static/media/user_empty.1825e8eb.svg [1314/1314] -> "/Users/briannazajicek/Documents/illuminairy/archives/curious-cardinals-2026-05-18/app-mentors/app.curiouscardinals.com/_next/static/media/user_empty.1825e8eb.svg" [1]
2026-05-18 00:50:59 URL:https://app.curiouscardinals.com/_next/static/media/close.053e0e4b.svg [761/761] -> "/Users/briannazajicek/Documents/illuminairy/archives/curious-cardinals-2026-05-18/app-mentors/app.curiouscardinals.com/_next/static/media/close.053e0e4b.svg" [1]
2026-05-18 00:51:00 URL:https://app.curiouscardinals.com/_next/static/media/downloadRecording.9b7ee4e1.svg [1645/1645] -> "/Users/briannazajicek/Documents/illuminairy/archives/curious-cardinals-2026-05-18/app-mentors/app.curiouscardinals.com/_next/static/media/downloadRecording.9b7ee4e1.svg" [1]
2026-05-18 00:51:00 URL:https://app.curiouscardinals.com/_next/static/media/callRecordingEmpty.30093848.svg [500/500] -> "/Users/briannazajicek/Documents/illuminairy/archives/curious-cardinals-2026-05-18/app-mentors/app.curiouscardinals.com/_next/static/media/callRecordingEmpty.30093848.svg" [1]
2026-05-18 00:51:00 URL:https://app.curiouscardinals.com/_next/static/media/leaveGroup.9419bffb.svg [1602/1602] -> "/Users/briannazajicek/Documents/illuminairy/archives/curious-cardinals-2026-05-18/app-mentors/app.curiouscardinals.com/_next/static/media/leaveGroup.9419bffb.svg" [1]
2026-05-18 00:51:01 URL:https://app.curiouscardinals.com/_next/static/media/addMembers.1d74a9fb.svg [2751/2751] -> "/Users/briannazajicek/Documents/illuminairy/archives/curious-cardinals-2026-05-18/app-mentors/app.curiouscardinals.com/_next/static/media/addMembers.1d74a9fb.svg" [1]
2026-05-18 00:51:01 URL:https://app.curiouscardinals.com/_next/static/media/delete.d218c81f.svg [1001/1001] -> "/Users/briannazajicek/Documents/illuminairy/archives/curious-cardinals-2026-05-18/app-mentors/app.curiouscardinals.com/_next/static/media/delete.d218c81f.svg" [1]
2026-05-18 00:51:02 URL:https://app.curiouscardinals.com/_next/static/media/right-tick-icon.c641a083.svg [720/720] -> "/Users/briannazajicek/Documents/illuminairy/archives/curious-cardinals-2026-05-18/app-mentors/app.curiouscardinals.com/_next/static/media/right-tick-icon.c641a083.svg" [1]
2026-05-18 00:51:02 URL:https://app.curiouscardinals.com/_next/static/media/emptyStateIconChat.72356b5e.svg [2875/2875] -> "/Users/briannazajicek/Documents/illuminairy/archives/curious-cardinals-2026-05-18/app-mentors/app.curiouscardinals.com/_next/static/media/emptyStateIconChat.72356b5e.svg" [1]
2026-05-18 00:51:03 URL:https://app.curiouscardinals.com/_next/static/media/call_empty.582355ec.svg [1376/1376] -> "/Users/briannazajicek/Documents/illuminairy/archives/curious-cardinals-2026-05-18/app-mentors/app.curiouscardinals.com/_next/static/media/call_empty.582355ec.svg" [1]
2026-05-18 00:51:03 URL:https://app.curiouscardinals.com/_next/static/media/infoIcon.a4bafb71.svg [2146/2146] -> "/Users/briannazajicek/Documents/illuminairy/archives/curious-cardinals-2026-05-18/app-mentors/app.curiouscardinals.com/_next/static/media/infoIcon.a4bafb71.svg" [1]
2026-05-18 00:51:03 URL:https://app.curiouscardinals.com/_next/static/media/start_chat.2e7fd1c8.svg [1521/1521] -> "/Users/briannazajicek/Documents/illuminairy/archives/curious-cardinals-2026-05-18/app-mentors/app.curiouscardinals.com/_next/static/media/start_chat.2e7fd1c8.svg" [1]
2026-05-18 00:51:04 URL:https://app.curiouscardinals.com/_next/static/media/user.995cd294.svg [2687/2687] -> "/Users/briannazajicek/Documents/illuminairy/archives/curious-cardinals-2026-05-18/app-mentors/app.curiouscardinals.com/_next/static/media/user.995cd294.svg" [1]
2026-05-18 00:51:04 URL:https://app.curiouscardinals.com/_next/static/media/logout.f3381e16.svg [1566/1566] -> "/Users/briannazajicek/Documents/illuminairy/archives/curious-cardinals-2026-05-18/app-mentors/app.curiouscardinals.com/_next/static/media/logout.f3381e16.svg" [1]
2026-05-18 00:51:04 URL:https://app.curiouscardinals.com/_next/static/media/create-group.e96f28a2.svg [2802/2802] -> "/Users/briannazajicek/Documents/illuminairy/archives/curious-cardinals-2026-05-18/app-mentors/app.curiouscardinals.com/_next/static/media/create-group.e96f28a2.svg" [1]
2026-05-18 00:51:05 URL:https://app.curiouscardinals.com/_next/static/media/chats.32eb0f32.svg [2057/2057] -> "/Users/briannazajicek/Documents/illuminairy/archives/curious-cardinals-2026-05-18/app-mentors/app.curiouscardinals.com/_next/static/media/chats.32eb0f32.svg" [1]
2026-05-18 00:51:05 URL:https://app.curiouscardinals.com/_next/static/media/calls.e439b692.svg [1493/1493] -> "/Users/briannazajicek/Documents/illuminairy/archives/curious-cardinals-2026-05-18/app-mentors/app.curiouscardinals.com/_next/static/media/calls.e439b692.svg" [1]
2026-05-18 00:51:06 URL:https://app.curiouscardinals.com/_next/static/media/users.ca55c841.svg [1907/1907] -> "/Users/briannazajicek/Documents/illuminairy/archives/curious-cardinals-2026-05-18/app-mentors/app.curiouscardinals.com/_next/static/media/users.ca55c841.svg" [1]
2026-05-18 00:51:06 URL:https://app.curiouscardinals.com/_next/static/media/groups.cb1e488d.svg [3112/3112] -> "/Users/briannazajicek/Documents/illuminairy/archives/curious-cardinals-2026-05-18/app-mentors/app.curiouscardinals.com/_next/static/media/groups.cb1e488d.svg" [1]
2026-05-18 00:51:07 URL:https://app.curiouscardinals.com/mentors/chloe-thai [8055/8055] -> "/Users/briannazajicek/Documents/illuminairy/archives/curious-cardinals-2026-05-18/app-mentors/app.curiouscardinals.com/mentors/chloe-thai.html" [1]
2026-05-18 00:51:07 URL:https://app.curiouscardinals.com/_next/static/css/6065b057bd70c3f9.css [345/345] -> "/Users/briannazajicek/Documents/illuminairy/archives/curious-cardinals-2026-05-18/app-mentors/app.curiouscardinals.com/_next/static/css/6065b057bd70c3f9.css" [1]
2026-05-18 00:51:07 URL:https://app.curiouscardinals.com/_next/static/chunks/37a763b4-c9374818b3069427.js [354583/354583] -> "/Users/briannazajicek/Documents/illuminairy/archives/curious-cardinals-2026-05-18/app-mentors/app.curiouscardinals.com/_next/static/chunks/37a763b4-c9374818b3069427.js" [1]
2026-05-18 00:51:08 URL:https://app.curiouscardinals.com/_next/static/chunks/2294-21839965fb19ff3d.js [372088/372088] -> "/Users/briannazajicek/Documents/illuminairy/archives/curious-cardinals-2026-05-18/app-mentors/app.curiouscardinals.com/_next/static/chunks/2294-21839965fb19ff3d.js" [1]
2026-05-18 00:51:08 URL:https://app.curiouscardinals.com/_next/static/chunks/9145-c8076535f85f2cd6.js [43887/43887] -> "/Users/briannazajicek/Documents/illuminairy/archives/curious-cardinals-2026-05-18/app-mentors/app.curiouscardinals.com/_next/static/chunks/9145-c8076535f85f2cd6.js" [1]
2026-05-18 00:51:09 URL:https://app.curiouscardinals.com/_next/static/chunks/pages/mentors/%5Bslug%5D-114a74e778bf2bc0.js [5751/5751] -> "/Users/briannazajicek/Documents/illuminairy/archives/curious-cardinals-2026-05-18/app-mentors/app.curiouscardinals.com/_next/static/chunks/pages/mentors/[slug]-114a74e778bf2bc0.js" [1]
2026-05-18 00:51:09 URL:https://app.curiouscardinals.com/mentors/riley-feng [13784/13784] -> "/Users/briannazajicek/Documents/illuminairy/archives/curious-cardinals-2026-05-18/app-mentors/app.curiouscardinals.com/mentors/riley-feng.html" [1]
2026-05-18 00:51:10 URL:https://app.curiouscardinals.com/mentors/samuel-kagan [10635/10635] -> "/Users/briannazajicek/Documents/illuminairy/archives/curious-cardinals-2026-05-18/app-mentors/app.curiouscardinals.com/mentors/samuel-kagan.html" [1]
2026-05-18 00:51:11 URL:https://app.curiouscardinals.com/mentors/nicholas-schoenbrodt [12058/12058] -> "/Users/briannazajicek/Documents/illuminairy/archives/curious-cardinals-2026-05-18/app-mentors/app.curiouscardinals.com/mentors/nicholas-schoenbrodt.html" [1]
2026-05-18 00:51:11 URL:https://app.curiouscardinals.com/mentors/neel-narayan [7533/7533] -> "/Users/briannazajicek/Documents/illuminairy/archives/curious-cardinals-2026-05-18/app-mentors/app.curiouscardinals.com/mentors/neel-narayan.html" [1]
2026-05-18 00:51:12 URL:https://app.curiouscardinals.com/mentors/paige-olson [9544/9544] -> "/Users/briannazajicek/Documents/illuminairy/archives/curious-cardinals-2026-05-18/app-mentors/app.curiouscardinals.com/mentors/paige-olson.html" [1]
2026-05-18 00:51:13 URL:https://app.curiouscardinals.com/mentors/damon-gilbert [16936/16936] -> "/Users/briannazajicek/Documents/illuminairy/archives/curious-cardinals-2026-05-18/app-mentors/app.curiouscardinals.com/mentors/damon-gilbert.html" [1]
2026-05-18 00:51:13 URL:https://app.curiouscardinals.com/mentors/camila-katz-1 [9094/9094] -> "/Users/briannazajicek/Documents/illuminairy/archives/curious-cardinals-2026-05-18/app-mentors/app.curiouscardinals.com/mentors/camila-katz-1.html" [1]
2026-05-18 00:51:14 URL:https://app.curiouscardinals.com/mentors/alden-forbes [8318/8318] -> "/Users/briannazajicek/Documents/illuminairy/archives/curious-cardinals-2026-05-18/app-mentors/app.curiouscardinals.com/mentors/alden-forbes.html" [1]
2026-05-18 00:51:14 URL:https://app.curiouscardinals.com/mentors/laura-rockefeller [8604/8604] -> "/Users/briannazajicek/Documents/illuminairy/archives/curious-cardinals-2026-05-18/app-mentors/app.curiouscardinals.com/mentors/laura-rockefeller.html" [1]
2026-05-18 00:51:15 URL:https://app.curiouscardinals.com/mentors/ellie-miller-2 [14193/14193] -> "/Users/briannazajicek/Documents/illuminairy/archives/curious-cardinals-2026-05-18/app-mentors/app.curiouscardinals.com/mentors/ellie-miller-2.html" [1]
2026-05-18 00:51:16 URL:https://app.curiouscardinals.com/mentors/lina-ngazi [8457/8457] -> "/Users/briannazajicek/Documents/illuminairy/archives/curious-cardinals-2026-05-18/app-mentors/app.curiouscardinals.com/mentors/lina-ngazi.html" [1]
2026-05-18 00:51:16 URL:https://app.curiouscardinals.com/mentors/mehdi-jean [8800/8800] -> "/Users/briannazajicek/Documents/illuminairy/archives/curious-cardinals-2026-05-18/app-mentors/app.curiouscardinals.com/mentors/mehdi-jean.html" [1]
2026-05-18 00:51:17 URL:https://app.curiouscardinals.com/mentors/anika-agarwal [11512/11512] -> "/Users/briannazajicek/Documents/illuminairy/archives/curious-cardinals-2026-05-18/app-mentors/app.curiouscardinals.com/mentors/anika-agarwal.html" [1]
2026-05-18 00:51:17 URL:https://app.curiouscardinals.com/mentors/matt-cummings [14151/14151] -> "/Users/briannazajicek/Documents/illuminairy/archives/curious-cardinals-2026-05-18/app-mentors/app.curiouscardinals.com/mentors/matt-cummings.html" [1]
2026-05-18 00:51:18 URL:https://app.curiouscardinals.com/mentors/jack-mckinnon [9079/9079] -> "/Users/briannazajicek/Documents/illuminairy/archives/curious-cardinals-2026-05-18/app-mentors/app.curiouscardinals.com/mentors/jack-mckinnon.html" [1]
2026-05-18 00:51:18 URL:https://app.curiouscardinals.com/mentors/kenia-zepeda [9408/9408] -> "/Users/briannazajicek/Documents/illuminairy/archives/curious-cardinals-2026-05-18/app-mentors/app.curiouscardinals.com/mentors/kenia-zepeda.html" [1]
2026-05-18 00:51:20 URL:https://app.curiouscardinals.com/mentors/shanerockett-shanerockett [8045/8045] -> "/Users/briannazajicek/Documents/illuminairy/archives/curious-cardinals-2026-05-18/app-mentors/app.curiouscardinals.com/mentors/shanerockett-shanerockett.html" [1]
2026-05-18 00:51:20 URL:https://app.curiouscardinals.com/mentors/cora-wen [8426/8426] -> "/Users/briannazajicek/Documents/illuminairy/archives/curious-cardinals-2026-05-18/app-mentors/app.curiouscardinals.com/mentors/cora-wen.html" [1]
2026-05-18 00:51:21 URL:https://app.curiouscardinals.com/mentors/maya-vaknin [12957/12957] -> "/Users/briannazajicek/Documents/illuminairy/archives/curious-cardinals-2026-05-18/app-mentors/app.curiouscardinals.com/mentors/maya-vaknin.html" [1]
2026-05-18 00:51:22 URL:https://app.curiouscardinals.com/mentors/jonathan-chen [10653/10653] -> "/Users/briannazajicek/Documents/illuminairy/archives/curious-cardinals-2026-05-18/app-mentors/app.curiouscardinals.com/mentors/jonathan-chen.html" [1]
2026-05-18 00:51:22 URL:https://app.curiouscardinals.com/mentors/regan-lavin [8211/8211] -> "/Users/briannazajicek/Documents/illuminairy/archives/curious-cardinals-2026-05-18/app-mentors/app.curiouscardinals.com/mentors/regan-lavin.html" [1]
2026-05-18 00:51:23 URL:https://app.curiouscardinals.com/mentors/grace-haviland [8605/8605] -> "/Users/briannazajicek/Documents/illuminairy/archives/curious-cardinals-2026-05-18/app-mentors/app.curiouscardinals.com/mentors/grace-haviland.html" [1]
2026-05-18 00:51:23 URL:https://app.curiouscardinals.com/mentors/arbaaz-karim [12736/12736] -> "/Users/briannazajicek/Documents/illuminairy/archives/curious-cardinals-2026-05-18/app-mentors/app.curiouscardinals.com/mentors/arbaaz-karim.html" [1]
2026-05-18 00:51:24 URL:https://app.curiouscardinals.com/mentors/natalia-torres [9433/9433] -> "/Users/briannazajicek/Documents/illuminairy/archives/curious-cardinals-2026-05-18/app-mentors/app.curiouscardinals.com/mentors/natalia-torres.html" [1]
2026-05-18 00:51:24 URL:https://app.curiouscardinals.com/mentors/katherine-hessler [11949/11949] -> "/Users/briannazajicek/Documents/illuminairy/archives/curious-cardinals-2026-05-18/app-mentors/app.curiouscardinals.com/mentors/katherine-hessler.html" [1]
2026-05-18 00:51:25 URL:https://app.curiouscardinals.com/mentors/milkay-teysir [16695/16695] -> "/Users/briannazajicek/Documents/illuminairy/archives/curious-cardinals-2026-05-18/app-mentors/app.curiouscardinals.com/mentors/milkay-teysir.html" [1]
2026-05-18 00:51:25 URL:https://app.curiouscardinals.com/mentors/james-jette [8006/8006] -> "/Users/briannazajicek/Documents/illuminairy/archives/curious-cardinals-2026-05-18/app-mentors/app.curiouscardinals.com/mentors/james-jette.html" [1]
2026-05-18 00:51:26 URL:https://app.curiouscardinals.com/mentors/madeline-lei [14354/14354] -> "/Users/briannazajicek/Documents/illuminairy/archives/curious-cardinals-2026-05-18/app-mentors/app.curiouscardinals.com/mentors/madeline-lei.html" [1]
2026-05-18 00:51:27 URL:https://app.curiouscardinals.com/mentors/devan-paul [15185/15185] -> "/Users/briannazajicek/Documents/illuminairy/archives/curious-cardinals-2026-05-18/app-mentors/app.curiouscardinals.com/mentors/devan-paul.html" [1]
2026-05-18 00:51:27 URL:https://app.curiouscardinals.com/mentors/cham-han [13947/13947] -> "/Users/briannazajicek/Documents/illuminairy/archives/curious-cardinals-2026-05-18/app-mentors/app.curiouscardinals.com/mentors/cham-han.html" [1]
2026-05-18 00:51:28 URL:https://app.curiouscardinals.com/mentors/isabella-russo [11773/11773] -> "/Users/briannazajicek/Documents/illuminairy/archives/curious-cardinals-2026-05-18/app-mentors/app.curiouscardinals.com/mentors/isabella-russo.html" [1]
2026-05-18 00:51:29 URL:https://app.curiouscardinals.com/mentors/frances-keohane [25679/25679] -> "/Users/briannazajicek/Documents/illuminairy/archives/curious-cardinals-2026-05-18/app-mentors/app.curiouscardinals.com/mentors/frances-keohane.html" [1]
2026-05-18 00:51:29 URL:https://app.curiouscardinals.com/mentors/eric-olvera [10723/10723] -> "/Users/briannazajicek/Documents/illuminairy/archives/curious-cardinals-2026-05-18/app-mentors/app.curiouscardinals.com/mentors/eric-olvera.html" [1]
2026-05-18 00:51:30 URL:https://app.curiouscardinals.com/mentors/joseph-ruelas [8624/8624] -> "/Users/briannazajicek/Documents/illuminairy/archives/curious-cardinals-2026-05-18/app-mentors/app.curiouscardinals.com/mentors/joseph-ruelas.html" [1]
2026-05-18 00:51:30 URL:https://app.curiouscardinals.com/mentors/ilaria-chen [14825/14825] -> "/Users/briannazajicek/Documents/illuminairy/archives/curious-cardinals-2026-05-18/app-mentors/app.curiouscardinals.com/mentors/ilaria-chen.html" [1]
2026-05-18 00:51:31 URL:https://app.curiouscardinals.com/mentors/sofia-tosoni [8534/8534] -> "/Users/briannazajicek/Documents/illuminairy/archives/curious-cardinals-2026-05-18/app-mentors/app.curiouscardinals.com/mentors/sofia-tosoni.html" [1]
2026-05-18 00:51:32 URL:https://app.curiouscardinals.com/mentors/jung-eun [14746/14746] -> "/Users/briannazajicek/Documents/illuminairy/archives/curious-cardinals-2026-05-18/app-mentors/app.curiouscardinals.com/mentors/jung-eun.html" [1]
2026-05-18 00:51:32 URL:https://app.curiouscardinals.com/mentors/rebecca-debenedictis [15717/15717] -> "/Users/briannazajicek/Documents/illuminairy/archives/curious-cardinals-2026-05-18/app-mentors/app.curiouscardinals.com/mentors/rebecca-debenedictis.html" [1]
2026-05-18 00:51:33 URL:https://app.curiouscardinals.com/mentors/andrew-h [11459/11459] -> "/Users/briannazajicek/Documents/illuminairy/archives/curious-cardinals-2026-05-18/app-mentors/app.curiouscardinals.com/mentors/andrew-h.html" [1]
2026-05-18 00:51:33 URL:https://app.curiouscardinals.com/mentors/alec-biermann [14205/14205] -> "/Users/briannazajicek/Documents/illuminairy/archives/curious-cardinals-2026-05-18/app-mentors/app.curiouscardinals.com/mentors/alec-biermann.html" [1]
2026-05-18 00:51:34 URL:https://app.curiouscardinals.com/mentors/solange-sylvain [15893/15893] -> "/Users/briannazajicek/Documents/illuminairy/archives/curious-cardinals-2026-05-18/app-mentors/app.curiouscardinals.com/mentors/solange-sylvain.html" [1]
2026-05-18 00:51:34 URL:https://app.curiouscardinals.com/mentors/brian-christopher [10651/10651] -> "/Users/briannazajicek/Documents/illuminairy/archives/curious-cardinals-2026-05-18/app-mentors/app.curiouscardinals.com/mentors/brian-christopher.html" [1]
2026-05-18 00:51:35 URL:https://app.curiouscardinals.com/mentors/jae-seo [7000/7000] -> "/Users/briannazajicek/Documents/illuminairy/archives/curious-cardinals-2026-05-18/app-mentors/app.curiouscardinals.com/mentors/jae-seo.html" [1]
2026-05-18 00:51:36 URL:https://app.curiouscardinals.com/mentors/sophia- [7350/7350] -> "/Users/briannazajicek/Documents/illuminairy/archives/curious-cardinals-2026-05-18/app-mentors/app.curiouscardinals.com/mentors/sophia-.html" [1]
2026-05-18 00:51:36 URL:https://app.curiouscardinals.com/mentors/alexander-han [13883/13883] -> "/Users/briannazajicek/Documents/illuminairy/archives/curious-cardinals-2026-05-18/app-mentors/app.curiouscardinals.com/mentors/alexander-han.html" [1]
2026-05-18 00:51:37 URL:https://app.curiouscardinals.com/mentors/leah-silva [15851/15851] -> "/Users/briannazajicek/Documents/illuminairy/archives/curious-cardinals-2026-05-18/app-mentors/app.curiouscardinals.com/mentors/leah-silva.html" [1]
2026-05-18 00:51:37 URL:https://app.curiouscardinals.com/mentors/justin-lovro [7848/7848] -> "/Users/briannazajicek/Documents/illuminairy/archives/curious-cardinals-2026-05-18/app-mentors/app.curiouscardinals.com/mentors/justin-lovro.html" [1]
2026-05-18 00:51:38 URL:https://app.curiouscardinals.com/mentors/ayush-agarwal [14517/14517] -> "/Users/briannazajicek/Documents/illuminairy/archives/curious-cardinals-2026-05-18/app-mentors/app.curiouscardinals.com/mentors/ayush-agarwal.html" [1]
2026-05-18 00:51:38 URL:https://app.curiouscardinals.com/mentors/merry-hertan [11454/11454] -> "/Users/briannazajicek/Documents/illuminairy/archives/curious-cardinals-2026-05-18/app-mentors/app.curiouscardinals.com/mentors/merry-hertan.html" [1]
2026-05-18 00:51:39 URL:https://app.curiouscardinals.com/mentors/brock-davis [11632/11632] -> "/Users/briannazajicek/Documents/illuminairy/archives/curious-cardinals-2026-05-18/app-mentors/app.curiouscardinals.com/mentors/brock-davis.html" [1]
2026-05-18 00:51:40 URL:https://app.curiouscardinals.com/mentors/aidan-chandra [8779/8779] -> "/Users/briannazajicek/Documents/illuminairy/archives/curious-cardinals-2026-05-18/app-mentors/app.curiouscardinals.com/mentors/aidan-chandra.html" [1]
2026-05-18 00:51:40 URL:https://app.curiouscardinals.com/mentors/dylan-ross [9105/9105] -> "/Users/briannazajicek/Documents/illuminairy/archives/curious-cardinals-2026-05-18/app-mentors/app.curiouscardinals.com/mentors/dylan-ross.html" [1]
2026-05-18 00:51:41 URL:https://app.curiouscardinals.com/mentors/eva-nates [10287/10287] -> "/Users/briannazajicek/Documents/illuminairy/archives/curious-cardinals-2026-05-18/app-mentors/app.curiouscardinals.com/mentors/eva-nates.html" [1]
2026-05-18 00:51:41 URL:https://app.curiouscardinals.com/mentors/oren-dar [7148/7148] -> "/Users/briannazajicek/Documents/illuminairy/archives/curious-cardinals-2026-05-18/app-mentors/app.curiouscardinals.com/mentors/oren-dar.html" [1]
2026-05-18 00:51:42 URL:https://app.curiouscardinals.com/mentors/jeanmax-fawzi [8420/8420] -> "/Users/briannazajicek/Documents/illuminairy/archives/curious-cardinals-2026-05-18/app-mentors/app.curiouscardinals.com/mentors/jeanmax-fawzi.html" [1]
2026-05-18 00:51:42 URL:https://app.curiouscardinals.com/mentors/ethan-ellsweig-4 [12029/12029] -> "/Users/briannazajicek/Documents/illuminairy/archives/curious-cardinals-2026-05-18/app-mentors/app.curiouscardinals.com/mentors/ethan-ellsweig-4.html" [1]
2026-05-18 00:51:43 URL:https://app.curiouscardinals.com/mentors/eli-ablow [13475/13475] -> "/Users/briannazajicek/Documents/illuminairy/archives/curious-cardinals-2026-05-18/app-mentors/app.curiouscardinals.com/mentors/eli-ablow.html" [1]
2026-05-18 00:51:44 URL:https://app.curiouscardinals.com/mentors/jonathan-gold [16989/16989] -> "/Users/briannazajicek/Documents/illuminairy/archives/curious-cardinals-2026-05-18/app-mentors/app.curiouscardinals.com/mentors/jonathan-gold.html" [1]
2026-05-18 00:51:44 URL:https://app.curiouscardinals.com/mentors/hayden-jones [8645/8645] -> "/Users/briannazajicek/Documents/illuminairy/archives/curious-cardinals-2026-05-18/app-mentors/app.curiouscardinals.com/mentors/hayden-jones.html" [1]
2026-05-18 00:51:45 URL:https://app.curiouscardinals.com/mentors/joanna-walters [12103/12103] -> "/Users/briannazajicek/Documents/illuminairy/archives/curious-cardinals-2026-05-18/app-mentors/app.curiouscardinals.com/mentors/joanna-walters.html" [1]
2026-05-18 00:51:45 URL:https://app.curiouscardinals.com/mentors/chante-davis [14452/14452] -> "/Users/briannazajicek/Documents/illuminairy/archives/curious-cardinals-2026-05-18/app-mentors/app.curiouscardinals.com/mentors/chante-davis.html" [1]
2026-05-18 00:51:46 URL:https://app.curiouscardinals.com/mentors/ala-alshaikh [13507/13507] -> "/Users/briannazajicek/Documents/illuminairy/archives/curious-cardinals-2026-05-18/app-mentors/app.curiouscardinals.com/mentors/ala-alshaikh.html" [1]
2026-05-18 00:51:46 URL:https://app.curiouscardinals.com/mentors/jeremy-barrientos [10623/10623] -> "/Users/briannazajicek/Documents/illuminairy/archives/curious-cardinals-2026-05-18/app-mentors/app.curiouscardinals.com/mentors/jeremy-barrientos.html" [1]
2026-05-18 00:51:47 URL:https://app.curiouscardinals.com/mentors/lily-wolfson [8544/8544] -> "/Users/briannazajicek/Documents/illuminairy/archives/curious-cardinals-2026-05-18/app-mentors/app.curiouscardinals.com/mentors/lily-wolfson.html" [1]
2026-05-18 00:51:47 URL:https://app.curiouscardinals.com/mentors/katie-dragone [13154/13154] -> "/Users/briannazajicek/Documents/illuminairy/archives/curious-cardinals-2026-05-18/app-mentors/app.curiouscardinals.com/mentors/katie-dragone.html" [1]
2026-05-18 00:51:48 URL:https://app.curiouscardinals.com/mentors/justin-koolik [14421/14421] -> "/Users/briannazajicek/Documents/illuminairy/archives/curious-cardinals-2026-05-18/app-mentors/app.curiouscardinals.com/mentors/justin-koolik.html" [1]
2026-05-18 00:51:49 URL:https://app.curiouscardinals.com/mentors/uzo-ngwu [12899/12899] -> "/Users/briannazajicek/Documents/illuminairy/archives/curious-cardinals-2026-05-18/app-mentors/app.curiouscardinals.com/mentors/uzo-ngwu.html" [1]
2026-05-18 00:51:49 URL:https://app.curiouscardinals.com/mentors/katherine-lasonde [15460/15460] -> "/Users/briannazajicek/Documents/illuminairy/archives/curious-cardinals-2026-05-18/app-mentors/app.curiouscardinals.com/mentors/katherine-lasonde.html" [1]
2026-05-18 00:51:50 URL:https://app.curiouscardinals.com/mentors/joey-betancourt [10841/10841] -> "/Users/briannazajicek/Documents/illuminairy/archives/curious-cardinals-2026-05-18/app-mentors/app.curiouscardinals.com/mentors/joey-betancourt.html" [1]
2026-05-18 00:51:51 URL:https://app.curiouscardinals.com/mentors/andrew-hunt [10623/10623] -> "/Users/briannazajicek/Documents/illuminairy/archives/curious-cardinals-2026-05-18/app-mentors/app.curiouscardinals.com/mentors/andrew-hunt.html" [1]
2026-05-18 00:51:51 URL:https://app.curiouscardinals.com/mentors/montanna-riggs [13148/13148] -> "/Users/briannazajicek/Documents/illuminairy/archives/curious-cardinals-2026-05-18/app-mentors/app.curiouscardinals.com/mentors/montanna-riggs.html" [1]
2026-05-18 00:51:52 URL:https://app.curiouscardinals.com/mentors/kai-shulman-1 [9788/9788] -> "/Users/briannazajicek/Documents/illuminairy/archives/curious-cardinals-2026-05-18/app-mentors/app.curiouscardinals.com/mentors/kai-shulman-1.html" [1]
2026-05-18 00:51:53 URL:https://app.curiouscardinals.com/mentors/jesse-troyer [12385/12385] -> "/Users/briannazajicek/Documents/illuminairy/archives/curious-cardinals-2026-05-18/app-mentors/app.curiouscardinals.com/mentors/jesse-troyer.html" [1]
2026-05-18 00:51:53 URL:https://app.curiouscardinals.com/mentors/dennis-larone [8359/8359] -> "/Users/briannazajicek/Documents/illuminairy/archives/curious-cardinals-2026-05-18/app-mentors/app.curiouscardinals.com/mentors/dennis-larone.html" [1]
2026-05-18 00:51:54 URL:https://app.curiouscardinals.com/mentors/ro-curtis [8669/8669] -> "/Users/briannazajicek/Documents/illuminairy/archives/curious-cardinals-2026-05-18/app-mentors/app.curiouscardinals.com/mentors/ro-curtis.html" [1]
2026-05-18 00:51:54 URL:https://app.curiouscardinals.com/mentors/becca-delossantos [8579/8579] -> "/Users/briannazajicek/Documents/illuminairy/archives/curious-cardinals-2026-05-18/app-mentors/app.curiouscardinals.com/mentors/becca-delossantos.html" [1]
2026-05-18 00:51:55 URL:https://app.curiouscardinals.com/mentors/beez-africa [7399/7399] -> "/Users/briannazajicek/Documents/illuminairy/archives/curious-cardinals-2026-05-18/app-mentors/app.curiouscardinals.com/mentors/beez-africa.html" [1]
2026-05-18 00:51:55 URL:https://app.curiouscardinals.com/mentors/jade-nguyen [15893/15893] -> "/Users/briannazajicek/Documents/illuminairy/archives/curious-cardinals-2026-05-18/app-mentors/app.curiouscardinals.com/mentors/jade-nguyen.html" [1]
2026-05-18 00:51:56 URL:https://app.curiouscardinals.com/mentors/ellie-eimer [10054/10054] -> "/Users/briannazajicek/Documents/illuminairy/archives/curious-cardinals-2026-05-18/app-mentors/app.curiouscardinals.com/mentors/ellie-eimer.html" [1]
2026-05-18 00:51:56 URL:https://app.curiouscardinals.com/mentors/eden-bray [16124/16124] -> "/Users/briannazajicek/Documents/illuminairy/archives/curious-cardinals-2026-05-18/app-mentors/app.curiouscardinals.com/mentors/eden-bray.html" [1]
2026-05-18 00:51:57 URL:https://app.curiouscardinals.com/mentors/jennah-colborn [11907/11907] -> "/Users/briannazajicek/Documents/illuminairy/archives/curious-cardinals-2026-05-18/app-mentors/app.curiouscardinals.com/mentors/jennah-colborn.html" [1]
2026-05-18 00:51:57 URL:https://app.curiouscardinals.com/mentors/kamryn-mccondichie [23079/23079] -> "/Users/briannazajicek/Documents/illuminairy/archives/curious-cardinals-2026-05-18/app-mentors/app.curiouscardinals.com/mentors/kamryn-mccondichie.html" [1]
2026-05-18 00:51:58 URL:https://app.curiouscardinals.com/mentors/cecilia-marrinan [13035/13035] -> "/Users/briannazajicek/Documents/illuminairy/archives/curious-cardinals-2026-05-18/app-mentors/app.curiouscardinals.com/mentors/cecilia-marrinan.html" [1]
2026-05-18 00:51:58 URL:https://app.curiouscardinals.com/mentors/layla-profeta [13734/13734] -> "/Users/briannazajicek/Documents/illuminairy/archives/curious-cardinals-2026-05-18/app-mentors/app.curiouscardinals.com/mentors/layla-profeta.html" [1]
2026-05-18 00:51:59 URL:https://app.curiouscardinals.com/mentors/katherine-elise [8471/8471] -> "/Users/briannazajicek/Documents/illuminairy/archives/curious-cardinals-2026-05-18/app-mentors/app.curiouscardinals.com/mentors/katherine-elise.html" [1]
2026-05-18 00:52:00 URL:https://app.curiouscardinals.com/mentors/catherine-casson [15122/15122] -> "/Users/briannazajicek/Documents/illuminairy/archives/curious-cardinals-2026-05-18/app-mentors/app.curiouscardinals.com/mentors/catherine-casson.html" [1]
2026-05-18 00:52:00 URL:https://app.curiouscardinals.com/mentors/kira-conte [17830/17830] -> "/Users/briannazajicek/Documents/illuminairy/archives/curious-cardinals-2026-05-18/app-mentors/app.curiouscardinals.com/mentors/kira-conte.html" [1]
2026-05-18 00:52:01 URL:https://app.curiouscardinals.com/mentors/max-steinert [8362/8362] -> "/Users/briannazajicek/Documents/illuminairy/archives/curious-cardinals-2026-05-18/app-mentors/app.curiouscardinals.com/mentors/max-steinert.html" [1]
2026-05-18 00:52:01 URL:https://app.curiouscardinals.com/mentors/cosima-gardey-1 [10869/10869] -> "/Users/briannazajicek/Documents/illuminairy/archives/curious-cardinals-2026-05-18/app-mentors/app.curiouscardinals.com/mentors/cosima-gardey-1.html" [1]
2026-05-18 00:52:02 URL:https://app.curiouscardinals.com/mentors/maia-wenger [8770/8770] -> "/Users/briannazajicek/Documents/illuminairy/archives/curious-cardinals-2026-05-18/app-mentors/app.curiouscardinals.com/mentors/maia-wenger.html" [1]
2026-05-18 00:52:02 URL:https://app.curiouscardinals.com/mentors/theresa-nelson [8175/8175] -> "/Users/briannazajicek/Documents/illuminairy/archives/curious-cardinals-2026-05-18/app-mentors/app.curiouscardinals.com/mentors/theresa-nelson.html" [1]
2026-05-18 00:52:03 URL:https://app.curiouscardinals.com/mentors/zulpikar-mamat [14966/14966] -> "/Users/briannazajicek/Documents/illuminairy/archives/curious-cardinals-2026-05-18/app-mentors/app.curiouscardinals.com/mentors/zulpikar-mamat.html" [1]
2026-05-18 00:52:03 URL:https://app.curiouscardinals.com/mentors/zane-sabbagh [13451/13451] -> "/Users/briannazajicek/Documents/illuminairy/archives/curious-cardinals-2026-05-18/app-mentors/app.curiouscardinals.com/mentors/zane-sabbagh.html" [1]
2026-05-18 00:52:04 URL:https://app.curiouscardinals.com/mentors/lily-seltz [12705/12705] -> "/Users/briannazajicek/Documents/illuminairy/archives/curious-cardinals-2026-05-18/app-mentors/app.curiouscardinals.com/mentors/lily-seltz.html" [1]
2026-05-18 00:52:05 URL:https://app.curiouscardinals.com/mentors/liam-campbell [13386/13386] -> "/Users/briannazajicek/Documents/illuminairy/archives/curious-cardinals-2026-05-18/app-mentors/app.curiouscardinals.com/mentors/liam-campbell.html" [1]
2026-05-18 00:52:05 URL:https://app.curiouscardinals.com/mentors/namoo-song [15342/15342] -> "/Users/briannazajicek/Documents/illuminairy/archives/curious-cardinals-2026-05-18/app-mentors/app.curiouscardinals.com/mentors/namoo-song.html" [1]
2026-05-18 00:52:06 URL:https://app.curiouscardinals.com/mentors/maxwell-orr [14667/14667] -> "/Users/briannazajicek/Documents/illuminairy/archives/curious-cardinals-2026-05-18/app-mentors/app.curiouscardinals.com/mentors/maxwell-orr.html" [1]
2026-05-18 00:52:06 URL:https://app.curiouscardinals.com/mentors/aaron-tran [14114/14114] -> "/Users/briannazajicek/Documents/illuminairy/archives/curious-cardinals-2026-05-18/app-mentors/app.curiouscardinals.com/mentors/aaron-tran.html" [1]
2026-05-18 00:52:07 URL:https://app.curiouscardinals.com/mentors/brandon-carido [14396/14396] -> "/Users/briannazajicek/Documents/illuminairy/archives/curious-cardinals-2026-05-18/app-mentors/app.curiouscardinals.com/mentors/brandon-carido.html" [1]
2026-05-18 00:52:08 URL:https://app.curiouscardinals.com/mentors/calvin-dunn [14408/14408] -> "/Users/briannazajicek/Documents/illuminairy/archives/curious-cardinals-2026-05-18/app-mentors/app.curiouscardinals.com/mentors/calvin-dunn.html" [1]
2026-05-18 00:52:08 URL:https://app.curiouscardinals.com/mentors/owen-power [14962/14962] -> "/Users/briannazajicek/Documents/illuminairy/archives/curious-cardinals-2026-05-18/app-mentors/app.curiouscardinals.com/mentors/owen-power.html" [1]
2026-05-18 00:52:09 URL:https://app.curiouscardinals.com/mentors/brennecke-gale [9651/9651] -> "/Users/briannazajicek/Documents/illuminairy/archives/curious-cardinals-2026-05-18/app-mentors/app.curiouscardinals.com/mentors/brennecke-gale.html" [1]
2026-05-18 00:52:09 URL:https://app.curiouscardinals.com/mentors/jaclyn-lavy [13890/13890] -> "/Users/briannazajicek/Documents/illuminairy/archives/curious-cardinals-2026-05-18/app-mentors/app.curiouscardinals.com/mentors/jaclyn-lavy.html" [1]
2026-05-18 00:52:10 URL:https://app.curiouscardinals.com/mentors/ari-blumkin [16532/16532] -> "/Users/briannazajicek/Documents/illuminairy/archives/curious-cardinals-2026-05-18/app-mentors/app.curiouscardinals.com/mentors/ari-blumkin.html" [1]
2026-05-18 00:52:10 URL:https://app.curiouscardinals.com/mentors/andrew-villaruel [9974/9974] -> "/Users/briannazajicek/Documents/illuminairy/archives/curious-cardinals-2026-05-18/app-mentors/app.curiouscardinals.com/mentors/andrew-villaruel.html" [1]
2026-05-18 00:52:11 URL:https://app.curiouscardinals.com/mentors/will-simon [14414/14414] -> "/Users/briannazajicek/Documents/illuminairy/archives/curious-cardinals-2026-05-18/app-mentors/app.curiouscardinals.com/mentors/will-simon.html" [1]
2026-05-18 00:52:11 URL:https://app.curiouscardinals.com/mentors/elizabeth-brennan [8413/8413] -> "/Users/briannazajicek/Documents/illuminairy/archives/curious-cardinals-2026-05-18/app-mentors/app.curiouscardinals.com/mentors/elizabeth-brennan.html" [1]
2026-05-18 00:52:12 URL:https://app.curiouscardinals.com/mentors/landon-watson [9226/9226] -> "/Users/briannazajicek/Documents/illuminairy/archives/curious-cardinals-2026-05-18/app-mentors/app.curiouscardinals.com/mentors/landon-watson.html" [1]
2026-05-18 00:52:13 URL:https://app.curiouscardinals.com/mentors/tae-rugh [12249/12249] -> "/Users/briannazajicek/Documents/illuminairy/archives/curious-cardinals-2026-05-18/app-mentors/app.curiouscardinals.com/mentors/tae-rugh.html" [1]
2026-05-18 00:52:13 URL:https://app.curiouscardinals.com/mentors/berfin-karaman [7364/7364] -> "/Users/briannazajicek/Documents/illuminairy/archives/curious-cardinals-2026-05-18/app-mentors/app.curiouscardinals.com/mentors/berfin-karaman.html" [1]
2026-05-18 00:52:14 URL:https://app.curiouscardinals.com/mentors/spencer-winningham [8637/8637] -> "/Users/briannazajicek/Documents/illuminairy/archives/curious-cardinals-2026-05-18/app-mentors/app.curiouscardinals.com/mentors/spencer-winningham.html" [1]
2026-05-18 00:52:14 URL:https://app.curiouscardinals.com/mentors/julia-koffman [8120/8120] -> "/Users/briannazajicek/Documents/illuminairy/archives/curious-cardinals-2026-05-18/app-mentors/app.curiouscardinals.com/mentors/julia-koffman.html" [1]
2026-05-18 00:52:15 URL:https://app.curiouscardinals.com/mentors/noah-redlich [8244/8244] -> "/Users/briannazajicek/Documents/illuminairy/archives/curious-cardinals-2026-05-18/app-mentors/app.curiouscardinals.com/mentors/noah-redlich.html" [1]
2026-05-18 00:52:16 URL:https://app.curiouscardinals.com/mentors/scott-maran [7997/7997] -> "/Users/briannazajicek/Documents/illuminairy/archives/curious-cardinals-2026-05-18/app-mentors/app.curiouscardinals.com/mentors/scott-maran.html" [1]
2026-05-18 00:52:16 URL:https://app.curiouscardinals.com/mentors/martha-yates [15521/15521] -> "/Users/briannazajicek/Documents/illuminairy/archives/curious-cardinals-2026-05-18/app-mentors/app.curiouscardinals.com/mentors/martha-yates.html" [1]
2026-05-18 00:52:17 URL:https://app.curiouscardinals.com/mentors/isaac-sultan [9557/9557] -> "/Users/briannazajicek/Documents/illuminairy/archives/curious-cardinals-2026-05-18/app-mentors/app.curiouscardinals.com/mentors/isaac-sultan.html" [1]
2026-05-18 00:52:17 URL:https://app.curiouscardinals.com/mentors/josie-morales [11721/11721] -> "/Users/briannazajicek/Documents/illuminairy/archives/curious-cardinals-2026-05-18/app-mentors/app.curiouscardinals.com/mentors/josie-morales.html" [1]
2026-05-18 00:52:18 URL:https://app.curiouscardinals.com/mentors/samantha-chen [8955/8955] -> "/Users/briannazajicek/Documents/illuminairy/archives/curious-cardinals-2026-05-18/app-mentors/app.curiouscardinals.com/mentors/samantha-chen.html" [1]
2026-05-18 00:52:18 URL:https://app.curiouscardinals.com/mentors/bailey-sellfors [9416/9416] -> "/Users/briannazajicek/Documents/illuminairy/archives/curious-cardinals-2026-05-18/app-mentors/app.curiouscardinals.com/mentors/bailey-sellfors.html" [1]
2026-05-18 00:52:19 URL:https://app.curiouscardinals.com/mentors/jayla-cornelius-1 [10452/10452] -> "/Users/briannazajicek/Documents/illuminairy/archives/curious-cardinals-2026-05-18/app-mentors/app.curiouscardinals.com/mentors/jayla-cornelius-1.html" [1]
2026-05-18 00:52:20 URL:https://app.curiouscardinals.com/mentors/aria-fischer-1 [11877/11877] -> "/Users/briannazajicek/Documents/illuminairy/archives/curious-cardinals-2026-05-18/app-mentors/app.curiouscardinals.com/mentors/aria-fischer-1.html" [1]
2026-05-18 00:52:20 URL:https://app.curiouscardinals.com/mentors/emily-maccloud [7891/7891] -> "/Users/briannazajicek/Documents/illuminairy/archives/curious-cardinals-2026-05-18/app-mentors/app.curiouscardinals.com/mentors/emily-maccloud.html" [1]
2026-05-18 00:52:21 URL:https://app.curiouscardinals.com/mentors/olivia-first [12302/12302] -> "/Users/briannazajicek/Documents/illuminairy/archives/curious-cardinals-2026-05-18/app-mentors/app.curiouscardinals.com/mentors/olivia-first.html" [1]
2026-05-18 00:52:21 URL:https://app.curiouscardinals.com/mentors/natasha-jarchow [11610/11610] -> "/Users/briannazajicek/Documents/illuminairy/archives/curious-cardinals-2026-05-18/app-mentors/app.curiouscardinals.com/mentors/natasha-jarchow.html" [1]
2026-05-18 00:52:22 URL:https://app.curiouscardinals.com/mentors/joshua-peter [10028/10028] -> "/Users/briannazajicek/Documents/illuminairy/archives/curious-cardinals-2026-05-18/app-mentors/app.curiouscardinals.com/mentors/joshua-peter.html" [1]
2026-05-18 00:52:22 URL:https://app.curiouscardinals.com/mentors/william-hahn [10342/10342] -> "/Users/briannazajicek/Documents/illuminairy/archives/curious-cardinals-2026-05-18/app-mentors/app.curiouscardinals.com/mentors/william-hahn.html" [1]
2026-05-18 00:52:23 URL:https://app.curiouscardinals.com/mentors/mariane-mousa [13267/13267] -> "/Users/briannazajicek/Documents/illuminairy/archives/curious-cardinals-2026-05-18/app-mentors/app.curiouscardinals.com/mentors/mariane-mousa.html" [1]
2026-05-18 00:52:23 URL:https://app.curiouscardinals.com/mentors/ilyana-benjelloun-1 [15794/15794] -> "/Users/briannazajicek/Documents/illuminairy/archives/curious-cardinals-2026-05-18/app-mentors/app.curiouscardinals.com/mentors/ilyana-benjelloun-1.html" [1]
2026-05-18 00:52:24 URL:https://app.curiouscardinals.com/mentors/taehwan-kim [17126/17126] -> "/Users/briannazajicek/Documents/illuminairy/archives/curious-cardinals-2026-05-18/app-mentors/app.curiouscardinals.com/mentors/taehwan-kim.html" [1]
2026-05-18 00:52:25 URL:https://app.curiouscardinals.com/mentors/meredith-lapidas-1 [17526/17526] -> "/Users/briannazajicek/Documents/illuminairy/archives/curious-cardinals-2026-05-18/app-mentors/app.curiouscardinals.com/mentors/meredith-lapidas-1.html" [1]
2026-05-18 00:52:25 URL:https://app.curiouscardinals.com/mentors/emma-wang [9328/9328] -> "/Users/briannazajicek/Documents/illuminairy/archives/curious-cardinals-2026-05-18/app-mentors/app.curiouscardinals.com/mentors/emma-wang.html" [1]
2026-05-18 00:52:26 URL:https://app.curiouscardinals.com/mentors/bendix-hempel [10781/10781] -> "/Users/briannazajicek/Documents/illuminairy/archives/curious-cardinals-2026-05-18/app-mentors/app.curiouscardinals.com/mentors/bendix-hempel.html" [1]
2026-05-18 00:52:26 URL:https://app.curiouscardinals.com/mentors/temi-adeniyi-1 [15118/15118] -> "/Users/briannazajicek/Documents/illuminairy/archives/curious-cardinals-2026-05-18/app-mentors/app.curiouscardinals.com/mentors/temi-adeniyi-1.html" [1]
2026-05-18 00:52:27 URL:https://app.curiouscardinals.com/mentors/nader-maarouf-1 [12260/12260] -> "/Users/briannazajicek/Documents/illuminairy/archives/curious-cardinals-2026-05-18/app-mentors/app.curiouscardinals.com/mentors/nader-maarouf-1.html" [1]
2026-05-18 00:52:27 URL:https://app.curiouscardinals.com/mentors/elliott-do [10572/10572] -> "/Users/briannazajicek/Documents/illuminairy/archives/curious-cardinals-2026-05-18/app-mentors/app.curiouscardinals.com/mentors/elliott-do.html" [1]
2026-05-18 00:52:28 URL:https://app.curiouscardinals.com/mentors/johnathan-bridges [12681/12681] -> "/Users/briannazajicek/Documents/illuminairy/archives/curious-cardinals-2026-05-18/app-mentors/app.curiouscardinals.com/mentors/johnathan-bridges.html" [1]
2026-05-18 00:52:29 URL:https://app.curiouscardinals.com/mentors/harry-shin [7900/7900] -> "/Users/briannazajicek/Documents/illuminairy/archives/curious-cardinals-2026-05-18/app-mentors/app.curiouscardinals.com/mentors/harry-shin.html" [1]
2026-05-18 00:52:29 URL:https://app.curiouscardinals.com/mentors/sarah-lee [14376/14376] -> "/Users/briannazajicek/Documents/illuminairy/archives/curious-cardinals-2026-05-18/app-mentors/app.curiouscardinals.com/mentors/sarah-lee.html" [1]
2026-05-18 00:52:30 URL:https://app.curiouscardinals.com/mentors/maxance-ngnepieba [9308/9308] -> "/Users/briannazajicek/Documents/illuminairy/archives/curious-cardinals-2026-05-18/app-mentors/app.curiouscardinals.com/mentors/maxance-ngnepieba.html" [1]
2026-05-18 00:52:30 URL:https://app.curiouscardinals.com/mentors/sascha-betty [15640/15640] -> "/Users/briannazajicek/Documents/illuminairy/archives/curious-cardinals-2026-05-18/app-mentors/app.curiouscardinals.com/mentors/sascha-betty.html" [1]
2026-05-18 00:52:31 URL:https://app.curiouscardinals.com/mentors/olivia-frischman [7399/7399] -> "/Users/briannazajicek/Documents/illuminairy/archives/curious-cardinals-2026-05-18/app-mentors/app.curiouscardinals.com/mentors/olivia-frischman.html" [1]
2026-05-18 00:52:31 URL:https://app.curiouscardinals.com/mentors/stephanie-cao [9842/9842] -> "/Users/briannazajicek/Documents/illuminairy/archives/curious-cardinals-2026-05-18/app-mentors/app.curiouscardinals.com/mentors/stephanie-cao.html" [1]
2026-05-18 00:52:32 URL:https://app.curiouscardinals.com/mentors/daniel-coria [16382/16382] -> "/Users/briannazajicek/Documents/illuminairy/archives/curious-cardinals-2026-05-18/app-mentors/app.curiouscardinals.com/mentors/daniel-coria.html" [1]
2026-05-18 00:52:32 URL:https://app.curiouscardinals.com/mentors/aleksandar-dale-1 [16299/16299] -> "/Users/briannazajicek/Documents/illuminairy/archives/curious-cardinals-2026-05-18/app-mentors/app.curiouscardinals.com/mentors/aleksandar-dale-1.html" [1]
2026-05-18 00:52:33 URL:https://app.curiouscardinals.com/mentors/jack-waterman [13036/13036] -> "/Users/briannazajicek/Documents/illuminairy/archives/curious-cardinals-2026-05-18/app-mentors/app.curiouscardinals.com/mentors/jack-waterman.html" [1]
2026-05-18 00:52:33 URL:https://app.curiouscardinals.com/mentors/jack-stemerman-1 [16591/16591] -> "/Users/briannazajicek/Documents/illuminairy/archives/curious-cardinals-2026-05-18/app-mentors/app.curiouscardinals.com/mentors/jack-stemerman-1.html" [1]
2026-05-18 00:52:34 URL:https://app.curiouscardinals.com/mentors/colette-rohatyn [16219/16219] -> "/Users/briannazajicek/Documents/illuminairy/archives/curious-cardinals-2026-05-18/app-mentors/app.curiouscardinals.com/mentors/colette-rohatyn.html" [1]
2026-05-18 00:52:34 URL:https://app.curiouscardinals.com/mentors/alexandra-mcguire [13065/13065] -> "/Users/briannazajicek/Documents/illuminairy/archives/curious-cardinals-2026-05-18/app-mentors/app.curiouscardinals.com/mentors/alexandra-mcguire.html" [1]
2026-05-18 00:52:35 URL:https://app.curiouscardinals.com/mentors/matthew-mettias [20852/20852] -> "/Users/briannazajicek/Documents/illuminairy/archives/curious-cardinals-2026-05-18/app-mentors/app.curiouscardinals.com/mentors/matthew-mettias.html" [1]
2026-05-18 00:52:35 URL:https://app.curiouscardinals.com/mentors/diego-goldfrank [11180/11180] -> "/Users/briannazajicek/Documents/illuminairy/archives/curious-cardinals-2026-05-18/app-mentors/app.curiouscardinals.com/mentors/diego-goldfrank.html" [1]
2026-05-18 00:52:36 URL:https://app.curiouscardinals.com/mentors/madeline-jin [8150/8150] -> "/Users/briannazajicek/Documents/illuminairy/archives/curious-cardinals-2026-05-18/app-mentors/app.curiouscardinals.com/mentors/madeline-jin.html" [1]
2026-05-18 00:52:36 URL:https://app.curiouscardinals.com/mentors/melissa-chow [14483/14483] -> "/Users/briannazajicek/Documents/illuminairy/archives/curious-cardinals-2026-05-18/app-mentors/app.curiouscardinals.com/mentors/melissa-chow.html" [1]
2026-05-18 00:52:37 URL:https://app.curiouscardinals.com/mentors/daniel-ari [15466/15466] -> "/Users/briannazajicek/Documents/illuminairy/archives/curious-cardinals-2026-05-18/app-mentors/app.curiouscardinals.com/mentors/daniel-ari.html" [1]
2026-05-18 00:52:37 URL:https://app.curiouscardinals.com/mentors/corey-ono [9079/9079] -> "/Users/briannazajicek/Documents/illuminairy/archives/curious-cardinals-2026-05-18/app-mentors/app.curiouscardinals.com/mentors/corey-ono.html" [1]
2026-05-18 00:52:38 URL:https://app.curiouscardinals.com/mentors/zachary-bernagene [10699/10699] -> "/Users/briannazajicek/Documents/illuminairy/archives/curious-cardinals-2026-05-18/app-mentors/app.curiouscardinals.com/mentors/zachary-bernagene.html" [1]
2026-05-18 00:52:39 URL:https://app.curiouscardinals.com/mentors/joseph-vargasbrownlee [13960/13960] -> "/Users/briannazajicek/Documents/illuminairy/archives/curious-cardinals-2026-05-18/app-mentors/app.curiouscardinals.com/mentors/joseph-vargasbrownlee.html" [1]
2026-05-18 00:52:39 URL:https://app.curiouscardinals.com/mentors/noah-bernstein [13524/13524] -> "/Users/briannazajicek/Documents/illuminairy/archives/curious-cardinals-2026-05-18/app-mentors/app.curiouscardinals.com/mentors/noah-bernstein.html" [1]
2026-05-18 00:52:40 URL:https://app.curiouscardinals.com/mentors/ryan-bronston [8635/8635] -> "/Users/briannazajicek/Documents/illuminairy/archives/curious-cardinals-2026-05-18/app-mentors/app.curiouscardinals.com/mentors/ryan-bronston.html" [1]
2026-05-18 00:52:40 URL:https://app.curiouscardinals.com/mentors/muhammad-faseeh [11619/11619] -> "/Users/briannazajicek/Documents/illuminairy/archives/curious-cardinals-2026-05-18/app-mentors/app.curiouscardinals.com/mentors/muhammad-faseeh.html" [1]
2026-05-18 00:52:41 URL:https://app.curiouscardinals.com/mentors/david-arkow [14999/14999] -> "/Users/briannazajicek/Documents/illuminairy/archives/curious-cardinals-2026-05-18/app-mentors/app.curiouscardinals.com/mentors/david-arkow.html" [1]
2026-05-18 00:52:42 URL:https://app.curiouscardinals.com/mentors/zachary-tran [12618/12618] -> "/Users/briannazajicek/Documents/illuminairy/archives/curious-cardinals-2026-05-18/app-mentors/app.curiouscardinals.com/mentors/zachary-tran.html" [1]
2026-05-18 00:52:43 URL:https://app.curiouscardinals.com/mentors/bank-ayeketidaniel [10211/10211] -> "/Users/briannazajicek/Documents/illuminairy/archives/curious-cardinals-2026-05-18/app-mentors/app.curiouscardinals.com/mentors/bank-ayeketidaniel.html" [1]
2026-05-18 00:52:44 URL:https://app.curiouscardinals.com/mentors/sid-krishnakumar [17923/17923] -> "/Users/briannazajicek/Documents/illuminairy/archives/curious-cardinals-2026-05-18/app-mentors/app.curiouscardinals.com/mentors/sid-krishnakumar.html" [1]
2026-05-18 00:52:45 URL:https://app.curiouscardinals.com/mentors/gyaan-antia [13115/13115] -> "/Users/briannazajicek/Documents/illuminairy/archives/curious-cardinals-2026-05-18/app-mentors/app.curiouscardinals.com/mentors/gyaan-antia.html" [1]
2026-05-18 00:52:46 URL:https://app.curiouscardinals.com/mentors/benjamin-nicholson [10566/10566] -> "/Users/briannazajicek/Documents/illuminairy/archives/curious-cardinals-2026-05-18/app-mentors/app.curiouscardinals.com/mentors/benjamin-nicholson.html" [1]
2026-05-18 00:52:47 URL:https://app.curiouscardinals.com/mentors/rob-balsewich [7991/7991] -> "/Users/briannazajicek/Documents/illuminairy/archives/curious-cardinals-2026-05-18/app-mentors/app.curiouscardinals.com/mentors/rob-balsewich.html" [1]
2026-05-18 00:52:48 URL:https://app.curiouscardinals.com/mentors/jacob-geil [11828/11828] -> "/Users/briannazajicek/Documents/illuminairy/archives/curious-cardinals-2026-05-18/app-mentors/app.curiouscardinals.com/mentors/jacob-geil.html" [1]
2026-05-18 00:52:49 URL:https://app.curiouscardinals.com/mentors/elijah-bruce [18636/18636] -> "/Users/briannazajicek/Documents/illuminairy/archives/curious-cardinals-2026-05-18/app-mentors/app.curiouscardinals.com/mentors/elijah-bruce.html" [1]
2026-05-18 00:52:50 URL:https://app.curiouscardinals.com/mentors/drew-feinman [13662/13662] -> "/Users/briannazajicek/Documents/illuminairy/archives/curious-cardinals-2026-05-18/app-mentors/app.curiouscardinals.com/mentors/drew-feinman.html" [1]
2026-05-18 00:52:51 URL:https://app.curiouscardinals.com/mentors/samuel-fuentes [12789/12789] -> "/Users/briannazajicek/Documents/illuminairy/archives/curious-cardinals-2026-05-18/app-mentors/app.curiouscardinals.com/mentors/samuel-fuentes.html" [1]
2026-05-18 00:52:52 URL:https://app.curiouscardinals.com/mentors/ahmed-mahdi [14578/14578] -> "/Users/briannazajicek/Documents/illuminairy/archives/curious-cardinals-2026-05-18/app-mentors/app.curiouscardinals.com/mentors/ahmed-mahdi.html" [1]
2026-05-18 00:52:53 URL:https://app.curiouscardinals.com/mentors/sophia-vahanvaty [14987/14987] -> "/Users/briannazajicek/Documents/illuminairy/archives/curious-cardinals-2026-05-18/app-mentors/app.curiouscardinals.com/mentors/sophia-vahanvaty.html" [1]
2026-05-18 00:52:54 URL:https://app.curiouscardinals.com/mentors/shirleen-ferraraframe [14711/14711] -> "/Users/briannazajicek/Documents/illuminairy/archives/curious-cardinals-2026-05-18/app-mentors/app.curiouscardinals.com/mentors/shirleen-ferraraframe.html" [1]
2026-05-18 00:52:55 URL:https://app.curiouscardinals.com/mentors/fritze-mayer [12207/12207] -> "/Users/briannazajicek/Documents/illuminairy/archives/curious-cardinals-2026-05-18/app-mentors/app.curiouscardinals.com/mentors/fritze-mayer.html" [1]
2026-05-18 00:52:56 URL:https://app.curiouscardinals.com/mentors/kealia-rayne [14954/14954] -> "/Users/briannazajicek/Documents/illuminairy/archives/curious-cardinals-2026-05-18/app-mentors/app.curiouscardinals.com/mentors/kealia-rayne.html" [1]
2026-05-18 00:52:57 URL:https://app.curiouscardinals.com/mentors/mira-goodman [13800/13800] -> "/Users/briannazajicek/Documents/illuminairy/archives/curious-cardinals-2026-05-18/app-mentors/app.curiouscardinals.com/mentors/mira-goodman.html" [1]
2026-05-18 00:52:58 URL:https://app.curiouscardinals.com/mentors/itzel-villanueva [14411/14411] -> "/Users/briannazajicek/Documents/illuminairy/archives/curious-cardinals-2026-05-18/app-mentors/app.curiouscardinals.com/mentors/itzel-villanueva.html" [1]
2026-05-18 00:52:58 URL:https://app.curiouscardinals.com/mentors/ethan-karas [13627/13627] -> "/Users/briannazajicek/Documents/illuminairy/archives/curious-cardinals-2026-05-18/app-mentors/app.curiouscardinals.com/mentors/ethan-karas.html" [1]
2026-05-18 00:52:59 URL:https://app.curiouscardinals.com/mentors/francesca-cruz [13871/13871] -> "/Users/briannazajicek/Documents/illuminairy/archives/curious-cardinals-2026-05-18/app-mentors/app.curiouscardinals.com/mentors/francesca-cruz.html" [1]
2026-05-18 00:53:00 URL:https://app.curiouscardinals.com/mentors/eden-hirschfield [12254/12254] -> "/Users/briannazajicek/Documents/illuminairy/archives/curious-cardinals-2026-05-18/app-mentors/app.curiouscardinals.com/mentors/eden-hirschfield.html" [1]
2026-05-18 00:53:00 URL:https://app.curiouscardinals.com/mentors/gabriela-ferreira [14386/14386] -> "/Users/briannazajicek/Documents/illuminairy/archives/curious-cardinals-2026-05-18/app-mentors/app.curiouscardinals.com/mentors/gabriela-ferreira.html" [1]
2026-05-18 00:53:01 URL:https://app.curiouscardinals.com/mentors/sarah-macharg [12136/12136] -> "/Users/briannazajicek/Documents/illuminairy/archives/curious-cardinals-2026-05-18/app-mentors/app.curiouscardinals.com/mentors/sarah-macharg.html" [1]
2026-05-18 00:53:02 URL:https://app.curiouscardinals.com/mentors/alex-sangster-1 [14822/14822] -> "/Users/briannazajicek/Documents/illuminairy/archives/curious-cardinals-2026-05-18/app-mentors/app.curiouscardinals.com/mentors/alex-sangster-1.html" [1]
2026-05-18 00:53:02 URL:https://app.curiouscardinals.com/mentors/ava-stewart [19052/19052] -> "/Users/briannazajicek/Documents/illuminairy/archives/curious-cardinals-2026-05-18/app-mentors/app.curiouscardinals.com/mentors/ava-stewart.html" [1]
2026-05-18 00:53:03 URL:https://app.curiouscardinals.com/mentors/denise-ramos [15276/15276] -> "/Users/briannazajicek/Documents/illuminairy/archives/curious-cardinals-2026-05-18/app-mentors/app.curiouscardinals.com/mentors/denise-ramos.html" [1]
2026-05-18 00:53:04 URL:https://app.curiouscardinals.com/mentors/prashamsa-koirala [9167/9167] -> "/Users/briannazajicek/Documents/illuminairy/archives/curious-cardinals-2026-05-18/app-mentors/app.curiouscardinals.com/mentors/prashamsa-koirala.html" [1]
2026-05-18 00:53:04 URL:https://app.curiouscardinals.com/mentors/tanya-agarwal [11985/11985] -> "/Users/briannazajicek/Documents/illuminairy/archives/curious-cardinals-2026-05-18/app-mentors/app.curiouscardinals.com/mentors/tanya-agarwal.html" [1]
2026-05-18 00:53:05 URL:https://app.curiouscardinals.com/mentors/hallie-spear [11420/11420] -> "/Users/briannazajicek/Documents/illuminairy/archives/curious-cardinals-2026-05-18/app-mentors/app.curiouscardinals.com/mentors/hallie-spear.html" [1]
2026-05-18 00:53:05 URL:https://app.curiouscardinals.com/mentors/jasmine-vonk [16361/16361] -> "/Users/briannazajicek/Documents/illuminairy/archives/curious-cardinals-2026-05-18/app-mentors/app.curiouscardinals.com/mentors/jasmine-vonk.html" [1]
2026-05-18 00:53:06 URL:https://app.curiouscardinals.com/mentors/sophia-manolis [15636/15636] -> "/Users/briannazajicek/Documents/illuminairy/archives/curious-cardinals-2026-05-18/app-mentors/app.curiouscardinals.com/mentors/sophia-manolis.html" [1]
2026-05-18 00:53:07 URL:https://app.curiouscardinals.com/mentors/bryant-perkins [15549/15549] -> "/Users/briannazajicek/Documents/illuminairy/archives/curious-cardinals-2026-05-18/app-mentors/app.curiouscardinals.com/mentors/bryant-perkins.html" [1]
2026-05-18 00:53:07 URL:https://app.curiouscardinals.com/mentors/kaitlyn-leitherer [18974/18974] -> "/Users/briannazajicek/Documents/illuminairy/archives/curious-cardinals-2026-05-18/app-mentors/app.curiouscardinals.com/mentors/kaitlyn-leitherer.html" [1]
2026-05-18 00:53:08 URL:https://app.curiouscardinals.com/mentors/bahar-bouzarjomehri [15398/15398] -> "/Users/briannazajicek/Documents/illuminairy/archives/curious-cardinals-2026-05-18/app-mentors/app.curiouscardinals.com/mentors/bahar-bouzarjomehri.html" [1]
2026-05-18 00:53:08 URL:https://app.curiouscardinals.com/mentors/michelle-ejimofor [16303/16303] -> "/Users/briannazajicek/Documents/illuminairy/archives/curious-cardinals-2026-05-18/app-mentors/app.curiouscardinals.com/mentors/michelle-ejimofor.html" [1]
2026-05-18 00:53:09 URL:https://app.curiouscardinals.com/mentors/mary-baumann [15228/15228] -> "/Users/briannazajicek/Documents/illuminairy/archives/curious-cardinals-2026-05-18/app-mentors/app.curiouscardinals.com/mentors/mary-baumann.html" [1]
2026-05-18 00:53:09 URL:https://app.curiouscardinals.com/mentors/ellen-orourke [15629/15629] -> "/Users/briannazajicek/Documents/illuminairy/archives/curious-cardinals-2026-05-18/app-mentors/app.curiouscardinals.com/mentors/ellen-orourke.html" [1]
2026-05-18 00:53:10 URL:https://app.curiouscardinals.com/mentors/elise-kratzer [7749/7749] -> "/Users/briannazajicek/Documents/illuminairy/archives/curious-cardinals-2026-05-18/app-mentors/app.curiouscardinals.com/mentors/elise-kratzer.html" [1]
2026-05-18 00:53:11 URL:https://app.curiouscardinals.com/mentors/delaney-edwards [14168/14168] -> "/Users/briannazajicek/Documents/illuminairy/archives/curious-cardinals-2026-05-18/app-mentors/app.curiouscardinals.com/mentors/delaney-edwards.html" [1]
2026-05-18 00:53:11 URL:https://app.curiouscardinals.com/mentors/joyce-simmons [9409/9409] -> "/Users/briannazajicek/Documents/illuminairy/archives/curious-cardinals-2026-05-18/app-mentors/app.curiouscardinals.com/mentors/joyce-simmons.html" [1]
2026-05-18 00:53:12 URL:https://app.curiouscardinals.com/mentors/nicha-rattanabut [10612/10612] -> "/Users/briannazajicek/Documents/illuminairy/archives/curious-cardinals-2026-05-18/app-mentors/app.curiouscardinals.com/mentors/nicha-rattanabut.html" [1]
2026-05-18 00:53:12 URL:https://app.curiouscardinals.com/mentors/ilana-deykin [10853/10853] -> "/Users/briannazajicek/Documents/illuminairy/archives/curious-cardinals-2026-05-18/app-mentors/app.curiouscardinals.com/mentors/ilana-deykin.html" [1]
2026-05-18 00:53:13 URL:https://app.curiouscardinals.com/mentors/david-mazouz [15861/15861] -> "/Users/briannazajicek/Documents/illuminairy/archives/curious-cardinals-2026-05-18/app-mentors/app.curiouscardinals.com/mentors/david-mazouz.html" [1]
2026-05-18 00:53:14 URL:https://app.curiouscardinals.com/mentors/luyi-zhang [18797/18797] -> "/Users/briannazajicek/Documents/illuminairy/archives/curious-cardinals-2026-05-18/app-mentors/app.curiouscardinals.com/mentors/luyi-zhang.html" [1]
2026-05-18 00:53:14 URL:https://app.curiouscardinals.com/mentors/violet-chernoff [12035/12035] -> "/Users/briannazajicek/Documents/illuminairy/archives/curious-cardinals-2026-05-18/app-mentors/app.curiouscardinals.com/mentors/violet-chernoff.html" [1]
2026-05-18 00:53:15 URL:https://app.curiouscardinals.com/mentors/carly-tiras [13164/13164] -> "/Users/briannazajicek/Documents/illuminairy/archives/curious-cardinals-2026-05-18/app-mentors/app.curiouscardinals.com/mentors/carly-tiras.html" [1]
2026-05-18 00:53:15 URL:https://app.curiouscardinals.com/mentors/rachel-sinai [10966/10966] -> "/Users/briannazajicek/Documents/illuminairy/archives/curious-cardinals-2026-05-18/app-mentors/app.curiouscardinals.com/mentors/rachel-sinai.html" [1]
2026-05-18 00:53:16 URL:https://app.curiouscardinals.com/mentors/grace-carroll [12296/12296] -> "/Users/briannazajicek/Documents/illuminairy/archives/curious-cardinals-2026-05-18/app-mentors/app.curiouscardinals.com/mentors/grace-carroll.html" [1]
2026-05-18 00:53:17 URL:https://app.curiouscardinals.com/mentors/sabrina-shipley [13641/13641] -> "/Users/briannazajicek/Documents/illuminairy/archives/curious-cardinals-2026-05-18/app-mentors/app.curiouscardinals.com/mentors/sabrina-shipley.html" [1]
2026-05-18 00:53:17 URL:https://app.curiouscardinals.com/mentors/umara-hansen [13474/13474] -> "/Users/briannazajicek/Documents/illuminairy/archives/curious-cardinals-2026-05-18/app-mentors/app.curiouscardinals.com/mentors/umara-hansen.html" [1]
2026-05-18 00:53:18 URL:https://app.curiouscardinals.com/mentors/jordan-manuel [15987/15987] -> "/Users/briannazajicek/Documents/illuminairy/archives/curious-cardinals-2026-05-18/app-mentors/app.curiouscardinals.com/mentors/jordan-manuel.html" [1]
2026-05-18 00:53:18 URL:https://app.curiouscardinals.com/mentors/lauren-sanchez [8482/8482] -> "/Users/briannazajicek/Documents/illuminairy/archives/curious-cardinals-2026-05-18/app-mentors/app.curiouscardinals.com/mentors/lauren-sanchez.html" [1]
2026-05-18 00:53:19 URL:https://app.curiouscardinals.com/mentors/luke-riley [8699/8699] -> "/Users/briannazajicek/Documents/illuminairy/archives/curious-cardinals-2026-05-18/app-mentors/app.curiouscardinals.com/mentors/luke-riley.html" [1]
2026-05-18 00:53:19 URL:https://app.curiouscardinals.com/mentors/vera-kelly [17887/17887] -> "/Users/briannazajicek/Documents/illuminairy/archives/curious-cardinals-2026-05-18/app-mentors/app.curiouscardinals.com/mentors/vera-kelly.html" [1]
2026-05-18 00:53:20 URL:https://app.curiouscardinals.com/mentors/mackenzie-ford [16454/16454] -> "/Users/briannazajicek/Documents/illuminairy/archives/curious-cardinals-2026-05-18/app-mentors/app.curiouscardinals.com/mentors/mackenzie-ford.html" [1]
2026-05-18 00:53:20 URL:https://app.curiouscardinals.com/mentors/julien-deculus [12491/12491] -> "/Users/briannazajicek/Documents/illuminairy/archives/curious-cardinals-2026-05-18/app-mentors/app.curiouscardinals.com/mentors/julien-deculus.html" [1]
2026-05-18 00:53:21 URL:https://app.curiouscardinals.com/mentors/luke-clifton [18835/18835] -> "/Users/briannazajicek/Documents/illuminairy/archives/curious-cardinals-2026-05-18/app-mentors/app.curiouscardinals.com/mentors/luke-clifton.html" [1]
2026-05-18 00:53:21 URL:https://app.curiouscardinals.com/mentors/sam-whitney [16475/16475] -> "/Users/briannazajicek/Documents/illuminairy/archives/curious-cardinals-2026-05-18/app-mentors/app.curiouscardinals.com/mentors/sam-whitney.html" [1]
2026-05-18 00:53:22 URL:https://app.curiouscardinals.com/mentors/nathan-le [12053/12053] -> "/Users/briannazajicek/Documents/illuminairy/archives/curious-cardinals-2026-05-18/app-mentors/app.curiouscardinals.com/mentors/nathan-le.html" [1]
2026-05-18 00:53:23 URL:https://app.curiouscardinals.com/mentors/erin-foley [12440/12440] -> "/Users/briannazajicek/Documents/illuminairy/archives/curious-cardinals-2026-05-18/app-mentors/app.curiouscardinals.com/mentors/erin-foley.html" [1]
2026-05-18 00:53:23 URL:https://app.curiouscardinals.com/mentors/franco-arraiza [8461/8461] -> "/Users/briannazajicek/Documents/illuminairy/archives/curious-cardinals-2026-05-18/app-mentors/app.curiouscardinals.com/mentors/franco-arraiza.html" [1]
2026-05-18 00:53:24 URL:https://app.curiouscardinals.com/mentors/gianna-griffin [14502/14502] -> "/Users/briannazajicek/Documents/illuminairy/archives/curious-cardinals-2026-05-18/app-mentors/app.curiouscardinals.com/mentors/gianna-griffin.html" [1]
2026-05-18 00:53:24 URL:https://app.curiouscardinals.com/mentors/demi-fashemo [14843/14843] -> "/Users/briannazajicek/Documents/illuminairy/archives/curious-cardinals-2026-05-18/app-mentors/app.curiouscardinals.com/mentors/demi-fashemo.html" [1]
2026-05-18 00:53:25 URL:https://app.curiouscardinals.com/mentors/colin-guan [14041/14041] -> "/Users/briannazajicek/Documents/illuminairy/archives/curious-cardinals-2026-05-18/app-mentors/app.curiouscardinals.com/mentors/colin-guan.html" [1]
2026-05-18 00:53:25 URL:https://app.curiouscardinals.com/mentors/jenna-jiang-1 [12683/12683] -> "/Users/briannazajicek/Documents/illuminairy/archives/curious-cardinals-2026-05-18/app-mentors/app.curiouscardinals.com/mentors/jenna-jiang-1.html" [1]
2026-05-18 00:53:26 URL:https://app.curiouscardinals.com/mentors/el-richards [9901/9901] -> "/Users/briannazajicek/Documents/illuminairy/archives/curious-cardinals-2026-05-18/app-mentors/app.curiouscardinals.com/mentors/el-richards.html" [1]
2026-05-18 00:53:26 URL:https://app.curiouscardinals.com/mentors/toussaint- [13401/13401] -> "/Users/briannazajicek/Documents/illuminairy/archives/curious-cardinals-2026-05-18/app-mentors/app.curiouscardinals.com/mentors/toussaint-.html" [1]
2026-05-18 00:53:27 URL:https://app.curiouscardinals.com/mentors/rohan-malik [19139/19139] -> "/Users/briannazajicek/Documents/illuminairy/archives/curious-cardinals-2026-05-18/app-mentors/app.curiouscardinals.com/mentors/rohan-malik.html" [1]
2026-05-18 00:53:27 URL:https://app.curiouscardinals.com/mentors/jakov-marohnic [14600/14600] -> "/Users/briannazajicek/Documents/illuminairy/archives/curious-cardinals-2026-05-18/app-mentors/app.curiouscardinals.com/mentors/jakov-marohnic.html" [1]
2026-05-18 00:53:28 URL:https://app.curiouscardinals.com/mentors/nelly-garces [11326/11326] -> "/Users/briannazajicek/Documents/illuminairy/archives/curious-cardinals-2026-05-18/app-mentors/app.curiouscardinals.com/mentors/nelly-garces.html" [1]
2026-05-18 00:53:28 URL:https://app.curiouscardinals.com/mentors/matthew-brathwaite [14427/14427] -> "/Users/briannazajicek/Documents/illuminairy/archives/curious-cardinals-2026-05-18/app-mentors/app.curiouscardinals.com/mentors/matthew-brathwaite.html" [1]
2026-05-18 00:53:29 URL:https://app.curiouscardinals.com/mentors/hannah-nashed [12939/12939] -> "/Users/briannazajicek/Documents/illuminairy/archives/curious-cardinals-2026-05-18/app-mentors/app.curiouscardinals.com/mentors/hannah-nashed.html" [1]
2026-05-18 00:53:30 URL:https://app.curiouscardinals.com/mentors/dean-stratakos [8242/8242] -> "/Users/briannazajicek/Documents/illuminairy/archives/curious-cardinals-2026-05-18/app-mentors/app.curiouscardinals.com/mentors/dean-stratakos.html" [1]
2026-05-18 00:53:30 URL:https://app.curiouscardinals.com/mentors/william-sepesi [14006/14006] -> "/Users/briannazajicek/Documents/illuminairy/archives/curious-cardinals-2026-05-18/app-mentors/app.curiouscardinals.com/mentors/william-sepesi.html" [1]
2026-05-18 00:53:31 URL:https://app.curiouscardinals.com/mentors/sydney-wood [13676/13676] -> "/Users/briannazajicek/Documents/illuminairy/archives/curious-cardinals-2026-05-18/app-mentors/app.curiouscardinals.com/mentors/sydney-wood.html" [1]
2026-05-18 00:53:31 URL:https://app.curiouscardinals.com/mentors/julia-pak [11270/11270] -> "/Users/briannazajicek/Documents/illuminairy/archives/curious-cardinals-2026-05-18/app-mentors/app.curiouscardinals.com/mentors/julia-pak.html" [1]
2026-05-18 00:53:32 URL:https://app.curiouscardinals.com/mentors/a-p [10546/10546] -> "/Users/briannazajicek/Documents/illuminairy/archives/curious-cardinals-2026-05-18/app-mentors/app.curiouscardinals.com/mentors/a-p.html" [1]
2026-05-18 00:53:33 URL:https://app.curiouscardinals.com/mentors/isabel-wu [14904/14904] -> "/Users/briannazajicek/Documents/illuminairy/archives/curious-cardinals-2026-05-18/app-mentors/app.curiouscardinals.com/mentors/isabel-wu.html" [1]
2026-05-18 00:53:33 URL:https://app.curiouscardinals.com/mentors/colton-botta [15893/15893] -> "/Users/briannazajicek/Documents/illuminairy/archives/curious-cardinals-2026-05-18/app-mentors/app.curiouscardinals.com/mentors/colton-botta.html" [1]
2026-05-18 00:53:34 URL:https://app.curiouscardinals.com/mentors/simon-debesai [12349/12349] -> "/Users/briannazajicek/Documents/illuminairy/archives/curious-cardinals-2026-05-18/app-mentors/app.curiouscardinals.com/mentors/simon-debesai.html" [1]
2026-05-18 00:53:34 URL:https://app.curiouscardinals.com/mentors/catherine-zhang [14397/14397] -> "/Users/briannazajicek/Documents/illuminairy/archives/curious-cardinals-2026-05-18/app-mentors/app.curiouscardinals.com/mentors/catherine-zhang.html" [1]
2026-05-18 00:53:35 URL:https://app.curiouscardinals.com/mentors/abigayle-peterson [12657/12657] -> "/Users/briannazajicek/Documents/illuminairy/archives/curious-cardinals-2026-05-18/app-mentors/app.curiouscardinals.com/mentors/abigayle-peterson.html" [1]
2026-05-18 00:53:35 URL:https://app.curiouscardinals.com/mentors/henry-liera [14583/14583] -> "/Users/briannazajicek/Documents/illuminairy/archives/curious-cardinals-2026-05-18/app-mentors/app.curiouscardinals.com/mentors/henry-liera.html" [1]
2026-05-18 00:53:36 URL:https://app.curiouscardinals.com/mentors/jeremy-heyer-1 [15681/15681] -> "/Users/briannazajicek/Documents/illuminairy/archives/curious-cardinals-2026-05-18/app-mentors/app.curiouscardinals.com/mentors/jeremy-heyer-1.html" [1]
2026-05-18 00:53:36 URL:https://app.curiouscardinals.com/mentors/alexandra-wong [8583/8583] -> "/Users/briannazajicek/Documents/illuminairy/archives/curious-cardinals-2026-05-18/app-mentors/app.curiouscardinals.com/mentors/alexandra-wong.html" [1]
2026-05-18 00:53:37 URL:https://app.curiouscardinals.com/mentors/zoe-d [14317/14317] -> "/Users/briannazajicek/Documents/illuminairy/archives/curious-cardinals-2026-05-18/app-mentors/app.curiouscardinals.com/mentors/zoe-d.html" [1]
2026-05-18 00:53:37 URL:https://app.curiouscardinals.com/mentors/onyie-okoye [14914/14914] -> "/Users/briannazajicek/Documents/illuminairy/archives/curious-cardinals-2026-05-18/app-mentors/app.curiouscardinals.com/mentors/onyie-okoye.html" [1]
2026-05-18 00:53:38 URL:https://app.curiouscardinals.com/mentors/heba-idris [15625/15625] -> "/Users/briannazajicek/Documents/illuminairy/archives/curious-cardinals-2026-05-18/app-mentors/app.curiouscardinals.com/mentors/heba-idris.html" [1]
2026-05-18 00:53:39 URL:https://app.curiouscardinals.com/mentors/jon-gorman [10136/10136] -> "/Users/briannazajicek/Documents/illuminairy/archives/curious-cardinals-2026-05-18/app-mentors/app.curiouscardinals.com/mentors/jon-gorman.html" [1]
2026-05-18 00:53:39 URL:https://app.curiouscardinals.com/mentors/olivia-castel [15796/15796] -> "/Users/briannazajicek/Documents/illuminairy/archives/curious-cardinals-2026-05-18/app-mentors/app.curiouscardinals.com/mentors/olivia-castel.html" [1]
2026-05-18 00:53:40 URL:https://app.curiouscardinals.com/mentors/sarah-cecelia [15629/15629] -> "/Users/briannazajicek/Documents/illuminairy/archives/curious-cardinals-2026-05-18/app-mentors/app.curiouscardinals.com/mentors/sarah-cecelia.html" [1]
2026-05-18 00:53:40 URL:https://app.curiouscardinals.com/mentors/james-farr [8637/8637] -> "/Users/briannazajicek/Documents/illuminairy/archives/curious-cardinals-2026-05-18/app-mentors/app.curiouscardinals.com/mentors/james-farr.html" [1]
2026-05-18 00:53:41 URL:https://app.curiouscardinals.com/mentors/teala-fishman [12729/12729] -> "/Users/briannazajicek/Documents/illuminairy/archives/curious-cardinals-2026-05-18/app-mentors/app.curiouscardinals.com/mentors/teala-fishman.html" [1]
2026-05-18 00:53:42 URL:https://app.curiouscardinals.com/mentors/hanna-li [8382/8382] -> "/Users/briannazajicek/Documents/illuminairy/archives/curious-cardinals-2026-05-18/app-mentors/app.curiouscardinals.com/mentors/hanna-li.html" [1]
2026-05-18 00:53:42 URL:https://app.curiouscardinals.com/mentors/hannah-boruchov [16871/16871] -> "/Users/briannazajicek/Documents/illuminairy/archives/curious-cardinals-2026-05-18/app-mentors/app.curiouscardinals.com/mentors/hannah-boruchov.html" [1]
2026-05-18 00:53:43 URL:https://app.curiouscardinals.com/mentors/sumin-yoon [13338/13338] -> "/Users/briannazajicek/Documents/illuminairy/archives/curious-cardinals-2026-05-18/app-mentors/app.curiouscardinals.com/mentors/sumin-yoon.html" [1]
2026-05-18 00:53:43 URL:https://app.curiouscardinals.com/mentors/sam-benabou [17926/17926] -> "/Users/briannazajicek/Documents/illuminairy/archives/curious-cardinals-2026-05-18/app-mentors/app.curiouscardinals.com/mentors/sam-benabou.html" [1]
2026-05-18 00:53:44 URL:https://app.curiouscardinals.com/mentors/alexander-eischeid [9751/9751] -> "/Users/briannazajicek/Documents/illuminairy/archives/curious-cardinals-2026-05-18/app-mentors/app.curiouscardinals.com/mentors/alexander-eischeid.html" [1]
2026-05-18 00:53:44 URL:https://app.curiouscardinals.com/mentors/ihea-inyama [10424/10424] -> "/Users/briannazajicek/Documents/illuminairy/archives/curious-cardinals-2026-05-18/app-mentors/app.curiouscardinals.com/mentors/ihea-inyama.html" [1]
2026-05-18 00:53:45 URL:https://app.curiouscardinals.com/mentors/arielle-kopp-1 [15040/15040] -> "/Users/briannazajicek/Documents/illuminairy/archives/curious-cardinals-2026-05-18/app-mentors/app.curiouscardinals.com/mentors/arielle-kopp-1.html" [1]
2026-05-18 00:53:45 URL:https://app.curiouscardinals.com/mentors/grady-harrison [13135/13135] -> "/Users/briannazajicek/Documents/illuminairy/archives/curious-cardinals-2026-05-18/app-mentors/app.curiouscardinals.com/mentors/grady-harrison.html" [1]
2026-05-18 00:53:46 URL:https://app.curiouscardinals.com/mentors/astha-bhandari-1 [12677/12677] -> "/Users/briannazajicek/Documents/illuminairy/archives/curious-cardinals-2026-05-18/app-mentors/app.curiouscardinals.com/mentors/astha-bhandari-1.html" [1]
2026-05-18 00:53:47 URL:https://app.curiouscardinals.com/mentors/ethan-wei [12307/12307] -> "/Users/briannazajicek/Documents/illuminairy/archives/curious-cardinals-2026-05-18/app-mentors/app.curiouscardinals.com/mentors/ethan-wei.html" [1]
2026-05-18 00:53:47 URL:https://app.curiouscardinals.com/mentors/gillian-feit-1 [17397/17397] -> "/Users/briannazajicek/Documents/illuminairy/archives/curious-cardinals-2026-05-18/app-mentors/app.curiouscardinals.com/mentors/gillian-feit-1.html" [1]
2026-05-18 00:53:48 URL:https://app.curiouscardinals.com/mentors/josue-gilsilva [13262/13262] -> "/Users/briannazajicek/Documents/illuminairy/archives/curious-cardinals-2026-05-18/app-mentors/app.curiouscardinals.com/mentors/josue-gilsilva.html" [1]
2026-05-18 00:53:48 URL:https://app.curiouscardinals.com/mentors/angela-delacruz [16538/16538] -> "/Users/briannazajicek/Documents/illuminairy/archives/curious-cardinals-2026-05-18/app-mentors/app.curiouscardinals.com/mentors/angela-delacruz.html" [1]
2026-05-18 00:53:49 URL:https://app.curiouscardinals.com/mentors/christine-zhou [16724/16724] -> "/Users/briannazajicek/Documents/illuminairy/archives/curious-cardinals-2026-05-18/app-mentors/app.curiouscardinals.com/mentors/christine-zhou.html" [1]
2026-05-18 00:53:50 URL:https://app.curiouscardinals.com/mentors/victoria-duranvalero [18272/18272] -> "/Users/briannazajicek/Documents/illuminairy/archives/curious-cardinals-2026-05-18/app-mentors/app.curiouscardinals.com/mentors/victoria-duranvalero.html" [1]
2026-05-18 00:53:50 URL:https://app.curiouscardinals.com/mentors/justin-zheng [15183/15183] -> "/Users/briannazajicek/Documents/illuminairy/archives/curious-cardinals-2026-05-18/app-mentors/app.curiouscardinals.com/mentors/justin-zheng.html" [1]
2026-05-18 00:53:51 URL:https://app.curiouscardinals.com/mentors/yasmeen-faisal [10021/10021] -> "/Users/briannazajicek/Documents/illuminairy/archives/curious-cardinals-2026-05-18/app-mentors/app.curiouscardinals.com/mentors/yasmeen-faisal.html" [1]
2026-05-18 00:53:51 URL:https://app.curiouscardinals.com/mentors/sultan-daniels [14397/14397] -> "/Users/briannazajicek/Documents/illuminairy/archives/curious-cardinals-2026-05-18/app-mentors/app.curiouscardinals.com/mentors/sultan-daniels.html" [1]
2026-05-18 00:53:52 URL:https://app.curiouscardinals.com/mentors/zachary-maldonado [12439/12439] -> "/Users/briannazajicek/Documents/illuminairy/archives/curious-cardinals-2026-05-18/app-mentors/app.curiouscardinals.com/mentors/zachary-maldonado.html" [1]
2026-05-18 00:53:53 URL:https://app.curiouscardinals.com/mentors/steve-nguyen [9357/9357] -> "/Users/briannazajicek/Documents/illuminairy/archives/curious-cardinals-2026-05-18/app-mentors/app.curiouscardinals.com/mentors/steve-nguyen.html" [1]
2026-05-18 00:53:53 URL:https://app.curiouscardinals.com/mentors/armaan-rashid-1 [13731/13731] -> "/Users/briannazajicek/Documents/illuminairy/archives/curious-cardinals-2026-05-18/app-mentors/app.curiouscardinals.com/mentors/armaan-rashid-1.html" [1]
2026-05-18 00:53:54 URL:https://app.curiouscardinals.com/mentors/annabel-stickel [14502/14502] -> "/Users/briannazajicek/Documents/illuminairy/archives/curious-cardinals-2026-05-18/app-mentors/app.curiouscardinals.com/mentors/annabel-stickel.html" [1]
2026-05-18 00:53:55 URL:https://app.curiouscardinals.com/mentors/mallory-loar-1 [15467/15467] -> "/Users/briannazajicek/Documents/illuminairy/archives/curious-cardinals-2026-05-18/app-mentors/app.curiouscardinals.com/mentors/mallory-loar-1.html" [1]
2026-05-18 00:53:55 URL:https://app.curiouscardinals.com/mentors/ella-stevens [13000/13000] -> "/Users/briannazajicek/Documents/illuminairy/archives/curious-cardinals-2026-05-18/app-mentors/app.curiouscardinals.com/mentors/ella-stevens.html" [1]
2026-05-18 00:53:55 URL:https://app.curiouscardinals.com/mentors/andrew-mccallum-1 [13199/13199] -> "/Users/briannazajicek/Documents/illuminairy/archives/curious-cardinals-2026-05-18/app-mentors/app.curiouscardinals.com/mentors/andrew-mccallum-1.html" [1]
2026-05-18 00:53:56 URL:https://app.curiouscardinals.com/mentors/sarah-darmstadt [9302/9302] -> "/Users/briannazajicek/Documents/illuminairy/archives/curious-cardinals-2026-05-18/app-mentors/app.curiouscardinals.com/mentors/sarah-darmstadt.html" [1]
2026-05-18 00:53:57 URL:https://app.curiouscardinals.com/mentors/mari-velazquez [13078/13078] -> "/Users/briannazajicek/Documents/illuminairy/archives/curious-cardinals-2026-05-18/app-mentors/app.curiouscardinals.com/mentors/mari-velazquez.html" [1]
2026-05-18 00:53:57 URL:https://app.curiouscardinals.com/mentors/joshua- [14308/14308] -> "/Users/briannazajicek/Documents/illuminairy/archives/curious-cardinals-2026-05-18/app-mentors/app.curiouscardinals.com/mentors/joshua-.html" [1]
2026-05-18 00:53:58 URL:https://app.curiouscardinals.com/mentors/aidan-stretch [11328/11328] -> "/Users/briannazajicek/Documents/illuminairy/archives/curious-cardinals-2026-05-18/app-mentors/app.curiouscardinals.com/mentors/aidan-stretch.html" [1]
2026-05-18 00:53:58 URL:https://app.curiouscardinals.com/mentors/michelle-vinocour [15512/15512] -> "/Users/briannazajicek/Documents/illuminairy/archives/curious-cardinals-2026-05-18/app-mentors/app.curiouscardinals.com/mentors/michelle-vinocour.html" [1]
2026-05-18 00:53:59 URL:https://app.curiouscardinals.com/mentors/morgan-chaljub [14394/14394] -> "/Users/briannazajicek/Documents/illuminairy/archives/curious-cardinals-2026-05-18/app-mentors/app.curiouscardinals.com/mentors/morgan-chaljub.html" [1]
2026-05-18 00:53:59 URL:https://app.curiouscardinals.com/mentors/seth-pierson [14264/14264] -> "/Users/briannazajicek/Documents/illuminairy/archives/curious-cardinals-2026-05-18/app-mentors/app.curiouscardinals.com/mentors/seth-pierson.html" [1]
2026-05-18 00:54:00 URL:https://app.curiouscardinals.com/mentors/james-morris [19264/19264] -> "/Users/briannazajicek/Documents/illuminairy/archives/curious-cardinals-2026-05-18/app-mentors/app.curiouscardinals.com/mentors/james-morris.html" [1]
2026-05-18 00:54:01 URL:https://app.curiouscardinals.com/mentors/nadia-sadati [14772/14772] -> "/Users/briannazajicek/Documents/illuminairy/archives/curious-cardinals-2026-05-18/app-mentors/app.curiouscardinals.com/mentors/nadia-sadati.html" [1]
2026-05-18 00:54:01 URL:https://app.curiouscardinals.com/mentors/astrid-liden [14974/14974] -> "/Users/briannazajicek/Documents/illuminairy/archives/curious-cardinals-2026-05-18/app-mentors/app.curiouscardinals.com/mentors/astrid-liden.html" [1]
2026-05-18 00:54:02 URL:https://app.curiouscardinals.com/mentors/thomas-seifert [15476/15476] -> "/Users/briannazajicek/Documents/illuminairy/archives/curious-cardinals-2026-05-18/app-mentors/app.curiouscardinals.com/mentors/thomas-seifert.html" [1]
2026-05-18 00:54:02 URL:https://app.curiouscardinals.com/mentors/wyatt-lake [16169/16169] -> "/Users/briannazajicek/Documents/illuminairy/archives/curious-cardinals-2026-05-18/app-mentors/app.curiouscardinals.com/mentors/wyatt-lake.html" [1]
2026-05-18 00:54:03 URL:https://app.curiouscardinals.com/mentors/hollis-a [13435/13435] -> "/Users/briannazajicek/Documents/illuminairy/archives/curious-cardinals-2026-05-18/app-mentors/app.curiouscardinals.com/mentors/hollis-a.html" [1]
2026-05-18 00:54:04 URL:https://app.curiouscardinals.com/mentors/amogh-manivannan [24484/24484] -> "/Users/briannazajicek/Documents/illuminairy/archives/curious-cardinals-2026-05-18/app-mentors/app.curiouscardinals.com/mentors/amogh-manivannan.html" [1]
2026-05-18 00:54:04 URL:https://app.curiouscardinals.com/mentors/alfredo-sanchez [13707/13707] -> "/Users/briannazajicek/Documents/illuminairy/archives/curious-cardinals-2026-05-18/app-mentors/app.curiouscardinals.com/mentors/alfredo-sanchez.html" [1]
2026-05-18 00:54:05 URL:https://app.curiouscardinals.com/mentors/maheem-jiwani [8650/8650] -> "/Users/briannazajicek/Documents/illuminairy/archives/curious-cardinals-2026-05-18/app-mentors/app.curiouscardinals.com/mentors/maheem-jiwani.html" [1]
2026-05-18 00:54:05 URL:https://app.curiouscardinals.com/mentors/tiago-flora [8659/8659] -> "/Users/briannazajicek/Documents/illuminairy/archives/curious-cardinals-2026-05-18/app-mentors/app.curiouscardinals.com/mentors/tiago-flora.html" [1]
2026-05-18 00:54:06 URL:https://app.curiouscardinals.com/mentors/agustin-maglione [11255/11255] -> "/Users/briannazajicek/Documents/illuminairy/archives/curious-cardinals-2026-05-18/app-mentors/app.curiouscardinals.com/mentors/agustin-maglione.html" [1]
2026-05-18 00:54:06 URL:https://app.curiouscardinals.com/mentors/john-kersellius [9226/9226] -> "/Users/briannazajicek/Documents/illuminairy/archives/curious-cardinals-2026-05-18/app-mentors/app.curiouscardinals.com/mentors/john-kersellius.html" [1]
2026-05-18 00:54:07 URL:https://app.curiouscardinals.com/mentors/libby-rouffy [15190/15190] -> "/Users/briannazajicek/Documents/illuminairy/archives/curious-cardinals-2026-05-18/app-mentors/app.curiouscardinals.com/mentors/libby-rouffy.html" [1]
2026-05-18 00:54:07 URL:https://app.curiouscardinals.com/mentors/anika-kolanu [13682/13682] -> "/Users/briannazajicek/Documents/illuminairy/archives/curious-cardinals-2026-05-18/app-mentors/app.curiouscardinals.com/mentors/anika-kolanu.html" [1]
2026-05-18 00:54:08 URL:https://app.curiouscardinals.com/mentors/isabel-bernhard [12740/12740] -> "/Users/briannazajicek/Documents/illuminairy/archives/curious-cardinals-2026-05-18/app-mentors/app.curiouscardinals.com/mentors/isabel-bernhard.html" [1]
2026-05-18 00:54:09 URL:https://app.curiouscardinals.com/mentors/grace-coolidge [13774/13774] -> "/Users/briannazajicek/Documents/illuminairy/archives/curious-cardinals-2026-05-18/app-mentors/app.curiouscardinals.com/mentors/grace-coolidge.html" [1]
2026-05-18 00:54:09 URL:https://app.curiouscardinals.com/mentors/paloma-vigil [14634/14634] -> "/Users/briannazajicek/Documents/illuminairy/archives/curious-cardinals-2026-05-18/app-mentors/app.curiouscardinals.com/mentors/paloma-vigil.html" [1]
2026-05-18 00:54:10 URL:https://app.curiouscardinals.com/mentors/lexi-stein [13460/13460] -> "/Users/briannazajicek/Documents/illuminairy/archives/curious-cardinals-2026-05-18/app-mentors/app.curiouscardinals.com/mentors/lexi-stein.html" [1]
2026-05-18 00:54:10 URL:https://app.curiouscardinals.com/mentors/carly-shatz [16215/16215] -> "/Users/briannazajicek/Documents/illuminairy/archives/curious-cardinals-2026-05-18/app-mentors/app.curiouscardinals.com/mentors/carly-shatz.html" [1]
2026-05-18 00:54:11 URL:https://app.curiouscardinals.com/mentors/sindhuja-kanamarlapudi [15228/15228] -> "/Users/briannazajicek/Documents/illuminairy/archives/curious-cardinals-2026-05-18/app-mentors/app.curiouscardinals.com/mentors/sindhuja-kanamarlapudi.html" [1]
2026-05-18 00:54:12 URL:https://app.curiouscardinals.com/mentors/sami-polikoff [11252/11252] -> "/Users/briannazajicek/Documents/illuminairy/archives/curious-cardinals-2026-05-18/app-mentors/app.curiouscardinals.com/mentors/sami-polikoff.html" [1]
2026-05-18 00:54:12 URL:https://app.curiouscardinals.com/mentors/steven-zeng [15462/15462] -> "/Users/briannazajicek/Documents/illuminairy/archives/curious-cardinals-2026-05-18/app-mentors/app.curiouscardinals.com/mentors/steven-zeng.html" [1]
2026-05-18 00:54:13 URL:https://app.curiouscardinals.com/mentors/charlotte-jones [14314/14314] -> "/Users/briannazajicek/Documents/illuminairy/archives/curious-cardinals-2026-05-18/app-mentors/app.curiouscardinals.com/mentors/charlotte-jones.html" [1]
2026-05-18 00:54:13 URL:https://app.curiouscardinals.com/mentors/timothy-shen [8440/8440] -> "/Users/briannazajicek/Documents/illuminairy/archives/curious-cardinals-2026-05-18/app-mentors/app.curiouscardinals.com/mentors/timothy-shen.html" [1]
2026-05-18 00:54:14 URL:https://app.curiouscardinals.com/mentors/lily-kaplan [12928/12928] -> "/Users/briannazajicek/Documents/illuminairy/archives/curious-cardinals-2026-05-18/app-mentors/app.curiouscardinals.com/mentors/lily-kaplan.html" [1]
2026-05-18 00:54:14 URL:https://app.curiouscardinals.com/mentors/grace-kim-2 [15302/15302] -> "/Users/briannazajicek/Documents/illuminairy/archives/curious-cardinals-2026-05-18/app-mentors/app.curiouscardinals.com/mentors/grace-kim-2.html" [1]
2026-05-18 00:54:15 URL:https://app.curiouscardinals.com/mentors/shrea-tyagi [15087/15087] -> "/Users/briannazajicek/Documents/illuminairy/archives/curious-cardinals-2026-05-18/app-mentors/app.curiouscardinals.com/mentors/shrea-tyagi.html" [1]
2026-05-18 00:54:15 URL:https://app.curiouscardinals.com/mentors/nicole-lee-2 [14775/14775] -> "/Users/briannazajicek/Documents/illuminairy/archives/curious-cardinals-2026-05-18/app-mentors/app.curiouscardinals.com/mentors/nicole-lee-2.html" [1]
2026-05-18 00:54:16 URL:https://app.curiouscardinals.com/mentors/kartik-chamarti [15871/15871] -> "/Users/briannazajicek/Documents/illuminairy/archives/curious-cardinals-2026-05-18/app-mentors/app.curiouscardinals.com/mentors/kartik-chamarti.html" [1]
2026-05-18 00:54:17 URL:https://app.curiouscardinals.com/mentors/sanjana-friedman [7245/7245] -> "/Users/briannazajicek/Documents/illuminairy/archives/curious-cardinals-2026-05-18/app-mentors/app.curiouscardinals.com/mentors/sanjana-friedman.html" [1]
2026-05-18 00:54:17 URL:https://app.curiouscardinals.com/mentors/a-abner [13558/13558] -> "/Users/briannazajicek/Documents/illuminairy/archives/curious-cardinals-2026-05-18/app-mentors/app.curiouscardinals.com/mentors/a-abner.html" [1]
2026-05-18 00:54:18 URL:https://app.curiouscardinals.com/mentors/joshua-mei [8544/8544] -> "/Users/briannazajicek/Documents/illuminairy/archives/curious-cardinals-2026-05-18/app-mentors/app.curiouscardinals.com/mentors/joshua-mei.html" [1]
2026-05-18 00:54:19 URL:https://app.curiouscardinals.com/mentors/christina-ofori [9632/9632] -> "/Users/briannazajicek/Documents/illuminairy/archives/curious-cardinals-2026-05-18/app-mentors/app.curiouscardinals.com/mentors/christina-ofori.html" [1]
2026-05-18 00:54:19 URL:https://app.curiouscardinals.com/mentors/grace-scullion [15505/15505] -> "/Users/briannazajicek/Documents/illuminairy/archives/curious-cardinals-2026-05-18/app-mentors/app.curiouscardinals.com/mentors/grace-scullion.html" [1]
2026-05-18 00:54:20 URL:https://app.curiouscardinals.com/mentors/adeline-vettel [16093/16093] -> "/Users/briannazajicek/Documents/illuminairy/archives/curious-cardinals-2026-05-18/app-mentors/app.curiouscardinals.com/mentors/adeline-vettel.html" [1]
2026-05-18 00:54:20 URL:https://app.curiouscardinals.com/mentors/alexandra-roe [15132/15132] -> "/Users/briannazajicek/Documents/illuminairy/archives/curious-cardinals-2026-05-18/app-mentors/app.curiouscardinals.com/mentors/alexandra-roe.html" [1]
2026-05-18 00:54:21 URL:https://app.curiouscardinals.com/mentors/addy-gorton [9877/9877] -> "/Users/briannazajicek/Documents/illuminairy/archives/curious-cardinals-2026-05-18/app-mentors/app.curiouscardinals.com/mentors/addy-gorton.html" [1]
2026-05-18 00:54:22 URL:https://app.curiouscardinals.com/mentors/marie-estelle [14974/14974] -> "/Users/briannazajicek/Documents/illuminairy/archives/curious-cardinals-2026-05-18/app-mentors/app.curiouscardinals.com/mentors/marie-estelle.html" [1]
2026-05-18 00:54:22 URL:https://app.curiouscardinals.com/mentors/dayne-neff [14640/14640] -> "/Users/briannazajicek/Documents/illuminairy/archives/curious-cardinals-2026-05-18/app-mentors/app.curiouscardinals.com/mentors/dayne-neff.html" [1]
2026-05-18 00:54:22 URL:https://app.curiouscardinals.com/mentors/lucia-moreau [13675/13675] -> "/Users/briannazajicek/Documents/illuminairy/archives/curious-cardinals-2026-05-18/app-mentors/app.curiouscardinals.com/mentors/lucia-moreau.html" [1]
2026-05-18 00:54:23 URL:https://app.curiouscardinals.com/mentors/soenke-f [14118/14118] -> "/Users/briannazajicek/Documents/illuminairy/archives/curious-cardinals-2026-05-18/app-mentors/app.curiouscardinals.com/mentors/soenke-f.html" [1]
2026-05-18 00:54:23 URL:https://app.curiouscardinals.com/mentors/jameshan-gt [14936/14936] -> "/Users/briannazajicek/Documents/illuminairy/archives/curious-cardinals-2026-05-18/app-mentors/app.curiouscardinals.com/mentors/jameshan-gt.html" [1]
2026-05-18 00:54:24 URL:https://app.curiouscardinals.com/mentors/vihaan-shah [14571/14571] -> "/Users/briannazajicek/Documents/illuminairy/archives/curious-cardinals-2026-05-18/app-mentors/app.curiouscardinals.com/mentors/vihaan-shah.html" [1]
2026-05-18 00:54:25 URL:https://app.curiouscardinals.com/mentors/tyler-greenberg [14590/14590] -> "/Users/briannazajicek/Documents/illuminairy/archives/curious-cardinals-2026-05-18/app-mentors/app.curiouscardinals.com/mentors/tyler-greenberg.html" [1]
2026-05-18 00:54:25 URL:https://app.curiouscardinals.com/mentors/kyuna-lee [18584/18584] -> "/Users/briannazajicek/Documents/illuminairy/archives/curious-cardinals-2026-05-18/app-mentors/app.curiouscardinals.com/mentors/kyuna-lee.html" [1]
2026-05-18 00:54:26 URL:https://app.curiouscardinals.com/mentors/hunter-disco [12334/12334] -> "/Users/briannazajicek/Documents/illuminairy/archives/curious-cardinals-2026-05-18/app-mentors/app.curiouscardinals.com/mentors/hunter-disco.html" [1]
2026-05-18 00:54:26 URL:https://app.curiouscardinals.com/mentors/gia-khanna-1 [10515/10515] -> "/Users/briannazajicek/Documents/illuminairy/archives/curious-cardinals-2026-05-18/app-mentors/app.curiouscardinals.com/mentors/gia-khanna-1.html" [1]
2026-05-18 00:54:27 URL:https://app.curiouscardinals.com/mentors/ziya-xu [8053/8053] -> "/Users/briannazajicek/Documents/illuminairy/archives/curious-cardinals-2026-05-18/app-mentors/app.curiouscardinals.com/mentors/ziya-xu.html" [1]
2026-05-18 00:54:27 URL:https://app.curiouscardinals.com/mentors/mia-goldblum [13074/13074] -> "/Users/briannazajicek/Documents/illuminairy/archives/curious-cardinals-2026-05-18/app-mentors/app.curiouscardinals.com/mentors/mia-goldblum.html" [1]
2026-05-18 00:54:28 URL:https://app.curiouscardinals.com/mentors/philos-kim [12793/12793] -> "/Users/briannazajicek/Documents/illuminairy/archives/curious-cardinals-2026-05-18/app-mentors/app.curiouscardinals.com/mentors/philos-kim.html" [1]
2026-05-18 00:54:29 URL:https://app.curiouscardinals.com/mentors/jordyn-youngelson-1 [14282/14282] -> "/Users/briannazajicek/Documents/illuminairy/archives/curious-cardinals-2026-05-18/app-mentors/app.curiouscardinals.com/mentors/jordyn-youngelson-1.html" [1]
2026-05-18 00:54:29 URL:https://app.curiouscardinals.com/mentors/johnbarry-bertematti [14010/14010] -> "/Users/briannazajicek/Documents/illuminairy/archives/curious-cardinals-2026-05-18/app-mentors/app.curiouscardinals.com/mentors/johnbarry-bertematti.html" [1]
2026-05-18 00:54:30 URL:https://app.curiouscardinals.com/mentors/will-crites-1 [17190/17190] -> "/Users/briannazajicek/Documents/illuminairy/archives/curious-cardinals-2026-05-18/app-mentors/app.curiouscardinals.com/mentors/will-crites-1.html" [1]
2026-05-18 00:54:30 URL:https://app.curiouscardinals.com/mentors/nitya-kodali [17503/17503] -> "/Users/briannazajicek/Documents/illuminairy/archives/curious-cardinals-2026-05-18/app-mentors/app.curiouscardinals.com/mentors/nitya-kodali.html" [1]
2026-05-18 00:54:31 URL:https://app.curiouscardinals.com/mentors/andrew-basinger [10728/10728] -> "/Users/briannazajicek/Documents/illuminairy/archives/curious-cardinals-2026-05-18/app-mentors/app.curiouscardinals.com/mentors/andrew-basinger.html" [1]
2026-05-18 00:54:32 URL:https://app.curiouscardinals.com/mentors/maximus-leibov [14031/14031] -> "/Users/briannazajicek/Documents/illuminairy/archives/curious-cardinals-2026-05-18/app-mentors/app.curiouscardinals.com/mentors/maximus-leibov.html" [1]
2026-05-18 00:54:32 URL:https://app.curiouscardinals.com/mentors/gray-watson [15448/15448] -> "/Users/briannazajicek/Documents/illuminairy/archives/curious-cardinals-2026-05-18/app-mentors/app.curiouscardinals.com/mentors/gray-watson.html" [1]
2026-05-18 00:54:33 URL:https://app.curiouscardinals.com/mentors/avery-endl [15956/15956] -> "/Users/briannazajicek/Documents/illuminairy/archives/curious-cardinals-2026-05-18/app-mentors/app.curiouscardinals.com/mentors/avery-endl.html" [1]
2026-05-18 00:54:33 URL:https://app.curiouscardinals.com/mentors/nico-garciaippolito [12887/12887] -> "/Users/briannazajicek/Documents/illuminairy/archives/curious-cardinals-2026-05-18/app-mentors/app.curiouscardinals.com/mentors/nico-garciaippolito.html" [1]
2026-05-18 00:54:34 URL:https://app.curiouscardinals.com/mentors/kendall-ogin [12223/12223] -> "/Users/briannazajicek/Documents/illuminairy/archives/curious-cardinals-2026-05-18/app-mentors/app.curiouscardinals.com/mentors/kendall-ogin.html" [1]
2026-05-18 00:54:35 URL:https://app.curiouscardinals.com/mentors/emily-dunn [18525/18525] -> "/Users/briannazajicek/Documents/illuminairy/archives/curious-cardinals-2026-05-18/app-mentors/app.curiouscardinals.com/mentors/emily-dunn.html" [1]
2026-05-18 00:54:35 URL:https://app.curiouscardinals.com/mentors/shane-lavery [15257/15257] -> "/Users/briannazajicek/Documents/illuminairy/archives/curious-cardinals-2026-05-18/app-mentors/app.curiouscardinals.com/mentors/shane-lavery.html" [1]
2026-05-18 00:54:36 URL:https://app.curiouscardinals.com/mentors/nicole-uribe [9065/9065] -> "/Users/briannazajicek/Documents/illuminairy/archives/curious-cardinals-2026-05-18/app-mentors/app.curiouscardinals.com/mentors/nicole-uribe.html" [1]
2026-05-18 00:54:36 URL:https://app.curiouscardinals.com/mentors/gunner-klith [12306/12306] -> "/Users/briannazajicek/Documents/illuminairy/archives/curious-cardinals-2026-05-18/app-mentors/app.curiouscardinals.com/mentors/gunner-klith.html" [1]
2026-05-18 00:54:37 URL:https://app.curiouscardinals.com/mentors/matthew-espinoza [11569/11569] -> "/Users/briannazajicek/Documents/illuminairy/archives/curious-cardinals-2026-05-18/app-mentors/app.curiouscardinals.com/mentors/matthew-espinoza.html" [1]
2026-05-18 00:54:37 URL:https://app.curiouscardinals.com/mentors/gayatri-meswani [9914/9914] -> "/Users/briannazajicek/Documents/illuminairy/archives/curious-cardinals-2026-05-18/app-mentors/app.curiouscardinals.com/mentors/gayatri-meswani.html" [1]
2026-05-18 00:54:38 URL:https://app.curiouscardinals.com/mentors/aaron-boorstein [12368/12368] -> "/Users/briannazajicek/Documents/illuminairy/archives/curious-cardinals-2026-05-18/app-mentors/app.curiouscardinals.com/mentors/aaron-boorstein.html" [1]
2026-05-18 00:54:39 URL:https://app.curiouscardinals.com/mentors/evan-manley [12784/12784] -> "/Users/briannazajicek/Documents/illuminairy/archives/curious-cardinals-2026-05-18/app-mentors/app.curiouscardinals.com/mentors/evan-manley.html" [1]
2026-05-18 00:54:39 URL:https://app.curiouscardinals.com/mentors/suleman-qamar [13404/13404] -> "/Users/briannazajicek/Documents/illuminairy/archives/curious-cardinals-2026-05-18/app-mentors/app.curiouscardinals.com/mentors/suleman-qamar.html" [1]
2026-05-18 00:54:40 URL:https://app.curiouscardinals.com/mentors/linda-tran [16723/16723] -> "/Users/briannazajicek/Documents/illuminairy/archives/curious-cardinals-2026-05-18/app-mentors/app.curiouscardinals.com/mentors/linda-tran.html" [1]
2026-05-18 00:54:40 URL:https://app.curiouscardinals.com/mentors/vianca-ruiz [13573/13573] -> "/Users/briannazajicek/Documents/illuminairy/archives/curious-cardinals-2026-05-18/app-mentors/app.curiouscardinals.com/mentors/vianca-ruiz.html" [1]
2026-05-18 00:54:41 URL:https://app.curiouscardinals.com/mentors/lily-camp-1 [14745/14745] -> "/Users/briannazajicek/Documents/illuminairy/archives/curious-cardinals-2026-05-18/app-mentors/app.curiouscardinals.com/mentors/lily-camp-1.html" [1]
2026-05-18 00:54:41 URL:https://app.curiouscardinals.com/mentors/mia-schoolman [13390/13390] -> "/Users/briannazajicek/Documents/illuminairy/archives/curious-cardinals-2026-05-18/app-mentors/app.curiouscardinals.com/mentors/mia-schoolman.html" [1]
2026-05-18 00:54:42 URL:https://app.curiouscardinals.com/mentors/tess-lepeskatrue [14943/14943] -> "/Users/briannazajicek/Documents/illuminairy/archives/curious-cardinals-2026-05-18/app-mentors/app.curiouscardinals.com/mentors/tess-lepeskatrue.html" [1]
2026-05-18 00:54:42 URL:https://app.curiouscardinals.com/mentors/george-arthur [14602/14602] -> "/Users/briannazajicek/Documents/illuminairy/archives/curious-cardinals-2026-05-18/app-mentors/app.curiouscardinals.com/mentors/george-arthur.html" [1]
2026-05-18 00:54:43 URL:https://app.curiouscardinals.com/mentors/anh-pham [15941/15941] -> "/Users/briannazajicek/Documents/illuminairy/archives/curious-cardinals-2026-05-18/app-mentors/app.curiouscardinals.com/mentors/anh-pham.html" [1]
2026-05-18 00:54:43 URL:https://app.curiouscardinals.com/mentors/leet-miller [14337/14337] -> "/Users/briannazajicek/Documents/illuminairy/archives/curious-cardinals-2026-05-18/app-mentors/app.curiouscardinals.com/mentors/leet-miller.html" [1]
2026-05-18 00:54:44 URL:https://app.curiouscardinals.com/mentors/tucker-ritti [18462/18462] -> "/Users/briannazajicek/Documents/illuminairy/archives/curious-cardinals-2026-05-18/app-mentors/app.curiouscardinals.com/mentors/tucker-ritti.html" [1]
2026-05-18 00:54:44 URL:https://app.curiouscardinals.com/mentors/arianna-carriel [17354/17354] -> "/Users/briannazajicek/Documents/illuminairy/archives/curious-cardinals-2026-05-18/app-mentors/app.curiouscardinals.com/mentors/arianna-carriel.html" [1]
2026-05-18 00:54:45 URL:https://app.curiouscardinals.com/mentors/daryn-ezikeuzor [13297/13297] -> "/Users/briannazajicek/Documents/illuminairy/archives/curious-cardinals-2026-05-18/app-mentors/app.curiouscardinals.com/mentors/daryn-ezikeuzor.html" [1]
2026-05-18 00:54:45 URL:https://app.curiouscardinals.com/mentors/geoffrey-arone [18460/18460] -> "/Users/briannazajicek/Documents/illuminairy/archives/curious-cardinals-2026-05-18/app-mentors/app.curiouscardinals.com/mentors/geoffrey-arone.html" [1]
2026-05-18 00:54:46 URL:https://app.curiouscardinals.com/mentors/nicole-h [13064/13064] -> "/Users/briannazajicek/Documents/illuminairy/archives/curious-cardinals-2026-05-18/app-mentors/app.curiouscardinals.com/mentors/nicole-h.html" [1]
2026-05-18 00:54:47 URL:https://app.curiouscardinals.com/mentors/luka-lekovic [12696/12696] -> "/Users/briannazajicek/Documents/illuminairy/archives/curious-cardinals-2026-05-18/app-mentors/app.curiouscardinals.com/mentors/luka-lekovic.html" [1]
2026-05-18 00:54:47 URL:https://app.curiouscardinals.com/mentors/jonathan-danzi [12747/12747] -> "/Users/briannazajicek/Documents/illuminairy/archives/curious-cardinals-2026-05-18/app-mentors/app.curiouscardinals.com/mentors/jonathan-danzi.html" [1]
2026-05-18 00:54:48 URL:https://app.curiouscardinals.com/mentors/jared-rubin [14503/14503] -> "/Users/briannazajicek/Documents/illuminairy/archives/curious-cardinals-2026-05-18/app-mentors/app.curiouscardinals.com/mentors/jared-rubin.html" [1]
2026-05-18 00:54:48 URL:https://app.curiouscardinals.com/mentors/seth-dalmacio [10759/10759] -> "/Users/briannazajicek/Documents/illuminairy/archives/curious-cardinals-2026-05-18/app-mentors/app.curiouscardinals.com/mentors/seth-dalmacio.html" [1]
2026-05-18 00:54:49 URL:https://app.curiouscardinals.com/mentors/andrew-harmez [15441/15441] -> "/Users/briannazajicek/Documents/illuminairy/archives/curious-cardinals-2026-05-18/app-mentors/app.curiouscardinals.com/mentors/andrew-harmez.html" [1]
2026-05-18 00:54:49 URL:https://app.curiouscardinals.com/mentors/elliot-jaeyoon [12257/12257] -> "/Users/briannazajicek/Documents/illuminairy/archives/curious-cardinals-2026-05-18/app-mentors/app.curiouscardinals.com/mentors/elliot-jaeyoon.html" [1]
2026-05-18 00:54:50 URL:https://app.curiouscardinals.com/mentors/jessie-fisher [17358/17358] -> "/Users/briannazajicek/Documents/illuminairy/archives/curious-cardinals-2026-05-18/app-mentors/app.curiouscardinals.com/mentors/jessie-fisher.html" [1]
2026-05-18 00:54:51 URL:https://app.curiouscardinals.com/mentors/sylvie-goldner [14501/14501] -> "/Users/briannazajicek/Documents/illuminairy/archives/curious-cardinals-2026-05-18/app-mentors/app.curiouscardinals.com/mentors/sylvie-goldner.html" [1]
2026-05-18 00:54:51 URL:https://app.curiouscardinals.com/mentors/christal-chen-1 [14322/14322] -> "/Users/briannazajicek/Documents/illuminairy/archives/curious-cardinals-2026-05-18/app-mentors/app.curiouscardinals.com/mentors/christal-chen-1.html" [1]
2026-05-18 00:54:52 URL:https://app.curiouscardinals.com/mentors/noel-rockwell [17505/17505] -> "/Users/briannazajicek/Documents/illuminairy/archives/curious-cardinals-2026-05-18/app-mentors/app.curiouscardinals.com/mentors/noel-rockwell.html" [1]
2026-05-18 00:54:52 URL:https://app.curiouscardinals.com/mentors/raymon-morillo [15150/15150] -> "/Users/briannazajicek/Documents/illuminairy/archives/curious-cardinals-2026-05-18/app-mentors/app.curiouscardinals.com/mentors/raymon-morillo.html" [1]
2026-05-18 00:54:53 URL:https://app.curiouscardinals.com/mentors/danna-lenisgranada [16451/16451] -> "/Users/briannazajicek/Documents/illuminairy/archives/curious-cardinals-2026-05-18/app-mentors/app.curiouscardinals.com/mentors/danna-lenisgranada.html" [1]
2026-05-18 00:54:53 URL:https://app.curiouscardinals.com/mentors/sarah-chung [9873/9873] -> "/Users/briannazajicek/Documents/illuminairy/archives/curious-cardinals-2026-05-18/app-mentors/app.curiouscardinals.com/mentors/sarah-chung.html" [1]
2026-05-18 00:54:54 URL:https://app.curiouscardinals.com/mentors/shaurya-sinha [7308/7308] -> "/Users/briannazajicek/Documents/illuminairy/archives/curious-cardinals-2026-05-18/app-mentors/app.curiouscardinals.com/mentors/shaurya-sinha.html" [1]
2026-05-18 00:54:55 URL:https://app.curiouscardinals.com/mentors/sophie-huttner [16929/16929] -> "/Users/briannazajicek/Documents/illuminairy/archives/curious-cardinals-2026-05-18/app-mentors/app.curiouscardinals.com/mentors/sophie-huttner.html" [1]
2026-05-18 00:54:55 URL:https://app.curiouscardinals.com/mentors/caitlin-casey [12671/12671] -> "/Users/briannazajicek/Documents/illuminairy/archives/curious-cardinals-2026-05-18/app-mentors/app.curiouscardinals.com/mentors/caitlin-casey.html" [1]
2026-05-18 00:54:56 URL:https://app.curiouscardinals.com/mentors/natalie-marie [15740/15740] -> "/Users/briannazajicek/Documents/illuminairy/archives/curious-cardinals-2026-05-18/app-mentors/app.curiouscardinals.com/mentors/natalie-marie.html" [1]
2026-05-18 00:54:56 URL:https://app.curiouscardinals.com/mentors/david-maemoto [12528/12528] -> "/Users/briannazajicek/Documents/illuminairy/archives/curious-cardinals-2026-05-18/app-mentors/app.curiouscardinals.com/mentors/david-maemoto.html" [1]
2026-05-18 00:54:57 URL:https://app.curiouscardinals.com/mentors/emily-zeitler [13168/13168] -> "/Users/briannazajicek/Documents/illuminairy/archives/curious-cardinals-2026-05-18/app-mentors/app.curiouscardinals.com/mentors/emily-zeitler.html" [1]
2026-05-18 00:54:57 URL:https://app.curiouscardinals.com/mentors/kate-walter [15110/15110] -> "/Users/briannazajicek/Documents/illuminairy/archives/curious-cardinals-2026-05-18/app-mentors/app.curiouscardinals.com/mentors/kate-walter.html" [1]
2026-05-18 00:54:58 URL:https://app.curiouscardinals.com/mentors/gavin-mcdonell [13507/13507] -> "/Users/briannazajicek/Documents/illuminairy/archives/curious-cardinals-2026-05-18/app-mentors/app.curiouscardinals.com/mentors/gavin-mcdonell.html" [1]
2026-05-18 00:54:59 URL:https://app.curiouscardinals.com/mentors/mahalia-dorothy [12602/12602] -> "/Users/briannazajicek/Documents/illuminairy/archives/curious-cardinals-2026-05-18/app-mentors/app.curiouscardinals.com/mentors/mahalia-dorothy.html" [1]
2026-05-18 00:55:00 URL:https://app.curiouscardinals.com/mentors/clarissa-tan-1 [15285/15285] -> "/Users/briannazajicek/Documents/illuminairy/archives/curious-cardinals-2026-05-18/app-mentors/app.curiouscardinals.com/mentors/clarissa-tan-1.html" [1]
2026-05-18 00:55:00 URL:https://app.curiouscardinals.com/mentors/evelyn-howe [11000/11000] -> "/Users/briannazajicek/Documents/illuminairy/archives/curious-cardinals-2026-05-18/app-mentors/app.curiouscardinals.com/mentors/evelyn-howe.html" [1]
2026-05-18 00:55:01 URL:https://app.curiouscardinals.com/mentors/skylar-enge [12740/12740] -> "/Users/briannazajicek/Documents/illuminairy/archives/curious-cardinals-2026-05-18/app-mentors/app.curiouscardinals.com/mentors/skylar-enge.html" [1]
2026-05-18 00:55:01 URL:https://app.curiouscardinals.com/mentors/sara-elhassan [13545/13545] -> "/Users/briannazajicek/Documents/illuminairy/archives/curious-cardinals-2026-05-18/app-mentors/app.curiouscardinals.com/mentors/sara-elhassan.html" [1]
2026-05-18 00:55:02 URL:https://app.curiouscardinals.com/mentors/alexander-kardasis [13684/13684] -> "/Users/briannazajicek/Documents/illuminairy/archives/curious-cardinals-2026-05-18/app-mentors/app.curiouscardinals.com/mentors/alexander-kardasis.html" [1]
2026-05-18 00:55:02 URL:https://app.curiouscardinals.com/mentors/kelsey-carido [12114/12114] -> "/Users/briannazajicek/Documents/illuminairy/archives/curious-cardinals-2026-05-18/app-mentors/app.curiouscardinals.com/mentors/kelsey-carido.html" [1]
2026-05-18 00:55:03 URL:https://app.curiouscardinals.com/mentors/julia-miller [10886/10886] -> "/Users/briannazajicek/Documents/illuminairy/archives/curious-cardinals-2026-05-18/app-mentors/app.curiouscardinals.com/mentors/julia-miller.html" [1]
2026-05-18 00:55:03 URL:https://app.curiouscardinals.com/mentors/naomi-grace [14628/14628] -> "/Users/briannazajicek/Documents/illuminairy/archives/curious-cardinals-2026-05-18/app-mentors/app.curiouscardinals.com/mentors/naomi-grace.html" [1]
2026-05-18 00:55:04 URL:https://app.curiouscardinals.com/mentors/skylar-neeve [9060/9060] -> "/Users/briannazajicek/Documents/illuminairy/archives/curious-cardinals-2026-05-18/app-mentors/app.curiouscardinals.com/mentors/skylar-neeve.html" [1]
2026-05-18 00:55:04 URL:https://app.curiouscardinals.com/mentors/emma-drisko [14653/14653] -> "/Users/briannazajicek/Documents/illuminairy/archives/curious-cardinals-2026-05-18/app-mentors/app.curiouscardinals.com/mentors/emma-drisko.html" [1]
2026-05-18 00:55:05 URL:https://app.curiouscardinals.com/mentors/saphal-joshi [10491/10491] -> "/Users/briannazajicek/Documents/illuminairy/archives/curious-cardinals-2026-05-18/app-mentors/app.curiouscardinals.com/mentors/saphal-joshi.html" [1]
2026-05-18 00:55:06 URL:https://app.curiouscardinals.com/mentors/gaby-cohen [14086/14086] -> "/Users/briannazajicek/Documents/illuminairy/archives/curious-cardinals-2026-05-18/app-mentors/app.curiouscardinals.com/mentors/gaby-cohen.html" [1]
2026-05-18 00:55:06 URL:https://app.curiouscardinals.com/mentors/jamie-carroll [11115/11115] -> "/Users/briannazajicek/Documents/illuminairy/archives/curious-cardinals-2026-05-18/app-mentors/app.curiouscardinals.com/mentors/jamie-carroll.html" [1]
2026-05-18 00:55:07 URL:https://app.curiouscardinals.com/mentors/sohvi-nwanokwale [11174/11174] -> "/Users/briannazajicek/Documents/illuminairy/archives/curious-cardinals-2026-05-18/app-mentors/app.curiouscardinals.com/mentors/sohvi-nwanokwale.html" [1]
2026-05-18 00:55:07 URL:https://app.curiouscardinals.com/mentors/erika-hill [8468/8468] -> "/Users/briannazajicek/Documents/illuminairy/archives/curious-cardinals-2026-05-18/app-mentors/app.curiouscardinals.com/mentors/erika-hill.html" [1]
2026-05-18 00:55:08 URL:https://app.curiouscardinals.com/mentors/jasmine-ross [10250/10250] -> "/Users/briannazajicek/Documents/illuminairy/archives/curious-cardinals-2026-05-18/app-mentors/app.curiouscardinals.com/mentors/jasmine-ross.html" [1]
2026-05-18 00:55:08 URL:https://app.curiouscardinals.com/mentors/jeremy-bernstein [11807/11807] -> "/Users/briannazajicek/Documents/illuminairy/archives/curious-cardinals-2026-05-18/app-mentors/app.curiouscardinals.com/mentors/jeremy-bernstein.html" [1]
2026-05-18 00:55:09 URL:https://app.curiouscardinals.com/mentors/hyll-bart [11929/11929] -> "/Users/briannazajicek/Documents/illuminairy/archives/curious-cardinals-2026-05-18/app-mentors/app.curiouscardinals.com/mentors/hyll-bart.html" [1]
2026-05-18 00:55:10 URL:https://app.curiouscardinals.com/mentors/vinni-yu [13770/13770] -> "/Users/briannazajicek/Documents/illuminairy/archives/curious-cardinals-2026-05-18/app-mentors/app.curiouscardinals.com/mentors/vinni-yu.html" [1]
2026-05-18 00:55:10 URL:https://app.curiouscardinals.com/mentors/maxwell-coleman [15891/15891] -> "/Users/briannazajicek/Documents/illuminairy/archives/curious-cardinals-2026-05-18/app-mentors/app.curiouscardinals.com/mentors/maxwell-coleman.html" [1]
2026-05-18 00:55:11 URL:https://app.curiouscardinals.com/mentors/alexandra-poltorak [13533/13533] -> "/Users/briannazajicek/Documents/illuminairy/archives/curious-cardinals-2026-05-18/app-mentors/app.curiouscardinals.com/mentors/alexandra-poltorak.html" [1]
2026-05-18 00:55:11 URL:https://app.curiouscardinals.com/mentors/conner-kalani [11955/11955] -> "/Users/briannazajicek/Documents/illuminairy/archives/curious-cardinals-2026-05-18/app-mentors/app.curiouscardinals.com/mentors/conner-kalani.html" [1]
2026-05-18 00:55:12 URL:https://app.curiouscardinals.com/mentors/cullen-james [7380/7380] -> "/Users/briannazajicek/Documents/illuminairy/archives/curious-cardinals-2026-05-18/app-mentors/app.curiouscardinals.com/mentors/cullen-james.html" [1]
2026-05-18 00:55:12 URL:https://app.curiouscardinals.com/mentors/brandon-cheng [10989/10989] -> "/Users/briannazajicek/Documents/illuminairy/archives/curious-cardinals-2026-05-18/app-mentors/app.curiouscardinals.com/mentors/brandon-cheng.html" [1]
2026-05-18 00:55:13 URL:https://app.curiouscardinals.com/mentors/samantha-wilhoit [15927/15927] -> "/Users/briannazajicek/Documents/illuminairy/archives/curious-cardinals-2026-05-18/app-mentors/app.curiouscardinals.com/mentors/samantha-wilhoit.html" [1]
2026-05-18 00:55:13 URL:https://app.curiouscardinals.com/mentors/ellie-huppe [13531/13531] -> "/Users/briannazajicek/Documents/illuminairy/archives/curious-cardinals-2026-05-18/app-mentors/app.curiouscardinals.com/mentors/ellie-huppe.html" [1]
2026-05-18 00:55:14 URL:https://app.curiouscardinals.com/mentors/lucas-wiseman [19698/19698] -> "/Users/briannazajicek/Documents/illuminairy/archives/curious-cardinals-2026-05-18/app-mentors/app.curiouscardinals.com/mentors/lucas-wiseman.html" [1]
2026-05-18 00:55:15 URL:https://app.curiouscardinals.com/mentors/anshul-zutshi [12666/12666] -> "/Users/briannazajicek/Documents/illuminairy/archives/curious-cardinals-2026-05-18/app-mentors/app.curiouscardinals.com/mentors/anshul-zutshi.html" [1]
2026-05-18 00:55:15 URL:https://app.curiouscardinals.com/mentors/katherine-mottola [9242/9242] -> "/Users/briannazajicek/Documents/illuminairy/archives/curious-cardinals-2026-05-18/app-mentors/app.curiouscardinals.com/mentors/katherine-mottola.html" [1]
2026-05-18 00:55:16 URL:https://app.curiouscardinals.com/mentors/jimmy-chassi-1 [14859/14859] -> "/Users/briannazajicek/Documents/illuminairy/archives/curious-cardinals-2026-05-18/app-mentors/app.curiouscardinals.com/mentors/jimmy-chassi-1.html" [1]
2026-05-18 00:55:16 URL:https://app.curiouscardinals.com/mentors/tim-matthiessen [8436/8436] -> "/Users/briannazajicek/Documents/illuminairy/archives/curious-cardinals-2026-05-18/app-mentors/app.curiouscardinals.com/mentors/tim-matthiessen.html" [1]
2026-05-18 00:55:17 URL:https://app.curiouscardinals.com/mentors/ethan-roytman [16666/16666] -> "/Users/briannazajicek/Documents/illuminairy/archives/curious-cardinals-2026-05-18/app-mentors/app.curiouscardinals.com/mentors/ethan-roytman.html" [1]
2026-05-18 00:55:17 URL:https://app.curiouscardinals.com/mentors/patrick-schmid [10492/10492] -> "/Users/briannazajicek/Documents/illuminairy/archives/curious-cardinals-2026-05-18/app-mentors/app.curiouscardinals.com/mentors/patrick-schmid.html" [1]
2026-05-18 00:55:18 URL:https://app.curiouscardinals.com/mentors/emily-duan [15611/15611] -> "/Users/briannazajicek/Documents/illuminairy/archives/curious-cardinals-2026-05-18/app-mentors/app.curiouscardinals.com/mentors/emily-duan.html" [1]
2026-05-18 00:55:19 URL:https://app.curiouscardinals.com/mentors/anjal-jain [11045/11045] -> "/Users/briannazajicek/Documents/illuminairy/archives/curious-cardinals-2026-05-18/app-mentors/app.curiouscardinals.com/mentors/anjal-jain.html" [1]
2026-05-18 00:55:19 URL:https://app.curiouscardinals.com/mentors/callista-holleschk [13408/13408] -> "/Users/briannazajicek/Documents/illuminairy/archives/curious-cardinals-2026-05-18/app-mentors/app.curiouscardinals.com/mentors/callista-holleschk.html" [1]
2026-05-18 00:55:20 URL:https://app.curiouscardinals.com/mentors/ayotomiwa-akinyele [8000/8000] -> "/Users/briannazajicek/Documents/illuminairy/archives/curious-cardinals-2026-05-18/app-mentors/app.curiouscardinals.com/mentors/ayotomiwa-akinyele.html" [1]
2026-05-18 00:55:20 URL:https://app.curiouscardinals.com/mentors/michelle-jiahui [10089/10089] -> "/Users/briannazajicek/Documents/illuminairy/archives/curious-cardinals-2026-05-18/app-mentors/app.curiouscardinals.com/mentors/michelle-jiahui.html" [1]
2026-05-18 00:55:21 URL:https://app.curiouscardinals.com/mentors/coby-grantkrenz [13569/13569] -> "/Users/briannazajicek/Documents/illuminairy/archives/curious-cardinals-2026-05-18/app-mentors/app.curiouscardinals.com/mentors/coby-grantkrenz.html" [1]
2026-05-18 00:55:21 URL:https://app.curiouscardinals.com/mentors/megan-zhang [13618/13618] -> "/Users/briannazajicek/Documents/illuminairy/archives/curious-cardinals-2026-05-18/app-mentors/app.curiouscardinals.com/mentors/megan-zhang.html" [1]
2026-05-18 00:55:22 URL:https://app.curiouscardinals.com/mentors/isabella-pacheco [15590/15590] -> "/Users/briannazajicek/Documents/illuminairy/archives/curious-cardinals-2026-05-18/app-mentors/app.curiouscardinals.com/mentors/isabella-pacheco.html" [1]
2026-05-18 00:55:22 URL:https://app.curiouscardinals.com/mentors/alexis-chung [16371/16371] -> "/Users/briannazajicek/Documents/illuminairy/archives/curious-cardinals-2026-05-18/app-mentors/app.curiouscardinals.com/mentors/alexis-chung.html" [1]
2026-05-18 00:55:23 URL:https://app.curiouscardinals.com/mentors/malachi-robinson [14799/14799] -> "/Users/briannazajicek/Documents/illuminairy/archives/curious-cardinals-2026-05-18/app-mentors/app.curiouscardinals.com/mentors/malachi-robinson.html" [1]
2026-05-18 00:55:23 URL:https://app.curiouscardinals.com/mentors/leilani-tian [7587/7587] -> "/Users/briannazajicek/Documents/illuminairy/archives/curious-cardinals-2026-05-18/app-mentors/app.curiouscardinals.com/mentors/leilani-tian.html" [1]
2026-05-18 00:55:24 URL:https://app.curiouscardinals.com/mentors/melina-seligmantovar [11725/11725] -> "/Users/briannazajicek/Documents/illuminairy/archives/curious-cardinals-2026-05-18/app-mentors/app.curiouscardinals.com/mentors/melina-seligmantovar.html" [1]
2026-05-18 00:55:24 URL:https://app.curiouscardinals.com/mentors/annelise-brew [12993/12993] -> "/Users/briannazajicek/Documents/illuminairy/archives/curious-cardinals-2026-05-18/app-mentors/app.curiouscardinals.com/mentors/annelise-brew.html" [1]
2026-05-18 00:55:25 URL:https://app.curiouscardinals.com/mentors/caroline-cummings [12208/12208] -> "/Users/briannazajicek/Documents/illuminairy/archives/curious-cardinals-2026-05-18/app-mentors/app.curiouscardinals.com/mentors/caroline-cummings.html" [1]
2026-05-18 00:55:26 URL:https://app.curiouscardinals.com/mentors/julia-larson [8473/8473] -> "/Users/briannazajicek/Documents/illuminairy/archives/curious-cardinals-2026-05-18/app-mentors/app.curiouscardinals.com/mentors/julia-larson.html" [1]
2026-05-18 00:55:26 URL:https://app.curiouscardinals.com/mentors/charles-pagan [14740/14740] -> "/Users/briannazajicek/Documents/illuminairy/archives/curious-cardinals-2026-05-18/app-mentors/app.curiouscardinals.com/mentors/charles-pagan.html" [1]
2026-05-18 00:55:26 URL:https://app.curiouscardinals.com/mentors/isabella-jalowayski [14724/14724] -> "/Users/briannazajicek/Documents/illuminairy/archives/curious-cardinals-2026-05-18/app-mentors/app.curiouscardinals.com/mentors/isabella-jalowayski.html" [1]
2026-05-18 00:55:27 URL:https://app.curiouscardinals.com/mentors/joseph-obrien [12719/12719] -> "/Users/briannazajicek/Documents/illuminairy/archives/curious-cardinals-2026-05-18/app-mentors/app.curiouscardinals.com/mentors/joseph-obrien.html" [1]
2026-05-18 00:55:28 URL:https://app.curiouscardinals.com/mentors/david-kim [8241/8241] -> "/Users/briannazajicek/Documents/illuminairy/archives/curious-cardinals-2026-05-18/app-mentors/app.curiouscardinals.com/mentors/david-kim.html" [1]
2026-05-18 00:55:28 URL:https://app.curiouscardinals.com/mentors/rachel-landa [17612/17612] -> "/Users/briannazajicek/Documents/illuminairy/archives/curious-cardinals-2026-05-18/app-mentors/app.curiouscardinals.com/mentors/rachel-landa.html" [1]
2026-05-18 00:55:29 URL:https://app.curiouscardinals.com/mentors/mp-test-1 [13291/13291] -> "/Users/briannazajicek/Documents/illuminairy/archives/curious-cardinals-2026-05-18/app-mentors/app.curiouscardinals.com/mentors/mp-test-1.html" [1]
2026-05-18 00:55:30 URL:https://app.curiouscardinals.com/mentors/megan-olomu [12078/12078] -> "/Users/briannazajicek/Documents/illuminairy/archives/curious-cardinals-2026-05-18/app-mentors/app.curiouscardinals.com/mentors/megan-olomu.html" [1]
2026-05-18 00:55:30 URL:https://app.curiouscardinals.com/mentors/asher-vogel [8585/8585] -> "/Users/briannazajicek/Documents/illuminairy/archives/curious-cardinals-2026-05-18/app-mentors/app.curiouscardinals.com/mentors/asher-vogel.html" [1]
2026-05-18 00:55:31 URL:https://app.curiouscardinals.com/mentors/guzel-zagi [8343/8343] -> "/Users/briannazajicek/Documents/illuminairy/archives/curious-cardinals-2026-05-18/app-mentors/app.curiouscardinals.com/mentors/guzel-zagi.html" [1]
2026-05-18 00:55:32 URL:https://app.curiouscardinals.com/mentors/brynn-hochman [8597/8597] -> "/Users/briannazajicek/Documents/illuminairy/archives/curious-cardinals-2026-05-18/app-mentors/app.curiouscardinals.com/mentors/brynn-hochman.html" [1]
2026-05-18 00:55:32 URL:https://app.curiouscardinals.com/mentors/anya-hooper [18943/18943] -> "/Users/briannazajicek/Documents/illuminairy/archives/curious-cardinals-2026-05-18/app-mentors/app.curiouscardinals.com/mentors/anya-hooper.html" [1]
2026-05-18 00:55:33 URL:https://app.curiouscardinals.com/mentors/beyer-white [8787/8787] -> "/Users/briannazajicek/Documents/illuminairy/archives/curious-cardinals-2026-05-18/app-mentors/app.curiouscardinals.com/mentors/beyer-white.html" [1]
2026-05-18 00:55:33 URL:https://app.curiouscardinals.com/mentors/sophia-chang [13463/13463] -> "/Users/briannazajicek/Documents/illuminairy/archives/curious-cardinals-2026-05-18/app-mentors/app.curiouscardinals.com/mentors/sophia-chang.html" [1]
2026-05-18 00:55:34 URL:https://app.curiouscardinals.com/mentors/zanai-clewis [15137/15137] -> "/Users/briannazajicek/Documents/illuminairy/archives/curious-cardinals-2026-05-18/app-mentors/app.curiouscardinals.com/mentors/zanai-clewis.html" [1]
2026-05-18 00:55:34 URL:https://app.curiouscardinals.com/mentors/vijayalakshmi-ganesh [8777/8777] -> "/Users/briannazajicek/Documents/illuminairy/archives/curious-cardinals-2026-05-18/app-mentors/app.curiouscardinals.com/mentors/vijayalakshmi-ganesh.html" [1]
2026-05-18 00:55:35 URL:https://app.curiouscardinals.com/mentors/isabelle-edgar [16800/16800] -> "/Users/briannazajicek/Documents/illuminairy/archives/curious-cardinals-2026-05-18/app-mentors/app.curiouscardinals.com/mentors/isabelle-edgar.html" [1]
2026-05-18 00:55:35 URL:https://app.curiouscardinals.com/mentors/georgina-fakoukaki [13266/13266] -> "/Users/briannazajicek/Documents/illuminairy/archives/curious-cardinals-2026-05-18/app-mentors/app.curiouscardinals.com/mentors/georgina-fakoukaki.html" [1]
2026-05-18 00:55:36 URL:https://app.curiouscardinals.com/mentors/priya-gill [8241/8241] -> "/Users/briannazajicek/Documents/illuminairy/archives/curious-cardinals-2026-05-18/app-mentors/app.curiouscardinals.com/mentors/priya-gill.html" [1]
2026-05-18 00:55:37 URL:https://app.curiouscardinals.com/mentors/shannon-hong [8279/8279] -> "/Users/briannazajicek/Documents/illuminairy/archives/curious-cardinals-2026-05-18/app-mentors/app.curiouscardinals.com/mentors/shannon-hong.html" [1]
2026-05-18 00:55:37 URL:https://app.curiouscardinals.com/mentors/chloe-yurie [13452/13452] -> "/Users/briannazajicek/Documents/illuminairy/archives/curious-cardinals-2026-05-18/app-mentors/app.curiouscardinals.com/mentors/chloe-yurie.html" [1]
2026-05-18 00:55:38 URL:https://app.curiouscardinals.com/mentors/myles-anderson [15070/15070] -> "/Users/briannazajicek/Documents/illuminairy/archives/curious-cardinals-2026-05-18/app-mentors/app.curiouscardinals.com/mentors/myles-anderson.html" [1]
2026-05-18 00:55:38 URL:https://app.curiouscardinals.com/mentors/javi-arango [8704/8704] -> "/Users/briannazajicek/Documents/illuminairy/archives/curious-cardinals-2026-05-18/app-mentors/app.curiouscardinals.com/mentors/javi-arango.html" [1]
2026-05-18 00:55:39 URL:https://app.curiouscardinals.com/mentors/saachi-bhayani [10096/10096] -> "/Users/briannazajicek/Documents/illuminairy/archives/curious-cardinals-2026-05-18/app-mentors/app.curiouscardinals.com/mentors/saachi-bhayani.html" [1]
2026-05-18 00:55:39 URL:https://app.curiouscardinals.com/mentors/hannah-mueller [7849/7849] -> "/Users/briannazajicek/Documents/illuminairy/archives/curious-cardinals-2026-05-18/app-mentors/app.curiouscardinals.com/mentors/hannah-mueller.html" [1]
2026-05-18 00:55:40 URL:https://app.curiouscardinals.com/mentors/james-talbot [7652/7652] -> "/Users/briannazajicek/Documents/illuminairy/archives/curious-cardinals-2026-05-18/app-mentors/app.curiouscardinals.com/mentors/james-talbot.html" [1]
2026-05-18 00:55:41 URL:https://app.curiouscardinals.com/mentors/jerri-roper [7906/7906] -> "/Users/briannazajicek/Documents/illuminairy/archives/curious-cardinals-2026-05-18/app-mentors/app.curiouscardinals.com/mentors/jerri-roper.html" [1]
2026-05-18 00:55:41 URL:https://app.curiouscardinals.com/mentors/johnny-rabe [14163/14163] -> "/Users/briannazajicek/Documents/illuminairy/archives/curious-cardinals-2026-05-18/app-mentors/app.curiouscardinals.com/mentors/johnny-rabe.html" [1]
2026-05-18 00:55:42 URL:https://app.curiouscardinals.com/mentors/fara-bakare [8577/8577] -> "/Users/briannazajicek/Documents/illuminairy/archives/curious-cardinals-2026-05-18/app-mentors/app.curiouscardinals.com/mentors/fara-bakare.html" [1]
2026-05-18 00:55:42 URL:https://app.curiouscardinals.com/mentors/isabelle-may [13122/13122] -> "/Users/briannazajicek/Documents/illuminairy/archives/curious-cardinals-2026-05-18/app-mentors/app.curiouscardinals.com/mentors/isabelle-may.html" [1]
2026-05-18 00:55:43 URL:https://app.curiouscardinals.com/mentors/mohammed-ali [14248/14248] -> "/Users/briannazajicek/Documents/illuminairy/archives/curious-cardinals-2026-05-18/app-mentors/app.curiouscardinals.com/mentors/mohammed-ali.html" [1]
2026-05-18 00:55:44 URL:https://app.curiouscardinals.com/mentors/duncan-roth [14692/14692] -> "/Users/briannazajicek/Documents/illuminairy/archives/curious-cardinals-2026-05-18/app-mentors/app.curiouscardinals.com/mentors/duncan-roth.html" [1]
2026-05-18 00:55:44 URL:https://app.curiouscardinals.com/mentors/cameron-krouch [12283/12283] -> "/Users/briannazajicek/Documents/illuminairy/archives/curious-cardinals-2026-05-18/app-mentors/app.curiouscardinals.com/mentors/cameron-krouch.html" [1]
2026-05-18 00:55:45 URL:https://app.curiouscardinals.com/mentors/ryan-lian [9916/9916] -> "/Users/briannazajicek/Documents/illuminairy/archives/curious-cardinals-2026-05-18/app-mentors/app.curiouscardinals.com/mentors/ryan-lian.html" [1]
2026-05-18 00:55:45 URL:https://app.curiouscardinals.com/mentors/arya-marwaha [14880/14880] -> "/Users/briannazajicek/Documents/illuminairy/archives/curious-cardinals-2026-05-18/app-mentors/app.curiouscardinals.com/mentors/arya-marwaha.html" [1]
2026-05-18 00:55:46 URL:https://app.curiouscardinals.com/mentors/trey-sullivan [8506/8506] -> "/Users/briannazajicek/Documents/illuminairy/archives/curious-cardinals-2026-05-18/app-mentors/app.curiouscardinals.com/mentors/trey-sullivan.html" [1]
2026-05-18 00:55:46 URL:https://app.curiouscardinals.com/mentors/mariya-vahanvaty [13808/13808] -> "/Users/briannazajicek/Documents/illuminairy/archives/curious-cardinals-2026-05-18/app-mentors/app.curiouscardinals.com/mentors/mariya-vahanvaty.html" [1]
2026-05-18 00:55:47 URL:https://app.curiouscardinals.com/mentors/brooklyn-moore [17673/17673] -> "/Users/briannazajicek/Documents/illuminairy/archives/curious-cardinals-2026-05-18/app-mentors/app.curiouscardinals.com/mentors/brooklyn-moore.html" [1]
2026-05-18 00:55:47 URL:https://app.curiouscardinals.com/mentors/melody-chen [7861/7861] -> "/Users/briannazajicek/Documents/illuminairy/archives/curious-cardinals-2026-05-18/app-mentors/app.curiouscardinals.com/mentors/melody-chen.html" [1]
2026-05-18 00:55:48 URL:https://app.curiouscardinals.com/mentors/sarah-sadati [17500/17500] -> "/Users/briannazajicek/Documents/illuminairy/archives/curious-cardinals-2026-05-18/app-mentors/app.curiouscardinals.com/mentors/sarah-sadati.html" [1]
2026-05-18 00:55:48 URL:https://app.curiouscardinals.com/mentors/natalie-hojel [13103/13103] -> "/Users/briannazajicek/Documents/illuminairy/archives/curious-cardinals-2026-05-18/app-mentors/app.curiouscardinals.com/mentors/natalie-hojel.html" [1]
2026-05-18 00:55:49 URL:https://app.curiouscardinals.com/mentors/chandrika-chandrashekar [7930/7930] -> "/Users/briannazajicek/Documents/illuminairy/archives/curious-cardinals-2026-05-18/app-mentors/app.curiouscardinals.com/mentors/chandrika-chandrashekar.html" [1]
2026-05-18 00:55:49 URL:https://app.curiouscardinals.com/mentors/angela-nguyen [14009/14009] -> "/Users/briannazajicek/Documents/illuminairy/archives/curious-cardinals-2026-05-18/app-mentors/app.curiouscardinals.com/mentors/angela-nguyen.html" [1]
2026-05-18 00:55:50 URL:https://app.curiouscardinals.com/mentors/tali-glickman [8874/8874] -> "/Users/briannazajicek/Documents/illuminairy/archives/curious-cardinals-2026-05-18/app-mentors/app.curiouscardinals.com/mentors/tali-glickman.html" [1]
2026-05-18 00:55:51 URL:https://app.curiouscardinals.com/mentors/benjamin-pearson [8983/8983] -> "/Users/briannazajicek/Documents/illuminairy/archives/curious-cardinals-2026-05-18/app-mentors/app.curiouscardinals.com/mentors/benjamin-pearson.html" [1]
2026-05-18 00:55:51 URL:https://app.curiouscardinals.com/mentors/timi-adeniyi [8074/8074] -> "/Users/briannazajicek/Documents/illuminairy/archives/curious-cardinals-2026-05-18/app-mentors/app.curiouscardinals.com/mentors/timi-adeniyi.html" [1]
2026-05-18 00:55:52 URL:https://app.curiouscardinals.com/mentors/lugard-onyendi [11142/11142] -> "/Users/briannazajicek/Documents/illuminairy/archives/curious-cardinals-2026-05-18/app-mentors/app.curiouscardinals.com/mentors/lugard-onyendi.html" [1]
2026-05-18 00:55:52 URL:https://app.curiouscardinals.com/mentors/connor-maduzia [8412/8412] -> "/Users/briannazajicek/Documents/illuminairy/archives/curious-cardinals-2026-05-18/app-mentors/app.curiouscardinals.com/mentors/connor-maduzia.html" [1]
2026-05-18 00:55:53 URL:https://app.curiouscardinals.com/mentors/aaron-miller-1 [7771/7771] -> "/Users/briannazajicek/Documents/illuminairy/archives/curious-cardinals-2026-05-18/app-mentors/app.curiouscardinals.com/mentors/aaron-miller-1.html" [1]
2026-05-18 00:55:54 URL:https://app.curiouscardinals.com/mentors/iris-henry [14663/14663] -> "/Users/briannazajicek/Documents/illuminairy/archives/curious-cardinals-2026-05-18/app-mentors/app.curiouscardinals.com/mentors/iris-henry.html" [1]
2026-05-18 00:55:54 URL:https://app.curiouscardinals.com/mentors/ishaan-javali [8882/8882] -> "/Users/briannazajicek/Documents/illuminairy/archives/curious-cardinals-2026-05-18/app-mentors/app.curiouscardinals.com/mentors/ishaan-javali.html" [1]
2026-05-18 00:55:55 URL:https://app.curiouscardinals.com/mentors/brooke-burkhart [8203/8203] -> "/Users/briannazajicek/Documents/illuminairy/archives/curious-cardinals-2026-05-18/app-mentors/app.curiouscardinals.com/mentors/brooke-burkhart.html" [1]
2026-05-18 00:55:55 URL:https://app.curiouscardinals.com/mentors/sourav-mahanty [12387/12387] -> "/Users/briannazajicek/Documents/illuminairy/archives/curious-cardinals-2026-05-18/app-mentors/app.curiouscardinals.com/mentors/sourav-mahanty.html" [1]
2026-05-18 00:55:56 URL:https://app.curiouscardinals.com/mentors/daniel-accordino [9100/9100] -> "/Users/briannazajicek/Documents/illuminairy/archives/curious-cardinals-2026-05-18/app-mentors/app.curiouscardinals.com/mentors/daniel-accordino.html" [1]
2026-05-18 00:55:56 URL:https://app.curiouscardinals.com/mentors/eduardo-lopez [13410/13410] -> "/Users/briannazajicek/Documents/illuminairy/archives/curious-cardinals-2026-05-18/app-mentors/app.curiouscardinals.com/mentors/eduardo-lopez.html" [1]
2026-05-18 00:55:57 URL:https://app.curiouscardinals.com/mentors/ndubueze-okonkwo [9583/9583] -> "/Users/briannazajicek/Documents/illuminairy/archives/curious-cardinals-2026-05-18/app-mentors/app.curiouscardinals.com/mentors/ndubueze-okonkwo.html" [1]
2026-05-18 00:55:57 URL:https://app.curiouscardinals.com/mentors/harry-walker [7382/7382] -> "/Users/briannazajicek/Documents/illuminairy/archives/curious-cardinals-2026-05-18/app-mentors/app.curiouscardinals.com/mentors/harry-walker.html" [1]
2026-05-18 00:55:58 URL:https://app.curiouscardinals.com/mentors/jordan-wayne [7873/7873] -> "/Users/briannazajicek/Documents/illuminairy/archives/curious-cardinals-2026-05-18/app-mentors/app.curiouscardinals.com/mentors/jordan-wayne.html" [1]
2026-05-18 00:55:59 URL:https://app.curiouscardinals.com/mentors/dean-tran [9339/9339] -> "/Users/briannazajicek/Documents/illuminairy/archives/curious-cardinals-2026-05-18/app-mentors/app.curiouscardinals.com/mentors/dean-tran.html" [1]
2026-05-18 00:55:59 URL:https://app.curiouscardinals.com/mentors/brandon-aponte [14132/14132] -> "/Users/briannazajicek/Documents/illuminairy/archives/curious-cardinals-2026-05-18/app-mentors/app.curiouscardinals.com/mentors/brandon-aponte.html" [1]
2026-05-18 00:56:00 URL:https://app.curiouscardinals.com/mentors/claire-chasse [15564/15564] -> "/Users/briannazajicek/Documents/illuminairy/archives/curious-cardinals-2026-05-18/app-mentors/app.curiouscardinals.com/mentors/claire-chasse.html" [1]
2026-05-18 00:56:00 URL:https://app.curiouscardinals.com/mentors/jack-riley [9513/9513] -> "/Users/briannazajicek/Documents/illuminairy/archives/curious-cardinals-2026-05-18/app-mentors/app.curiouscardinals.com/mentors/jack-riley.html" [1]
2026-05-18 00:56:01 URL:https://app.curiouscardinals.com/mentors/lee-qin [12988/12988] -> "/Users/briannazajicek/Documents/illuminairy/archives/curious-cardinals-2026-05-18/app-mentors/app.curiouscardinals.com/mentors/lee-qin.html" [1]
2026-05-18 00:56:01 URL:https://app.curiouscardinals.com/mentors/lana-kalfas [7429/7429] -> "/Users/briannazajicek/Documents/illuminairy/archives/curious-cardinals-2026-05-18/app-mentors/app.curiouscardinals.com/mentors/lana-kalfas.html" [1]
2026-05-18 00:56:02 URL:https://app.curiouscardinals.com/mentors/joel-yoon [7778/7778] -> "/Users/briannazajicek/Documents/illuminairy/archives/curious-cardinals-2026-05-18/app-mentors/app.curiouscardinals.com/mentors/joel-yoon.html" [1]
2026-05-18 00:56:02 URL:https://app.curiouscardinals.com/mentors/maya-krainc [12692/12692] -> "/Users/briannazajicek/Documents/illuminairy/archives/curious-cardinals-2026-05-18/app-mentors/app.curiouscardinals.com/mentors/maya-krainc.html" [1]
2026-05-18 00:56:03 URL:https://app.curiouscardinals.com/mentors/nathan-hirsch [7805/7805] -> "/Users/briannazajicek/Documents/illuminairy/archives/curious-cardinals-2026-05-18/app-mentors/app.curiouscardinals.com/mentors/nathan-hirsch.html" [1]
2026-05-18 00:56:03 URL:https://app.curiouscardinals.com/mentors/kate-yeager [10523/10523] -> "/Users/briannazajicek/Documents/illuminairy/archives/curious-cardinals-2026-05-18/app-mentors/app.curiouscardinals.com/mentors/kate-yeager.html" [1]
2026-05-18 00:56:04 URL:https://app.curiouscardinals.com/mentors/mo-asebiomo [8898/8898] -> "/Users/briannazajicek/Documents/illuminairy/archives/curious-cardinals-2026-05-18/app-mentors/app.curiouscardinals.com/mentors/mo-asebiomo.html" [1]
2026-05-18 00:56:04 URL:https://app.curiouscardinals.com/mentors/ben-drysdale [13805/13805] -> "/Users/briannazajicek/Documents/illuminairy/archives/curious-cardinals-2026-05-18/app-mentors/app.curiouscardinals.com/mentors/ben-drysdale.html" [1]
2026-05-18 00:56:05 URL:https://app.curiouscardinals.com/mentors/kassra-ehsan [12817/12817] -> "/Users/briannazajicek/Documents/illuminairy/archives/curious-cardinals-2026-05-18/app-mentors/app.curiouscardinals.com/mentors/kassra-ehsan.html" [1]
2026-05-18 00:56:05 URL:https://app.curiouscardinals.com/mentors/ben-kaiser [8096/8096] -> "/Users/briannazajicek/Documents/illuminairy/archives/curious-cardinals-2026-05-18/app-mentors/app.curiouscardinals.com/mentors/ben-kaiser.html" [1]
2026-05-18 00:56:06 URL:https://app.curiouscardinals.com/mentors/adam-hussain [8068/8068] -> "/Users/briannazajicek/Documents/illuminairy/archives/curious-cardinals-2026-05-18/app-mentors/app.curiouscardinals.com/mentors/adam-hussain.html" [1]
2026-05-18 00:56:07 URL:https://app.curiouscardinals.com/mentors/aishwarya-mehta [14206/14206] -> "/Users/briannazajicek/Documents/illuminairy/archives/curious-cardinals-2026-05-18/app-mentors/app.curiouscardinals.com/mentors/aishwarya-mehta.html" [1]
2026-05-18 00:56:07 URL:https://app.curiouscardinals.com/mentors/kilando-chambers [8639/8639] -> "/Users/briannazajicek/Documents/illuminairy/archives/curious-cardinals-2026-05-18/app-mentors/app.curiouscardinals.com/mentors/kilando-chambers.html" [1]
2026-05-18 00:56:08 URL:https://app.curiouscardinals.com/mentors/grace-widelitz [8593/8593] -> "/Users/briannazajicek/Documents/illuminairy/archives/curious-cardinals-2026-05-18/app-mentors/app.curiouscardinals.com/mentors/grace-widelitz.html" [1]
2026-05-18 00:56:08 URL:https://app.curiouscardinals.com/mentors/jeffrey-tadeo [15473/15473] -> "/Users/briannazajicek/Documents/illuminairy/archives/curious-cardinals-2026-05-18/app-mentors/app.curiouscardinals.com/mentors/jeffrey-tadeo.html" [1]
2026-05-18 00:56:09 URL:https://app.curiouscardinals.com/mentors/sahar-mohammadzadeh [8241/8241] -> "/Users/briannazajicek/Documents/illuminairy/archives/curious-cardinals-2026-05-18/app-mentors/app.curiouscardinals.com/mentors/sahar-mohammadzadeh.html" [1]
2026-05-18 00:56:09 URL:https://app.curiouscardinals.com/mentors/annie-leach [8146/8146] -> "/Users/briannazajicek/Documents/illuminairy/archives/curious-cardinals-2026-05-18/app-mentors/app.curiouscardinals.com/mentors/annie-leach.html" [1]
2026-05-18 00:56:10 URL:https://app.curiouscardinals.com/mentors/daniel-fishman [8405/8405] -> "/Users/briannazajicek/Documents/illuminairy/archives/curious-cardinals-2026-05-18/app-mentors/app.curiouscardinals.com/mentors/daniel-fishman.html" [1]
2026-05-18 00:56:10 URL:https://app.curiouscardinals.com/mentors/anastacia-alicia [14266/14266] -> "/Users/briannazajicek/Documents/illuminairy/archives/curious-cardinals-2026-05-18/app-mentors/app.curiouscardinals.com/mentors/anastacia-alicia.html" [1]
2026-05-18 00:56:11 URL:https://app.curiouscardinals.com/mentors/baker-sharp [8024/8024] -> "/Users/briannazajicek/Documents/illuminairy/archives/curious-cardinals-2026-05-18/app-mentors/app.curiouscardinals.com/mentors/baker-sharp.html" [1]
2026-05-18 00:56:11 URL:https://app.curiouscardinals.com/mentors/chris-saladin [10080/10080] -> "/Users/briannazajicek/Documents/illuminairy/archives/curious-cardinals-2026-05-18/app-mentors/app.curiouscardinals.com/mentors/chris-saladin.html" [1]
2026-05-18 00:56:12 URL:https://app.curiouscardinals.com/mentors/megan-xu [8305/8305] -> "/Users/briannazajicek/Documents/illuminairy/archives/curious-cardinals-2026-05-18/app-mentors/app.curiouscardinals.com/mentors/megan-xu.html" [1]
2026-05-18 00:56:13 URL:https://app.curiouscardinals.com/mentors/jt-herrscher [8046/8046] -> "/Users/briannazajicek/Documents/illuminairy/archives/curious-cardinals-2026-05-18/app-mentors/app.curiouscardinals.com/mentors/jt-herrscher.html" [1]
2026-05-18 00:56:13 URL:https://app.curiouscardinals.com/mentors/casey-wilson [8350/8350] -> "/Users/briannazajicek/Documents/illuminairy/archives/curious-cardinals-2026-05-18/app-mentors/app.curiouscardinals.com/mentors/casey-wilson.html" [1]
2026-05-18 00:56:14 URL:https://app.curiouscardinals.com/mentors/janice-seo [8292/8292] -> "/Users/briannazajicek/Documents/illuminairy/archives/curious-cardinals-2026-05-18/app-mentors/app.curiouscardinals.com/mentors/janice-seo.html" [1]
2026-05-18 00:56:14 URL:https://app.curiouscardinals.com/mentors/abdulrahman-binomar [7973/7973] -> "/Users/briannazajicek/Documents/illuminairy/archives/curious-cardinals-2026-05-18/app-mentors/app.curiouscardinals.com/mentors/abdulrahman-binomar.html" [1]
2026-05-18 00:56:15 URL:https://app.curiouscardinals.com/mentors/yves-casimir [7292/7292] -> "/Users/briannazajicek/Documents/illuminairy/archives/curious-cardinals-2026-05-18/app-mentors/app.curiouscardinals.com/mentors/yves-casimir.html" [1]
2026-05-18 00:56:15 URL:https://app.curiouscardinals.com/mentors/elliot-chin [8974/8974] -> "/Users/briannazajicek/Documents/illuminairy/archives/curious-cardinals-2026-05-18/app-mentors/app.curiouscardinals.com/mentors/elliot-chin.html" [1]
2026-05-18 00:56:16 URL:https://app.curiouscardinals.com/mentors/allen-park [14638/14638] -> "/Users/briannazajicek/Documents/illuminairy/archives/curious-cardinals-2026-05-18/app-mentors/app.curiouscardinals.com/mentors/allen-park.html" [1]
2026-05-18 00:56:17 URL:https://app.curiouscardinals.com/mentors/ella-tessierlavigne-1 [8749/8749] -> "/Users/briannazajicek/Documents/illuminairy/archives/curious-cardinals-2026-05-18/app-mentors/app.curiouscardinals.com/mentors/ella-tessierlavigne-1.html" [1]
2026-05-18 00:56:17 URL:https://app.curiouscardinals.com/mentors/rachel-liu [10972/10972] -> "/Users/briannazajicek/Documents/illuminairy/archives/curious-cardinals-2026-05-18/app-mentors/app.curiouscardinals.com/mentors/rachel-liu.html" [1]
2026-05-18 00:56:18 URL:https://app.curiouscardinals.com/mentors/teddy-suisman [14727/14727] -> "/Users/briannazajicek/Documents/illuminairy/archives/curious-cardinals-2026-05-18/app-mentors/app.curiouscardinals.com/mentors/teddy-suisman.html" [1]
2026-05-18 00:56:18 URL:https://app.curiouscardinals.com/mentors/max-kramer [13018/13018] -> "/Users/briannazajicek/Documents/illuminairy/archives/curious-cardinals-2026-05-18/app-mentors/app.curiouscardinals.com/mentors/max-kramer.html" [1]
2026-05-18 00:56:19 URL:https://app.curiouscardinals.com/mentors/dorrit-corwin [8755/8755] -> "/Users/briannazajicek/Documents/illuminairy/archives/curious-cardinals-2026-05-18/app-mentors/app.curiouscardinals.com/mentors/dorrit-corwin.html" [1]
2026-05-18 00:56:20 URL:https://app.curiouscardinals.com/mentors/aman-fikre [13734/13734] -> "/Users/briannazajicek/Documents/illuminairy/archives/curious-cardinals-2026-05-18/app-mentors/app.curiouscardinals.com/mentors/aman-fikre.html" [1]
2026-05-18 00:56:20 URL:https://app.curiouscardinals.com/mentors/mya-davis [9168/9168] -> "/Users/briannazajicek/Documents/illuminairy/archives/curious-cardinals-2026-05-18/app-mentors/app.curiouscardinals.com/mentors/mya-davis.html" [1]
2026-05-18 00:56:21 URL:https://app.curiouscardinals.com/mentors/carson-levine [8680/8680] -> "/Users/briannazajicek/Documents/illuminairy/archives/curious-cardinals-2026-05-18/app-mentors/app.curiouscardinals.com/mentors/carson-levine.html" [1]
2026-05-18 00:56:21 URL:https://app.curiouscardinals.com/mentors/arvind-sridhar [14008/14008] -> "/Users/briannazajicek/Documents/illuminairy/archives/curious-cardinals-2026-05-18/app-mentors/app.curiouscardinals.com/mentors/arvind-sridhar.html" [1]
2026-05-18 00:56:22 URL:https://app.curiouscardinals.com/mentors/aishani-saha [7548/7548] -> "/Users/briannazajicek/Documents/illuminairy/archives/curious-cardinals-2026-05-18/app-mentors/app.curiouscardinals.com/mentors/aishani-saha.html" [1]
2026-05-18 00:56:23 URL:https://app.curiouscardinals.com/mentors/emma-changmontoya [8192/8192] -> "/Users/briannazajicek/Documents/illuminairy/archives/curious-cardinals-2026-05-18/app-mentors/app.curiouscardinals.com/mentors/emma-changmontoya.html" [1]
2026-05-18 00:56:23 URL:https://app.curiouscardinals.com/mentors/alessandro-dalbon [7907/7907] -> "/Users/briannazajicek/Documents/illuminairy/archives/curious-cardinals-2026-05-18/app-mentors/app.curiouscardinals.com/mentors/alessandro-dalbon.html" [1]
2026-05-18 00:56:24 URL:https://app.curiouscardinals.com/mentors/jada-jones [8350/8350] -> "/Users/briannazajicek/Documents/illuminairy/archives/curious-cardinals-2026-05-18/app-mentors/app.curiouscardinals.com/mentors/jada-jones.html" [1]
2026-05-18 00:56:24 URL:https://app.curiouscardinals.com/mentors/joshua-susanto [13915/13915] -> "/Users/briannazajicek/Documents/illuminairy/archives/curious-cardinals-2026-05-18/app-mentors/app.curiouscardinals.com/mentors/joshua-susanto.html" [1]
2026-05-18 00:56:25 URL:https://app.curiouscardinals.com/mentors/sergio-charles [12676/12676] -> "/Users/briannazajicek/Documents/illuminairy/archives/curious-cardinals-2026-05-18/app-mentors/app.curiouscardinals.com/mentors/sergio-charles.html" [1]
2026-05-18 00:56:25 URL:https://app.curiouscardinals.com/mentors/onyinyechi-owo [8760/8760] -> "/Users/briannazajicek/Documents/illuminairy/archives/curious-cardinals-2026-05-18/app-mentors/app.curiouscardinals.com/mentors/onyinyechi-owo.html" [1]
2026-05-18 00:56:26 URL:https://app.curiouscardinals.com/mentors/larielys-nieves [17228/17228] -> "/Users/briannazajicek/Documents/illuminairy/archives/curious-cardinals-2026-05-18/app-mentors/app.curiouscardinals.com/mentors/larielys-nieves.html" [1]
2026-05-18 00:56:27 URL:https://app.curiouscardinals.com/mentors/chuhan-xiao [13964/13964] -> "/Users/briannazajicek/Documents/illuminairy/archives/curious-cardinals-2026-05-18/app-mentors/app.curiouscardinals.com/mentors/chuhan-xiao.html" [1]
2026-05-18 00:56:27 URL:https://app.curiouscardinals.com/mentors/malaya-galindez [15825/15825] -> "/Users/briannazajicek/Documents/illuminairy/archives/curious-cardinals-2026-05-18/app-mentors/app.curiouscardinals.com/mentors/malaya-galindez.html" [1]
2026-05-18 00:56:28 URL:https://app.curiouscardinals.com/mentors/bianca-granitto [9616/9616] -> "/Users/briannazajicek/Documents/illuminairy/archives/curious-cardinals-2026-05-18/app-mentors/app.curiouscardinals.com/mentors/bianca-granitto.html" [1]
2026-05-18 00:56:28 URL:https://app.curiouscardinals.com/mentors/adam-jaffe [10904/10904] -> "/Users/briannazajicek/Documents/illuminairy/archives/curious-cardinals-2026-05-18/app-mentors/app.curiouscardinals.com/mentors/adam-jaffe.html" [1]
2026-05-18 00:56:29 URL:https://app.curiouscardinals.com/mentors/otto-montgomery [13394/13394] -> "/Users/briannazajicek/Documents/illuminairy/archives/curious-cardinals-2026-05-18/app-mentors/app.curiouscardinals.com/mentors/otto-montgomery.html" [1]
2026-05-18 00:56:29 URL:https://app.curiouscardinals.com/mentors/emily-schrader [8778/8778] -> "/Users/briannazajicek/Documents/illuminairy/archives/curious-cardinals-2026-05-18/app-mentors/app.curiouscardinals.com/mentors/emily-schrader.html" [1]
2026-05-18 00:56:30 URL:https://app.curiouscardinals.com/mentors/jane-lichtman [11389/11389] -> "/Users/briannazajicek/Documents/illuminairy/archives/curious-cardinals-2026-05-18/app-mentors/app.curiouscardinals.com/mentors/jane-lichtman.html" [1]
2026-05-18 00:56:30 URL:https://app.curiouscardinals.com/mentors/grace-yanes [12182/12182] -> "/Users/briannazajicek/Documents/illuminairy/archives/curious-cardinals-2026-05-18/app-mentors/app.curiouscardinals.com/mentors/grace-yanes.html" [1]
2026-05-18 00:56:31 URL:https://app.curiouscardinals.com/mentors/mariam-colborn [14501/14501] -> "/Users/briannazajicek/Documents/illuminairy/archives/curious-cardinals-2026-05-18/app-mentors/app.curiouscardinals.com/mentors/mariam-colborn.html" [1]
2026-05-18 00:56:32 URL:https://app.curiouscardinals.com/mentors/justin-portela [12145/12145] -> "/Users/briannazajicek/Documents/illuminairy/archives/curious-cardinals-2026-05-18/app-mentors/app.curiouscardinals.com/mentors/justin-portela.html" [1]
2026-05-18 00:56:32 URL:https://app.curiouscardinals.com/mentors/anavi-baddepudi [9212/9212] -> "/Users/briannazajicek/Documents/illuminairy/archives/curious-cardinals-2026-05-18/app-mentors/app.curiouscardinals.com/mentors/anavi-baddepudi.html" [1]
2026-05-18 00:56:33 URL:https://app.curiouscardinals.com/mentors/teagan-zwaanstra [15165/15165] -> "/Users/briannazajicek/Documents/illuminairy/archives/curious-cardinals-2026-05-18/app-mentors/app.curiouscardinals.com/mentors/teagan-zwaanstra.html" [1]
2026-05-18 00:56:33 URL:https://app.curiouscardinals.com/mentors/teddy-holloway [13004/13004] -> "/Users/briannazajicek/Documents/illuminairy/archives/curious-cardinals-2026-05-18/app-mentors/app.curiouscardinals.com/mentors/teddy-holloway.html" [1]
2026-05-18 00:56:34 URL:https://app.curiouscardinals.com/mentors/matthew-hovelsrud [18194/18194] -> "/Users/briannazajicek/Documents/illuminairy/archives/curious-cardinals-2026-05-18/app-mentors/app.curiouscardinals.com/mentors/matthew-hovelsrud.html" [1]
2026-05-18 00:56:34 URL:https://app.curiouscardinals.com/mentors/caroline-oshea [14689/14689] -> "/Users/briannazajicek/Documents/illuminairy/archives/curious-cardinals-2026-05-18/app-mentors/app.curiouscardinals.com/mentors/caroline-oshea.html" [1]
2026-05-18 00:56:35 URL:https://app.curiouscardinals.com/mentors/dylan-weiss [15759/15759] -> "/Users/briannazajicek/Documents/illuminairy/archives/curious-cardinals-2026-05-18/app-mentors/app.curiouscardinals.com/mentors/dylan-weiss.html" [1]
2026-05-18 00:56:36 URL:https://app.curiouscardinals.com/mentors/harshvardhan-sanghi [10860/10860] -> "/Users/briannazajicek/Documents/illuminairy/archives/curious-cardinals-2026-05-18/app-mentors/app.curiouscardinals.com/mentors/harshvardhan-sanghi.html" [1]
2026-05-18 00:56:36 URL:https://app.curiouscardinals.com/mentors/jason-j [7621/7621] -> "/Users/briannazajicek/Documents/illuminairy/archives/curious-cardinals-2026-05-18/app-mentors/app.curiouscardinals.com/mentors/jason-j.html" [1]
2026-05-18 00:56:37 URL:https://app.curiouscardinals.com/mentors/janice-noh [13592/13592] -> "/Users/briannazajicek/Documents/illuminairy/archives/curious-cardinals-2026-05-18/app-mentors/app.curiouscardinals.com/mentors/janice-noh.html" [1]
2026-05-18 00:56:38 URL:https://app.curiouscardinals.com/mentors/duncan-edwards [8623/8623] -> "/Users/briannazajicek/Documents/illuminairy/archives/curious-cardinals-2026-05-18/app-mentors/app.curiouscardinals.com/mentors/duncan-edwards.html" [1]
2026-05-18 00:56:38 URL:https://app.curiouscardinals.com/mentors/blake-mcgill [8471/8471] -> "/Users/briannazajicek/Documents/illuminairy/archives/curious-cardinals-2026-05-18/app-mentors/app.curiouscardinals.com/mentors/blake-mcgill.html" [1]
2026-05-18 00:56:39 URL:https://app.curiouscardinals.com/mentors/eduardo-garciaescobar [16562/16562] -> "/Users/briannazajicek/Documents/illuminairy/archives/curious-cardinals-2026-05-18/app-mentors/app.curiouscardinals.com/mentors/eduardo-garciaescobar.html" [1]
2026-05-18 00:56:39 URL:https://app.curiouscardinals.com/mentors/riya-narayan [10755/10755] -> "/Users/briannazajicek/Documents/illuminairy/archives/curious-cardinals-2026-05-18/app-mentors/app.curiouscardinals.com/mentors/riya-narayan.html" [1]
2026-05-18 00:56:40 URL:https://app.curiouscardinals.com/mentors/armin-hamrah [13720/13720] -> "/Users/briannazajicek/Documents/illuminairy/archives/curious-cardinals-2026-05-18/app-mentors/app.curiouscardinals.com/mentors/armin-hamrah.html" [1]
2026-05-18 00:56:40 URL:https://app.curiouscardinals.com/mentors/joanne-wu [15365/15365] -> "/Users/briannazajicek/Documents/illuminairy/archives/curious-cardinals-2026-05-18/app-mentors/app.curiouscardinals.com/mentors/joanne-wu.html" [1]
2026-05-18 00:56:41 URL:https://app.curiouscardinals.com/mentors/brett-kelley [12127/12127] -> "/Users/briannazajicek/Documents/illuminairy/archives/curious-cardinals-2026-05-18/app-mentors/app.curiouscardinals.com/mentors/brett-kelley.html" [1]
2026-05-18 00:56:41 URL:https://app.curiouscardinals.com/mentors/neil-rupani [12371/12371] -> "/Users/briannazajicek/Documents/illuminairy/archives/curious-cardinals-2026-05-18/app-mentors/app.curiouscardinals.com/mentors/neil-rupani.html" [1]
2026-05-18 00:56:42 URL:https://app.curiouscardinals.com/mentors/priyanka-aiyer [15215/15215] -> "/Users/briannazajicek/Documents/illuminairy/archives/curious-cardinals-2026-05-18/app-mentors/app.curiouscardinals.com/mentors/priyanka-aiyer.html" [1]
2026-05-18 00:56:42 URL:https://app.curiouscardinals.com/mentors/srithan-meeniga [19163/19163] -> "/Users/briannazajicek/Documents/illuminairy/archives/curious-cardinals-2026-05-18/app-mentors/app.curiouscardinals.com/mentors/srithan-meeniga.html" [1]
2026-05-18 00:56:43 URL:https://app.curiouscardinals.com/mentors/mia-goodman [11546/11546] -> "/Users/briannazajicek/Documents/illuminairy/archives/curious-cardinals-2026-05-18/app-mentors/app.curiouscardinals.com/mentors/mia-goodman.html" [1]
2026-05-18 00:56:44 URL:https://app.curiouscardinals.com/mentors/gidget-rosen [9716/9716] -> "/Users/briannazajicek/Documents/illuminairy/archives/curious-cardinals-2026-05-18/app-mentors/app.curiouscardinals.com/mentors/gidget-rosen.html" [1]
2026-05-18 00:56:44 URL:https://app.curiouscardinals.com/mentors/maya-itkin [8796/8796] -> "/Users/briannazajicek/Documents/illuminairy/archives/curious-cardinals-2026-05-18/app-mentors/app.curiouscardinals.com/mentors/maya-itkin.html" [1]
2026-05-18 00:56:45 URL:https://app.curiouscardinals.com/mentors/sonal-sharma [13516/13516] -> "/Users/briannazajicek/Documents/illuminairy/archives/curious-cardinals-2026-05-18/app-mentors/app.curiouscardinals.com/mentors/sonal-sharma.html" [1]
2026-05-18 00:56:45 URL:https://app.curiouscardinals.com/mentors/julia-keswin-1 [12834/12834] -> "/Users/briannazajicek/Documents/illuminairy/archives/curious-cardinals-2026-05-18/app-mentors/app.curiouscardinals.com/mentors/julia-keswin-1.html" [1]
2026-05-18 00:56:46 URL:https://app.curiouscardinals.com/mentors/andres-cubeddu [13848/13848] -> "/Users/briannazajicek/Documents/illuminairy/archives/curious-cardinals-2026-05-18/app-mentors/app.curiouscardinals.com/mentors/andres-cubeddu.html" [1]
2026-05-18 00:56:46 URL:https://app.curiouscardinals.com/mentors/nethra-mahendran [16008/16008] -> "/Users/briannazajicek/Documents/illuminairy/archives/curious-cardinals-2026-05-18/app-mentors/app.curiouscardinals.com/mentors/nethra-mahendran.html" [1]
2026-05-18 00:56:47 URL:https://app.curiouscardinals.com/mentors/noah-killeen-1 [18610/18610] -> "/Users/briannazajicek/Documents/illuminairy/archives/curious-cardinals-2026-05-18/app-mentors/app.curiouscardinals.com/mentors/noah-killeen-1.html" [1]
2026-05-18 00:56:47 URL:https://app.curiouscardinals.com/mentors/jackson-domurad [9690/9690] -> "/Users/briannazajicek/Documents/illuminairy/archives/curious-cardinals-2026-05-18/app-mentors/app.curiouscardinals.com/mentors/jackson-domurad.html" [1]
2026-05-18 00:56:48 URL:https://app.curiouscardinals.com/mentors/kyle-hon [11947/11947] -> "/Users/briannazajicek/Documents/illuminairy/archives/curious-cardinals-2026-05-18/app-mentors/app.curiouscardinals.com/mentors/kyle-hon.html" [1]
2026-05-18 00:56:49 URL:https://app.curiouscardinals.com/mentors/aissatou-diallo [13777/13777] -> "/Users/briannazajicek/Documents/illuminairy/archives/curious-cardinals-2026-05-18/app-mentors/app.curiouscardinals.com/mentors/aissatou-diallo.html" [1]
2026-05-18 00:56:50 URL:https://app.curiouscardinals.com/mentors/olivia-beyer [15454/15454] -> "/Users/briannazajicek/Documents/illuminairy/archives/curious-cardinals-2026-05-18/app-mentors/app.curiouscardinals.com/mentors/olivia-beyer.html" [1]
2026-05-18 00:56:50 URL:https://app.curiouscardinals.com/mentors/maria-westonkuhn [16075/16075] -> "/Users/briannazajicek/Documents/illuminairy/archives/curious-cardinals-2026-05-18/app-mentors/app.curiouscardinals.com/mentors/maria-westonkuhn.html" [1]
2026-05-18 00:56:50 URL:https://app.curiouscardinals.com/mentors/james-feinberg [15730/15730] -> "/Users/briannazajicek/Documents/illuminairy/archives/curious-cardinals-2026-05-18/app-mentors/app.curiouscardinals.com/mentors/james-feinberg.html" [1]
2026-05-18 00:56:51 URL:https://app.curiouscardinals.com/mentors/kadin-hendricks [16021/16021] -> "/Users/briannazajicek/Documents/illuminairy/archives/curious-cardinals-2026-05-18/app-mentors/app.curiouscardinals.com/mentors/kadin-hendricks.html" [1]
2026-05-18 00:56:52 URL:https://app.curiouscardinals.com/mentors/logan-a [13039/13039] -> "/Users/briannazajicek/Documents/illuminairy/archives/curious-cardinals-2026-05-18/app-mentors/app.curiouscardinals.com/mentors/logan-a.html" [1]
2026-05-18 00:56:52 URL:https://app.curiouscardinals.com/mentors/mercedes-zobeldeayala [11899/11899] -> "/Users/briannazajicek/Documents/illuminairy/archives/curious-cardinals-2026-05-18/app-mentors/app.curiouscardinals.com/mentors/mercedes-zobeldeayala.html" [1]
2026-05-18 00:56:53 URL:https://app.curiouscardinals.com/mentors/rabiah-kabir [12416/12416] -> "/Users/briannazajicek/Documents/illuminairy/archives/curious-cardinals-2026-05-18/app-mentors/app.curiouscardinals.com/mentors/rabiah-kabir.html" [1]
2026-05-18 00:56:53 URL:https://app.curiouscardinals.com/mentors/pia-yoon [12493/12493] -> "/Users/briannazajicek/Documents/illuminairy/archives/curious-cardinals-2026-05-18/app-mentors/app.curiouscardinals.com/mentors/pia-yoon.html" [1]
2026-05-18 00:56:54 URL:https://app.curiouscardinals.com/mentors/james-padgett [17813/17813] -> "/Users/briannazajicek/Documents/illuminairy/archives/curious-cardinals-2026-05-18/app-mentors/app.curiouscardinals.com/mentors/james-padgett.html" [1]
2026-05-18 00:56:54 URL:https://app.curiouscardinals.com/mentors/nina-bodow [15219/15219] -> "/Users/briannazajicek/Documents/illuminairy/archives/curious-cardinals-2026-05-18/app-mentors/app.curiouscardinals.com/mentors/nina-bodow.html" [1]
2026-05-18 00:56:55 URL:https://app.curiouscardinals.com/mentors/esther-pottebaum [17713/17713] -> "/Users/briannazajicek/Documents/illuminairy/archives/curious-cardinals-2026-05-18/app-mentors/app.curiouscardinals.com/mentors/esther-pottebaum.html" [1]
2026-05-18 00:56:56 URL:https://app.curiouscardinals.com/mentors/sofia-manriquez [20659/20659] -> "/Users/briannazajicek/Documents/illuminairy/archives/curious-cardinals-2026-05-18/app-mentors/app.curiouscardinals.com/mentors/sofia-manriquez.html" [1]
2026-05-18 00:56:56 URL:https://app.curiouscardinals.com/mentors/hillary-tran-1 [12892/12892] -> "/Users/briannazajicek/Documents/illuminairy/archives/curious-cardinals-2026-05-18/app-mentors/app.curiouscardinals.com/mentors/hillary-tran-1.html" [1]
2026-05-18 00:56:57 URL:https://app.curiouscardinals.com/mentors/karim-abdelhalim-1 [20366/20366] -> "/Users/briannazajicek/Documents/illuminairy/archives/curious-cardinals-2026-05-18/app-mentors/app.curiouscardinals.com/mentors/karim-abdelhalim-1.html" [1]
2026-05-18 00:56:57 URL:https://app.curiouscardinals.com/mentors/bianca-caetanoferrara [12438/12438] -> "/Users/briannazajicek/Documents/illuminairy/archives/curious-cardinals-2026-05-18/app-mentors/app.curiouscardinals.com/mentors/bianca-caetanoferrara.html" [1]
2026-05-18 00:56:58 URL:https://app.curiouscardinals.com/mentors/austin-cheung [13257/13257] -> "/Users/briannazajicek/Documents/illuminairy/archives/curious-cardinals-2026-05-18/app-mentors/app.curiouscardinals.com/mentors/austin-cheung.html" [1]
2026-05-18 00:56:58 URL:https://app.curiouscardinals.com/mentors/ardelle-ning [14560/14560] -> "/Users/briannazajicek/Documents/illuminairy/archives/curious-cardinals-2026-05-18/app-mentors/app.curiouscardinals.com/mentors/ardelle-ning.html" [1]
2026-05-18 00:56:59 URL:https://app.curiouscardinals.com/mentors/vionna-atefi [14244/14244] -> "/Users/briannazajicek/Documents/illuminairy/archives/curious-cardinals-2026-05-18/app-mentors/app.curiouscardinals.com/mentors/vionna-atefi.html" [1]
2026-05-18 00:57:00 URL:https://app.curiouscardinals.com/mentors/gary-schmidt [15159/15159] -> "/Users/briannazajicek/Documents/illuminairy/archives/curious-cardinals-2026-05-18/app-mentors/app.curiouscardinals.com/mentors/gary-schmidt.html" [1]
2026-05-18 00:57:00 URL:https://app.curiouscardinals.com/mentors/ashley-pimlott [16356/16356] -> "/Users/briannazajicek/Documents/illuminairy/archives/curious-cardinals-2026-05-18/app-mentors/app.curiouscardinals.com/mentors/ashley-pimlott.html" [1]
2026-05-18 00:57:01 URL:https://app.curiouscardinals.com/mentors/mckayla-winkler [14181/14181] -> "/Users/briannazajicek/Documents/illuminairy/archives/curious-cardinals-2026-05-18/app-mentors/app.curiouscardinals.com/mentors/mckayla-winkler.html" [1]
2026-05-18 00:57:01 URL:https://app.curiouscardinals.com/mentors/rebecca-combs [13305/13305] -> "/Users/briannazajicek/Documents/illuminairy/archives/curious-cardinals-2026-05-18/app-mentors/app.curiouscardinals.com/mentors/rebecca-combs.html" [1]
2026-05-18 00:57:02 URL:https://app.curiouscardinals.com/mentors/senna-reese [12902/12902] -> "/Users/briannazajicek/Documents/illuminairy/archives/curious-cardinals-2026-05-18/app-mentors/app.curiouscardinals.com/mentors/senna-reese.html" [1]
2026-05-18 00:57:02 URL:https://app.curiouscardinals.com/mentors/helen-huynh [14997/14997] -> "/Users/briannazajicek/Documents/illuminairy/archives/curious-cardinals-2026-05-18/app-mentors/app.curiouscardinals.com/mentors/helen-huynh.html" [1]
2026-05-18 00:57:03 URL:https://app.curiouscardinals.com/mentors/logan-burke [15208/15208] -> "/Users/briannazajicek/Documents/illuminairy/archives/curious-cardinals-2026-05-18/app-mentors/app.curiouscardinals.com/mentors/logan-burke.html" [1]
2026-05-18 00:57:04 URL:https://app.curiouscardinals.com/mentors/andrew-ko [10036/10036] -> "/Users/briannazajicek/Documents/illuminairy/archives/curious-cardinals-2026-05-18/app-mentors/app.curiouscardinals.com/mentors/andrew-ko.html" [1]
2026-05-18 00:57:04 URL:https://app.curiouscardinals.com/mentors/navya-agarwal [12187/12187] -> "/Users/briannazajicek/Documents/illuminairy/archives/curious-cardinals-2026-05-18/app-mentors/app.curiouscardinals.com/mentors/navya-agarwal.html" [1]
2026-05-18 00:57:05 URL:https://app.curiouscardinals.com/mentors/andrea-loza [16267/16267] -> "/Users/briannazajicek/Documents/illuminairy/archives/curious-cardinals-2026-05-18/app-mentors/app.curiouscardinals.com/mentors/andrea-loza.html" [1]
2026-05-18 00:57:06 URL:https://app.curiouscardinals.com/mentors/andres-pardo [16087/16087] -> "/Users/briannazajicek/Documents/illuminairy/archives/curious-cardinals-2026-05-18/app-mentors/app.curiouscardinals.com/mentors/andres-pardo.html" [1]
2026-05-18 00:57:06 URL:https://app.curiouscardinals.com/mentors/olivia-tung-1 [16239/16239] -> "/Users/briannazajicek/Documents/illuminairy/archives/curious-cardinals-2026-05-18/app-mentors/app.curiouscardinals.com/mentors/olivia-tung-1.html" [1]
2026-05-18 00:57:07 URL:https://app.curiouscardinals.com/mentors/phoebe-dragseth [14860/14860] -> "/Users/briannazajicek/Documents/illuminairy/archives/curious-cardinals-2026-05-18/app-mentors/app.curiouscardinals.com/mentors/phoebe-dragseth.html" [1]
2026-05-18 00:57:07 URL:https://app.curiouscardinals.com/mentors/afsana-rahman [17783/17783] -> "/Users/briannazajicek/Documents/illuminairy/archives/curious-cardinals-2026-05-18/app-mentors/app.curiouscardinals.com/mentors/afsana-rahman.html" [1]
2026-05-18 00:57:08 URL:https://app.curiouscardinals.com/mentors/sofia-vargas [9077/9077] -> "/Users/briannazajicek/Documents/illuminairy/archives/curious-cardinals-2026-05-18/app-mentors/app.curiouscardinals.com/mentors/sofia-vargas.html" [1]
2026-05-18 00:57:08 URL:https://app.curiouscardinals.com/mentors/noor-nouaili [13180/13180] -> "/Users/briannazajicek/Documents/illuminairy/archives/curious-cardinals-2026-05-18/app-mentors/app.curiouscardinals.com/mentors/noor-nouaili.html" [1]
2026-05-18 00:57:09 URL:https://app.curiouscardinals.com/mentors/arianna-evangelia [16309/16309] -> "/Users/briannazajicek/Documents/illuminairy/archives/curious-cardinals-2026-05-18/app-mentors/app.curiouscardinals.com/mentors/arianna-evangelia.html" [1]
2026-05-18 00:57:09 URL:https://app.curiouscardinals.com/mentors/emma-barrosa [12253/12253] -> "/Users/briannazajicek/Documents/illuminairy/archives/curious-cardinals-2026-05-18/app-mentors/app.curiouscardinals.com/mentors/emma-barrosa.html" [1]
2026-05-18 00:57:10 URL:https://app.curiouscardinals.com/mentors/brea-swartwood [14466/14466] -> "/Users/briannazajicek/Documents/illuminairy/archives/curious-cardinals-2026-05-18/app-mentors/app.curiouscardinals.com/mentors/brea-swartwood.html" [1]
2026-05-18 00:57:11 URL:https://app.curiouscardinals.com/mentors/faress-zwain [15438/15438] -> "/Users/briannazajicek/Documents/illuminairy/archives/curious-cardinals-2026-05-18/app-mentors/app.curiouscardinals.com/mentors/faress-zwain.html" [1]
2026-05-18 00:57:11 URL:https://app.curiouscardinals.com/mentors/benjamin-zaidel [13691/13691] -> "/Users/briannazajicek/Documents/illuminairy/archives/curious-cardinals-2026-05-18/app-mentors/app.curiouscardinals.com/mentors/benjamin-zaidel.html" [1]
2026-05-18 00:57:12 URL:https://app.curiouscardinals.com/mentors/alessandra-mariano [20199/20199] -> "/Users/briannazajicek/Documents/illuminairy/archives/curious-cardinals-2026-05-18/app-mentors/app.curiouscardinals.com/mentors/alessandra-mariano.html" [1]
2026-05-18 00:57:12 URL:https://app.curiouscardinals.com/mentors/seattle-hickey [16857/16857] -> "/Users/briannazajicek/Documents/illuminairy/archives/curious-cardinals-2026-05-18/app-mentors/app.curiouscardinals.com/mentors/seattle-hickey.html" [1]
2026-05-18 00:57:13 URL:https://app.curiouscardinals.com/mentors/anna-de-1 [12534/12534] -> "/Users/briannazajicek/Documents/illuminairy/archives/curious-cardinals-2026-05-18/app-mentors/app.curiouscardinals.com/mentors/anna-de-1.html" [1]
2026-05-18 00:57:13 URL:https://app.curiouscardinals.com/mentors/natalia-giordano-1 [16525/16525] -> "/Users/briannazajicek/Documents/illuminairy/archives/curious-cardinals-2026-05-18/app-mentors/app.curiouscardinals.com/mentors/natalia-giordano-1.html" [1]
2026-05-18 00:57:14 URL:https://app.curiouscardinals.com/mentors/madelynn-huff [12323/12323] -> "/Users/briannazajicek/Documents/illuminairy/archives/curious-cardinals-2026-05-18/app-mentors/app.curiouscardinals.com/mentors/madelynn-huff.html" [1]
2026-05-18 00:57:15 URL:https://app.curiouscardinals.com/mentors/benjamin-shapiro [10819/10819] -> "/Users/briannazajicek/Documents/illuminairy/archives/curious-cardinals-2026-05-18/app-mentors/app.curiouscardinals.com/mentors/benjamin-shapiro.html" [1]
2026-05-18 00:57:15 URL:https://app.curiouscardinals.com/mentors/lyla-ibrahimibrahiml [12393/12393] -> "/Users/briannazajicek/Documents/illuminairy/archives/curious-cardinals-2026-05-18/app-mentors/app.curiouscardinals.com/mentors/lyla-ibrahimibrahiml.html" [1]
2026-05-18 00:57:16 URL:https://app.curiouscardinals.com/mentors/owen-curtin [19919/19919] -> "/Users/briannazajicek/Documents/illuminairy/archives/curious-cardinals-2026-05-18/app-mentors/app.curiouscardinals.com/mentors/owen-curtin.html" [1]
2026-05-18 00:57:17 URL:https://app.curiouscardinals.com/mentors/abu-ahmed [14860/14860] -> "/Users/briannazajicek/Documents/illuminairy/archives/curious-cardinals-2026-05-18/app-mentors/app.curiouscardinals.com/mentors/abu-ahmed.html" [1]
2026-05-18 00:57:17 URL:https://app.curiouscardinals.com/mentors/babi-oloko [12810/12810] -> "/Users/briannazajicek/Documents/illuminairy/archives/curious-cardinals-2026-05-18/app-mentors/app.curiouscardinals.com/mentors/babi-oloko.html" [1]
2026-05-18 00:57:18 URL:https://app.curiouscardinals.com/mentors/inari-jade [14849/14849] -> "/Users/briannazajicek/Documents/illuminairy/archives/curious-cardinals-2026-05-18/app-mentors/app.curiouscardinals.com/mentors/inari-jade.html" [1]
2026-05-18 00:57:18 URL:https://app.curiouscardinals.com/mentors/ryan-rossovich [14712/14712] -> "/Users/briannazajicek/Documents/illuminairy/archives/curious-cardinals-2026-05-18/app-mentors/app.curiouscardinals.com/mentors/ryan-rossovich.html" [1]
2026-05-18 00:57:19 URL:https://app.curiouscardinals.com/mentors/cortney-leung [14429/14429] -> "/Users/briannazajicek/Documents/illuminairy/archives/curious-cardinals-2026-05-18/app-mentors/app.curiouscardinals.com/mentors/cortney-leung.html" [1]
2026-05-18 00:57:19 URL:https://app.curiouscardinals.com/mentors/chloe-paolucci-1 [15492/15492] -> "/Users/briannazajicek/Documents/illuminairy/archives/curious-cardinals-2026-05-18/app-mentors/app.curiouscardinals.com/mentors/chloe-paolucci-1.html" [1]
2026-05-18 00:57:20 URL:https://app.curiouscardinals.com/mentors/aidan-duckles [15232/15232] -> "/Users/briannazajicek/Documents/illuminairy/archives/curious-cardinals-2026-05-18/app-mentors/app.curiouscardinals.com/mentors/aidan-duckles.html" [1]
2026-05-18 00:57:20 URL:https://app.curiouscardinals.com/mentors/jimmy-hogerty-9 [11919/11919] -> "/Users/briannazajicek/Documents/illuminairy/archives/curious-cardinals-2026-05-18/app-mentors/app.curiouscardinals.com/mentors/jimmy-hogerty-9.html" [1]
2026-05-18 00:57:21 URL:https://app.curiouscardinals.com/mentors/testjs-testjs [24693/24693] -> "/Users/briannazajicek/Documents/illuminairy/archives/curious-cardinals-2026-05-18/app-mentors/app.curiouscardinals.com/mentors/testjs-testjs.html" [1]
2026-05-18 00:57:21 URL:https://app.curiouscardinals.com/mentors/jaylynn-cortes [10018/10018] -> "/Users/briannazajicek/Documents/illuminairy/archives/curious-cardinals-2026-05-18/app-mentors/app.curiouscardinals.com/mentors/jaylynn-cortes.html" [1]
2026-05-18 00:57:22 URL:https://app.curiouscardinals.com/mentors/anastasia-sotiropoulos [18412/18412] -> "/Users/briannazajicek/Documents/illuminairy/archives/curious-cardinals-2026-05-18/app-mentors/app.curiouscardinals.com/mentors/anastasia-sotiropoulos.html" [1]
2026-05-18 00:57:22 URL:https://app.curiouscardinals.com/mentors/anita-taft [14293/14293] -> "/Users/briannazajicek/Documents/illuminairy/archives/curious-cardinals-2026-05-18/app-mentors/app.curiouscardinals.com/mentors/anita-taft.html" [1]
2026-05-18 00:57:23 URL:https://app.curiouscardinals.com/mentors/maeve-mccarthy [16181/16181] -> "/Users/briannazajicek/Documents/illuminairy/archives/curious-cardinals-2026-05-18/app-mentors/app.curiouscardinals.com/mentors/maeve-mccarthy.html" [1]
2026-05-18 00:57:24 URL:https://app.curiouscardinals.com/mentors/vera-petrovic [11306/11306] -> "/Users/briannazajicek/Documents/illuminairy/archives/curious-cardinals-2026-05-18/app-mentors/app.curiouscardinals.com/mentors/vera-petrovic.html" [1]
2026-05-18 00:57:24 URL:https://app.curiouscardinals.com/mentors/emma-azhan [14374/14374] -> "/Users/briannazajicek/Documents/illuminairy/archives/curious-cardinals-2026-05-18/app-mentors/app.curiouscardinals.com/mentors/emma-azhan.html" [1]
2026-05-18 00:57:25 URL:https://app.curiouscardinals.com/mentors/jeanette-hitt [16376/16376] -> "/Users/briannazajicek/Documents/illuminairy/archives/curious-cardinals-2026-05-18/app-mentors/app.curiouscardinals.com/mentors/jeanette-hitt.html" [1]
2026-05-18 00:57:25 URL:https://app.curiouscardinals.com/mentors/christian-dunbar [13981/13981] -> "/Users/briannazajicek/Documents/illuminairy/archives/curious-cardinals-2026-05-18/app-mentors/app.curiouscardinals.com/mentors/christian-dunbar.html" [1]
2026-05-18 00:57:26 URL:https://app.curiouscardinals.com/mentors/caden-michael [15485/15485] -> "/Users/briannazajicek/Documents/illuminairy/archives/curious-cardinals-2026-05-18/app-mentors/app.curiouscardinals.com/mentors/caden-michael.html" [1]
2026-05-18 00:57:26 URL:https://app.curiouscardinals.com/mentors/sean-fang [13660/13660] -> "/Users/briannazajicek/Documents/illuminairy/archives/curious-cardinals-2026-05-18/app-mentors/app.curiouscardinals.com/mentors/sean-fang.html" [1]
2026-05-18 00:57:27 URL:https://app.curiouscardinals.com/mentors/rayo-oyeyemi [14715/14715] -> "/Users/briannazajicek/Documents/illuminairy/archives/curious-cardinals-2026-05-18/app-mentors/app.curiouscardinals.com/mentors/rayo-oyeyemi.html" [1]
2026-05-18 00:57:28 URL:https://app.curiouscardinals.com/mentors/aya-masri [17886/17886] -> "/Users/briannazajicek/Documents/illuminairy/archives/curious-cardinals-2026-05-18/app-mentors/app.curiouscardinals.com/mentors/aya-masri.html" [1]
2026-05-18 00:57:28 URL:https://app.curiouscardinals.com/mentors/sophie-biro [15969/15969] -> "/Users/briannazajicek/Documents/illuminairy/archives/curious-cardinals-2026-05-18/app-mentors/app.curiouscardinals.com/mentors/sophie-biro.html" [1]
2026-05-18 00:57:29 URL:https://app.curiouscardinals.com/mentors/kelisha-williams-1 [14349/14349] -> "/Users/briannazajicek/Documents/illuminairy/archives/curious-cardinals-2026-05-18/app-mentors/app.curiouscardinals.com/mentors/kelisha-williams-1.html" [1]
2026-05-18 00:57:29 URL:https://app.curiouscardinals.com/mentors/allison-shea [15798/15798] -> "/Users/briannazajicek/Documents/illuminairy/archives/curious-cardinals-2026-05-18/app-mentors/app.curiouscardinals.com/mentors/allison-shea.html" [1]
2026-05-18 00:57:30 URL:https://app.curiouscardinals.com/mentors/liam-zuckerman [10884/10884] -> "/Users/briannazajicek/Documents/illuminairy/archives/curious-cardinals-2026-05-18/app-mentors/app.curiouscardinals.com/mentors/liam-zuckerman.html" [1]
2026-05-18 00:57:30 URL:https://app.curiouscardinals.com/mentors/matthew-syms [17368/17368] -> "/Users/briannazajicek/Documents/illuminairy/archives/curious-cardinals-2026-05-18/app-mentors/app.curiouscardinals.com/mentors/matthew-syms.html" [1]
2026-05-18 00:57:31 URL:https://app.curiouscardinals.com/mentors/tricia-mangan [12059/12059] -> "/Users/briannazajicek/Documents/illuminairy/archives/curious-cardinals-2026-05-18/app-mentors/app.curiouscardinals.com/mentors/tricia-mangan.html" [1]
2026-05-18 00:57:31 URL:https://app.curiouscardinals.com/mentors/macy-kwon [18067/18067] -> "/Users/briannazajicek/Documents/illuminairy/archives/curious-cardinals-2026-05-18/app-mentors/app.curiouscardinals.com/mentors/macy-kwon.html" [1]
2026-05-18 00:57:32 URL:https://app.curiouscardinals.com/mentors/jeffrey-du [12253/12253] -> "/Users/briannazajicek/Documents/illuminairy/archives/curious-cardinals-2026-05-18/app-mentors/app.curiouscardinals.com/mentors/jeffrey-du.html" [1]
2026-05-18 00:57:32 URL:https://app.curiouscardinals.com/mentors/tiki-kazeem [15158/15158] -> "/Users/briannazajicek/Documents/illuminairy/archives/curious-cardinals-2026-05-18/app-mentors/app.curiouscardinals.com/mentors/tiki-kazeem.html" [1]
2026-05-18 00:57:33 URL:https://app.curiouscardinals.com/mentors/rifat-islam [14550/14550] -> "/Users/briannazajicek/Documents/illuminairy/archives/curious-cardinals-2026-05-18/app-mentors/app.curiouscardinals.com/mentors/rifat-islam.html" [1]
2026-05-18 00:57:34 URL:https://app.curiouscardinals.com/mentors/chanel-nejad [12388/12388] -> "/Users/briannazajicek/Documents/illuminairy/archives/curious-cardinals-2026-05-18/app-mentors/app.curiouscardinals.com/mentors/chanel-nejad.html" [1]
2026-05-18 00:57:34 URL:https://app.curiouscardinals.com/mentors/senai-robinson [16407/16407] -> "/Users/briannazajicek/Documents/illuminairy/archives/curious-cardinals-2026-05-18/app-mentors/app.curiouscardinals.com/mentors/senai-robinson.html" [1]
2026-05-18 00:57:35 URL:https://app.curiouscardinals.com/mentors/brian-temsamrit-1 [12169/12169] -> "/Users/briannazajicek/Documents/illuminairy/archives/curious-cardinals-2026-05-18/app-mentors/app.curiouscardinals.com/mentors/brian-temsamrit-1.html" [1]
2026-05-18 00:57:35 URL:https://app.curiouscardinals.com/mentors/olivia-manes [13961/13961] -> "/Users/briannazajicek/Documents/illuminairy/archives/curious-cardinals-2026-05-18/app-mentors/app.curiouscardinals.com/mentors/olivia-manes.html" [1]
2026-05-18 00:57:36 URL:https://app.curiouscardinals.com/mentors/anya-von-diessl [16134/16134] -> "/Users/briannazajicek/Documents/illuminairy/archives/curious-cardinals-2026-05-18/app-mentors/app.curiouscardinals.com/mentors/anya-von-diessl.html" [1]
2026-05-18 00:57:36 URL:https://app.curiouscardinals.com/mentors/jordan-mckinney [9386/9386] -> "/Users/briannazajicek/Documents/illuminairy/archives/curious-cardinals-2026-05-18/app-mentors/app.curiouscardinals.com/mentors/jordan-mckinney.html" [1]
2026-05-18 00:57:37 URL:https://app.curiouscardinals.com/mentors/kennedy-waite-2 [12198/12198] -> "/Users/briannazajicek/Documents/illuminairy/archives/curious-cardinals-2026-05-18/app-mentors/app.curiouscardinals.com/mentors/kennedy-waite-2.html" [1]
2026-05-18 00:57:37 URL:https://app.curiouscardinals.com/mentors/jules-ahdoot [14384/14384] -> "/Users/briannazajicek/Documents/illuminairy/archives/curious-cardinals-2026-05-18/app-mentors/app.curiouscardinals.com/mentors/jules-ahdoot.html" [1]
2026-05-18 00:57:38 URL:https://app.curiouscardinals.com/mentors/rishika-voruganti [17090/17090] -> "/Users/briannazajicek/Documents/illuminairy/archives/curious-cardinals-2026-05-18/app-mentors/app.curiouscardinals.com/mentors/rishika-voruganti.html" [1]
2026-05-18 00:57:39 URL:https://app.curiouscardinals.com/mentors/viviana-alpizar [12592/12592] -> "/Users/briannazajicek/Documents/illuminairy/archives/curious-cardinals-2026-05-18/app-mentors/app.curiouscardinals.com/mentors/viviana-alpizar.html" [1]
2026-05-18 00:57:39 URL:https://app.curiouscardinals.com/mentors/elizabeth-mariam [16210/16210] -> "/Users/briannazajicek/Documents/illuminairy/archives/curious-cardinals-2026-05-18/app-mentors/app.curiouscardinals.com/mentors/elizabeth-mariam.html" [1]
2026-05-18 00:57:40 URL:https://app.curiouscardinals.com/mentors/simon-schackner [13749/13749] -> "/Users/briannazajicek/Documents/illuminairy/archives/curious-cardinals-2026-05-18/app-mentors/app.curiouscardinals.com/mentors/simon-schackner.html" [1]
2026-05-18 00:57:40 URL:https://app.curiouscardinals.com/mentors/lachlan-northington [18918/18918] -> "/Users/briannazajicek/Documents/illuminairy/archives/curious-cardinals-2026-05-18/app-mentors/app.curiouscardinals.com/mentors/lachlan-northington.html" [1]
2026-05-18 00:57:41 URL:https://app.curiouscardinals.com/mentors/keza-levine [18396/18396] -> "/Users/briannazajicek/Documents/illuminairy/archives/curious-cardinals-2026-05-18/app-mentors/app.curiouscardinals.com/mentors/keza-levine.html" [1]
2026-05-18 00:57:41 URL:https://app.curiouscardinals.com/mentors/olivia-pennington [8595/8595] -> "/Users/briannazajicek/Documents/illuminairy/archives/curious-cardinals-2026-05-18/app-mentors/app.curiouscardinals.com/mentors/olivia-pennington.html" [1]
2026-05-18 00:57:42 URL:https://app.curiouscardinals.com/mentors/stefan-colburn-1 [15781/15781] -> "/Users/briannazajicek/Documents/illuminairy/archives/curious-cardinals-2026-05-18/app-mentors/app.curiouscardinals.com/mentors/stefan-colburn-1.html" [1]
2026-05-18 00:57:43 URL:https://app.curiouscardinals.com/mentors/sara-goldstein [16746/16746] -> "/Users/briannazajicek/Documents/illuminairy/archives/curious-cardinals-2026-05-18/app-mentors/app.curiouscardinals.com/mentors/sara-goldstein.html" [1]
2026-05-18 00:57:43 URL:https://app.curiouscardinals.com/mentors/farah-abdullah [17053/17053] -> "/Users/briannazajicek/Documents/illuminairy/archives/curious-cardinals-2026-05-18/app-mentors/app.curiouscardinals.com/mentors/farah-abdullah.html" [1]
2026-05-18 00:57:44 URL:https://app.curiouscardinals.com/mentors/jason-vadnos [17556/17556] -> "/Users/briannazajicek/Documents/illuminairy/archives/curious-cardinals-2026-05-18/app-mentors/app.curiouscardinals.com/mentors/jason-vadnos.html" [1]
2026-05-18 00:57:44 URL:https://app.curiouscardinals.com/mentors/sutton-grossinger [11813/11813] -> "/Users/briannazajicek/Documents/illuminairy/archives/curious-cardinals-2026-05-18/app-mentors/app.curiouscardinals.com/mentors/sutton-grossinger.html" [1]
2026-05-18 00:57:45 URL:https://app.curiouscardinals.com/mentors/vivian-kong [23173/23173] -> "/Users/briannazajicek/Documents/illuminairy/archives/curious-cardinals-2026-05-18/app-mentors/app.curiouscardinals.com/mentors/vivian-kong.html" [1]
2026-05-18 00:57:45 URL:https://app.curiouscardinals.com/mentors/augustus-glick [15215/15215] -> "/Users/briannazajicek/Documents/illuminairy/archives/curious-cardinals-2026-05-18/app-mentors/app.curiouscardinals.com/mentors/augustus-glick.html" [1]
2026-05-18 00:57:46 URL:https://app.curiouscardinals.com/mentors/arabella-marz [24192/24192] -> "/Users/briannazajicek/Documents/illuminairy/archives/curious-cardinals-2026-05-18/app-mentors/app.curiouscardinals.com/mentors/arabella-marz.html" [1]
2026-05-18 00:57:46 URL:https://app.curiouscardinals.com/mentors/anushka-sheoran [15041/15041] -> "/Users/briannazajicek/Documents/illuminairy/archives/curious-cardinals-2026-05-18/app-mentors/app.curiouscardinals.com/mentors/anushka-sheoran.html" [1]
2026-05-18 00:57:47 URL:https://app.curiouscardinals.com/mentors/elle-choi [17821/17821] -> "/Users/briannazajicek/Documents/illuminairy/archives/curious-cardinals-2026-05-18/app-mentors/app.curiouscardinals.com/mentors/elle-choi.html" [1]
2026-05-18 00:57:47 URL:https://app.curiouscardinals.com/mentors/gillian-white [14126/14126] -> "/Users/briannazajicek/Documents/illuminairy/archives/curious-cardinals-2026-05-18/app-mentors/app.curiouscardinals.com/mentors/gillian-white.html" [1]
2026-05-18 00:57:48 URL:https://app.curiouscardinals.com/mentors/amaya-nyamweru [14618/14618] -> "/Users/briannazajicek/Documents/illuminairy/archives/curious-cardinals-2026-05-18/app-mentors/app.curiouscardinals.com/mentors/amaya-nyamweru.html" [1]
2026-05-18 00:57:49 URL:https://app.curiouscardinals.com/mentors/madeleine-cho [17140/17140] -> "/Users/briannazajicek/Documents/illuminairy/archives/curious-cardinals-2026-05-18/app-mentors/app.curiouscardinals.com/mentors/madeleine-cho.html" [1]
2026-05-18 00:57:49 URL:https://app.curiouscardinals.com/mentors/pranav-sarathy [17713/17713] -> "/Users/briannazajicek/Documents/illuminairy/archives/curious-cardinals-2026-05-18/app-mentors/app.curiouscardinals.com/mentors/pranav-sarathy.html" [1]
2026-05-18 00:57:50 URL:https://app.curiouscardinals.com/mentors/aloye-oshotse-1 [16113/16113] -> "/Users/briannazajicek/Documents/illuminairy/archives/curious-cardinals-2026-05-18/app-mentors/app.curiouscardinals.com/mentors/aloye-oshotse-1.html" [1]
2026-05-18 00:57:51 URL:https://app.curiouscardinals.com/mentors/dalton-m [12978/12978] -> "/Users/briannazajicek/Documents/illuminairy/archives/curious-cardinals-2026-05-18/app-mentors/app.curiouscardinals.com/mentors/dalton-m.html" [1]
2026-05-18 00:57:51 URL:https://app.curiouscardinals.com/mentors/norma-mejia [16030/16030] -> "/Users/briannazajicek/Documents/illuminairy/archives/curious-cardinals-2026-05-18/app-mentors/app.curiouscardinals.com/mentors/norma-mejia.html" [1]
2026-05-18 00:57:52 URL:https://app.curiouscardinals.com/mentors/griffin-anderson [14158/14158] -> "/Users/briannazajicek/Documents/illuminairy/archives/curious-cardinals-2026-05-18/app-mentors/app.curiouscardinals.com/mentors/griffin-anderson.html" [1]
2026-05-18 00:57:52 URL:https://app.curiouscardinals.com/mentors/rahul-arora [17251/17251] -> "/Users/briannazajicek/Documents/illuminairy/archives/curious-cardinals-2026-05-18/app-mentors/app.curiouscardinals.com/mentors/rahul-arora.html" [1]
2026-05-18 00:57:53 URL:https://app.curiouscardinals.com/mentors/rani-bleznak [14581/14581] -> "/Users/briannazajicek/Documents/illuminairy/archives/curious-cardinals-2026-05-18/app-mentors/app.curiouscardinals.com/mentors/rani-bleznak.html" [1]
2026-05-18 00:57:53 URL:https://app.curiouscardinals.com/mentors/michael-zhao-1 [12203/12203] -> "/Users/briannazajicek/Documents/illuminairy/archives/curious-cardinals-2026-05-18/app-mentors/app.curiouscardinals.com/mentors/michael-zhao-1.html" [1]
2026-05-18 00:57:54 URL:https://app.curiouscardinals.com/mentors/asha-mehta [14233/14233] -> "/Users/briannazajicek/Documents/illuminairy/archives/curious-cardinals-2026-05-18/app-mentors/app.curiouscardinals.com/mentors/asha-mehta.html" [1]
2026-05-18 00:57:54 URL:https://app.curiouscardinals.com/mentors/arvind-vivekanandan [15820/15820] -> "/Users/briannazajicek/Documents/illuminairy/archives/curious-cardinals-2026-05-18/app-mentors/app.curiouscardinals.com/mentors/arvind-vivekanandan.html" [1]
2026-05-18 00:57:55 URL:https://app.curiouscardinals.com/mentors/simona-hausleitner [21518/21518] -> "/Users/briannazajicek/Documents/illuminairy/archives/curious-cardinals-2026-05-18/app-mentors/app.curiouscardinals.com/mentors/simona-hausleitner.html" [1]
2026-05-18 00:57:55 URL:https://app.curiouscardinals.com/mentors/aolani-gonzalez [14137/14137] -> "/Users/briannazajicek/Documents/illuminairy/archives/curious-cardinals-2026-05-18/app-mentors/app.curiouscardinals.com/mentors/aolani-gonzalez.html" [1]
2026-05-18 00:57:56 URL:https://app.curiouscardinals.com/mentors/peter-jones [13731/13731] -> "/Users/briannazajicek/Documents/illuminairy/archives/curious-cardinals-2026-05-18/app-mentors/app.curiouscardinals.com/mentors/peter-jones.html" [1]
2026-05-18 00:57:56 URL:https://app.curiouscardinals.com/mentors/ehlaam-hanwari [12343/12343] -> "/Users/briannazajicek/Documents/illuminairy/archives/curious-cardinals-2026-05-18/app-mentors/app.curiouscardinals.com/mentors/ehlaam-hanwari.html" [1]
2026-05-18 00:57:57 URL:https://app.curiouscardinals.com/mentors/bryan-wang [19240/19240] -> "/Users/briannazajicek/Documents/illuminairy/archives/curious-cardinals-2026-05-18/app-mentors/app.curiouscardinals.com/mentors/bryan-wang.html" [1]
2026-05-18 00:57:58 URL:https://app.curiouscardinals.com/mentors/konstantin-vaysbukh-1 [13407/13407] -> "/Users/briannazajicek/Documents/illuminairy/archives/curious-cardinals-2026-05-18/app-mentors/app.curiouscardinals.com/mentors/konstantin-vaysbukh-1.html" [1]
2026-05-18 00:57:58 URL:https://app.curiouscardinals.com/mentors/william-qian-1 [18096/18096] -> "/Users/briannazajicek/Documents/illuminairy/archives/curious-cardinals-2026-05-18/app-mentors/app.curiouscardinals.com/mentors/william-qian-1.html" [1]
2026-05-18 00:57:59 URL:https://app.curiouscardinals.com/mentors/parnika-singh [21330/21330] -> "/Users/briannazajicek/Documents/illuminairy/archives/curious-cardinals-2026-05-18/app-mentors/app.curiouscardinals.com/mentors/parnika-singh.html" [1]
2026-05-18 00:58:00 URL:https://app.curiouscardinals.com/mentors/maria-herrera [16119/16119] -> "/Users/briannazajicek/Documents/illuminairy/archives/curious-cardinals-2026-05-18/app-mentors/app.curiouscardinals.com/mentors/maria-herrera.html" [1]
2026-05-18 00:58:00 URL:https://app.curiouscardinals.com/mentors/shrishti-roy [15299/15299] -> "/Users/briannazajicek/Documents/illuminairy/archives/curious-cardinals-2026-05-18/app-mentors/app.curiouscardinals.com/mentors/shrishti-roy.html" [1]
2026-05-18 00:58:01 URL:https://app.curiouscardinals.com/mentors/maya-moore [16337/16337] -> "/Users/briannazajicek/Documents/illuminairy/archives/curious-cardinals-2026-05-18/app-mentors/app.curiouscardinals.com/mentors/maya-moore.html" [1]
2026-05-18 00:58:01 URL:https://app.curiouscardinals.com/mentors/sierra-corcoran [15910/15910] -> "/Users/briannazajicek/Documents/illuminairy/archives/curious-cardinals-2026-05-18/app-mentors/app.curiouscardinals.com/mentors/sierra-corcoran.html" [1]
2026-05-18 00:58:02 URL:https://app.curiouscardinals.com/mentors/holly-alesandro [13366/13366] -> "/Users/briannazajicek/Documents/illuminairy/archives/curious-cardinals-2026-05-18/app-mentors/app.curiouscardinals.com/mentors/holly-alesandro.html" [1]
2026-05-18 00:58:02 URL:https://app.curiouscardinals.com/mentors/chloe-abbruzzese [15488/15488] -> "/Users/briannazajicek/Documents/illuminairy/archives/curious-cardinals-2026-05-18/app-mentors/app.curiouscardinals.com/mentors/chloe-abbruzzese.html" [1]
2026-05-18 00:58:03 URL:https://app.curiouscardinals.com/mentors/palmer-manes [14965/14965] -> "/Users/briannazajicek/Documents/illuminairy/archives/curious-cardinals-2026-05-18/app-mentors/app.curiouscardinals.com/mentors/palmer-manes.html" [1]
2026-05-18 00:58:03 URL:https://app.curiouscardinals.com/mentors/rebecca-wu-1 [15887/15887] -> "/Users/briannazajicek/Documents/illuminairy/archives/curious-cardinals-2026-05-18/app-mentors/app.curiouscardinals.com/mentors/rebecca-wu-1.html" [1]
2026-05-18 00:58:04 URL:https://app.curiouscardinals.com/mentors/tim-adeyemi [14012/14012] -> "/Users/briannazajicek/Documents/illuminairy/archives/curious-cardinals-2026-05-18/app-mentors/app.curiouscardinals.com/mentors/tim-adeyemi.html" [1]
2026-05-18 00:58:04 URL:https://app.curiouscardinals.com/mentors/shaila-patel [17599/17599] -> "/Users/briannazajicek/Documents/illuminairy/archives/curious-cardinals-2026-05-18/app-mentors/app.curiouscardinals.com/mentors/shaila-patel.html" [1]
2026-05-18 00:58:05 URL:https://app.curiouscardinals.com/mentors/hannah-smith [14414/14414] -> "/Users/briannazajicek/Documents/illuminairy/archives/curious-cardinals-2026-05-18/app-mentors/app.curiouscardinals.com/mentors/hannah-smith.html" [1]
2026-05-18 00:58:06 URL:https://app.curiouscardinals.com/mentors/malcolm-asher [14656/14656] -> "/Users/briannazajicek/Documents/illuminairy/archives/curious-cardinals-2026-05-18/app-mentors/app.curiouscardinals.com/mentors/malcolm-asher.html" [1]
2026-05-18 00:58:06 URL:https://app.curiouscardinals.com/mentors/hannah-clatworthy [15606/15606] -> "/Users/briannazajicek/Documents/illuminairy/archives/curious-cardinals-2026-05-18/app-mentors/app.curiouscardinals.com/mentors/hannah-clatworthy.html" [1]
2026-05-18 00:58:07 URL:https://app.curiouscardinals.com/mentors/joshua-chan [15954/15954] -> "/Users/briannazajicek/Documents/illuminairy/archives/curious-cardinals-2026-05-18/app-mentors/app.curiouscardinals.com/mentors/joshua-chan.html" [1]
2026-05-18 00:58:07 URL:https://app.curiouscardinals.com/mentors/kavi-gasper [11361/11361] -> "/Users/briannazajicek/Documents/illuminairy/archives/curious-cardinals-2026-05-18/app-mentors/app.curiouscardinals.com/mentors/kavi-gasper.html" [1]
2026-05-18 00:58:08 URL:https://app.curiouscardinals.com/mentors/kathryn-lampo [17382/17382] -> "/Users/briannazajicek/Documents/illuminairy/archives/curious-cardinals-2026-05-18/app-mentors/app.curiouscardinals.com/mentors/kathryn-lampo.html" [1]
2026-05-18 00:58:09 URL:https://app.curiouscardinals.com/mentors/iyobosa-enabulele [13353/13353] -> "/Users/briannazajicek/Documents/illuminairy/archives/curious-cardinals-2026-05-18/app-mentors/app.curiouscardinals.com/mentors/iyobosa-enabulele.html" [1]
2026-05-18 00:58:09 URL:https://app.curiouscardinals.com/mentors/lowell-cerbone [14375/14375] -> "/Users/briannazajicek/Documents/illuminairy/archives/curious-cardinals-2026-05-18/app-mentors/app.curiouscardinals.com/mentors/lowell-cerbone.html" [1]
2026-05-18 00:58:10 URL:https://app.curiouscardinals.com/mentors/paloma-jourdes [15046/15046] -> "/Users/briannazajicek/Documents/illuminairy/archives/curious-cardinals-2026-05-18/app-mentors/app.curiouscardinals.com/mentors/paloma-jourdes.html" [1]
2026-05-18 00:58:10 URL:https://app.curiouscardinals.com/mentors/onyekachi-agwu [12780/12780] -> "/Users/briannazajicek/Documents/illuminairy/archives/curious-cardinals-2026-05-18/app-mentors/app.curiouscardinals.com/mentors/onyekachi-agwu.html" [1]
2026-05-18 00:58:11 URL:https://app.curiouscardinals.com/mentors/lauren-scott [12956/12956] -> "/Users/briannazajicek/Documents/illuminairy/archives/curious-cardinals-2026-05-18/app-mentors/app.curiouscardinals.com/mentors/lauren-scott.html" [1]
2026-05-18 00:58:11 URL:https://app.curiouscardinals.com/mentors/jenna-golub [15545/15545] -> "/Users/briannazajicek/Documents/illuminairy/archives/curious-cardinals-2026-05-18/app-mentors/app.curiouscardinals.com/mentors/jenna-golub.html" [1]
2026-05-18 00:58:12 URL:https://app.curiouscardinals.com/mentors/santi-mckinn [18303/18303] -> "/Users/briannazajicek/Documents/illuminairy/archives/curious-cardinals-2026-05-18/app-mentors/app.curiouscardinals.com/mentors/santi-mckinn.html" [1]
2026-05-18 00:58:13 URL:https://app.curiouscardinals.com/mentors/chloe-bednar [15354/15354] -> "/Users/briannazajicek/Documents/illuminairy/archives/curious-cardinals-2026-05-18/app-mentors/app.curiouscardinals.com/mentors/chloe-bednar.html" [1]
2026-05-18 00:58:13 URL:https://app.curiouscardinals.com/mentors/jd-pruett [17319/17319] -> "/Users/briannazajicek/Documents/illuminairy/archives/curious-cardinals-2026-05-18/app-mentors/app.curiouscardinals.com/mentors/jd-pruett.html" [1]
2026-05-18 00:58:14 URL:https://app.curiouscardinals.com/mentors/kane-trundle [16840/16840] -> "/Users/briannazajicek/Documents/illuminairy/archives/curious-cardinals-2026-05-18/app-mentors/app.curiouscardinals.com/mentors/kane-trundle.html" [1]
2026-05-18 00:58:14 URL:https://app.curiouscardinals.com/mentors/sonia-shah-1 [21200/21200] -> "/Users/briannazajicek/Documents/illuminairy/archives/curious-cardinals-2026-05-18/app-mentors/app.curiouscardinals.com/mentors/sonia-shah-1.html" [1]
2026-05-18 00:58:15 URL:https://app.curiouscardinals.com/mentors/vasilisa-malenkiy [16346/16346] -> "/Users/briannazajicek/Documents/illuminairy/archives/curious-cardinals-2026-05-18/app-mentors/app.curiouscardinals.com/mentors/vasilisa-malenkiy.html" [1]
2026-05-18 00:58:16 URL:https://app.curiouscardinals.com/mentors/andrew-mikhail [13741/13741] -> "/Users/briannazajicek/Documents/illuminairy/archives/curious-cardinals-2026-05-18/app-mentors/app.curiouscardinals.com/mentors/andrew-mikhail.html" [1]
2026-05-18 00:58:16 URL:https://app.curiouscardinals.com/mentors/kiran-yeh [16026/16026] -> "/Users/briannazajicek/Documents/illuminairy/archives/curious-cardinals-2026-05-18/app-mentors/app.curiouscardinals.com/mentors/kiran-yeh.html" [1]
2026-05-18 00:58:17 URL:https://app.curiouscardinals.com/mentors/arjun-govind [10394/10394] -> "/Users/briannazajicek/Documents/illuminairy/archives/curious-cardinals-2026-05-18/app-mentors/app.curiouscardinals.com/mentors/arjun-govind.html" [1]
2026-05-18 00:58:17 URL:https://app.curiouscardinals.com/mentors/bella-yadegar [16014/16014] -> "/Users/briannazajicek/Documents/illuminairy/archives/curious-cardinals-2026-05-18/app-mentors/app.curiouscardinals.com/mentors/bella-yadegar.html" [1]
2026-05-18 00:58:18 URL:https://app.curiouscardinals.com/mentors/gary-yilun [12954/12954] -> "/Users/briannazajicek/Documents/illuminairy/archives/curious-cardinals-2026-05-18/app-mentors/app.curiouscardinals.com/mentors/gary-yilun.html" [1]
2026-05-18 00:58:18 URL:https://app.curiouscardinals.com/mentors/harlan-thien [15919/15919] -> "/Users/briannazajicek/Documents/illuminairy/archives/curious-cardinals-2026-05-18/app-mentors/app.curiouscardinals.com/mentors/harlan-thien.html" [1]
2026-05-18 00:58:19 URL:https://app.curiouscardinals.com/mentors/julian-alvarez [19362/19362] -> "/Users/briannazajicek/Documents/illuminairy/archives/curious-cardinals-2026-05-18/app-mentors/app.curiouscardinals.com/mentors/julian-alvarez.html" [1]
2026-05-18 00:58:20 URL:https://app.curiouscardinals.com/mentors/eliza-mcglashan-1 [16374/16374] -> "/Users/briannazajicek/Documents/illuminairy/archives/curious-cardinals-2026-05-18/app-mentors/app.curiouscardinals.com/mentors/eliza-mcglashan-1.html" [1]
2026-05-18 00:58:20 URL:https://app.curiouscardinals.com/mentors/tess-romero [14505/14505] -> "/Users/briannazajicek/Documents/illuminairy/archives/curious-cardinals-2026-05-18/app-mentors/app.curiouscardinals.com/mentors/tess-romero.html" [1]
2026-05-18 00:58:21 URL:https://app.curiouscardinals.com/mentors/whitney-ribnick [18553/18553] -> "/Users/briannazajicek/Documents/illuminairy/archives/curious-cardinals-2026-05-18/app-mentors/app.curiouscardinals.com/mentors/whitney-ribnick.html" [1]
2026-05-18 00:58:21 URL:https://app.curiouscardinals.com/mentors/chase-mathis [17459/17459] -> "/Users/briannazajicek/Documents/illuminairy/archives/curious-cardinals-2026-05-18/app-mentors/app.curiouscardinals.com/mentors/chase-mathis.html" [1]
2026-05-18 00:58:22 URL:https://app.curiouscardinals.com/mentors/jack-lindquist [18565/18565] -> "/Users/briannazajicek/Documents/illuminairy/archives/curious-cardinals-2026-05-18/app-mentors/app.curiouscardinals.com/mentors/jack-lindquist.html" [1]
2026-05-18 00:58:23 URL:https://app.curiouscardinals.com/mentors/garrett-warner [18122/18122] -> "/Users/briannazajicek/Documents/illuminairy/archives/curious-cardinals-2026-05-18/app-mentors/app.curiouscardinals.com/mentors/garrett-warner.html" [1]
2026-05-18 00:58:23 URL:https://app.curiouscardinals.com/mentors/noor-hassan [16192/16192] -> "/Users/briannazajicek/Documents/illuminairy/archives/curious-cardinals-2026-05-18/app-mentors/app.curiouscardinals.com/mentors/noor-hassan.html" [1]
2026-05-18 00:58:24 URL:https://app.curiouscardinals.com/mentors/charlie-stemerman [22306/22306] -> "/Users/briannazajicek/Documents/illuminairy/archives/curious-cardinals-2026-05-18/app-mentors/app.curiouscardinals.com/mentors/charlie-stemerman.html" [1]
2026-05-18 00:58:24 URL:https://app.curiouscardinals.com/mentors/cameron-black [19987/19987] -> "/Users/briannazajicek/Documents/illuminairy/archives/curious-cardinals-2026-05-18/app-mentors/app.curiouscardinals.com/mentors/cameron-black.html" [1]
2026-05-18 00:58:25 URL:https://app.curiouscardinals.com/mentors/oluwatobi-ogunyankin [11638/11638] -> "/Users/briannazajicek/Documents/illuminairy/archives/curious-cardinals-2026-05-18/app-mentors/app.curiouscardinals.com/mentors/oluwatobi-ogunyankin.html" [1]
2026-05-18 00:58:25 URL:https://app.curiouscardinals.com/mentors/kristine-vergara [18300/18300] -> "/Users/briannazajicek/Documents/illuminairy/archives/curious-cardinals-2026-05-18/app-mentors/app.curiouscardinals.com/mentors/kristine-vergara.html" [1]
2026-05-18 00:58:26 URL:https://app.curiouscardinals.com/mentors/priya-abiram [15470/15470] -> "/Users/briannazajicek/Documents/illuminairy/archives/curious-cardinals-2026-05-18/app-mentors/app.curiouscardinals.com/mentors/priya-abiram.html" [1]
2026-05-18 00:58:27 URL:https://app.curiouscardinals.com/mentors/anna-sorensen [14867/14867] -> "/Users/briannazajicek/Documents/illuminairy/archives/curious-cardinals-2026-05-18/app-mentors/app.curiouscardinals.com/mentors/anna-sorensen.html" [1]
2026-05-18 00:58:27 URL:https://app.curiouscardinals.com/mentors/sophie-rossman [17625/17625] -> "/Users/briannazajicek/Documents/illuminairy/archives/curious-cardinals-2026-05-18/app-mentors/app.curiouscardinals.com/mentors/sophie-rossman.html" [1]
2026-05-18 00:58:28 URL:https://app.curiouscardinals.com/mentors/aiden-magley [13763/13763] -> "/Users/briannazajicek/Documents/illuminairy/archives/curious-cardinals-2026-05-18/app-mentors/app.curiouscardinals.com/mentors/aiden-magley.html" [1]
2026-05-18 00:58:28 URL:https://app.curiouscardinals.com/mentors/katy-strand [12853/12853] -> "/Users/briannazajicek/Documents/illuminairy/archives/curious-cardinals-2026-05-18/app-mentors/app.curiouscardinals.com/mentors/katy-strand.html" [1]
2026-05-18 00:58:29 URL:https://app.curiouscardinals.com/mentors/aubrie-williams [12847/12847] -> "/Users/briannazajicek/Documents/illuminairy/archives/curious-cardinals-2026-05-18/app-mentors/app.curiouscardinals.com/mentors/aubrie-williams.html" [1]
2026-05-18 00:58:30 URL:https://app.curiouscardinals.com/mentors/hannah-kase [12904/12904] -> "/Users/briannazajicek/Documents/illuminairy/archives/curious-cardinals-2026-05-18/app-mentors/app.curiouscardinals.com/mentors/hannah-kase.html" [1]
2026-05-18 00:58:30 URL:https://app.curiouscardinals.com/mentors/laasya-konidala-1 [15273/15273] -> "/Users/briannazajicek/Documents/illuminairy/archives/curious-cardinals-2026-05-18/app-mentors/app.curiouscardinals.com/mentors/laasya-konidala-1.html" [1]
2026-05-18 00:58:31 URL:https://app.curiouscardinals.com/mentors/shani-lyubomirsky [14651/14651] -> "/Users/briannazajicek/Documents/illuminairy/archives/curious-cardinals-2026-05-18/app-mentors/app.curiouscardinals.com/mentors/shani-lyubomirsky.html" [1]
2026-05-18 00:58:31 URL:https://app.curiouscardinals.com/mentors/layal-kazerooni-1 [18740/18740] -> "/Users/briannazajicek/Documents/illuminairy/archives/curious-cardinals-2026-05-18/app-mentors/app.curiouscardinals.com/mentors/layal-kazerooni-1.html" [1]
2026-05-18 00:58:32 URL:https://app.curiouscardinals.com/mentors/paloma-aisenberg [14915/14915] -> "/Users/briannazajicek/Documents/illuminairy/archives/curious-cardinals-2026-05-18/app-mentors/app.curiouscardinals.com/mentors/paloma-aisenberg.html" [1]
2026-05-18 00:58:33 URL:https://app.curiouscardinals.com/mentors/roberto-herrera [14220/14220] -> "/Users/briannazajicek/Documents/illuminairy/archives/curious-cardinals-2026-05-18/app-mentors/app.curiouscardinals.com/mentors/roberto-herrera.html" [1]
2026-05-18 00:58:33 URL:https://app.curiouscardinals.com/mentors/kennedy-achugamonu [14673/14673] -> "/Users/briannazajicek/Documents/illuminairy/archives/curious-cardinals-2026-05-18/app-mentors/app.curiouscardinals.com/mentors/kennedy-achugamonu.html" [1]
2026-05-18 00:58:34 URL:https://app.curiouscardinals.com/mentors/teresa-chin [12318/12318] -> "/Users/briannazajicek/Documents/illuminairy/archives/curious-cardinals-2026-05-18/app-mentors/app.curiouscardinals.com/mentors/teresa-chin.html" [1]
2026-05-18 00:58:34 URL:https://app.curiouscardinals.com/mentors/sarah-opoku [17903/17903] -> "/Users/briannazajicek/Documents/illuminairy/archives/curious-cardinals-2026-05-18/app-mentors/app.curiouscardinals.com/mentors/sarah-opoku.html" [1]
2026-05-18 00:58:35 URL:https://app.curiouscardinals.com/mentors/kyler-bock-1 [12215/12215] -> "/Users/briannazajicek/Documents/illuminairy/archives/curious-cardinals-2026-05-18/app-mentors/app.curiouscardinals.com/mentors/kyler-bock-1.html" [1]
2026-05-18 00:58:35 URL:https://app.curiouscardinals.com/mentors/alisha-varma [22061/22061] -> "/Users/briannazajicek/Documents/illuminairy/archives/curious-cardinals-2026-05-18/app-mentors/app.curiouscardinals.com/mentors/alisha-varma.html" [1]
2026-05-18 00:58:36 URL:https://app.curiouscardinals.com/mentors/allison-dayton [13434/13434] -> "/Users/briannazajicek/Documents/illuminairy/archives/curious-cardinals-2026-05-18/app-mentors/app.curiouscardinals.com/mentors/allison-dayton.html" [1]
2026-05-18 00:58:37 URL:https://app.curiouscardinals.com/mentors/isaac-mauricio [16539/16539] -> "/Users/briannazajicek/Documents/illuminairy/archives/curious-cardinals-2026-05-18/app-mentors/app.curiouscardinals.com/mentors/isaac-mauricio.html" [1]
2026-05-18 00:58:37 URL:https://app.curiouscardinals.com/mentors/jessica-andrews [23460/23460] -> "/Users/briannazajicek/Documents/illuminairy/archives/curious-cardinals-2026-05-18/app-mentors/app.curiouscardinals.com/mentors/jessica-andrews.html" [1]
2026-05-18 00:58:38 URL:https://app.curiouscardinals.com/mentors/gregory-rudolf [12352/12352] -> "/Users/briannazajicek/Documents/illuminairy/archives/curious-cardinals-2026-05-18/app-mentors/app.curiouscardinals.com/mentors/gregory-rudolf.html" [1]
2026-05-18 00:58:38 URL:https://app.curiouscardinals.com/mentors/jacques-edwards [15238/15238] -> "/Users/briannazajicek/Documents/illuminairy/archives/curious-cardinals-2026-05-18/app-mentors/app.curiouscardinals.com/mentors/jacques-edwards.html" [1]
2026-05-18 00:58:39 URL:https://app.curiouscardinals.com/mentors/mark-berlaga [14924/14924] -> "/Users/briannazajicek/Documents/illuminairy/archives/curious-cardinals-2026-05-18/app-mentors/app.curiouscardinals.com/mentors/mark-berlaga.html" [1]
2026-05-18 00:58:39 URL:https://app.curiouscardinals.com/mentors/william-wang [7848/7848] -> "/Users/briannazajicek/Documents/illuminairy/archives/curious-cardinals-2026-05-18/app-mentors/app.curiouscardinals.com/mentors/william-wang.html" [1]
2026-05-18 00:58:40 URL:https://app.curiouscardinals.com/mentors/lauren-rhee [16630/16630] -> "/Users/briannazajicek/Documents/illuminairy/archives/curious-cardinals-2026-05-18/app-mentors/app.curiouscardinals.com/mentors/lauren-rhee.html" [1]
2026-05-18 00:58:41 URL:https://app.curiouscardinals.com/mentors/tyler-senzon [16613/16613] -> "/Users/briannazajicek/Documents/illuminairy/archives/curious-cardinals-2026-05-18/app-mentors/app.curiouscardinals.com/mentors/tyler-senzon.html" [1]
2026-05-18 00:58:41 URL:https://app.curiouscardinals.com/mentors/hannah-figueroavelazquez-1 [14740/14740] -> "/Users/briannazajicek/Documents/illuminairy/archives/curious-cardinals-2026-05-18/app-mentors/app.curiouscardinals.com/mentors/hannah-figueroavelazquez-1.html" [1]
2026-05-18 00:58:42 URL:https://app.curiouscardinals.com/mentors/ariana-hung [16209/16209] -> "/Users/briannazajicek/Documents/illuminairy/archives/curious-cardinals-2026-05-18/app-mentors/app.curiouscardinals.com/mentors/ariana-hung.html" [1]
2026-05-18 00:58:42 URL:https://app.curiouscardinals.com/mentors/david-dettelbach [18955/18955] -> "/Users/briannazajicek/Documents/illuminairy/archives/curious-cardinals-2026-05-18/app-mentors/app.curiouscardinals.com/mentors/david-dettelbach.html" [1]
2026-05-18 00:58:43 URL:https://app.curiouscardinals.com/mentors/aayush-jain [14983/14983] -> "/Users/briannazajicek/Documents/illuminairy/archives/curious-cardinals-2026-05-18/app-mentors/app.curiouscardinals.com/mentors/aayush-jain.html" [1]
2026-05-18 00:58:43 URL:https://app.curiouscardinals.com/mentors/angelica-castro [15475/15475] -> "/Users/briannazajicek/Documents/illuminairy/archives/curious-cardinals-2026-05-18/app-mentors/app.curiouscardinals.com/mentors/angelica-castro.html" [1]
2026-05-18 00:58:44 URL:https://app.curiouscardinals.com/mentors/g-c [16744/16744] -> "/Users/briannazajicek/Documents/illuminairy/archives/curious-cardinals-2026-05-18/app-mentors/app.curiouscardinals.com/mentors/g-c.html" [1]
2026-05-18 00:58:45 URL:https://app.curiouscardinals.com/mentors/dryden-myers [15408/15408] -> "/Users/briannazajicek/Documents/illuminairy/archives/curious-cardinals-2026-05-18/app-mentors/app.curiouscardinals.com/mentors/dryden-myers.html" [1]
2026-05-18 00:58:45 URL:https://app.curiouscardinals.com/mentors/my-chiffon [21174/21174] -> "/Users/briannazajicek/Documents/illuminairy/archives/curious-cardinals-2026-05-18/app-mentors/app.curiouscardinals.com/mentors/my-chiffon.html" [1]
2026-05-18 00:58:46 URL:https://app.curiouscardinals.com/mentors/stella-chukwulozie [15286/15286] -> "/Users/briannazajicek/Documents/illuminairy/archives/curious-cardinals-2026-05-18/app-mentors/app.curiouscardinals.com/mentors/stella-chukwulozie.html" [1]
2026-05-18 00:58:47 URL:https://app.curiouscardinals.com/mentors/maddie-dailey [14128/14128] -> "/Users/briannazajicek/Documents/illuminairy/archives/curious-cardinals-2026-05-18/app-mentors/app.curiouscardinals.com/mentors/maddie-dailey.html" [1]
2026-05-18 00:58:47 URL:https://app.curiouscardinals.com/mentors/sharvari-apte [14040/14040] -> "/Users/briannazajicek/Documents/illuminairy/archives/curious-cardinals-2026-05-18/app-mentors/app.curiouscardinals.com/mentors/sharvari-apte.html" [1]
2026-05-18 00:58:48 URL:https://app.curiouscardinals.com/mentors/steven-kitchell [15319/15319] -> "/Users/briannazajicek/Documents/illuminairy/archives/curious-cardinals-2026-05-18/app-mentors/app.curiouscardinals.com/mentors/steven-kitchell.html" [1]
2026-05-18 00:58:48 URL:https://app.curiouscardinals.com/mentors/divya-mehrish [15959/15959] -> "/Users/briannazajicek/Documents/illuminairy/archives/curious-cardinals-2026-05-18/app-mentors/app.curiouscardinals.com/mentors/divya-mehrish.html" [1]
2026-05-18 00:58:49 URL:https://app.curiouscardinals.com/mentors/deanna-decarlo-1 [18207/18207] -> "/Users/briannazajicek/Documents/illuminairy/archives/curious-cardinals-2026-05-18/app-mentors/app.curiouscardinals.com/mentors/deanna-decarlo-1.html" [1]
2026-05-18 00:58:49 URL:https://app.curiouscardinals.com/mentors/sophia-esch [13600/13600] -> "/Users/briannazajicek/Documents/illuminairy/archives/curious-cardinals-2026-05-18/app-mentors/app.curiouscardinals.com/mentors/sophia-esch.html" [1]
2026-05-18 00:58:50 URL:https://app.curiouscardinals.com/mentors/virginia-peng [10289/10289] -> "/Users/briannazajicek/Documents/illuminairy/archives/curious-cardinals-2026-05-18/app-mentors/app.curiouscardinals.com/mentors/virginia-peng.html" [1]
2026-05-18 00:58:50 URL:https://app.curiouscardinals.com/mentors/ava-winer [16083/16083] -> "/Users/briannazajicek/Documents/illuminairy/archives/curious-cardinals-2026-05-18/app-mentors/app.curiouscardinals.com/mentors/ava-winer.html" [1]
2026-05-18 00:58:51 URL:https://app.curiouscardinals.com/mentors/zander-blitzer [16643/16643] -> "/Users/briannazajicek/Documents/illuminairy/archives/curious-cardinals-2026-05-18/app-mentors/app.curiouscardinals.com/mentors/zander-blitzer.html" [1]
2026-05-18 00:58:52 URL:https://app.curiouscardinals.com/mentors/rohan-suri [14712/14712] -> "/Users/briannazajicek/Documents/illuminairy/archives/curious-cardinals-2026-05-18/app-mentors/app.curiouscardinals.com/mentors/rohan-suri.html" [1]
2026-05-18 00:58:52 URL:https://app.curiouscardinals.com/mentors/annie-keating [15608/15608] -> "/Users/briannazajicek/Documents/illuminairy/archives/curious-cardinals-2026-05-18/app-mentors/app.curiouscardinals.com/mentors/annie-keating.html" [1]
2026-05-18 00:58:53 URL:https://app.curiouscardinals.com/mentors/cael-magner [13448/13448] -> "/Users/briannazajicek/Documents/illuminairy/archives/curious-cardinals-2026-05-18/app-mentors/app.curiouscardinals.com/mentors/cael-magner.html" [1]
2026-05-18 00:58:53 URL:https://app.curiouscardinals.com/mentors/alex-durt [14233/14233] -> "/Users/briannazajicek/Documents/illuminairy/archives/curious-cardinals-2026-05-18/app-mentors/app.curiouscardinals.com/mentors/alex-durt.html" [1]
2026-05-18 00:58:54 URL:https://app.curiouscardinals.com/mentors/brooke-halvorsen [17227/17227] -> "/Users/briannazajicek/Documents/illuminairy/archives/curious-cardinals-2026-05-18/app-mentors/app.curiouscardinals.com/mentors/brooke-halvorsen.html" [1]
2026-05-18 00:58:54 URL:https://app.curiouscardinals.com/mentors/everett-tolbertschwartz [15927/15927] -> "/Users/briannazajicek/Documents/illuminairy/archives/curious-cardinals-2026-05-18/app-mentors/app.curiouscardinals.com/mentors/everett-tolbertschwartz.html" [1]
2026-05-18 00:58:55 URL:https://app.curiouscardinals.com/mentors/iris-t [12503/12503] -> "/Users/briannazajicek/Documents/illuminairy/archives/curious-cardinals-2026-05-18/app-mentors/app.curiouscardinals.com/mentors/iris-t.html" [1]
2026-05-18 00:58:55 URL:https://app.curiouscardinals.com/mentors/katelin-phelps [14042/14042] -> "/Users/briannazajicek/Documents/illuminairy/archives/curious-cardinals-2026-05-18/app-mentors/app.curiouscardinals.com/mentors/katelin-phelps.html" [1]
2026-05-18 00:58:56 URL:https://app.curiouscardinals.com/mentors/oliver-galaska [15549/15549] -> "/Users/briannazajicek/Documents/illuminairy/archives/curious-cardinals-2026-05-18/app-mentors/app.curiouscardinals.com/mentors/oliver-galaska.html" [1]
2026-05-18 00:58:57 URL:https://app.curiouscardinals.com/mentors/india-jones [14516/14516] -> "/Users/briannazajicek/Documents/illuminairy/archives/curious-cardinals-2026-05-18/app-mentors/app.curiouscardinals.com/mentors/india-jones.html" [1]
2026-05-18 00:58:57 URL:https://app.curiouscardinals.com/mentors/violet-greene [11932/11932] -> "/Users/briannazajicek/Documents/illuminairy/archives/curious-cardinals-2026-05-18/app-mentors/app.curiouscardinals.com/mentors/violet-greene.html" [1]
2026-05-18 00:58:58 URL:https://app.curiouscardinals.com/mentors/lulu-grieco [15405/15405] -> "/Users/briannazajicek/Documents/illuminairy/archives/curious-cardinals-2026-05-18/app-mentors/app.curiouscardinals.com/mentors/lulu-grieco.html" [1]
2026-05-18 00:58:58 URL:https://app.curiouscardinals.com/mentors/asbah-wasim [19952/19952] -> "/Users/briannazajicek/Documents/illuminairy/archives/curious-cardinals-2026-05-18/app-mentors/app.curiouscardinals.com/mentors/asbah-wasim.html" [1]
2026-05-18 00:58:59 URL:https://app.curiouscardinals.com/mentors/dashiell-destefano [15183/15183] -> "/Users/briannazajicek/Documents/illuminairy/archives/curious-cardinals-2026-05-18/app-mentors/app.curiouscardinals.com/mentors/dashiell-destefano.html" [1]
2026-05-18 00:58:59 URL:https://app.curiouscardinals.com/mentors/tenzin-sangmo [13038/13038] -> "/Users/briannazajicek/Documents/illuminairy/archives/curious-cardinals-2026-05-18/app-mentors/app.curiouscardinals.com/mentors/tenzin-sangmo.html" [1]
2026-05-18 00:59:00 URL:https://app.curiouscardinals.com/mentors/isabelle-shiiba [18583/18583] -> "/Users/briannazajicek/Documents/illuminairy/archives/curious-cardinals-2026-05-18/app-mentors/app.curiouscardinals.com/mentors/isabelle-shiiba.html" [1]
2026-05-18 00:59:00 URL:https://app.curiouscardinals.com/mentors/joshua-zhang [21122/21122] -> "/Users/briannazajicek/Documents/illuminairy/archives/curious-cardinals-2026-05-18/app-mentors/app.curiouscardinals.com/mentors/joshua-zhang.html" [1]
2026-05-18 00:59:01 URL:https://app.curiouscardinals.com/mentors/mason-scurry [28410/28410] -> "/Users/briannazajicek/Documents/illuminairy/archives/curious-cardinals-2026-05-18/app-mentors/app.curiouscardinals.com/mentors/mason-scurry.html" [1]
2026-05-18 00:59:01 URL:https://app.curiouscardinals.com/mentors/matthew-kodsi [23333/23333] -> "/Users/briannazajicek/Documents/illuminairy/archives/curious-cardinals-2026-05-18/app-mentors/app.curiouscardinals.com/mentors/matthew-kodsi.html" [1]
2026-05-18 00:59:02 URL:https://app.curiouscardinals.com/mentors/charlie-mcweeny [16500/16500] -> "/Users/briannazajicek/Documents/illuminairy/archives/curious-cardinals-2026-05-18/app-mentors/app.curiouscardinals.com/mentors/charlie-mcweeny.html" [1]
2026-05-18 00:59:02 URL:https://app.curiouscardinals.com/mentors/vanessa-weis [14591/14591] -> "/Users/briannazajicek/Documents/illuminairy/archives/curious-cardinals-2026-05-18/app-mentors/app.curiouscardinals.com/mentors/vanessa-weis.html" [1]
2026-05-18 00:59:03 URL:https://app.curiouscardinals.com/mentors/dylan-corey [21627/21627] -> "/Users/briannazajicek/Documents/illuminairy/archives/curious-cardinals-2026-05-18/app-mentors/app.curiouscardinals.com/mentors/dylan-corey.html" [1]
2026-05-18 00:59:04 URL:https://app.curiouscardinals.com/mentors/praveen-suthaharan-1 [15097/15097] -> "/Users/briannazajicek/Documents/illuminairy/archives/curious-cardinals-2026-05-18/app-mentors/app.curiouscardinals.com/mentors/praveen-suthaharan-1.html" [1]
2026-05-18 00:59:04 URL:https://app.curiouscardinals.com/mentors/helena-guajardo [12396/12396] -> "/Users/briannazajicek/Documents/illuminairy/archives/curious-cardinals-2026-05-18/app-mentors/app.curiouscardinals.com/mentors/helena-guajardo.html" [1]
2026-05-18 00:59:05 URL:https://app.curiouscardinals.com/mentors/casi-cobb [12650/12650] -> "/Users/briannazajicek/Documents/illuminairy/archives/curious-cardinals-2026-05-18/app-mentors/app.curiouscardinals.com/mentors/casi-cobb.html" [1]
2026-05-18 00:59:05 URL:https://app.curiouscardinals.com/mentors/noah-yi-1 [14928/14928] -> "/Users/briannazajicek/Documents/illuminairy/archives/curious-cardinals-2026-05-18/app-mentors/app.curiouscardinals.com/mentors/noah-yi-1.html" [1]
2026-05-18 00:59:06 URL:https://app.curiouscardinals.com/mentors/owen-emmons [15063/15063] -> "/Users/briannazajicek/Documents/illuminairy/archives/curious-cardinals-2026-05-18/app-mentors/app.curiouscardinals.com/mentors/owen-emmons.html" [1]
2026-05-18 00:59:06 URL:https://app.curiouscardinals.com/mentors/pushti-desai [25040/25040] -> "/Users/briannazajicek/Documents/illuminairy/archives/curious-cardinals-2026-05-18/app-mentors/app.curiouscardinals.com/mentors/pushti-desai.html" [1]
2026-05-18 00:59:07 URL:https://app.curiouscardinals.com/mentors/kaitlyn-roman [21664/21664] -> "/Users/briannazajicek/Documents/illuminairy/archives/curious-cardinals-2026-05-18/app-mentors/app.curiouscardinals.com/mentors/kaitlyn-roman.html" [1]
2026-05-18 00:59:07 URL:https://app.curiouscardinals.com/mentors/anahi-chapela [15679/15679] -> "/Users/briannazajicek/Documents/illuminairy/archives/curious-cardinals-2026-05-18/app-mentors/app.curiouscardinals.com/mentors/anahi-chapela.html" [1]
2026-05-18 00:59:08 URL:https://app.curiouscardinals.com/mentors/steven-liu [14441/14441] -> "/Users/briannazajicek/Documents/illuminairy/archives/curious-cardinals-2026-05-18/app-mentors/app.curiouscardinals.com/mentors/steven-liu.html" [1]
2026-05-18 00:59:09 URL:https://app.curiouscardinals.com/mentors/morgan-foster [8067/8067] -> "/Users/briannazajicek/Documents/illuminairy/archives/curious-cardinals-2026-05-18/app-mentors/app.curiouscardinals.com/mentors/morgan-foster.html" [1]
2026-05-18 00:59:09 URL:https://app.curiouscardinals.com/mentors/jack-pitts [15581/15581] -> "/Users/briannazajicek/Documents/illuminairy/archives/curious-cardinals-2026-05-18/app-mentors/app.curiouscardinals.com/mentors/jack-pitts.html" [1]
2026-05-18 00:59:10 URL:https://app.curiouscardinals.com/mentors/zach-miller [13707/13707] -> "/Users/briannazajicek/Documents/illuminairy/archives/curious-cardinals-2026-05-18/app-mentors/app.curiouscardinals.com/mentors/zach-miller.html" [1]
2026-05-18 00:59:10 URL:https://app.curiouscardinals.com/mentors/ken-huynh [15674/15674] -> "/Users/briannazajicek/Documents/illuminairy/archives/curious-cardinals-2026-05-18/app-mentors/app.curiouscardinals.com/mentors/ken-huynh.html" [1]
2026-05-18 00:59:11 URL:https://app.curiouscardinals.com/mentors/tran-le [8018/8018] -> "/Users/briannazajicek/Documents/illuminairy/archives/curious-cardinals-2026-05-18/app-mentors/app.curiouscardinals.com/mentors/tran-le.html" [1]
2026-05-18 00:59:12 URL:https://app.curiouscardinals.com/mentors/abrar-trabulsi [12165/12165] -> "/Users/briannazajicek/Documents/illuminairy/archives/curious-cardinals-2026-05-18/app-mentors/app.curiouscardinals.com/mentors/abrar-trabulsi.html" [1]
2026-05-18 00:59:12 URL:https://app.curiouscardinals.com/mentors/jamis-dekay [12632/12632] -> "/Users/briannazajicek/Documents/illuminairy/archives/curious-cardinals-2026-05-18/app-mentors/app.curiouscardinals.com/mentors/jamis-dekay.html" [1]
2026-05-18 00:59:13 URL:https://app.curiouscardinals.com/mentors/gabriela-vasquez-1 [14349/14349] -> "/Users/briannazajicek/Documents/illuminairy/archives/curious-cardinals-2026-05-18/app-mentors/app.curiouscardinals.com/mentors/gabriela-vasquez-1.html" [1]
2026-05-18 00:59:13 URL:https://app.curiouscardinals.com/mentors/sawandi-desilva [19379/19379] -> "/Users/briannazajicek/Documents/illuminairy/archives/curious-cardinals-2026-05-18/app-mentors/app.curiouscardinals.com/mentors/sawandi-desilva.html" [1]
2026-05-18 00:59:14 URL:https://app.curiouscardinals.com/mentors/ruslan-black [18917/18917] -> "/Users/briannazajicek/Documents/illuminairy/archives/curious-cardinals-2026-05-18/app-mentors/app.curiouscardinals.com/mentors/ruslan-black.html" [1]
2026-05-18 00:59:15 URL:https://app.curiouscardinals.com/mentors/alexandra-gers [12155/12155] -> "/Users/briannazajicek/Documents/illuminairy/archives/curious-cardinals-2026-05-18/app-mentors/app.curiouscardinals.com/mentors/alexandra-gers.html" [1]
2026-05-18 00:59:15 URL:https://app.curiouscardinals.com/mentors/sarah-li [13688/13688] -> "/Users/briannazajicek/Documents/illuminairy/archives/curious-cardinals-2026-05-18/app-mentors/app.curiouscardinals.com/mentors/sarah-li.html" [1]
2026-05-18 00:59:16 URL:https://app.curiouscardinals.com/mentors/matt-xi [17037/17037] -> "/Users/briannazajicek/Documents/illuminairy/archives/curious-cardinals-2026-05-18/app-mentors/app.curiouscardinals.com/mentors/matt-xi.html" [1]
2026-05-18 00:59:16 URL:https://app.curiouscardinals.com/mentors/tanishka-padhye-1 [16702/16702] -> "/Users/briannazajicek/Documents/illuminairy/archives/curious-cardinals-2026-05-18/app-mentors/app.curiouscardinals.com/mentors/tanishka-padhye-1.html" [1]
2026-05-18 00:59:17 URL:https://app.curiouscardinals.com/mentors/anya-anand [16105/16105] -> "/Users/briannazajicek/Documents/illuminairy/archives/curious-cardinals-2026-05-18/app-mentors/app.curiouscardinals.com/mentors/anya-anand.html" [1]
2026-05-18 00:59:17 URL:https://app.curiouscardinals.com/mentors/oliver-snydal [15182/15182] -> "/Users/briannazajicek/Documents/illuminairy/archives/curious-cardinals-2026-05-18/app-mentors/app.curiouscardinals.com/mentors/oliver-snydal.html" [1]
2026-05-18 00:59:18 URL:https://app.curiouscardinals.com/mentors/andrea-klein [13914/13914] -> "/Users/briannazajicek/Documents/illuminairy/archives/curious-cardinals-2026-05-18/app-mentors/app.curiouscardinals.com/mentors/andrea-klein.html" [1]
2026-05-18 00:59:18 URL:https://app.curiouscardinals.com/mentors/sara-goodwich [15141/15141] -> "/Users/briannazajicek/Documents/illuminairy/archives/curious-cardinals-2026-05-18/app-mentors/app.curiouscardinals.com/mentors/sara-goodwich.html" [1]
2026-05-18 00:59:19 URL:https://app.curiouscardinals.com/mentors/dami-konigbagbe [16316/16316] -> "/Users/briannazajicek/Documents/illuminairy/archives/curious-cardinals-2026-05-18/app-mentors/app.curiouscardinals.com/mentors/dami-konigbagbe.html" [1]
2026-05-18 00:59:20 URL:https://app.curiouscardinals.com/mentors/daniela-posadas [18442/18442] -> "/Users/briannazajicek/Documents/illuminairy/archives/curious-cardinals-2026-05-18/app-mentors/app.curiouscardinals.com/mentors/daniela-posadas.html" [1]
2026-05-18 00:59:20 URL:https://app.curiouscardinals.com/mentors/mia-bassett [15156/15156] -> "/Users/briannazajicek/Documents/illuminairy/archives/curious-cardinals-2026-05-18/app-mentors/app.curiouscardinals.com/mentors/mia-bassett.html" [1]
2026-05-18 00:59:21 URL:https://app.curiouscardinals.com/mentors/mara-kushelman [17056/17056] -> "/Users/briannazajicek/Documents/illuminairy/archives/curious-cardinals-2026-05-18/app-mentors/app.curiouscardinals.com/mentors/mara-kushelman.html" [1]
2026-05-18 00:59:22 URL:https://app.curiouscardinals.com/mentors/ankita-saha [11105/11105] -> "/Users/briannazajicek/Documents/illuminairy/archives/curious-cardinals-2026-05-18/app-mentors/app.curiouscardinals.com/mentors/ankita-saha.html" [1]
2026-05-18 00:59:22 URL:https://app.curiouscardinals.com/mentors/eileen-chen [13418/13418] -> "/Users/briannazajicek/Documents/illuminairy/archives/curious-cardinals-2026-05-18/app-mentors/app.curiouscardinals.com/mentors/eileen-chen.html" [1]
2026-05-18 00:59:23 URL:https://app.curiouscardinals.com/mentors/joseph-parmigiani [17760/17760] -> "/Users/briannazajicek/Documents/illuminairy/archives/curious-cardinals-2026-05-18/app-mentors/app.curiouscardinals.com/mentors/joseph-parmigiani.html" [1]
2026-05-18 00:59:24 URL:https://app.curiouscardinals.com/mentors/quinn-shing [15226/15226] -> "/Users/briannazajicek/Documents/illuminairy/archives/curious-cardinals-2026-05-18/app-mentors/app.curiouscardinals.com/mentors/quinn-shing.html" [1]
2026-05-18 00:59:24 URL:https://app.curiouscardinals.com/mentors/jafreen-khan-2 [14477/14477] -> "/Users/briannazajicek/Documents/illuminairy/archives/curious-cardinals-2026-05-18/app-mentors/app.curiouscardinals.com/mentors/jafreen-khan-2.html" [1]
2026-05-18 00:59:25 URL:https://app.curiouscardinals.com/mentors/charlie-shors [8220/8220] -> "/Users/briannazajicek/Documents/illuminairy/archives/curious-cardinals-2026-05-18/app-mentors/app.curiouscardinals.com/mentors/charlie-shors.html" [1]
2026-05-18 00:59:25 URL:https://app.curiouscardinals.com/mentors/varun-raman [19770/19770] -> "/Users/briannazajicek/Documents/illuminairy/archives/curious-cardinals-2026-05-18/app-mentors/app.curiouscardinals.com/mentors/varun-raman.html" [1]
2026-05-18 00:59:26 URL:https://app.curiouscardinals.com/mentors/sarah-crawford [11898/11898] -> "/Users/briannazajicek/Documents/illuminairy/archives/curious-cardinals-2026-05-18/app-mentors/app.curiouscardinals.com/mentors/sarah-crawford.html" [1]
2026-05-18 00:59:26 URL:https://app.curiouscardinals.com/mentors/mckenna-reale [14094/14094] -> "/Users/briannazajicek/Documents/illuminairy/archives/curious-cardinals-2026-05-18/app-mentors/app.curiouscardinals.com/mentors/mckenna-reale.html" [1]
2026-05-18 00:59:27 URL:https://app.curiouscardinals.com/mentors/isabel-khan [14585/14585] -> "/Users/briannazajicek/Documents/illuminairy/archives/curious-cardinals-2026-05-18/app-mentors/app.curiouscardinals.com/mentors/isabel-khan.html" [1]
2026-05-18 00:59:27 URL:https://app.curiouscardinals.com/mentors/salim-hasanin [10231/10231] -> "/Users/briannazajicek/Documents/illuminairy/archives/curious-cardinals-2026-05-18/app-mentors/app.curiouscardinals.com/mentors/salim-hasanin.html" [1]
2026-05-18 00:59:28 URL:https://app.curiouscardinals.com/mentors/brodywest-falchuk [13525/13525] -> "/Users/briannazajicek/Documents/illuminairy/archives/curious-cardinals-2026-05-18/app-mentors/app.curiouscardinals.com/mentors/brodywest-falchuk.html" [1]
2026-05-18 00:59:28 URL:https://app.curiouscardinals.com/mentors/emi-silverstein [14344/14344] -> "/Users/briannazajicek/Documents/illuminairy/archives/curious-cardinals-2026-05-18/app-mentors/app.curiouscardinals.com/mentors/emi-silverstein.html" [1]
2026-05-18 00:59:29 URL:https://app.curiouscardinals.com/mentors/sophia-graham [17563/17563] -> "/Users/briannazajicek/Documents/illuminairy/archives/curious-cardinals-2026-05-18/app-mentors/app.curiouscardinals.com/mentors/sophia-graham.html" [1]
2026-05-18 00:59:30 URL:https://app.curiouscardinals.com/mentors/maximillian-browning [17605/17605] -> "/Users/briannazajicek/Documents/illuminairy/archives/curious-cardinals-2026-05-18/app-mentors/app.curiouscardinals.com/mentors/maximillian-browning.html" [1]
2026-05-18 00:59:30 URL:https://app.curiouscardinals.com/mentors/fabiha-rafrafin [17406/17406] -> "/Users/briannazajicek/Documents/illuminairy/archives/curious-cardinals-2026-05-18/app-mentors/app.curiouscardinals.com/mentors/fabiha-rafrafin.html" [1]
2026-05-18 00:59:31 URL:https://app.curiouscardinals.com/mentors/gianna-thomas [14812/14812] -> "/Users/briannazajicek/Documents/illuminairy/archives/curious-cardinals-2026-05-18/app-mentors/app.curiouscardinals.com/mentors/gianna-thomas.html" [1]
2026-05-18 00:59:31 URL:https://app.curiouscardinals.com/mentors/isaac-j [13581/13581] -> "/Users/briannazajicek/Documents/illuminairy/archives/curious-cardinals-2026-05-18/app-mentors/app.curiouscardinals.com/mentors/isaac-j.html" [1]
2026-05-18 00:59:32 URL:https://app.curiouscardinals.com/mentors/april-ball [15348/15348] -> "/Users/briannazajicek/Documents/illuminairy/archives/curious-cardinals-2026-05-18/app-mentors/app.curiouscardinals.com/mentors/april-ball.html" [1]
2026-05-18 00:59:32 URL:https://app.curiouscardinals.com/mentors/maya-nicole [14174/14174] -> "/Users/briannazajicek/Documents/illuminairy/archives/curious-cardinals-2026-05-18/app-mentors/app.curiouscardinals.com/mentors/maya-nicole.html" [1]
2026-05-18 00:59:33 URL:https://app.curiouscardinals.com/mentors/jad-chmouni-1 [14015/14015] -> "/Users/briannazajicek/Documents/illuminairy/archives/curious-cardinals-2026-05-18/app-mentors/app.curiouscardinals.com/mentors/jad-chmouni-1.html" [1]
2026-05-18 00:59:34 URL:https://app.curiouscardinals.com/mentors/sophie-abramovitz [13758/13758] -> "/Users/briannazajicek/Documents/illuminairy/archives/curious-cardinals-2026-05-18/app-mentors/app.curiouscardinals.com/mentors/sophie-abramovitz.html" [1]
2026-05-18 00:59:34 URL:https://app.curiouscardinals.com/mentors/billy-white [13874/13874] -> "/Users/briannazajicek/Documents/illuminairy/archives/curious-cardinals-2026-05-18/app-mentors/app.curiouscardinals.com/mentors/billy-white.html" [1]
2026-05-18 00:59:35 URL:https://app.curiouscardinals.com/mentors/alex-yang [14895/14895] -> "/Users/briannazajicek/Documents/illuminairy/archives/curious-cardinals-2026-05-18/app-mentors/app.curiouscardinals.com/mentors/alex-yang.html" [1]
2026-05-18 00:59:36 URL:https://app.curiouscardinals.com/mentors/pipat-gittisupab [13731/13731] -> "/Users/briannazajicek/Documents/illuminairy/archives/curious-cardinals-2026-05-18/app-mentors/app.curiouscardinals.com/mentors/pipat-gittisupab.html" [1]
2026-05-18 00:59:36 URL:https://app.curiouscardinals.com/mentors/elise-yee [11888/11888] -> "/Users/briannazajicek/Documents/illuminairy/archives/curious-cardinals-2026-05-18/app-mentors/app.curiouscardinals.com/mentors/elise-yee.html" [1]
2026-05-18 00:59:37 URL:https://app.curiouscardinals.com/mentors/dylan-burkey [17597/17597] -> "/Users/briannazajicek/Documents/illuminairy/archives/curious-cardinals-2026-05-18/app-mentors/app.curiouscardinals.com/mentors/dylan-burkey.html" [1]
2026-05-18 00:59:37 URL:https://app.curiouscardinals.com/mentors/summer-hargrave [16163/16163] -> "/Users/briannazajicek/Documents/illuminairy/archives/curious-cardinals-2026-05-18/app-mentors/app.curiouscardinals.com/mentors/summer-hargrave.html" [1]
2026-05-18 00:59:38 URL:https://app.curiouscardinals.com/mentors/charlie-karner [16843/16843] -> "/Users/briannazajicek/Documents/illuminairy/archives/curious-cardinals-2026-05-18/app-mentors/app.curiouscardinals.com/mentors/charlie-karner.html" [1]
2026-05-18 00:59:39 URL:https://app.curiouscardinals.com/mentors/carmen-phillips [13847/13847] -> "/Users/briannazajicek/Documents/illuminairy/archives/curious-cardinals-2026-05-18/app-mentors/app.curiouscardinals.com/mentors/carmen-phillips.html" [1]
2026-05-18 00:59:39 URL:https://app.curiouscardinals.com/mentors/valentina-del [17193/17193] -> "/Users/briannazajicek/Documents/illuminairy/archives/curious-cardinals-2026-05-18/app-mentors/app.curiouscardinals.com/mentors/valentina-del.html" [1]
2026-05-18 00:59:40 URL:https://app.curiouscardinals.com/mentors/maya-schlessinger [16113/16113] -> "/Users/briannazajicek/Documents/illuminairy/archives/curious-cardinals-2026-05-18/app-mentors/app.curiouscardinals.com/mentors/maya-schlessinger.html" [1]
2026-05-18 00:59:40 URL:https://app.curiouscardinals.com/mentors/sage-wu [14947/14947] -> "/Users/briannazajicek/Documents/illuminairy/archives/curious-cardinals-2026-05-18/app-mentors/app.curiouscardinals.com/mentors/sage-wu.html" [1]
2026-05-18 00:59:41 URL:https://app.curiouscardinals.com/mentors/lucia-shorr [15953/15953] -> "/Users/briannazajicek/Documents/illuminairy/archives/curious-cardinals-2026-05-18/app-mentors/app.curiouscardinals.com/mentors/lucia-shorr.html" [1]
2026-05-18 00:59:42 URL:https://app.curiouscardinals.com/mentors/ashley-chung-1 [17595/17595] -> "/Users/briannazajicek/Documents/illuminairy/archives/curious-cardinals-2026-05-18/app-mentors/app.curiouscardinals.com/mentors/ashley-chung-1.html" [1]
2026-05-18 00:59:42 URL:https://app.curiouscardinals.com/mentors/aashka-shah [10802/10802] -> "/Users/briannazajicek/Documents/illuminairy/archives/curious-cardinals-2026-05-18/app-mentors/app.curiouscardinals.com/mentors/aashka-shah.html" [1]
2026-05-18 00:59:43 URL:https://app.curiouscardinals.com/mentors/anthony-abasi [19959/19959] -> "/Users/briannazajicek/Documents/illuminairy/archives/curious-cardinals-2026-05-18/app-mentors/app.curiouscardinals.com/mentors/anthony-abasi.html" [1]
2026-05-18 00:59:43 URL:https://app.curiouscardinals.com/mentors/archer-ankrum [19635/19635] -> "/Users/briannazajicek/Documents/illuminairy/archives/curious-cardinals-2026-05-18/app-mentors/app.curiouscardinals.com/mentors/archer-ankrum.html" [1]
2026-05-18 00:59:44 URL:https://app.curiouscardinals.com/mentors/benjamin-monnich [14213/14213] -> "/Users/briannazajicek/Documents/illuminairy/archives/curious-cardinals-2026-05-18/app-mentors/app.curiouscardinals.com/mentors/benjamin-monnich.html" [1]
2026-05-18 00:59:44 URL:https://app.curiouscardinals.com/mentors/anusha-ladha [15365/15365] -> "/Users/briannazajicek/Documents/illuminairy/archives/curious-cardinals-2026-05-18/app-mentors/app.curiouscardinals.com/mentors/anusha-ladha.html" [1]
2026-05-18 00:59:45 URL:https://app.curiouscardinals.com/mentors/michael-dogu [18762/18762] -> "/Users/briannazajicek/Documents/illuminairy/archives/curious-cardinals-2026-05-18/app-mentors/app.curiouscardinals.com/mentors/michael-dogu.html" [1]
2026-05-18 00:59:46 URL:https://app.curiouscardinals.com/mentors/diya-taylor [13224/13224] -> "/Users/briannazajicek/Documents/illuminairy/archives/curious-cardinals-2026-05-18/app-mentors/app.curiouscardinals.com/mentors/diya-taylor.html" [1]
2026-05-18 00:59:46 URL:https://app.curiouscardinals.com/mentors/sid-kavuturu [9413/9413] -> "/Users/briannazajicek/Documents/illuminairy/archives/curious-cardinals-2026-05-18/app-mentors/app.curiouscardinals.com/mentors/sid-kavuturu.html" [1]
2026-05-18 00:59:47 URL:https://app.curiouscardinals.com/mentors/jared-poblete [16236/16236] -> "/Users/briannazajicek/Documents/illuminairy/archives/curious-cardinals-2026-05-18/app-mentors/app.curiouscardinals.com/mentors/jared-poblete.html" [1]
2026-05-18 00:59:48 URL:https://app.curiouscardinals.com/mentors/cory-porter-1 [15945/15945] -> "/Users/briannazajicek/Documents/illuminairy/archives/curious-cardinals-2026-05-18/app-mentors/app.curiouscardinals.com/mentors/cory-porter-1.html" [1]
2026-05-18 00:59:48 URL:https://app.curiouscardinals.com/mentors/alyssa-agarwal [15366/15366] -> "/Users/briannazajicek/Documents/illuminairy/archives/curious-cardinals-2026-05-18/app-mentors/app.curiouscardinals.com/mentors/alyssa-agarwal.html" [1]
2026-05-18 00:59:49 URL:https://app.curiouscardinals.com/mentors/erica-yu [13686/13686] -> "/Users/briannazajicek/Documents/illuminairy/archives/curious-cardinals-2026-05-18/app-mentors/app.curiouscardinals.com/mentors/erica-yu.html" [1]
2026-05-18 00:59:49 URL:https://app.curiouscardinals.com/mentors/jose-vergara [17739/17739] -> "/Users/briannazajicek/Documents/illuminairy/archives/curious-cardinals-2026-05-18/app-mentors/app.curiouscardinals.com/mentors/jose-vergara.html" [1]
2026-05-18 00:59:50 URL:https://app.curiouscardinals.com/mentors/puja-nanjappa-1 [14559/14559] -> "/Users/briannazajicek/Documents/illuminairy/archives/curious-cardinals-2026-05-18/app-mentors/app.curiouscardinals.com/mentors/puja-nanjappa-1.html" [1]
2026-05-18 00:59:50 URL:https://app.curiouscardinals.com/mentors/grace-wang [19439/19439] -> "/Users/briannazajicek/Documents/illuminairy/archives/curious-cardinals-2026-05-18/app-mentors/app.curiouscardinals.com/mentors/grace-wang.html" [1]
2026-05-18 00:59:51 URL:https://app.curiouscardinals.com/mentors/lauren-guerra [14507/14507] -> "/Users/briannazajicek/Documents/illuminairy/archives/curious-cardinals-2026-05-18/app-mentors/app.curiouscardinals.com/mentors/lauren-guerra.html" [1]
2026-05-18 00:59:51 URL:https://app.curiouscardinals.com/mentors/max-danenhower [11562/11562] -> "/Users/briannazajicek/Documents/illuminairy/archives/curious-cardinals-2026-05-18/app-mentors/app.curiouscardinals.com/mentors/max-danenhower.html" [1]
2026-05-18 00:59:52 URL:https://app.curiouscardinals.com/mentors/azania-patel [14839/14839] -> "/Users/briannazajicek/Documents/illuminairy/archives/curious-cardinals-2026-05-18/app-mentors/app.curiouscardinals.com/mentors/azania-patel.html" [1]
2026-05-18 00:59:52 URL:https://app.curiouscardinals.com/mentors/sagarika-dey [17607/17607] -> "/Users/briannazajicek/Documents/illuminairy/archives/curious-cardinals-2026-05-18/app-mentors/app.curiouscardinals.com/mentors/sagarika-dey.html" [1]
2026-05-18 00:59:53 URL:https://app.curiouscardinals.com/mentors/isabella-barrett [15472/15472] -> "/Users/briannazajicek/Documents/illuminairy/archives/curious-cardinals-2026-05-18/app-mentors/app.curiouscardinals.com/mentors/isabella-barrett.html" [1]
2026-05-18 00:59:54 URL:https://app.curiouscardinals.com/mentors/harnoor-s [7923/7923] -> "/Users/briannazajicek/Documents/illuminairy/archives/curious-cardinals-2026-05-18/app-mentors/app.curiouscardinals.com/mentors/harnoor-s.html" [1]
2026-05-18 00:59:54 URL:https://app.curiouscardinals.com/mentors/elsa-chung [15120/15120] -> "/Users/briannazajicek/Documents/illuminairy/archives/curious-cardinals-2026-05-18/app-mentors/app.curiouscardinals.com/mentors/elsa-chung.html" [1]
2026-05-18 00:59:55 URL:https://app.curiouscardinals.com/mentors/coral-ortiz [11846/11846] -> "/Users/briannazajicek/Documents/illuminairy/archives/curious-cardinals-2026-05-18/app-mentors/app.curiouscardinals.com/mentors/coral-ortiz.html" [1]
2026-05-18 00:59:55 URL:https://app.curiouscardinals.com/mentors/matthew-darshan [13094/13094] -> "/Users/briannazajicek/Documents/illuminairy/archives/curious-cardinals-2026-05-18/app-mentors/app.curiouscardinals.com/mentors/matthew-darshan.html" [1]
2026-05-18 00:59:56 URL:https://app.curiouscardinals.com/mentors/elijandro-escamillasalomon [14659/14659] -> "/Users/briannazajicek/Documents/illuminairy/archives/curious-cardinals-2026-05-18/app-mentors/app.curiouscardinals.com/mentors/elijandro-escamillasalomon.html" [1]
2026-05-18 00:59:56 URL:https://app.curiouscardinals.com/mentors/gabriella-williams [16476/16476] -> "/Users/briannazajicek/Documents/illuminairy/archives/curious-cardinals-2026-05-18/app-mentors/app.curiouscardinals.com/mentors/gabriella-williams.html" [1]
2026-05-18 00:59:57 URL:https://app.curiouscardinals.com/mentors/kaitlyn-sanchez [14343/14343] -> "/Users/briannazajicek/Documents/illuminairy/archives/curious-cardinals-2026-05-18/app-mentors/app.curiouscardinals.com/mentors/kaitlyn-sanchez.html" [1]
2026-05-18 00:59:57 URL:https://app.curiouscardinals.com/mentors/aiyanna-ojukwu [15122/15122] -> "/Users/briannazajicek/Documents/illuminairy/archives/curious-cardinals-2026-05-18/app-mentors/app.curiouscardinals.com/mentors/aiyanna-ojukwu.html" [1]
2026-05-18 00:59:58 URL:https://app.curiouscardinals.com/mentors/sophia-raziel [19696/19696] -> "/Users/briannazajicek/Documents/illuminairy/archives/curious-cardinals-2026-05-18/app-mentors/app.curiouscardinals.com/mentors/sophia-raziel.html" [1]
2026-05-18 00:59:58 URL:https://app.curiouscardinals.com/mentors/jason-chen-1 [15885/15885] -> "/Users/briannazajicek/Documents/illuminairy/archives/curious-cardinals-2026-05-18/app-mentors/app.curiouscardinals.com/mentors/jason-chen-1.html" [1]
2026-05-18 00:59:59 URL:https://app.curiouscardinals.com/mentors/michael-kim [18202/18202] -> "/Users/briannazajicek/Documents/illuminairy/archives/curious-cardinals-2026-05-18/app-mentors/app.curiouscardinals.com/mentors/michael-kim.html" [1]
2026-05-18 00:59:59 URL:https://app.curiouscardinals.com/mentors/anaiis-rioskasoga [11682/11682] -> "/Users/briannazajicek/Documents/illuminairy/archives/curious-cardinals-2026-05-18/app-mentors/app.curiouscardinals.com/mentors/anaiis-rioskasoga.html" [1]
2026-05-18 01:00:00 URL:https://app.curiouscardinals.com/mentors/zoe-barley [17976/17976] -> "/Users/briannazajicek/Documents/illuminairy/archives/curious-cardinals-2026-05-18/app-mentors/app.curiouscardinals.com/mentors/zoe-barley.html" [1]
2026-05-18 01:00:00 URL:https://app.curiouscardinals.com/mentors/aarya-morgaonkar [13124/13124] -> "/Users/briannazajicek/Documents/illuminairy/archives/curious-cardinals-2026-05-18/app-mentors/app.curiouscardinals.com/mentors/aarya-morgaonkar.html" [1]
2026-05-18 01:00:01 URL:https://app.curiouscardinals.com/mentors/reagan-buvens [16742/16742] -> "/Users/briannazajicek/Documents/illuminairy/archives/curious-cardinals-2026-05-18/app-mentors/app.curiouscardinals.com/mentors/reagan-buvens.html" [1]
2026-05-18 01:00:01 URL:https://app.curiouscardinals.com/mentors/ana-j [24546/24546] -> "/Users/briannazajicek/Documents/illuminairy/archives/curious-cardinals-2026-05-18/app-mentors/app.curiouscardinals.com/mentors/ana-j.html" [1]
2026-05-18 01:00:02 URL:https://app.curiouscardinals.com/mentors/walter-royal [12327/12327] -> "/Users/briannazajicek/Documents/illuminairy/archives/curious-cardinals-2026-05-18/app-mentors/app.curiouscardinals.com/mentors/walter-royal.html" [1]
2026-05-18 01:00:03 URL:https://app.curiouscardinals.com/mentors/akshitha-juaplly [15757/15757] -> "/Users/briannazajicek/Documents/illuminairy/archives/curious-cardinals-2026-05-18/app-mentors/app.curiouscardinals.com/mentors/akshitha-juaplly.html" [1]
2026-05-18 01:00:03 URL:https://app.curiouscardinals.com/mentors/alex-tippie [18936/18936] -> "/Users/briannazajicek/Documents/illuminairy/archives/curious-cardinals-2026-05-18/app-mentors/app.curiouscardinals.com/mentors/alex-tippie.html" [1]
2026-05-18 01:00:04 URL:https://app.curiouscardinals.com/mentors/natalia-hildebrand [15708/15708] -> "/Users/briannazajicek/Documents/illuminairy/archives/curious-cardinals-2026-05-18/app-mentors/app.curiouscardinals.com/mentors/natalia-hildebrand.html" [1]
2026-05-18 01:00:05 URL:https://app.curiouscardinals.com/mentors/liza-paudel [15454/15454] -> "/Users/briannazajicek/Documents/illuminairy/archives/curious-cardinals-2026-05-18/app-mentors/app.curiouscardinals.com/mentors/liza-paudel.html" [1]
2026-05-18 01:00:05 URL:https://app.curiouscardinals.com/mentors/jae-pinkner-1 [15694/15694] -> "/Users/briannazajicek/Documents/illuminairy/archives/curious-cardinals-2026-05-18/app-mentors/app.curiouscardinals.com/mentors/jae-pinkner-1.html" [1]
2026-05-18 01:00:06 URL:https://app.curiouscardinals.com/mentors/kara-white-1 [14425/14425] -> "/Users/briannazajicek/Documents/illuminairy/archives/curious-cardinals-2026-05-18/app-mentors/app.curiouscardinals.com/mentors/kara-white-1.html" [1]
2026-05-18 01:00:07 URL:https://app.curiouscardinals.com/mentors/owen-myers [16352/16352] -> "/Users/briannazajicek/Documents/illuminairy/archives/curious-cardinals-2026-05-18/app-mentors/app.curiouscardinals.com/mentors/owen-myers.html" [1]
2026-05-18 01:00:07 URL:https://app.curiouscardinals.com/mentors/julia-levi [16418/16418] -> "/Users/briannazajicek/Documents/illuminairy/archives/curious-cardinals-2026-05-18/app-mentors/app.curiouscardinals.com/mentors/julia-levi.html" [1]
2026-05-18 01:00:08 URL:https://app.curiouscardinals.com/mentors/david-rouchon [14900/14900] -> "/Users/briannazajicek/Documents/illuminairy/archives/curious-cardinals-2026-05-18/app-mentors/app.curiouscardinals.com/mentors/david-rouchon.html" [1]
2026-05-18 01:00:08 URL:https://app.curiouscardinals.com/mentors/harrison-toppenryan [16852/16852] -> "/Users/briannazajicek/Documents/illuminairy/archives/curious-cardinals-2026-05-18/app-mentors/app.curiouscardinals.com/mentors/harrison-toppenryan.html" [1]
2026-05-18 01:00:09 URL:https://app.curiouscardinals.com/mentors/sherlock-langevine [14010/14010] -> "/Users/briannazajicek/Documents/illuminairy/archives/curious-cardinals-2026-05-18/app-mentors/app.curiouscardinals.com/mentors/sherlock-langevine.html" [1]
2026-05-18 01:00:09 URL:https://app.curiouscardinals.com/mentors/camille-foisie [12726/12726] -> "/Users/briannazajicek/Documents/illuminairy/archives/curious-cardinals-2026-05-18/app-mentors/app.curiouscardinals.com/mentors/camille-foisie.html" [1]
2026-05-18 01:00:10 URL:https://app.curiouscardinals.com/mentors/jameson-floyd [14585/14585] -> "/Users/briannazajicek/Documents/illuminairy/archives/curious-cardinals-2026-05-18/app-mentors/app.curiouscardinals.com/mentors/jameson-floyd.html" [1]
2026-05-18 01:00:10 URL:https://app.curiouscardinals.com/mentors/matthew-jutabha [13956/13956] -> "/Users/briannazajicek/Documents/illuminairy/archives/curious-cardinals-2026-05-18/app-mentors/app.curiouscardinals.com/mentors/matthew-jutabha.html" [1]
2026-05-18 01:00:11 URL:https://app.curiouscardinals.com/mentors/josh-sugarman [11420/11420] -> "/Users/briannazajicek/Documents/illuminairy/archives/curious-cardinals-2026-05-18/app-mentors/app.curiouscardinals.com/mentors/josh-sugarman.html" [1]
2026-05-18 01:00:12 URL:https://app.curiouscardinals.com/mentors/noa-ablowmeaselle [13909/13909] -> "/Users/briannazajicek/Documents/illuminairy/archives/curious-cardinals-2026-05-18/app-mentors/app.curiouscardinals.com/mentors/noa-ablowmeaselle.html" [1]
2026-05-18 01:00:12 URL:https://app.curiouscardinals.com/mentors/jimmy-hogertytest [25683/25683] -> "/Users/briannazajicek/Documents/illuminairy/archives/curious-cardinals-2026-05-18/app-mentors/app.curiouscardinals.com/mentors/jimmy-hogertytest.html" [1]
2026-05-18 01:00:13 URL:https://app.curiouscardinals.com/mentors/robby-winter [14798/14798] -> "/Users/briannazajicek/Documents/illuminairy/archives/curious-cardinals-2026-05-18/app-mentors/app.curiouscardinals.com/mentors/robby-winter.html" [1]
2026-05-18 01:00:13 URL:https://app.curiouscardinals.com/mentors/matthew-ross [12731/12731] -> "/Users/briannazajicek/Documents/illuminairy/archives/curious-cardinals-2026-05-18/app-mentors/app.curiouscardinals.com/mentors/matthew-ross.html" [1]
2026-05-18 01:00:14 URL:https://app.curiouscardinals.com/mentors/natalie-martin [14100/14100] -> "/Users/briannazajicek/Documents/illuminairy/archives/curious-cardinals-2026-05-18/app-mentors/app.curiouscardinals.com/mentors/natalie-martin.html" [1]
2026-05-18 01:00:15 URL:https://app.curiouscardinals.com/mentors/liv-birnstad-1 [13712/13712] -> "/Users/briannazajicek/Documents/illuminairy/archives/curious-cardinals-2026-05-18/app-mentors/app.curiouscardinals.com/mentors/liv-birnstad-1.html" [1]
2026-05-18 01:00:15 URL:https://app.curiouscardinals.com/mentors/tunc-oztemir [16086/16086] -> "/Users/briannazajicek/Documents/illuminairy/archives/curious-cardinals-2026-05-18/app-mentors/app.curiouscardinals.com/mentors/tunc-oztemir.html" [1]
2026-05-18 01:00:16 URL:https://app.curiouscardinals.com/mentors/nicolas-reinoza [10419/10419] -> "/Users/briannazajicek/Documents/illuminairy/archives/curious-cardinals-2026-05-18/app-mentors/app.curiouscardinals.com/mentors/nicolas-reinoza.html" [1]
2026-05-18 01:00:17 URL:https://app.curiouscardinals.com/mentors/kevin-gu [8495/8495] -> "/Users/briannazajicek/Documents/illuminairy/archives/curious-cardinals-2026-05-18/app-mentors/app.curiouscardinals.com/mentors/kevin-gu.html" [1]
2026-05-18 01:00:17 URL:https://app.curiouscardinals.com/mentors/mohamed-hosny [18302/18302] -> "/Users/briannazajicek/Documents/illuminairy/archives/curious-cardinals-2026-05-18/app-mentors/app.curiouscardinals.com/mentors/mohamed-hosny.html" [1]
2026-05-18 01:00:18 URL:https://app.curiouscardinals.com/mentors/mark-david [13438/13438] -> "/Users/briannazajicek/Documents/illuminairy/archives/curious-cardinals-2026-05-18/app-mentors/app.curiouscardinals.com/mentors/mark-david.html" [1]
2026-05-18 01:00:18 URL:https://app.curiouscardinals.com/mentors/eric-li [19684/19684] -> "/Users/briannazajicek/Documents/illuminairy/archives/curious-cardinals-2026-05-18/app-mentors/app.curiouscardinals.com/mentors/eric-li.html" [1]
2026-05-18 01:00:19 URL:https://app.curiouscardinals.com/mentors/eva-georgaklis [16343/16343] -> "/Users/briannazajicek/Documents/illuminairy/archives/curious-cardinals-2026-05-18/app-mentors/app.curiouscardinals.com/mentors/eva-georgaklis.html" [1]
2026-05-18 01:00:19 URL:https://app.curiouscardinals.com/mentors/bartolome-maggioespineira [19564/19564] -> "/Users/briannazajicek/Documents/illuminairy/archives/curious-cardinals-2026-05-18/app-mentors/app.curiouscardinals.com/mentors/bartolome-maggioespineira.html" [1]
2026-05-18 01:00:20 URL:https://app.curiouscardinals.com/mentors/emma-buchko [17585/17585] -> "/Users/briannazajicek/Documents/illuminairy/archives/curious-cardinals-2026-05-18/app-mentors/app.curiouscardinals.com/mentors/emma-buchko.html" [1]
2026-05-18 01:00:21 URL:https://app.curiouscardinals.com/mentors/samantha-dailey [18659/18659] -> "/Users/briannazajicek/Documents/illuminairy/archives/curious-cardinals-2026-05-18/app-mentors/app.curiouscardinals.com/mentors/samantha-dailey.html" [1]
2026-05-18 01:00:21 URL:https://app.curiouscardinals.com/mentors/kidanewold-demesie [14023/14023] -> "/Users/briannazajicek/Documents/illuminairy/archives/curious-cardinals-2026-05-18/app-mentors/app.curiouscardinals.com/mentors/kidanewold-demesie.html" [1]
2026-05-18 01:00:22 URL:https://app.curiouscardinals.com/mentors/chinweike-onwu [14266/14266] -> "/Users/briannazajicek/Documents/illuminairy/archives/curious-cardinals-2026-05-18/app-mentors/app.curiouscardinals.com/mentors/chinweike-onwu.html" [1]
2026-05-18 01:00:23 URL:https://app.curiouscardinals.com/mentors/max-mislow [15410/15410] -> "/Users/briannazajicek/Documents/illuminairy/archives/curious-cardinals-2026-05-18/app-mentors/app.curiouscardinals.com/mentors/max-mislow.html" [1]
2026-05-18 01:00:23 URL:https://app.curiouscardinals.com/mentors/erika-yeung [18192/18192] -> "/Users/briannazajicek/Documents/illuminairy/archives/curious-cardinals-2026-05-18/app-mentors/app.curiouscardinals.com/mentors/erika-yeung.html" [1]
2026-05-18 01:00:24 URL:https://app.curiouscardinals.com/mentors/ethan-boyers [13854/13854] -> "/Users/briannazajicek/Documents/illuminairy/archives/curious-cardinals-2026-05-18/app-mentors/app.curiouscardinals.com/mentors/ethan-boyers.html" [1]
2026-05-18 01:00:24 URL:https://app.curiouscardinals.com/mentors/justin-greenberg [14632/14632] -> "/Users/briannazajicek/Documents/illuminairy/archives/curious-cardinals-2026-05-18/app-mentors/app.curiouscardinals.com/mentors/justin-greenberg.html" [1]
2026-05-18 01:00:25 URL:https://app.curiouscardinals.com/mentors/felix-ortizdemontellano [14225/14225] -> "/Users/briannazajicek/Documents/illuminairy/archives/curious-cardinals-2026-05-18/app-mentors/app.curiouscardinals.com/mentors/felix-ortizdemontellano.html" [1]
2026-05-18 01:00:26 URL:https://app.curiouscardinals.com/mentors/a-betancourt [14553/14553] -> "/Users/briannazajicek/Documents/illuminairy/archives/curious-cardinals-2026-05-18/app-mentors/app.curiouscardinals.com/mentors/a-betancourt.html" [1]
2026-05-18 01:00:26 URL:https://app.curiouscardinals.com/mentors/quynhanh-tran [14380/14380] -> "/Users/briannazajicek/Documents/illuminairy/archives/curious-cardinals-2026-05-18/app-mentors/app.curiouscardinals.com/mentors/quynhanh-tran.html" [1]
2026-05-18 01:00:27 URL:https://app.curiouscardinals.com/mentors/zachary-murray [13549/13549] -> "/Users/briannazajicek/Documents/illuminairy/archives/curious-cardinals-2026-05-18/app-mentors/app.curiouscardinals.com/mentors/zachary-murray.html" [1]
2026-05-18 01:00:27 URL:https://app.curiouscardinals.com/mentors/vanessa-tam [17553/17553] -> "/Users/briannazajicek/Documents/illuminairy/archives/curious-cardinals-2026-05-18/app-mentors/app.curiouscardinals.com/mentors/vanessa-tam.html" [1]
2026-05-18 01:00:28 URL:https://app.curiouscardinals.com/mentors/sekai-tully [14366/14366] -> "/Users/briannazajicek/Documents/illuminairy/archives/curious-cardinals-2026-05-18/app-mentors/app.curiouscardinals.com/mentors/sekai-tully.html" [1]
2026-05-18 01:00:29 URL:https://app.curiouscardinals.com/mentors/neleh-kay-1 [13711/13711] -> "/Users/briannazajicek/Documents/illuminairy/archives/curious-cardinals-2026-05-18/app-mentors/app.curiouscardinals.com/mentors/neleh-kay-1.html" [1]
2026-05-18 01:00:29 URL:https://app.curiouscardinals.com/mentors/nicole-schwartz [15237/15237] -> "/Users/briannazajicek/Documents/illuminairy/archives/curious-cardinals-2026-05-18/app-mentors/app.curiouscardinals.com/mentors/nicole-schwartz.html" [1]
2026-05-18 01:00:30 URL:https://app.curiouscardinals.com/mentors/jos-caballero [15067/15067] -> "/Users/briannazajicek/Documents/illuminairy/archives/curious-cardinals-2026-05-18/app-mentors/app.curiouscardinals.com/mentors/jos-caballero.html" [1]
2026-05-18 01:00:30 URL:https://app.curiouscardinals.com/mentors/sofia-freitas [19057/19057] -> "/Users/briannazajicek/Documents/illuminairy/archives/curious-cardinals-2026-05-18/app-mentors/app.curiouscardinals.com/mentors/sofia-freitas.html" [1]
2026-05-18 01:00:31 URL:https://app.curiouscardinals.com/mentors/ella-chan-1 [20325/20325] -> "/Users/briannazajicek/Documents/illuminairy/archives/curious-cardinals-2026-05-18/app-mentors/app.curiouscardinals.com/mentors/ella-chan-1.html" [1]
2026-05-18 01:00:32 URL:https://app.curiouscardinals.com/mentors/camilla-camargo [13624/13624] -> "/Users/briannazajicek/Documents/illuminairy/archives/curious-cardinals-2026-05-18/app-mentors/app.curiouscardinals.com/mentors/camilla-camargo.html" [1]
2026-05-18 01:00:32 URL:https://app.curiouscardinals.com/mentors/emi-matsumoto [16349/16349] -> "/Users/briannazajicek/Documents/illuminairy/archives/curious-cardinals-2026-05-18/app-mentors/app.curiouscardinals.com/mentors/emi-matsumoto.html" [1]
2026-05-18 01:00:33 URL:https://app.curiouscardinals.com/mentors/nadia-h [12709/12709] -> "/Users/briannazajicek/Documents/illuminairy/archives/curious-cardinals-2026-05-18/app-mentors/app.curiouscardinals.com/mentors/nadia-h.html" [1]
2026-05-18 01:00:34 URL:https://app.curiouscardinals.com/mentors/halle-villalobos [10685/10685] -> "/Users/briannazajicek/Documents/illuminairy/archives/curious-cardinals-2026-05-18/app-mentors/app.curiouscardinals.com/mentors/halle-villalobos.html" [1]
2026-05-18 01:00:34 URL:https://app.curiouscardinals.com/mentors/sophia-woodrow [16936/16936] -> "/Users/briannazajicek/Documents/illuminairy/archives/curious-cardinals-2026-05-18/app-mentors/app.curiouscardinals.com/mentors/sophia-woodrow.html" [1]
2026-05-18 01:00:35 URL:https://app.curiouscardinals.com/mentors/leo-glikbarg [13684/13684] -> "/Users/briannazajicek/Documents/illuminairy/archives/curious-cardinals-2026-05-18/app-mentors/app.curiouscardinals.com/mentors/leo-glikbarg.html" [1]
2026-05-18 01:00:35 URL:https://app.curiouscardinals.com/mentors/jack-morris [14846/14846] -> "/Users/briannazajicek/Documents/illuminairy/archives/curious-cardinals-2026-05-18/app-mentors/app.curiouscardinals.com/mentors/jack-morris.html" [1]
2026-05-18 01:00:36 URL:https://app.curiouscardinals.com/mentors/rohan-singh [18429/18429] -> "/Users/briannazajicek/Documents/illuminairy/archives/curious-cardinals-2026-05-18/app-mentors/app.curiouscardinals.com/mentors/rohan-singh.html" [1]
2026-05-18 01:00:36 URL:https://app.curiouscardinals.com/mentors/sebastian-prusky [17285/17285] -> "/Users/briannazajicek/Documents/illuminairy/archives/curious-cardinals-2026-05-18/app-mentors/app.curiouscardinals.com/mentors/sebastian-prusky.html" [1]
2026-05-18 01:00:37 URL:https://app.curiouscardinals.com/mentors/grace-aitken [16855/16855] -> "/Users/briannazajicek/Documents/illuminairy/archives/curious-cardinals-2026-05-18/app-mentors/app.curiouscardinals.com/mentors/grace-aitken.html" [1]
2026-05-18 01:00:38 URL:https://app.curiouscardinals.com/mentors/cecilia-rovira [14590/14590] -> "/Users/briannazajicek/Documents/illuminairy/archives/curious-cardinals-2026-05-18/app-mentors/app.curiouscardinals.com/mentors/cecilia-rovira.html" [1]
2026-05-18 01:00:38 URL:https://app.curiouscardinals.com/mentors/ayanna-garcia [14832/14832] -> "/Users/briannazajicek/Documents/illuminairy/archives/curious-cardinals-2026-05-18/app-mentors/app.curiouscardinals.com/mentors/ayanna-garcia.html" [1]
2026-05-18 01:00:39 URL:https://app.curiouscardinals.com/mentors/alaha-nasari [22350/22350] -> "/Users/briannazajicek/Documents/illuminairy/archives/curious-cardinals-2026-05-18/app-mentors/app.curiouscardinals.com/mentors/alaha-nasari.html" [1]
2026-05-18 01:00:39 URL:https://app.curiouscardinals.com/mentors/abbott-gifford [14456/14456] -> "/Users/briannazajicek/Documents/illuminairy/archives/curious-cardinals-2026-05-18/app-mentors/app.curiouscardinals.com/mentors/abbott-gifford.html" [1]
2026-05-18 01:00:40 URL:https://app.curiouscardinals.com/mentors/all-kibria [15938/15938] -> "/Users/briannazajicek/Documents/illuminairy/archives/curious-cardinals-2026-05-18/app-mentors/app.curiouscardinals.com/mentors/all-kibria.html" [1]
2026-05-18 01:00:40 URL:https://app.curiouscardinals.com/mentors/haley-silva [12161/12161] -> "/Users/briannazajicek/Documents/illuminairy/archives/curious-cardinals-2026-05-18/app-mentors/app.curiouscardinals.com/mentors/haley-silva.html" [1]
2026-05-18 01:00:41 URL:https://app.curiouscardinals.com/mentors/nayana-zachariah [13688/13688] -> "/Users/briannazajicek/Documents/illuminairy/archives/curious-cardinals-2026-05-18/app-mentors/app.curiouscardinals.com/mentors/nayana-zachariah.html" [1]
2026-05-18 01:00:42 URL:https://app.curiouscardinals.com/mentors/sean-lacalle [15662/15662] -> "/Users/briannazajicek/Documents/illuminairy/archives/curious-cardinals-2026-05-18/app-mentors/app.curiouscardinals.com/mentors/sean-lacalle.html" [1]
2026-05-18 01:00:42 URL:https://app.curiouscardinals.com/mentors/karinna-cvijanovich [14761/14761] -> "/Users/briannazajicek/Documents/illuminairy/archives/curious-cardinals-2026-05-18/app-mentors/app.curiouscardinals.com/mentors/karinna-cvijanovich.html" [1]
2026-05-18 01:00:43 URL:https://app.curiouscardinals.com/mentors/natalie-milan [13205/13205] -> "/Users/briannazajicek/Documents/illuminairy/archives/curious-cardinals-2026-05-18/app-mentors/app.curiouscardinals.com/mentors/natalie-milan.html" [1]
2026-05-18 01:00:44 URL:https://app.curiouscardinals.com/mentors/jorge-graciaviveros [15681/15681] -> "/Users/briannazajicek/Documents/illuminairy/archives/curious-cardinals-2026-05-18/app-mentors/app.curiouscardinals.com/mentors/jorge-graciaviveros.html" [1]
2026-05-18 01:00:44 URL:https://app.curiouscardinals.com/mentors/rohan-krishnan [14116/14116] -> "/Users/briannazajicek/Documents/illuminairy/archives/curious-cardinals-2026-05-18/app-mentors/app.curiouscardinals.com/mentors/rohan-krishnan.html" [1]
2026-05-18 01:00:45 URL:https://app.curiouscardinals.com/mentors/julia-talarek [16986/16986] -> "/Users/briannazajicek/Documents/illuminairy/archives/curious-cardinals-2026-05-18/app-mentors/app.curiouscardinals.com/mentors/julia-talarek.html" [1]
2026-05-18 01:00:45 URL:https://app.curiouscardinals.com/mentors/paulina-tepan [12721/12721] -> "/Users/briannazajicek/Documents/illuminairy/archives/curious-cardinals-2026-05-18/app-mentors/app.curiouscardinals.com/mentors/paulina-tepan.html" [1]
2026-05-18 01:00:46 URL:https://app.curiouscardinals.com/mentors/rithvik-marri [13413/13413] -> "/Users/briannazajicek/Documents/illuminairy/archives/curious-cardinals-2026-05-18/app-mentors/app.curiouscardinals.com/mentors/rithvik-marri.html" [1]
2026-05-18 01:00:47 URL:https://app.curiouscardinals.com/mentors/charlotte-kane [15863/15863] -> "/Users/briannazajicek/Documents/illuminairy/archives/curious-cardinals-2026-05-18/app-mentors/app.curiouscardinals.com/mentors/charlotte-kane.html" [1]
2026-05-18 01:00:48 URL:https://app.curiouscardinals.com/mentors/samuel-birru [12562/12562] -> "/Users/briannazajicek/Documents/illuminairy/archives/curious-cardinals-2026-05-18/app-mentors/app.curiouscardinals.com/mentors/samuel-birru.html" [1]
2026-05-18 01:00:48 URL:https://app.curiouscardinals.com/mentors/dean-farella [13737/13737] -> "/Users/briannazajicek/Documents/illuminairy/archives/curious-cardinals-2026-05-18/app-mentors/app.curiouscardinals.com/mentors/dean-farella.html" [1]
2026-05-18 01:00:49 URL:https://app.curiouscardinals.com/mentors/helen-gordan [13705/13705] -> "/Users/briannazajicek/Documents/illuminairy/archives/curious-cardinals-2026-05-18/app-mentors/app.curiouscardinals.com/mentors/helen-gordan.html" [1]
2026-05-18 01:00:49 URL:https://app.curiouscardinals.com/mentors/seoyoon-lee [23024/23024] -> "/Users/briannazajicek/Documents/illuminairy/archives/curious-cardinals-2026-05-18/app-mentors/app.curiouscardinals.com/mentors/seoyoon-lee.html" [1]
2026-05-18 01:00:50 URL:https://app.curiouscardinals.com/mentors/henry-cerbone [13115/13115] -> "/Users/briannazajicek/Documents/illuminairy/archives/curious-cardinals-2026-05-18/app-mentors/app.curiouscardinals.com/mentors/henry-cerbone.html" [1]
2026-05-18 01:00:51 URL:https://app.curiouscardinals.com/mentors/adom-appiah [13487/13487] -> "/Users/briannazajicek/Documents/illuminairy/archives/curious-cardinals-2026-05-18/app-mentors/app.curiouscardinals.com/mentors/adom-appiah.html" [1]
2026-05-18 01:00:51 URL:https://app.curiouscardinals.com/mentors/jakub-stadnik [16105/16105] -> "/Users/briannazajicek/Documents/illuminairy/archives/curious-cardinals-2026-05-18/app-mentors/app.curiouscardinals.com/mentors/jakub-stadnik.html" [1]
2026-05-18 01:00:51 URL:https://app.curiouscardinals.com/mentors/grace-barket [13474/13474] -> "/Users/briannazajicek/Documents/illuminairy/archives/curious-cardinals-2026-05-18/app-mentors/app.curiouscardinals.com/mentors/grace-barket.html" [1]
2026-05-18 01:00:52 URL:https://app.curiouscardinals.com/mentors/alexis-robles [14660/14660] -> "/Users/briannazajicek/Documents/illuminairy/archives/curious-cardinals-2026-05-18/app-mentors/app.curiouscardinals.com/mentors/alexis-robles.html" [1]
2026-05-18 01:00:52 URL:https://app.curiouscardinals.com/mentors/saraswati-sridhar [18340/18340] -> "/Users/briannazajicek/Documents/illuminairy/archives/curious-cardinals-2026-05-18/app-mentors/app.curiouscardinals.com/mentors/saraswati-sridhar.html" [1]
2026-05-18 01:00:53 URL:https://app.curiouscardinals.com/mentors/vimbisai-basvi [16084/16084] -> "/Users/briannazajicek/Documents/illuminairy/archives/curious-cardinals-2026-05-18/app-mentors/app.curiouscardinals.com/mentors/vimbisai-basvi.html" [1]
2026-05-18 01:00:54 URL:https://app.curiouscardinals.com/mentors/muhammad-hussain [16332/16332] -> "/Users/briannazajicek/Documents/illuminairy/archives/curious-cardinals-2026-05-18/app-mentors/app.curiouscardinals.com/mentors/muhammad-hussain.html" [1]
2026-05-18 01:00:54 URL:https://app.curiouscardinals.com/mentors/proof-schubertreed [10320/10320] -> "/Users/briannazajicek/Documents/illuminairy/archives/curious-cardinals-2026-05-18/app-mentors/app.curiouscardinals.com/mentors/proof-schubertreed.html" [1]
2026-05-18 01:00:55 URL:https://app.curiouscardinals.com/mentors/dylan-grossmann [15617/15617] -> "/Users/briannazajicek/Documents/illuminairy/archives/curious-cardinals-2026-05-18/app-mentors/app.curiouscardinals.com/mentors/dylan-grossmann.html" [1]
2026-05-18 01:00:55 URL:https://app.curiouscardinals.com/mentors/teddy-zhu [15592/15592] -> "/Users/briannazajicek/Documents/illuminairy/archives/curious-cardinals-2026-05-18/app-mentors/app.curiouscardinals.com/mentors/teddy-zhu.html" [1]
2026-05-18 01:00:56 URL:https://app.curiouscardinals.com/mentors/sophia-alexander [16455/16455] -> "/Users/briannazajicek/Documents/illuminairy/archives/curious-cardinals-2026-05-18/app-mentors/app.curiouscardinals.com/mentors/sophia-alexander.html" [1]
2026-05-18 01:00:57 URL:https://app.curiouscardinals.com/mentors/maya-rao [14691/14691] -> "/Users/briannazajicek/Documents/illuminairy/archives/curious-cardinals-2026-05-18/app-mentors/app.curiouscardinals.com/mentors/maya-rao.html" [1]
2026-05-18 01:00:57 URL:https://app.curiouscardinals.com/mentors/miriam-yampuler [14065/14065] -> "/Users/briannazajicek/Documents/illuminairy/archives/curious-cardinals-2026-05-18/app-mentors/app.curiouscardinals.com/mentors/miriam-yampuler.html" [1]
2026-05-18 01:00:58 URL:https://app.curiouscardinals.com/mentors/julianne-harwood [14347/14347] -> "/Users/briannazajicek/Documents/illuminairy/archives/curious-cardinals-2026-05-18/app-mentors/app.curiouscardinals.com/mentors/julianne-harwood.html" [1]
2026-05-18 01:00:59 URL:https://app.curiouscardinals.com/mentors/david-su [15332/15332] -> "/Users/briannazajicek/Documents/illuminairy/archives/curious-cardinals-2026-05-18/app-mentors/app.curiouscardinals.com/mentors/david-su.html" [1]
2026-05-18 01:00:59 URL:https://app.curiouscardinals.com/mentors/sydney-fish [14784/14784] -> "/Users/briannazajicek/Documents/illuminairy/archives/curious-cardinals-2026-05-18/app-mentors/app.curiouscardinals.com/mentors/sydney-fish.html" [1]
2026-05-18 01:01:00 URL:https://app.curiouscardinals.com/mentors/aziza-ben [11385/11385] -> "/Users/briannazajicek/Documents/illuminairy/archives/curious-cardinals-2026-05-18/app-mentors/app.curiouscardinals.com/mentors/aziza-ben.html" [1]
2026-05-18 01:01:00 URL:https://app.curiouscardinals.com/mentors/nushreth-bhuiyan [16141/16141] -> "/Users/briannazajicek/Documents/illuminairy/archives/curious-cardinals-2026-05-18/app-mentors/app.curiouscardinals.com/mentors/nushreth-bhuiyan.html" [1]
2026-05-18 01:01:01 URL:https://app.curiouscardinals.com/mentors/tope-adetunji [15885/15885] -> "/Users/briannazajicek/Documents/illuminairy/archives/curious-cardinals-2026-05-18/app-mentors/app.curiouscardinals.com/mentors/tope-adetunji.html" [1]
2026-05-18 01:01:01 URL:https://app.curiouscardinals.com/mentors/hannah-peters [15027/15027] -> "/Users/briannazajicek/Documents/illuminairy/archives/curious-cardinals-2026-05-18/app-mentors/app.curiouscardinals.com/mentors/hannah-peters.html" [1]
2026-05-18 01:01:02 URL:https://app.curiouscardinals.com/mentors/shulamit-horton [15310/15310] -> "/Users/briannazajicek/Documents/illuminairy/archives/curious-cardinals-2026-05-18/app-mentors/app.curiouscardinals.com/mentors/shulamit-horton.html" [1]
2026-05-18 01:01:03 URL:https://app.curiouscardinals.com/mentors/naomi-frimabrams [13115/13115] -> "/Users/briannazajicek/Documents/illuminairy/archives/curious-cardinals-2026-05-18/app-mentors/app.curiouscardinals.com/mentors/naomi-frimabrams.html" [1]
2026-05-18 01:01:03 URL:https://app.curiouscardinals.com/mentors/haley-sandlow-1 [14462/14462] -> "/Users/briannazajicek/Documents/illuminairy/archives/curious-cardinals-2026-05-18/app-mentors/app.curiouscardinals.com/mentors/haley-sandlow-1.html" [1]
2026-05-18 01:01:04 URL:https://app.curiouscardinals.com/mentors/ian-miller [15346/15346] -> "/Users/briannazajicek/Documents/illuminairy/archives/curious-cardinals-2026-05-18/app-mentors/app.curiouscardinals.com/mentors/ian-miller.html" [1]
2026-05-18 01:01:04 URL:https://app.curiouscardinals.com/mentors/shabaz-wali [13975/13975] -> "/Users/briannazajicek/Documents/illuminairy/archives/curious-cardinals-2026-05-18/app-mentors/app.curiouscardinals.com/mentors/shabaz-wali.html" [1]
2026-05-18 01:01:05 URL:https://app.curiouscardinals.com/mentors/halliday-mafrige [15576/15576] -> "/Users/briannazajicek/Documents/illuminairy/archives/curious-cardinals-2026-05-18/app-mentors/app.curiouscardinals.com/mentors/halliday-mafrige.html" [1]
2026-05-18 01:01:06 URL:https://app.curiouscardinals.com/mentors/reva-kasula-1 [17493/17493] -> "/Users/briannazajicek/Documents/illuminairy/archives/curious-cardinals-2026-05-18/app-mentors/app.curiouscardinals.com/mentors/reva-kasula-1.html" [1]
2026-05-18 01:01:06 URL:https://app.curiouscardinals.com/mentors/srinivas-sivaraman [15227/15227] -> "/Users/briannazajicek/Documents/illuminairy/archives/curious-cardinals-2026-05-18/app-mentors/app.curiouscardinals.com/mentors/srinivas-sivaraman.html" [1]
2026-05-18 01:01:07 URL:https://app.curiouscardinals.com/mentors/kathleen-katchis [12861/12861] -> "/Users/briannazajicek/Documents/illuminairy/archives/curious-cardinals-2026-05-18/app-mentors/app.curiouscardinals.com/mentors/kathleen-katchis.html" [1]
2026-05-18 01:01:07 URL:https://app.curiouscardinals.com/mentors/mark-demonte [17213/17213] -> "/Users/briannazajicek/Documents/illuminairy/archives/curious-cardinals-2026-05-18/app-mentors/app.curiouscardinals.com/mentors/mark-demonte.html" [1]
2026-05-18 01:01:08 URL:https://app.curiouscardinals.com/mentors/samuel-chachkes [8850/8850] -> "/Users/briannazajicek/Documents/illuminairy/archives/curious-cardinals-2026-05-18/app-mentors/app.curiouscardinals.com/mentors/samuel-chachkes.html" [1]
2026-05-18 01:01:08 URL:https://app.curiouscardinals.com/mentors/calvin-boasberg [16682/16682] -> "/Users/briannazajicek/Documents/illuminairy/archives/curious-cardinals-2026-05-18/app-mentors/app.curiouscardinals.com/mentors/calvin-boasberg.html" [1]
2026-05-18 01:01:09 URL:https://app.curiouscardinals.com/mentors/daniel-heiman [13194/13194] -> "/Users/briannazajicek/Documents/illuminairy/archives/curious-cardinals-2026-05-18/app-mentors/app.curiouscardinals.com/mentors/daniel-heiman.html" [1]
2026-05-18 01:01:10 URL:https://app.curiouscardinals.com/mentors/nahla-owens [17080/17080] -> "/Users/briannazajicek/Documents/illuminairy/archives/curious-cardinals-2026-05-18/app-mentors/app.curiouscardinals.com/mentors/nahla-owens.html" [1]
2026-05-18 01:01:10 URL:https://app.curiouscardinals.com/mentors/shishir-bandapalli [13382/13382] -> "/Users/briannazajicek/Documents/illuminairy/archives/curious-cardinals-2026-05-18/app-mentors/app.curiouscardinals.com/mentors/shishir-bandapalli.html" [1]
2026-05-18 01:01:11 URL:https://app.curiouscardinals.com/mentors/ally-pascual [13589/13589] -> "/Users/briannazajicek/Documents/illuminairy/archives/curious-cardinals-2026-05-18/app-mentors/app.curiouscardinals.com/mentors/ally-pascual.html" [1]
2026-05-18 01:01:11 URL:https://app.curiouscardinals.com/mentors/annelise-klein [30878/30878] -> "/Users/briannazajicek/Documents/illuminairy/archives/curious-cardinals-2026-05-18/app-mentors/app.curiouscardinals.com/mentors/annelise-klein.html" [1]
2026-05-18 01:01:12 URL:https://app.curiouscardinals.com/mentors/arjun-mathu [10828/10828] -> "/Users/briannazajicek/Documents/illuminairy/archives/curious-cardinals-2026-05-18/app-mentors/app.curiouscardinals.com/mentors/arjun-mathu.html" [1]
2026-05-18 01:01:12 URL:https://app.curiouscardinals.com/mentors/sol-robert-1 [16886/16886] -> "/Users/briannazajicek/Documents/illuminairy/archives/curious-cardinals-2026-05-18/app-mentors/app.curiouscardinals.com/mentors/sol-robert-1.html" [1]
2026-05-18 01:01:13 URL:https://app.curiouscardinals.com/mentors/isa-lieu [18257/18257] -> "/Users/briannazajicek/Documents/illuminairy/archives/curious-cardinals-2026-05-18/app-mentors/app.curiouscardinals.com/mentors/isa-lieu.html" [1]
2026-05-18 01:01:14 URL:https://app.curiouscardinals.com/mentors/jack-chasen [16249/16249] -> "/Users/briannazajicek/Documents/illuminairy/archives/curious-cardinals-2026-05-18/app-mentors/app.curiouscardinals.com/mentors/jack-chasen.html" [1]
2026-05-18 01:01:14 URL:https://app.curiouscardinals.com/mentors/katie-fong [13579/13579] -> "/Users/briannazajicek/Documents/illuminairy/archives/curious-cardinals-2026-05-18/app-mentors/app.curiouscardinals.com/mentors/katie-fong.html" [1]
2026-05-18 01:01:15 URL:https://app.curiouscardinals.com/mentors/eliyambuya-baker [16036/16036] -> "/Users/briannazajicek/Documents/illuminairy/archives/curious-cardinals-2026-05-18/app-mentors/app.curiouscardinals.com/mentors/eliyambuya-baker.html" [1]
2026-05-18 01:01:15 URL:https://app.curiouscardinals.com/mentors/tanay-doppalapudi [15692/15692] -> "/Users/briannazajicek/Documents/illuminairy/archives/curious-cardinals-2026-05-18/app-mentors/app.curiouscardinals.com/mentors/tanay-doppalapudi.html" [1]
2026-05-18 01:01:16 URL:https://app.curiouscardinals.com/mentors/ellie-churchill [14966/14966] -> "/Users/briannazajicek/Documents/illuminairy/archives/curious-cardinals-2026-05-18/app-mentors/app.curiouscardinals.com/mentors/ellie-churchill.html" [1]
2026-05-18 01:01:16 URL:https://app.curiouscardinals.com/mentors/jonathan-william [15049/15049] -> "/Users/briannazajicek/Documents/illuminairy/archives/curious-cardinals-2026-05-18/app-mentors/app.curiouscardinals.com/mentors/jonathan-william.html" [1]
2026-05-18 01:01:17 URL:https://app.curiouscardinals.com/mentors/jimmy-hogerty-1 [8277/8277] -> "/Users/briannazajicek/Documents/illuminairy/archives/curious-cardinals-2026-05-18/app-mentors/app.curiouscardinals.com/mentors/jimmy-hogerty-1.html" [1]
2026-05-18 01:01:17 URL:https://app.curiouscardinals.com/mentors/isabel-vargas [13397/13397] -> "/Users/briannazajicek/Documents/illuminairy/archives/curious-cardinals-2026-05-18/app-mentors/app.curiouscardinals.com/mentors/isabel-vargas.html" [1]
2026-05-18 01:01:18 URL:https://app.curiouscardinals.com/mentors/melina-malkani-1 [16402/16402] -> "/Users/briannazajicek/Documents/illuminairy/archives/curious-cardinals-2026-05-18/app-mentors/app.curiouscardinals.com/mentors/melina-malkani-1.html" [1]
2026-05-18 01:01:18 URL:https://app.curiouscardinals.com/mentors/heejoo-roh [12597/12597] -> "/Users/briannazajicek/Documents/illuminairy/archives/curious-cardinals-2026-05-18/app-mentors/app.curiouscardinals.com/mentors/heejoo-roh.html" [1]
2026-05-18 01:01:19 URL:https://app.curiouscardinals.com/mentors/sam-levitt [15522/15522] -> "/Users/briannazajicek/Documents/illuminairy/archives/curious-cardinals-2026-05-18/app-mentors/app.curiouscardinals.com/mentors/sam-levitt.html" [1]
2026-05-18 01:01:20 URL:https://app.curiouscardinals.com/mentors/katya-scott [13481/13481] -> "/Users/briannazajicek/Documents/illuminairy/archives/curious-cardinals-2026-05-18/app-mentors/app.curiouscardinals.com/mentors/katya-scott.html" [1]
2026-05-18 01:01:20 URL:https://app.curiouscardinals.com/mentors/eden-getahun [16234/16234] -> "/Users/briannazajicek/Documents/illuminairy/archives/curious-cardinals-2026-05-18/app-mentors/app.curiouscardinals.com/mentors/eden-getahun.html" [1]
2026-05-18 01:01:21 URL:https://app.curiouscardinals.com/mentors/mahmoud-eleshmawi [13451/13451] -> "/Users/briannazajicek/Documents/illuminairy/archives/curious-cardinals-2026-05-18/app-mentors/app.curiouscardinals.com/mentors/mahmoud-eleshmawi.html" [1]
2026-05-18 01:01:22 URL:https://app.curiouscardinals.com/mentors/angela-wu [20658/20658] -> "/Users/briannazajicek/Documents/illuminairy/archives/curious-cardinals-2026-05-18/app-mentors/app.curiouscardinals.com/mentors/angela-wu.html" [1]
2026-05-18 01:01:22 URL:https://app.curiouscardinals.com/mentors/bobby-goldyn-1 [14739/14739] -> "/Users/briannazajicek/Documents/illuminairy/archives/curious-cardinals-2026-05-18/app-mentors/app.curiouscardinals.com/mentors/bobby-goldyn-1.html" [1]
2026-05-18 01:01:23 URL:https://app.curiouscardinals.com/mentors/iman-adib [11361/11361] -> "/Users/briannazajicek/Documents/illuminairy/archives/curious-cardinals-2026-05-18/app-mentors/app.curiouscardinals.com/mentors/iman-adib.html" [1]
2026-05-18 01:01:23 URL:https://app.curiouscardinals.com/mentors/isabella-turilli [13647/13647] -> "/Users/briannazajicek/Documents/illuminairy/archives/curious-cardinals-2026-05-18/app-mentors/app.curiouscardinals.com/mentors/isabella-turilli.html" [1]
2026-05-18 01:01:24 URL:https://app.curiouscardinals.com/mentors/khat-miatta [16597/16597] -> "/Users/briannazajicek/Documents/illuminairy/archives/curious-cardinals-2026-05-18/app-mentors/app.curiouscardinals.com/mentors/khat-miatta.html" [1]
2026-05-18 01:01:24 URL:https://app.curiouscardinals.com/mentors/sarayu-pai [13548/13548] -> "/Users/briannazajicek/Documents/illuminairy/archives/curious-cardinals-2026-05-18/app-mentors/app.curiouscardinals.com/mentors/sarayu-pai.html" [1]
2026-05-18 01:01:25 URL:https://app.curiouscardinals.com/mentors/sam-sen [15674/15674] -> "/Users/briannazajicek/Documents/illuminairy/archives/curious-cardinals-2026-05-18/app-mentors/app.curiouscardinals.com/mentors/sam-sen.html" [1]
2026-05-18 01:01:25 URL:https://app.curiouscardinals.com/mentors/jackie-no [21924/21924] -> "/Users/briannazajicek/Documents/illuminairy/archives/curious-cardinals-2026-05-18/app-mentors/app.curiouscardinals.com/mentors/jackie-no.html" [1]
2026-05-18 01:01:26 URL:https://app.curiouscardinals.com/mentors/tommy-yu [13185/13185] -> "/Users/briannazajicek/Documents/illuminairy/archives/curious-cardinals-2026-05-18/app-mentors/app.curiouscardinals.com/mentors/tommy-yu.html" [1]
2026-05-18 01:01:27 URL:https://app.curiouscardinals.com/mentors/max-kleban [14487/14487] -> "/Users/briannazajicek/Documents/illuminairy/archives/curious-cardinals-2026-05-18/app-mentors/app.curiouscardinals.com/mentors/max-kleban.html" [1]
2026-05-18 01:01:27 URL:https://app.curiouscardinals.com/mentors/kevin- [19930/19930] -> "/Users/briannazajicek/Documents/illuminairy/archives/curious-cardinals-2026-05-18/app-mentors/app.curiouscardinals.com/mentors/kevin-.html" [1]
2026-05-18 01:01:28 URL:https://app.curiouscardinals.com/mentors/anya-sastrena [12799/12799] -> "/Users/briannazajicek/Documents/illuminairy/archives/curious-cardinals-2026-05-18/app-mentors/app.curiouscardinals.com/mentors/anya-sastrena.html" [1]
2026-05-18 01:01:28 URL:https://app.curiouscardinals.com/mentors/yadukrishna-raghu [18404/18404] -> "/Users/briannazajicek/Documents/illuminairy/archives/curious-cardinals-2026-05-18/app-mentors/app.curiouscardinals.com/mentors/yadukrishna-raghu.html" [1]
2026-05-18 01:01:29 URL:https://app.curiouscardinals.com/mentors/ashley-seong [16231/16231] -> "/Users/briannazajicek/Documents/illuminairy/archives/curious-cardinals-2026-05-18/app-mentors/app.curiouscardinals.com/mentors/ashley-seong.html" [1]
2026-05-18 01:01:30 URL:https://app.curiouscardinals.com/mentors/danielle-muller [15257/15257] -> "/Users/briannazajicek/Documents/illuminairy/archives/curious-cardinals-2026-05-18/app-mentors/app.curiouscardinals.com/mentors/danielle-muller.html" [1]
2026-05-18 01:01:30 URL:https://app.curiouscardinals.com/mentors/ian-watts [18205/18205] -> "/Users/briannazajicek/Documents/illuminairy/archives/curious-cardinals-2026-05-18/app-mentors/app.curiouscardinals.com/mentors/ian-watts.html" [1]
2026-05-18 01:01:31 URL:https://app.curiouscardinals.com/mentors/abigail-romero [9800/9800] -> "/Users/briannazajicek/Documents/illuminairy/archives/curious-cardinals-2026-05-18/app-mentors/app.curiouscardinals.com/mentors/abigail-romero.html" [1]
2026-05-18 01:01:31 URL:https://app.curiouscardinals.com/mentors/marcos-moreno [14898/14898] -> "/Users/briannazajicek/Documents/illuminairy/archives/curious-cardinals-2026-05-18/app-mentors/app.curiouscardinals.com/mentors/marcos-moreno.html" [1]
2026-05-18 01:01:32 URL:https://app.curiouscardinals.com/mentors/andy-hartman [15340/15340] -> "/Users/briannazajicek/Documents/illuminairy/archives/curious-cardinals-2026-05-18/app-mentors/app.curiouscardinals.com/mentors/andy-hartman.html" [1]
2026-05-18 01:01:32 URL:https://app.curiouscardinals.com/mentors/shwe-win [15968/15968] -> "/Users/briannazajicek/Documents/illuminairy/archives/curious-cardinals-2026-05-18/app-mentors/app.curiouscardinals.com/mentors/shwe-win.html" [1]
2026-05-18 01:01:33 URL:https://app.curiouscardinals.com/mentors/nathan-shurts [18300/18300] -> "/Users/briannazajicek/Documents/illuminairy/archives/curious-cardinals-2026-05-18/app-mentors/app.curiouscardinals.com/mentors/nathan-shurts.html" [1]
2026-05-18 01:01:33 URL:https://app.curiouscardinals.com/mentors/ella-zuse [13488/13488] -> "/Users/briannazajicek/Documents/illuminairy/archives/curious-cardinals-2026-05-18/app-mentors/app.curiouscardinals.com/mentors/ella-zuse.html" [1]
2026-05-18 01:01:34 URL:https://app.curiouscardinals.com/mentors/james-park [13863/13863] -> "/Users/briannazajicek/Documents/illuminairy/archives/curious-cardinals-2026-05-18/app-mentors/app.curiouscardinals.com/mentors/james-park.html" [1]
2026-05-18 01:01:35 URL:https://app.curiouscardinals.com/mentors/brooke-alexander [17044/17044] -> "/Users/briannazajicek/Documents/illuminairy/archives/curious-cardinals-2026-05-18/app-mentors/app.curiouscardinals.com/mentors/brooke-alexander.html" [1]
2026-05-18 01:01:35 URL:https://app.curiouscardinals.com/mentors/james-hood [14665/14665] -> "/Users/briannazajicek/Documents/illuminairy/archives/curious-cardinals-2026-05-18/app-mentors/app.curiouscardinals.com/mentors/james-hood.html" [1]
2026-05-18 01:01:36 URL:https://app.curiouscardinals.com/mentors/holland-ferguson [8776/8776] -> "/Users/briannazajicek/Documents/illuminairy/archives/curious-cardinals-2026-05-18/app-mentors/app.curiouscardinals.com/mentors/holland-ferguson.html" [1]
2026-05-18 01:01:36 URL:https://app.curiouscardinals.com/mentors/sam-oxfeld [13929/13929] -> "/Users/briannazajicek/Documents/illuminairy/archives/curious-cardinals-2026-05-18/app-mentors/app.curiouscardinals.com/mentors/sam-oxfeld.html" [1]
2026-05-18 01:01:37 URL:https://app.curiouscardinals.com/mentors/elya-aboutboul [13431/13431] -> "/Users/briannazajicek/Documents/illuminairy/archives/curious-cardinals-2026-05-18/app-mentors/app.curiouscardinals.com/mentors/elya-aboutboul.html" [1]
2026-05-18 01:01:38 URL:https://app.curiouscardinals.com/mentors/beatrix-stewartfrommer [19337/19337] -> "/Users/briannazajicek/Documents/illuminairy/archives/curious-cardinals-2026-05-18/app-mentors/app.curiouscardinals.com/mentors/beatrix-stewartfrommer.html" [1]
2026-05-18 01:01:38 URL:https://app.curiouscardinals.com/mentors/bintou-leigh [20937/20937] -> "/Users/briannazajicek/Documents/illuminairy/archives/curious-cardinals-2026-05-18/app-mentors/app.curiouscardinals.com/mentors/bintou-leigh.html" [1]
2026-05-18 01:01:39 URL:https://app.curiouscardinals.com/mentors/busola-banjoh [10332/10332] -> "/Users/briannazajicek/Documents/illuminairy/archives/curious-cardinals-2026-05-18/app-mentors/app.curiouscardinals.com/mentors/busola-banjoh.html" [1]
2026-05-18 01:01:40 URL:https://app.curiouscardinals.com/mentors/kenneth-nishiyama [12121/12121] -> "/Users/briannazajicek/Documents/illuminairy/archives/curious-cardinals-2026-05-18/app-mentors/app.curiouscardinals.com/mentors/kenneth-nishiyama.html" [1]
2026-05-18 01:01:40 URL:https://app.curiouscardinals.com/mentors/chrystal- [13044/13044] -> "/Users/briannazajicek/Documents/illuminairy/archives/curious-cardinals-2026-05-18/app-mentors/app.curiouscardinals.com/mentors/chrystal-.html" [1]
2026-05-18 01:01:41 URL:https://app.curiouscardinals.com/mentors/pratick-kafley [14022/14022] -> "/Users/briannazajicek/Documents/illuminairy/archives/curious-cardinals-2026-05-18/app-mentors/app.curiouscardinals.com/mentors/pratick-kafley.html" [1]
2026-05-18 01:01:41 URL:https://app.curiouscardinals.com/mentors/mayumi-schaeperscheu [13534/13534] -> "/Users/briannazajicek/Documents/illuminairy/archives/curious-cardinals-2026-05-18/app-mentors/app.curiouscardinals.com/mentors/mayumi-schaeperscheu.html" [1]
2026-05-18 01:01:42 URL:https://app.curiouscardinals.com/mentors/allhuabh-rodrigues [20124/20124] -> "/Users/briannazajicek/Documents/illuminairy/archives/curious-cardinals-2026-05-18/app-mentors/app.curiouscardinals.com/mentors/allhuabh-rodrigues.html" [1]
2026-05-18 01:01:43 URL:https://app.curiouscardinals.com/mentors/ariana-martinez-1 [15918/15918] -> "/Users/briannazajicek/Documents/illuminairy/archives/curious-cardinals-2026-05-18/app-mentors/app.curiouscardinals.com/mentors/ariana-martinez-1.html" [1]
2026-05-18 01:01:43 URL:https://app.curiouscardinals.com/mentors/jad-kourany [16411/16411] -> "/Users/briannazajicek/Documents/illuminairy/archives/curious-cardinals-2026-05-18/app-mentors/app.curiouscardinals.com/mentors/jad-kourany.html" [1]
2026-05-18 01:01:44 URL:https://app.curiouscardinals.com/mentors/joe-robinson [12715/12715] -> "/Users/briannazajicek/Documents/illuminairy/archives/curious-cardinals-2026-05-18/app-mentors/app.curiouscardinals.com/mentors/joe-robinson.html" [1]
2026-05-18 01:01:44 URL:https://app.curiouscardinals.com/mentors/shalini-biju [13304/13304] -> "/Users/briannazajicek/Documents/illuminairy/archives/curious-cardinals-2026-05-18/app-mentors/app.curiouscardinals.com/mentors/shalini-biju.html" [1]
2026-05-18 01:01:45 URL:https://app.curiouscardinals.com/mentors/cody-googin-1 [13052/13052] -> "/Users/briannazajicek/Documents/illuminairy/archives/curious-cardinals-2026-05-18/app-mentors/app.curiouscardinals.com/mentors/cody-googin-1.html" [1]
2026-05-18 01:01:45 URL:https://app.curiouscardinals.com/mentors/sid-suratia [17101/17101] -> "/Users/briannazajicek/Documents/illuminairy/archives/curious-cardinals-2026-05-18/app-mentors/app.curiouscardinals.com/mentors/sid-suratia.html" [1]
2026-05-18 01:01:46 URL:https://app.curiouscardinals.com/mentors/thomas-sneed [18674/18674] -> "/Users/briannazajicek/Documents/illuminairy/archives/curious-cardinals-2026-05-18/app-mentors/app.curiouscardinals.com/mentors/thomas-sneed.html" [1]
2026-05-18 01:01:56 URL:https://app.curiouscardinals.com/mentors/ashley-song [8336/8336] -> "/Users/briannazajicek/Documents/illuminairy/archives/curious-cardinals-2026-05-18/app-mentors/app.curiouscardinals.com/mentors/ashley-song.html" [1]
2026-05-18 01:01:57 URL:https://app.curiouscardinals.com/mentors/eli-bader [16515/16515] -> "/Users/briannazajicek/Documents/illuminairy/archives/curious-cardinals-2026-05-18/app-mentors/app.curiouscardinals.com/mentors/eli-bader.html" [1]
2026-05-18 01:01:58 URL:https://app.curiouscardinals.com/mentors/kai-greenlee [15936/15936] -> "/Users/briannazajicek/Documents/illuminairy/archives/curious-cardinals-2026-05-18/app-mentors/app.curiouscardinals.com/mentors/kai-greenlee.html" [1]
2026-05-18 01:01:58 URL:https://app.curiouscardinals.com/mentors/aaroosh-ramadorai [13480/13480] -> "/Users/briannazajicek/Documents/illuminairy/archives/curious-cardinals-2026-05-18/app-mentors/app.curiouscardinals.com/mentors/aaroosh-ramadorai.html" [1]
2026-05-18 01:01:59 URL:https://app.curiouscardinals.com/mentors/tatiana-fakoukaki [16941/16941] -> "/Users/briannazajicek/Documents/illuminairy/archives/curious-cardinals-2026-05-18/app-mentors/app.curiouscardinals.com/mentors/tatiana-fakoukaki.html" [1]
2026-05-18 01:02:00 URL:https://app.curiouscardinals.com/mentors/eugene-woo [7917/7917] -> "/Users/briannazajicek/Documents/illuminairy/archives/curious-cardinals-2026-05-18/app-mentors/app.curiouscardinals.com/mentors/eugene-woo.html" [1]
2026-05-18 01:02:00 URL:https://app.curiouscardinals.com/mentors/amaan-musabji [16493/16493] -> "/Users/briannazajicek/Documents/illuminairy/archives/curious-cardinals-2026-05-18/app-mentors/app.curiouscardinals.com/mentors/amaan-musabji.html" [1]
2026-05-18 01:02:01 URL:https://app.curiouscardinals.com/mentors/flora-troy [8404/8404] -> "/Users/briannazajicek/Documents/illuminairy/archives/curious-cardinals-2026-05-18/app-mentors/app.curiouscardinals.com/mentors/flora-troy.html" [1]
2026-05-18 01:02:01 URL:https://app.curiouscardinals.com/mentors/kalaninuiakea-pavel [12096/12096] -> "/Users/briannazajicek/Documents/illuminairy/archives/curious-cardinals-2026-05-18/app-mentors/app.curiouscardinals.com/mentors/kalaninuiakea-pavel.html" [1]
2026-05-18 01:02:02 URL:https://app.curiouscardinals.com/mentors/katie-bowen [15899/15899] -> "/Users/briannazajicek/Documents/illuminairy/archives/curious-cardinals-2026-05-18/app-mentors/app.curiouscardinals.com/mentors/katie-bowen.html" [1]
2026-05-18 01:02:03 URL:https://app.curiouscardinals.com/mentors/olivia-zhang [13822/13822] -> "/Users/briannazajicek/Documents/illuminairy/archives/curious-cardinals-2026-05-18/app-mentors/app.curiouscardinals.com/mentors/olivia-zhang.html" [1]
2026-05-18 01:02:03 URL:https://app.curiouscardinals.com/mentors/charlie-williams [9794/9794] -> "/Users/briannazajicek/Documents/illuminairy/archives/curious-cardinals-2026-05-18/app-mentors/app.curiouscardinals.com/mentors/charlie-williams.html" [1]
2026-05-18 01:02:04 URL:https://app.curiouscardinals.com/mentors/eva-rudajev [8458/8458] -> "/Users/briannazajicek/Documents/illuminairy/archives/curious-cardinals-2026-05-18/app-mentors/app.curiouscardinals.com/mentors/eva-rudajev.html" [1]
2026-05-18 01:02:04 URL:https://app.curiouscardinals.com/mentors/ethan-wei-1 [16674/16674] -> "/Users/briannazajicek/Documents/illuminairy/archives/curious-cardinals-2026-05-18/app-mentors/app.curiouscardinals.com/mentors/ethan-wei-1.html" [1]
2026-05-18 01:02:05 URL:https://app.curiouscardinals.com/mentors/serena-sabzaali [19367/19367] -> "/Users/briannazajicek/Documents/illuminairy/archives/curious-cardinals-2026-05-18/app-mentors/app.curiouscardinals.com/mentors/serena-sabzaali.html" [1]
2026-05-18 01:02:06 URL:https://app.curiouscardinals.com/mentors/jennifer-ayala [16053/16053] -> "/Users/briannazajicek/Documents/illuminairy/archives/curious-cardinals-2026-05-18/app-mentors/app.curiouscardinals.com/mentors/jennifer-ayala.html" [1]
2026-05-18 01:02:06 URL:https://app.curiouscardinals.com/mentors/jasmine-lewitton [15021/15021] -> "/Users/briannazajicek/Documents/illuminairy/archives/curious-cardinals-2026-05-18/app-mentors/app.curiouscardinals.com/mentors/jasmine-lewitton.html" [1]
2026-05-18 01:02:07 URL:https://app.curiouscardinals.com/mentors/nick-clark [19844/19844] -> "/Users/briannazajicek/Documents/illuminairy/archives/curious-cardinals-2026-05-18/app-mentors/app.curiouscardinals.com/mentors/nick-clark.html" [1]
2026-05-18 01:02:08 URL:https://app.curiouscardinals.com/mentors/john-ball [9158/9158] -> "/Users/briannazajicek/Documents/illuminairy/archives/curious-cardinals-2026-05-18/app-mentors/app.curiouscardinals.com/mentors/john-ball.html" [1]
2026-05-18 01:02:08 URL:https://app.curiouscardinals.com/mentors/keren-duque [8254/8254] -> "/Users/briannazajicek/Documents/illuminairy/archives/curious-cardinals-2026-05-18/app-mentors/app.curiouscardinals.com/mentors/keren-duque.html" [1]
2026-05-18 01:02:09 URL:https://app.curiouscardinals.com/mentors/anika-yadav [17914/17914] -> "/Users/briannazajicek/Documents/illuminairy/archives/curious-cardinals-2026-05-18/app-mentors/app.curiouscardinals.com/mentors/anika-yadav.html" [1]
2026-05-18 01:02:09 URL:https://app.curiouscardinals.com/mentors/obidike-onwuamaegbu [16171/16171] -> "/Users/briannazajicek/Documents/illuminairy/archives/curious-cardinals-2026-05-18/app-mentors/app.curiouscardinals.com/mentors/obidike-onwuamaegbu.html" [1]
2026-05-18 01:02:10 URL:https://app.curiouscardinals.com/mentors/jameson-peckham [16165/16165] -> "/Users/briannazajicek/Documents/illuminairy/archives/curious-cardinals-2026-05-18/app-mentors/app.curiouscardinals.com/mentors/jameson-peckham.html" [1]
2026-05-18 01:02:11 URL:https://app.curiouscardinals.com/mentors/luca-hensch-1 [7724/7724] -> "/Users/briannazajicek/Documents/illuminairy/archives/curious-cardinals-2026-05-18/app-mentors/app.curiouscardinals.com/mentors/luca-hensch-1.html" [1]
2026-05-18 01:02:11 URL:https://app.curiouscardinals.com/mentors/bryan-yan [8382/8382] -> "/Users/briannazajicek/Documents/illuminairy/archives/curious-cardinals-2026-05-18/app-mentors/app.curiouscardinals.com/mentors/bryan-yan.html" [1]
2026-05-18 01:02:12 URL:https://app.curiouscardinals.com/mentors/joseph-weinberg [7466/7466] -> "/Users/briannazajicek/Documents/illuminairy/archives/curious-cardinals-2026-05-18/app-mentors/app.curiouscardinals.com/mentors/joseph-weinberg.html" [1]
2026-05-18 01:02:12 URL:https://app.curiouscardinals.com/mentors/rosana-maris-1 [14651/14651] -> "/Users/briannazajicek/Documents/illuminairy/archives/curious-cardinals-2026-05-18/app-mentors/app.curiouscardinals.com/mentors/rosana-maris-1.html" [1]
2026-05-18 01:02:13 URL:https://app.curiouscardinals.com/mentors/caleb-weinstein [13452/13452] -> "/Users/briannazajicek/Documents/illuminairy/archives/curious-cardinals-2026-05-18/app-mentors/app.curiouscardinals.com/mentors/caleb-weinstein.html" [1]
2026-05-18 01:02:13 URL:https://app.curiouscardinals.com/mentors/mary-gueye [15760/15760] -> "/Users/briannazajicek/Documents/illuminairy/archives/curious-cardinals-2026-05-18/app-mentors/app.curiouscardinals.com/mentors/mary-gueye.html" [1]
2026-05-18 01:02:14 URL:https://app.curiouscardinals.com/mentors/alex-schmitt [9124/9124] -> "/Users/briannazajicek/Documents/illuminairy/archives/curious-cardinals-2026-05-18/app-mentors/app.curiouscardinals.com/mentors/alex-schmitt.html" [1]
2026-05-18 01:02:14 URL:https://app.curiouscardinals.com/mentors/alexander-flores [15871/15871] -> "/Users/briannazajicek/Documents/illuminairy/archives/curious-cardinals-2026-05-18/app-mentors/app.curiouscardinals.com/mentors/alexander-flores.html" [1]
2026-05-18 01:02:15 URL:https://app.curiouscardinals.com/mentors/daniel-valner [13184/13184] -> "/Users/briannazajicek/Documents/illuminairy/archives/curious-cardinals-2026-05-18/app-mentors/app.curiouscardinals.com/mentors/daniel-valner.html" [1]
2026-05-18 01:02:16 URL:https://app.curiouscardinals.com/mentors/romeo-garcia [13024/13024] -> "/Users/briannazajicek/Documents/illuminairy/archives/curious-cardinals-2026-05-18/app-mentors/app.curiouscardinals.com/mentors/romeo-garcia.html" [1]
2026-05-18 01:02:16 URL:https://app.curiouscardinals.com/mentors/jake-wiener [16418/16418] -> "/Users/briannazajicek/Documents/illuminairy/archives/curious-cardinals-2026-05-18/app-mentors/app.curiouscardinals.com/mentors/jake-wiener.html" [1]
2026-05-18 01:02:17 URL:https://app.curiouscardinals.com/mentors/salma-elhandaoui [16570/16570] -> "/Users/briannazajicek/Documents/illuminairy/archives/curious-cardinals-2026-05-18/app-mentors/app.curiouscardinals.com/mentors/salma-elhandaoui.html" [1]
2026-05-18 01:02:18 URL:https://app.curiouscardinals.com/mentors/jacob-kelman [19005/19005] -> "/Users/briannazajicek/Documents/illuminairy/archives/curious-cardinals-2026-05-18/app-mentors/app.curiouscardinals.com/mentors/jacob-kelman.html" [1]
2026-05-18 01:02:18 URL:https://app.curiouscardinals.com/mentors/rita-shuster [14920/14920] -> "/Users/briannazajicek/Documents/illuminairy/archives/curious-cardinals-2026-05-18/app-mentors/app.curiouscardinals.com/mentors/rita-shuster.html" [1]
2026-05-18 01:02:19 URL:https://app.curiouscardinals.com/mentors/cynthia-medina-1 [17881/17881] -> "/Users/briannazajicek/Documents/illuminairy/archives/curious-cardinals-2026-05-18/app-mentors/app.curiouscardinals.com/mentors/cynthia-medina-1.html" [1]
2026-05-18 01:02:19 URL:https://app.curiouscardinals.com/mentors/david-luyi [14054/14054] -> "/Users/briannazajicek/Documents/illuminairy/archives/curious-cardinals-2026-05-18/app-mentors/app.curiouscardinals.com/mentors/david-luyi.html" [1]
2026-05-18 01:02:20 URL:https://app.curiouscardinals.com/mentors/anna-perronne [8626/8626] -> "/Users/briannazajicek/Documents/illuminairy/archives/curious-cardinals-2026-05-18/app-mentors/app.curiouscardinals.com/mentors/anna-perronne.html" [1]
2026-05-18 01:02:21 URL:https://app.curiouscardinals.com/mentors/oscar-champigneulle [10362/10362] -> "/Users/briannazajicek/Documents/illuminairy/archives/curious-cardinals-2026-05-18/app-mentors/app.curiouscardinals.com/mentors/oscar-champigneulle.html" [1]
2026-05-18 01:02:21 URL:https://app.curiouscardinals.com/mentors/akash-gupta [14631/14631] -> "/Users/briannazajicek/Documents/illuminairy/archives/curious-cardinals-2026-05-18/app-mentors/app.curiouscardinals.com/mentors/akash-gupta.html" [1]
2026-05-18 01:02:22 URL:https://app.curiouscardinals.com/mentors/mansi-totwani [7576/7576] -> "/Users/briannazajicek/Documents/illuminairy/archives/curious-cardinals-2026-05-18/app-mentors/app.curiouscardinals.com/mentors/mansi-totwani.html" [1]
2026-05-18 01:02:22 URL:https://app.curiouscardinals.com/mentors/james-reinbold [19626/19626] -> "/Users/briannazajicek/Documents/illuminairy/archives/curious-cardinals-2026-05-18/app-mentors/app.curiouscardinals.com/mentors/james-reinbold.html" [1]
2026-05-18 01:02:23 URL:https://app.curiouscardinals.com/mentors/abigail-leyva [8496/8496] -> "/Users/briannazajicek/Documents/illuminairy/archives/curious-cardinals-2026-05-18/app-mentors/app.curiouscardinals.com/mentors/abigail-leyva.html" [1]
2026-05-18 01:02:24 URL:https://app.curiouscardinals.com/mentors/kelleigh-keating [8045/8045] -> "/Users/briannazajicek/Documents/illuminairy/archives/curious-cardinals-2026-05-18/app-mentors/app.curiouscardinals.com/mentors/kelleigh-keating.html" [1]
2026-05-18 01:02:24 URL:https://app.curiouscardinals.com/mentors/samuel-g [13234/13234] -> "/Users/briannazajicek/Documents/illuminairy/archives/curious-cardinals-2026-05-18/app-mentors/app.curiouscardinals.com/mentors/samuel-g.html" [1]
2026-05-18 01:02:25 URL:https://app.curiouscardinals.com/mentors/katie-catulle [14376/14376] -> "/Users/briannazajicek/Documents/illuminairy/archives/curious-cardinals-2026-05-18/app-mentors/app.curiouscardinals.com/mentors/katie-catulle.html" [1]
2026-05-18 01:02:25 URL:https://app.curiouscardinals.com/mentors/marina-yu [13546/13546] -> "/Users/briannazajicek/Documents/illuminairy/archives/curious-cardinals-2026-05-18/app-mentors/app.curiouscardinals.com/mentors/marina-yu.html" [1]
2026-05-18 01:02:26 URL:https://app.curiouscardinals.com/mentors/oliver-fuisz [13078/13078] -> "/Users/briannazajicek/Documents/illuminairy/archives/curious-cardinals-2026-05-18/app-mentors/app.curiouscardinals.com/mentors/oliver-fuisz.html" [1]
2026-05-18 01:02:26 URL:https://app.curiouscardinals.com/mentors/dylan-sevenikar [15162/15162] -> "/Users/briannazajicek/Documents/illuminairy/archives/curious-cardinals-2026-05-18/app-mentors/app.curiouscardinals.com/mentors/dylan-sevenikar.html" [1]
2026-05-18 01:02:27 URL:https://app.curiouscardinals.com/mentors/angelicad-pardo [15587/15587] -> "/Users/briannazajicek/Documents/illuminairy/archives/curious-cardinals-2026-05-18/app-mentors/app.curiouscardinals.com/mentors/angelicad-pardo.html" [1]
2026-05-18 01:02:27 URL:https://app.curiouscardinals.com/mentors/satch-sumnerwaldman [10631/10631] -> "/Users/briannazajicek/Documents/illuminairy/archives/curious-cardinals-2026-05-18/app-mentors/app.curiouscardinals.com/mentors/satch-sumnerwaldman.html" [1]
2026-05-18 01:02:28 URL:https://app.curiouscardinals.com/mentors/chase-vanamburg [16910/16910] -> "/Users/briannazajicek/Documents/illuminairy/archives/curious-cardinals-2026-05-18/app-mentors/app.curiouscardinals.com/mentors/chase-vanamburg.html" [1]
2026-05-18 01:02:28 URL:https://app.curiouscardinals.com/mentors/nina-allen [16039/16039] -> "/Users/briannazajicek/Documents/illuminairy/archives/curious-cardinals-2026-05-18/app-mentors/app.curiouscardinals.com/mentors/nina-allen.html" [1]
2026-05-18 01:02:29 URL:https://app.curiouscardinals.com/mentors/molly-reinmann [13543/13543] -> "/Users/briannazajicek/Documents/illuminairy/archives/curious-cardinals-2026-05-18/app-mentors/app.curiouscardinals.com/mentors/molly-reinmann.html" [1]
2026-05-18 01:02:29 URL:https://app.curiouscardinals.com/mentors/ishan-mahajan [13016/13016] -> "/Users/briannazajicek/Documents/illuminairy/archives/curious-cardinals-2026-05-18/app-mentors/app.curiouscardinals.com/mentors/ishan-mahajan.html" [1]
2026-05-18 01:02:30 URL:https://app.curiouscardinals.com/mentors/kevin-chen-1 [14156/14156] -> "/Users/briannazajicek/Documents/illuminairy/archives/curious-cardinals-2026-05-18/app-mentors/app.curiouscardinals.com/mentors/kevin-chen-1.html" [1]
2026-05-18 01:02:31 URL:https://app.curiouscardinals.com/mentors/diego-garcia [15076/15076] -> "/Users/briannazajicek/Documents/illuminairy/archives/curious-cardinals-2026-05-18/app-mentors/app.curiouscardinals.com/mentors/diego-garcia.html" [1]
2026-05-18 01:02:31 URL:https://app.curiouscardinals.com/mentors/jaiden-korth [8438/8438] -> "/Users/briannazajicek/Documents/illuminairy/archives/curious-cardinals-2026-05-18/app-mentors/app.curiouscardinals.com/mentors/jaiden-korth.html" [1]
2026-05-18 01:02:32 URL:https://app.curiouscardinals.com/mentors/gustavo-toledo [15517/15517] -> "/Users/briannazajicek/Documents/illuminairy/archives/curious-cardinals-2026-05-18/app-mentors/app.curiouscardinals.com/mentors/gustavo-toledo.html" [1]
2026-05-18 01:02:32 URL:https://app.curiouscardinals.com/mentors/autri-das [13621/13621] -> "/Users/briannazajicek/Documents/illuminairy/archives/curious-cardinals-2026-05-18/app-mentors/app.curiouscardinals.com/mentors/autri-das.html" [1]
2026-05-18 01:02:33 URL:https://app.curiouscardinals.com/mentors/milla-reichenberg [12205/12205] -> "/Users/briannazajicek/Documents/illuminairy/archives/curious-cardinals-2026-05-18/app-mentors/app.curiouscardinals.com/mentors/milla-reichenberg.html" [1]
2026-05-18 01:02:33 URL:https://app.curiouscardinals.com/mentors/elina-thadhani [13200/13200] -> "/Users/briannazajicek/Documents/illuminairy/archives/curious-cardinals-2026-05-18/app-mentors/app.curiouscardinals.com/mentors/elina-thadhani.html" [1]
2026-05-18 01:02:34 URL:https://app.curiouscardinals.com/mentors/clara-rohatyn [14687/14687] -> "/Users/briannazajicek/Documents/illuminairy/archives/curious-cardinals-2026-05-18/app-mentors/app.curiouscardinals.com/mentors/clara-rohatyn.html" [1]
2026-05-18 01:02:35 URL:https://app.curiouscardinals.com/mentors/court-cummings [17820/17820] -> "/Users/briannazajicek/Documents/illuminairy/archives/curious-cardinals-2026-05-18/app-mentors/app.curiouscardinals.com/mentors/court-cummings.html" [1]
2026-05-18 01:02:35 URL:https://app.curiouscardinals.com/mentors/ryan-chen-1 [14001/14001] -> "/Users/briannazajicek/Documents/illuminairy/archives/curious-cardinals-2026-05-18/app-mentors/app.curiouscardinals.com/mentors/ryan-chen-1.html" [1]
2026-05-18 01:02:36 URL:https://app.curiouscardinals.com/mentors/sriram-balasubramanian [14658/14658] -> "/Users/briannazajicek/Documents/illuminairy/archives/curious-cardinals-2026-05-18/app-mentors/app.curiouscardinals.com/mentors/sriram-balasubramanian.html" [1]
2026-05-18 01:02:36 URL:https://app.curiouscardinals.com/mentors/nicholas-falcone [16605/16605] -> "/Users/briannazajicek/Documents/illuminairy/archives/curious-cardinals-2026-05-18/app-mentors/app.curiouscardinals.com/mentors/nicholas-falcone.html" [1]
2026-05-18 01:02:37 URL:https://app.curiouscardinals.com/mentors/chibuzo-enelamah [8772/8772] -> "/Users/briannazajicek/Documents/illuminairy/archives/curious-cardinals-2026-05-18/app-mentors/app.curiouscardinals.com/mentors/chibuzo-enelamah.html" [1]
2026-05-18 01:02:37 URL:https://app.curiouscardinals.com/mentors/maria-zavala [18806/18806] -> "/Users/briannazajicek/Documents/illuminairy/archives/curious-cardinals-2026-05-18/app-mentors/app.curiouscardinals.com/mentors/maria-zavala.html" [1]
2026-05-18 01:02:38 URL:https://app.curiouscardinals.com/mentors/chris-chen [10915/10915] -> "/Users/briannazajicek/Documents/illuminairy/archives/curious-cardinals-2026-05-18/app-mentors/app.curiouscardinals.com/mentors/chris-chen.html" [1]
2026-05-18 01:02:38 URL:https://app.curiouscardinals.com/mentors/sajeda-yagoub [15744/15744] -> "/Users/briannazajicek/Documents/illuminairy/archives/curious-cardinals-2026-05-18/app-mentors/app.curiouscardinals.com/mentors/sajeda-yagoub.html" [1]
2026-05-18 01:02:39 URL:https://app.curiouscardinals.com/mentors/alexis-valle [10383/10383] -> "/Users/briannazajicek/Documents/illuminairy/archives/curious-cardinals-2026-05-18/app-mentors/app.curiouscardinals.com/mentors/alexis-valle.html" [1]
2026-05-18 01:02:40 URL:https://app.curiouscardinals.com/mentors/noa-sepharia [14664/14664] -> "/Users/briannazajicek/Documents/illuminairy/archives/curious-cardinals-2026-05-18/app-mentors/app.curiouscardinals.com/mentors/noa-sepharia.html" [1]
2026-05-18 01:02:40 URL:https://app.curiouscardinals.com/mentors/leonard-pasquier-1 [14692/14692] -> "/Users/briannazajicek/Documents/illuminairy/archives/curious-cardinals-2026-05-18/app-mentors/app.curiouscardinals.com/mentors/leonard-pasquier-1.html" [1]
2026-05-18 01:02:41 URL:https://app.curiouscardinals.com/mentors/annesley-elizabeth [12388/12388] -> "/Users/briannazajicek/Documents/illuminairy/archives/curious-cardinals-2026-05-18/app-mentors/app.curiouscardinals.com/mentors/annesley-elizabeth.html" [1]
2026-05-18 01:02:42 URL:https://app.curiouscardinals.com/mentors/justin-benjamin [15731/15731] -> "/Users/briannazajicek/Documents/illuminairy/archives/curious-cardinals-2026-05-18/app-mentors/app.curiouscardinals.com/mentors/justin-benjamin.html" [1]
2026-05-18 01:02:42 URL:https://app.curiouscardinals.com/mentors/kevin-chen [14552/14552] -> "/Users/briannazajicek/Documents/illuminairy/archives/curious-cardinals-2026-05-18/app-mentors/app.curiouscardinals.com/mentors/kevin-chen.html" [1]
2026-05-18 01:02:43 URL:https://app.curiouscardinals.com/mentors/max-benabou [14580/14580] -> "/Users/briannazajicek/Documents/illuminairy/archives/curious-cardinals-2026-05-18/app-mentors/app.curiouscardinals.com/mentors/max-benabou.html" [1]
2026-05-18 01:02:43 URL:https://app.curiouscardinals.com/mentors/melanie-kessinger [12318/12318] -> "/Users/briannazajicek/Documents/illuminairy/archives/curious-cardinals-2026-05-18/app-mentors/app.curiouscardinals.com/mentors/melanie-kessinger.html" [1]
2026-05-18 01:02:44 URL:https://app.curiouscardinals.com/mentors/anthony-bynum [12622/12622] -> "/Users/briannazajicek/Documents/illuminairy/archives/curious-cardinals-2026-05-18/app-mentors/app.curiouscardinals.com/mentors/anthony-bynum.html" [1]
2026-05-18 01:02:44 URL:https://app.curiouscardinals.com/mentors/ridwana-rahman [13359/13359] -> "/Users/briannazajicek/Documents/illuminairy/archives/curious-cardinals-2026-05-18/app-mentors/app.curiouscardinals.com/mentors/ridwana-rahman.html" [1]
2026-05-18 01:02:45 URL:https://app.curiouscardinals.com/mentors/zoey-duan [16689/16689] -> "/Users/briannazajicek/Documents/illuminairy/archives/curious-cardinals-2026-05-18/app-mentors/app.curiouscardinals.com/mentors/zoey-duan.html" [1]
2026-05-18 01:02:45 URL:https://app.curiouscardinals.com/mentors/matthew-biondi [15387/15387] -> "/Users/briannazajicek/Documents/illuminairy/archives/curious-cardinals-2026-05-18/app-mentors/app.curiouscardinals.com/mentors/matthew-biondi.html" [1]
2026-05-18 01:02:46 URL:https://app.curiouscardinals.com/mentors/elise-pakiela [16560/16560] -> "/Users/briannazajicek/Documents/illuminairy/archives/curious-cardinals-2026-05-18/app-mentors/app.curiouscardinals.com/mentors/elise-pakiela.html" [1]
2026-05-18 01:02:46 URL:https://app.curiouscardinals.com/mentors/sarah-meadow [15235/15235] -> "/Users/briannazajicek/Documents/illuminairy/archives/curious-cardinals-2026-05-18/app-mentors/app.curiouscardinals.com/mentors/sarah-meadow.html" [1]
2026-05-18 01:02:47 URL:https://app.curiouscardinals.com/mentors/adam-senzon-1 [16204/16204] -> "/Users/briannazajicek/Documents/illuminairy/archives/curious-cardinals-2026-05-18/app-mentors/app.curiouscardinals.com/mentors/adam-senzon-1.html" [1]
2026-05-18 01:02:48 URL:https://app.curiouscardinals.com/mentors/lily-scott-1 [15137/15137] -> "/Users/briannazajicek/Documents/illuminairy/archives/curious-cardinals-2026-05-18/app-mentors/app.curiouscardinals.com/mentors/lily-scott-1.html" [1]
2026-05-18 01:02:48 URL:https://app.curiouscardinals.com/mentors/amari-majuni [11936/11936] -> "/Users/briannazajicek/Documents/illuminairy/archives/curious-cardinals-2026-05-18/app-mentors/app.curiouscardinals.com/mentors/amari-majuni.html" [1]
2026-05-18 01:02:49 URL:https://app.curiouscardinals.com/mentors/aidan-zea-1 [13902/13902] -> "/Users/briannazajicek/Documents/illuminairy/archives/curious-cardinals-2026-05-18/app-mentors/app.curiouscardinals.com/mentors/aidan-zea-1.html" [1]
2026-05-18 01:02:49 URL:https://app.curiouscardinals.com/mentors/alexis-tran-1 [13368/13368] -> "/Users/briannazajicek/Documents/illuminairy/archives/curious-cardinals-2026-05-18/app-mentors/app.curiouscardinals.com/mentors/alexis-tran-1.html" [1]
2026-05-18 01:02:50 URL:https://app.curiouscardinals.com/mentors/emma-singer-2 [12758/12758] -> "/Users/briannazajicek/Documents/illuminairy/archives/curious-cardinals-2026-05-18/app-mentors/app.curiouscardinals.com/mentors/emma-singer-2.html" [1]
2026-05-18 01:02:50 URL:https://app.curiouscardinals.com/mentors/aurora-jablon [10313/10313] -> "/Users/briannazajicek/Documents/illuminairy/archives/curious-cardinals-2026-05-18/app-mentors/app.curiouscardinals.com/mentors/aurora-jablon.html" [1]
2026-05-18 01:02:51 URL:https://app.curiouscardinals.com/mentors/ben-ringel [13607/13607] -> "/Users/briannazajicek/Documents/illuminairy/archives/curious-cardinals-2026-05-18/app-mentors/app.curiouscardinals.com/mentors/ben-ringel.html" [1]
2026-05-18 01:02:51 URL:https://app.curiouscardinals.com/mentors/jacob-michael [16333/16333] -> "/Users/briannazajicek/Documents/illuminairy/archives/curious-cardinals-2026-05-18/app-mentors/app.curiouscardinals.com/mentors/jacob-michael.html" [1]
2026-05-18 01:02:52 URL:https://app.curiouscardinals.com/mentors/olivia-nadworny [10080/10080] -> "/Users/briannazajicek/Documents/illuminairy/archives/curious-cardinals-2026-05-18/app-mentors/app.curiouscardinals.com/mentors/olivia-nadworny.html" [1]
2026-05-18 01:02:53 URL:https://app.curiouscardinals.com/mentors/gabe-prissert [15022/15022] -> "/Users/briannazajicek/Documents/illuminairy/archives/curious-cardinals-2026-05-18/app-mentors/app.curiouscardinals.com/mentors/gabe-prissert.html" [1]
2026-05-18 01:02:53 URL:https://app.curiouscardinals.com/mentors/naisha-sylvestre [10557/10557] -> "/Users/briannazajicek/Documents/illuminairy/archives/curious-cardinals-2026-05-18/app-mentors/app.curiouscardinals.com/mentors/naisha-sylvestre.html" [1]
2026-05-18 01:02:54 URL:https://app.curiouscardinals.com/mentors/maya-juliankwong [17487/17487] -> "/Users/briannazajicek/Documents/illuminairy/archives/curious-cardinals-2026-05-18/app-mentors/app.curiouscardinals.com/mentors/maya-juliankwong.html" [1]
2026-05-18 01:02:54 URL:https://app.curiouscardinals.com/mentors/maria-massuh [24646/24646] -> "/Users/briannazajicek/Documents/illuminairy/archives/curious-cardinals-2026-05-18/app-mentors/app.curiouscardinals.com/mentors/maria-massuh.html" [1]
2026-05-18 01:02:55 URL:https://app.curiouscardinals.com/mentors/cameron-tran [13733/13733] -> "/Users/briannazajicek/Documents/illuminairy/archives/curious-cardinals-2026-05-18/app-mentors/app.curiouscardinals.com/mentors/cameron-tran.html" [1]
2026-05-18 01:02:55 URL:https://app.curiouscardinals.com/mentors/joseph-biju-1 [13930/13930] -> "/Users/briannazajicek/Documents/illuminairy/archives/curious-cardinals-2026-05-18/app-mentors/app.curiouscardinals.com/mentors/joseph-biju-1.html" [1]
2026-05-18 01:02:56 URL:https://app.curiouscardinals.com/mentors/olivia-restifo-1 [13630/13630] -> "/Users/briannazajicek/Documents/illuminairy/archives/curious-cardinals-2026-05-18/app-mentors/app.curiouscardinals.com/mentors/olivia-restifo-1.html" [1]
2026-05-18 01:02:57 URL:https://app.curiouscardinals.com/mentors/taylor-richter [14147/14147] -> "/Users/briannazajicek/Documents/illuminairy/archives/curious-cardinals-2026-05-18/app-mentors/app.curiouscardinals.com/mentors/taylor-richter.html" [1]
2026-05-18 01:02:57 URL:https://app.curiouscardinals.com/mentors/toby-young [11058/11058] -> "/Users/briannazajicek/Documents/illuminairy/archives/curious-cardinals-2026-05-18/app-mentors/app.curiouscardinals.com/mentors/toby-young.html" [1]
2026-05-18 01:02:58 URL:https://app.curiouscardinals.com/mentors/max-volkan [17627/17627] -> "/Users/briannazajicek/Documents/illuminairy/archives/curious-cardinals-2026-05-18/app-mentors/app.curiouscardinals.com/mentors/max-volkan.html" [1]
2026-05-18 01:02:58 URL:https://app.curiouscardinals.com/mentors/dieynaba-ndiaye [15943/15943] -> "/Users/briannazajicek/Documents/illuminairy/archives/curious-cardinals-2026-05-18/app-mentors/app.curiouscardinals.com/mentors/dieynaba-ndiaye.html" [1]
2026-05-18 01:02:59 URL:https://app.curiouscardinals.com/mentors/stephanie-wallen [20750/20750] -> "/Users/briannazajicek/Documents/illuminairy/archives/curious-cardinals-2026-05-18/app-mentors/app.curiouscardinals.com/mentors/stephanie-wallen.html" [1]
2026-05-18 01:02:59 URL:https://app.curiouscardinals.com/mentors/abby-matsuyasu [18758/18758] -> "/Users/briannazajicek/Documents/illuminairy/archives/curious-cardinals-2026-05-18/app-mentors/app.curiouscardinals.com/mentors/abby-matsuyasu.html" [1]
2026-05-18 01:03:00 URL:https://app.curiouscardinals.com/mentors/ekene-chkwueke [12834/12834] -> "/Users/briannazajicek/Documents/illuminairy/archives/curious-cardinals-2026-05-18/app-mentors/app.curiouscardinals.com/mentors/ekene-chkwueke.html" [1]
2026-05-18 01:03:00 URL:https://app.curiouscardinals.com/mentors/jonathan-silverman [11719/11719] -> "/Users/briannazajicek/Documents/illuminairy/archives/curious-cardinals-2026-05-18/app-mentors/app.curiouscardinals.com/mentors/jonathan-silverman.html" [1]
2026-05-18 01:03:01 URL:https://app.curiouscardinals.com/mentors/dami-kim [13104/13104] -> "/Users/briannazajicek/Documents/illuminairy/archives/curious-cardinals-2026-05-18/app-mentors/app.curiouscardinals.com/mentors/dami-kim.html" [1]
2026-05-18 01:03:02 URL:https://app.curiouscardinals.com/mentors/chris-chen-1 [16063/16063] -> "/Users/briannazajicek/Documents/illuminairy/archives/curious-cardinals-2026-05-18/app-mentors/app.curiouscardinals.com/mentors/chris-chen-1.html" [1]
2026-05-18 01:03:02 URL:https://app.curiouscardinals.com/mentors/riley-mccallister [13084/13084] -> "/Users/briannazajicek/Documents/illuminairy/archives/curious-cardinals-2026-05-18/app-mentors/app.curiouscardinals.com/mentors/riley-mccallister.html" [1]
2026-05-18 01:03:03 URL:https://app.curiouscardinals.com/mentors/elaine-hudacsko [14241/14241] -> "/Users/briannazajicek/Documents/illuminairy/archives/curious-cardinals-2026-05-18/app-mentors/app.curiouscardinals.com/mentors/elaine-hudacsko.html" [1]
2026-05-18 01:03:03 URL:https://app.curiouscardinals.com/mentors/calliope-speredakos [21062/21062] -> "/Users/briannazajicek/Documents/illuminairy/archives/curious-cardinals-2026-05-18/app-mentors/app.curiouscardinals.com/mentors/calliope-speredakos.html" [1]
2026-05-18 01:03:04 URL:https://app.curiouscardinals.com/mentors/ruby-zeidman [14309/14309] -> "/Users/briannazajicek/Documents/illuminairy/archives/curious-cardinals-2026-05-18/app-mentors/app.curiouscardinals.com/mentors/ruby-zeidman.html" [1]
2026-05-18 01:03:04 URL:https://app.curiouscardinals.com/mentors/natalie-ro-1 [17346/17346] -> "/Users/briannazajicek/Documents/illuminairy/archives/curious-cardinals-2026-05-18/app-mentors/app.curiouscardinals.com/mentors/natalie-ro-1.html" [1]
2026-05-18 01:03:04 URL:https://app.curiouscardinals.com/mentors/leila-abdallahi [14326/14326] -> "/Users/briannazajicek/Documents/illuminairy/archives/curious-cardinals-2026-05-18/app-mentors/app.curiouscardinals.com/mentors/leila-abdallahi.html" [1]
2026-05-18 01:03:05 URL:https://app.curiouscardinals.com/mentors/gil-altman [13611/13611] -> "/Users/briannazajicek/Documents/illuminairy/archives/curious-cardinals-2026-05-18/app-mentors/app.curiouscardinals.com/mentors/gil-altman.html" [1]
2026-05-18 01:03:06 URL:https://app.curiouscardinals.com/mentors/chase-klavon [13256/13256] -> "/Users/briannazajicek/Documents/illuminairy/archives/curious-cardinals-2026-05-18/app-mentors/app.curiouscardinals.com/mentors/chase-klavon.html" [1]
2026-05-18 01:03:06 URL:https://app.curiouscardinals.com/mentors/arjan-kohli-1 [13216/13216] -> "/Users/briannazajicek/Documents/illuminairy/archives/curious-cardinals-2026-05-18/app-mentors/app.curiouscardinals.com/mentors/arjan-kohli-1.html" [1]
2026-05-18 01:03:07 URL:https://app.curiouscardinals.com/mentors/kyal-raja [14597/14597] -> "/Users/briannazajicek/Documents/illuminairy/archives/curious-cardinals-2026-05-18/app-mentors/app.curiouscardinals.com/mentors/kyal-raja.html" [1]
2026-05-18 01:03:07 URL:https://app.curiouscardinals.com/mentors/saheli-patel [14969/14969] -> "/Users/briannazajicek/Documents/illuminairy/archives/curious-cardinals-2026-05-18/app-mentors/app.curiouscardinals.com/mentors/saheli-patel.html" [1]
2026-05-18 01:03:08 URL:https://app.curiouscardinals.com/mentors/adeline-grady [11995/11995] -> "/Users/briannazajicek/Documents/illuminairy/archives/curious-cardinals-2026-05-18/app-mentors/app.curiouscardinals.com/mentors/adeline-grady.html" [1]
2026-05-18 01:03:09 URL:https://app.curiouscardinals.com/mentors/sohayla-eldeeb [8086/8086] -> "/Users/briannazajicek/Documents/illuminairy/archives/curious-cardinals-2026-05-18/app-mentors/app.curiouscardinals.com/mentors/sohayla-eldeeb.html" [1]
2026-05-18 01:03:09 URL:https://app.curiouscardinals.com/mentors/jackson-richter [13293/13293] -> "/Users/briannazajicek/Documents/illuminairy/archives/curious-cardinals-2026-05-18/app-mentors/app.curiouscardinals.com/mentors/jackson-richter.html" [1]
2026-05-18 01:03:10 URL:https://app.curiouscardinals.com/mentors/takuto-kakeda [13831/13831] -> "/Users/briannazajicek/Documents/illuminairy/archives/curious-cardinals-2026-05-18/app-mentors/app.curiouscardinals.com/mentors/takuto-kakeda.html" [1]
2026-05-18 01:03:10 URL:https://app.curiouscardinals.com/mentors/juliana-buitron [17723/17723] -> "/Users/briannazajicek/Documents/illuminairy/archives/curious-cardinals-2026-05-18/app-mentors/app.curiouscardinals.com/mentors/juliana-buitron.html" [1]
2026-05-18 01:03:11 URL:https://app.curiouscardinals.com/mentors/connor-burt [10385/10385] -> "/Users/briannazajicek/Documents/illuminairy/archives/curious-cardinals-2026-05-18/app-mentors/app.curiouscardinals.com/mentors/connor-burt.html" [1]
2026-05-18 01:03:11 URL:https://app.curiouscardinals.com/mentors/emily-axelsen-1 [14291/14291] -> "/Users/briannazajicek/Documents/illuminairy/archives/curious-cardinals-2026-05-18/app-mentors/app.curiouscardinals.com/mentors/emily-axelsen-1.html" [1]
2026-05-18 01:03:12 URL:https://app.curiouscardinals.com/mentors/beck-milner [15784/15784] -> "/Users/briannazajicek/Documents/illuminairy/archives/curious-cardinals-2026-05-18/app-mentors/app.curiouscardinals.com/mentors/beck-milner.html" [1]
2026-05-18 01:03:12 URL:https://app.curiouscardinals.com/mentors/jaime-romero [13869/13869] -> "/Users/briannazajicek/Documents/illuminairy/archives/curious-cardinals-2026-05-18/app-mentors/app.curiouscardinals.com/mentors/jaime-romero.html" [1]
2026-05-18 01:03:13 URL:https://app.curiouscardinals.com/mentors/xavier-ayalavermont [13392/13392] -> "/Users/briannazajicek/Documents/illuminairy/archives/curious-cardinals-2026-05-18/app-mentors/app.curiouscardinals.com/mentors/xavier-ayalavermont.html" [1]
2026-05-18 01:03:13 URL:https://app.curiouscardinals.com/mentors/julia-dalessandro [14056/14056] -> "/Users/briannazajicek/Documents/illuminairy/archives/curious-cardinals-2026-05-18/app-mentors/app.curiouscardinals.com/mentors/julia-dalessandro.html" [1]
2026-05-18 01:03:14 URL:https://app.curiouscardinals.com/mentors/luke-smith [13657/13657] -> "/Users/briannazajicek/Documents/illuminairy/archives/curious-cardinals-2026-05-18/app-mentors/app.curiouscardinals.com/mentors/luke-smith.html" [1]
2026-05-18 01:03:14 URL:https://app.curiouscardinals.com/mentors/amalia-nevarez [14953/14953] -> "/Users/briannazajicek/Documents/illuminairy/archives/curious-cardinals-2026-05-18/app-mentors/app.curiouscardinals.com/mentors/amalia-nevarez.html" [1]
2026-05-18 01:03:15 URL:https://app.curiouscardinals.com/mentors/elise-larsson-1 [14726/14726] -> "/Users/briannazajicek/Documents/illuminairy/archives/curious-cardinals-2026-05-18/app-mentors/app.curiouscardinals.com/mentors/elise-larsson-1.html" [1]
2026-05-18 01:03:16 URL:https://app.curiouscardinals.com/mentors/lucas-friedmanspring [15050/15050] -> "/Users/briannazajicek/Documents/illuminairy/archives/curious-cardinals-2026-05-18/app-mentors/app.curiouscardinals.com/mentors/lucas-friedmanspring.html" [1]
2026-05-18 01:03:16 URL:https://app.curiouscardinals.com/mentors/victoria-ramos [12732/12732] -> "/Users/briannazajicek/Documents/illuminairy/archives/curious-cardinals-2026-05-18/app-mentors/app.curiouscardinals.com/mentors/victoria-ramos.html" [1]
2026-05-18 01:03:17 URL:https://app.curiouscardinals.com/mentors/michelle-hui [17067/17067] -> "/Users/briannazajicek/Documents/illuminairy/archives/curious-cardinals-2026-05-18/app-mentors/app.curiouscardinals.com/mentors/michelle-hui.html" [1]
2026-05-18 01:03:17 URL:https://app.curiouscardinals.com/mentors/cece-king [15557/15557] -> "/Users/briannazajicek/Documents/illuminairy/archives/curious-cardinals-2026-05-18/app-mentors/app.curiouscardinals.com/mentors/cece-king.html" [1]
2026-05-18 01:03:18 URL:https://app.curiouscardinals.com/mentors/daniel-mnatsakanian [12971/12971] -> "/Users/briannazajicek/Documents/illuminairy/archives/curious-cardinals-2026-05-18/app-mentors/app.curiouscardinals.com/mentors/daniel-mnatsakanian.html" [1]
2026-05-18 01:03:18 URL:https://app.curiouscardinals.com/mentors/aadi-gujral [14100/14100] -> "/Users/briannazajicek/Documents/illuminairy/archives/curious-cardinals-2026-05-18/app-mentors/app.curiouscardinals.com/mentors/aadi-gujral.html" [1]
2026-05-18 01:03:19 URL:https://app.curiouscardinals.com/mentors/saniya-vashist [16911/16911] -> "/Users/briannazajicek/Documents/illuminairy/archives/curious-cardinals-2026-05-18/app-mentors/app.curiouscardinals.com/mentors/saniya-vashist.html" [1]
2026-05-18 01:03:20 URL:https://app.curiouscardinals.com/mentors/ella-teich [14349/14349] -> "/Users/briannazajicek/Documents/illuminairy/archives/curious-cardinals-2026-05-18/app-mentors/app.curiouscardinals.com/mentors/ella-teich.html" [1]
2026-05-18 01:03:20 URL:https://app.curiouscardinals.com/mentors/ava-jeannette [23676/23676] -> "/Users/briannazajicek/Documents/illuminairy/archives/curious-cardinals-2026-05-18/app-mentors/app.curiouscardinals.com/mentors/ava-jeannette.html" [1]
2026-05-18 01:03:21 URL:https://app.curiouscardinals.com/mentors/ben-perez [13451/13451] -> "/Users/briannazajicek/Documents/illuminairy/archives/curious-cardinals-2026-05-18/app-mentors/app.curiouscardinals.com/mentors/ben-perez.html" [1]
2026-05-18 01:03:21 URL:https://app.curiouscardinals.com/mentors/ata-ozenci [16578/16578] -> "/Users/briannazajicek/Documents/illuminairy/archives/curious-cardinals-2026-05-18/app-mentors/app.curiouscardinals.com/mentors/ata-ozenci.html" [1]
2026-05-18 01:03:22 URL:https://app.curiouscardinals.com/mentors/cate-levy [17265/17265] -> "/Users/briannazajicek/Documents/illuminairy/archives/curious-cardinals-2026-05-18/app-mentors/app.curiouscardinals.com/mentors/cate-levy.html" [1]
2026-05-18 01:03:23 URL:https://app.curiouscardinals.com/mentors/faith-pena [19785/19785] -> "/Users/briannazajicek/Documents/illuminairy/archives/curious-cardinals-2026-05-18/app-mentors/app.curiouscardinals.com/mentors/faith-pena.html" [1]
2026-05-18 01:03:23 URL:https://app.curiouscardinals.com/mentors/alexa-weiss [14163/14163] -> "/Users/briannazajicek/Documents/illuminairy/archives/curious-cardinals-2026-05-18/app-mentors/app.curiouscardinals.com/mentors/alexa-weiss.html" [1]
2026-05-18 01:03:24 URL:https://app.curiouscardinals.com/mentors/morgan-lukinac [12610/12610] -> "/Users/briannazajicek/Documents/illuminairy/archives/curious-cardinals-2026-05-18/app-mentors/app.curiouscardinals.com/mentors/morgan-lukinac.html" [1]
2026-05-18 01:03:25 URL:https://app.curiouscardinals.com/mentors/vincent-huang [13510/13510] -> "/Users/briannazajicek/Documents/illuminairy/archives/curious-cardinals-2026-05-18/app-mentors/app.curiouscardinals.com/mentors/vincent-huang.html" [1]
2026-05-18 01:03:25 URL:https://app.curiouscardinals.com/mentors/michael-ford [16209/16209] -> "/Users/briannazajicek/Documents/illuminairy/archives/curious-cardinals-2026-05-18/app-mentors/app.curiouscardinals.com/mentors/michael-ford.html" [1]
2026-05-18 01:03:26 URL:https://app.curiouscardinals.com/mentors/gabriel-nagel [15664/15664] -> "/Users/briannazajicek/Documents/illuminairy/archives/curious-cardinals-2026-05-18/app-mentors/app.curiouscardinals.com/mentors/gabriel-nagel.html" [1]
2026-05-18 01:03:27 URL:https://app.curiouscardinals.com/mentors/matthew-chang [16280/16280] -> "/Users/briannazajicek/Documents/illuminairy/archives/curious-cardinals-2026-05-18/app-mentors/app.curiouscardinals.com/mentors/matthew-chang.html" [1]
2026-05-18 01:03:27 URL:https://app.curiouscardinals.com/mentors/carter-smith [15380/15380] -> "/Users/briannazajicek/Documents/illuminairy/archives/curious-cardinals-2026-05-18/app-mentors/app.curiouscardinals.com/mentors/carter-smith.html" [1]
2026-05-18 01:03:28 URL:https://app.curiouscardinals.com/mentors/john-weaver [23521/23521] -> "/Users/briannazajicek/Documents/illuminairy/archives/curious-cardinals-2026-05-18/app-mentors/app.curiouscardinals.com/mentors/john-weaver.html" [1]
2026-05-18 01:03:28 URL:https://app.curiouscardinals.com/mentors/karla-biery [17305/17305] -> "/Users/briannazajicek/Documents/illuminairy/archives/curious-cardinals-2026-05-18/app-mentors/app.curiouscardinals.com/mentors/karla-biery.html" [1]
2026-05-18 01:03:29 URL:https://app.curiouscardinals.com/mentors/sundeep-kaur [19035/19035] -> "/Users/briannazajicek/Documents/illuminairy/archives/curious-cardinals-2026-05-18/app-mentors/app.curiouscardinals.com/mentors/sundeep-kaur.html" [1]
2026-05-18 01:03:30 URL:https://app.curiouscardinals.com/mentors/lameck-beni [14562/14562] -> "/Users/briannazajicek/Documents/illuminairy/archives/curious-cardinals-2026-05-18/app-mentors/app.curiouscardinals.com/mentors/lameck-beni.html" [1]
2026-05-18 01:03:30 URL:https://app.curiouscardinals.com/mentors/ritvik-viniak [12570/12570] -> "/Users/briannazajicek/Documents/illuminairy/archives/curious-cardinals-2026-05-18/app-mentors/app.curiouscardinals.com/mentors/ritvik-viniak.html" [1]
2026-05-18 01:03:31 URL:https://app.curiouscardinals.com/mentors/miranda-deeths [20171/20171] -> "/Users/briannazajicek/Documents/illuminairy/archives/curious-cardinals-2026-05-18/app-mentors/app.curiouscardinals.com/mentors/miranda-deeths.html" [1]
2026-05-18 01:03:31 URL:https://app.curiouscardinals.com/mentors/kyra-ezikeuzor [15410/15410] -> "/Users/briannazajicek/Documents/illuminairy/archives/curious-cardinals-2026-05-18/app-mentors/app.curiouscardinals.com/mentors/kyra-ezikeuzor.html" [1]
2026-05-18 01:03:32 URL:https://app.curiouscardinals.com/mentors/steph-morenojimenez-1 [15274/15274] -> "/Users/briannazajicek/Documents/illuminairy/archives/curious-cardinals-2026-05-18/app-mentors/app.curiouscardinals.com/mentors/steph-morenojimenez-1.html" [1]
2026-05-18 01:03:33 URL:https://app.curiouscardinals.com/mentors/eliana-stern [8866/8866] -> "/Users/briannazajicek/Documents/illuminairy/archives/curious-cardinals-2026-05-18/app-mentors/app.curiouscardinals.com/mentors/eliana-stern.html" [1]
2026-05-18 01:03:34 URL:https://app.curiouscardinals.com/mentors/paul-rosu [17455/17455] -> "/Users/briannazajicek/Documents/illuminairy/archives/curious-cardinals-2026-05-18/app-mentors/app.curiouscardinals.com/mentors/paul-rosu.html" [1]
2026-05-18 01:03:35 URL:https://app.curiouscardinals.com/mentors/brandon-kopp [18379/18379] -> "/Users/briannazajicek/Documents/illuminairy/archives/curious-cardinals-2026-05-18/app-mentors/app.curiouscardinals.com/mentors/brandon-kopp.html" [1]
2026-05-18 01:03:36 URL:https://app.curiouscardinals.com/mentors/jaidyn-hurst-1 [14968/14968] -> "/Users/briannazajicek/Documents/illuminairy/archives/curious-cardinals-2026-05-18/app-mentors/app.curiouscardinals.com/mentors/jaidyn-hurst-1.html" [1]
2026-05-18 01:03:37 URL:https://app.curiouscardinals.com/mentors/cynthia-zhang [14146/14146] -> "/Users/briannazajicek/Documents/illuminairy/archives/curious-cardinals-2026-05-18/app-mentors/app.curiouscardinals.com/mentors/cynthia-zhang.html" [1]
2026-05-18 01:03:38 URL:https://app.curiouscardinals.com/mentors/olivia-schwartz [16780/16780] -> "/Users/briannazajicek/Documents/illuminairy/archives/curious-cardinals-2026-05-18/app-mentors/app.curiouscardinals.com/mentors/olivia-schwartz.html" [1]
2026-05-18 01:03:40 URL:https://app.curiouscardinals.com/mentors/william-yang [17539/17539] -> "/Users/briannazajicek/Documents/illuminairy/archives/curious-cardinals-2026-05-18/app-mentors/app.curiouscardinals.com/mentors/william-yang.html" [1]
2026-05-18 01:03:41 URL:https://app.curiouscardinals.com/mentors/sophia-kennett [13256/13256] -> "/Users/briannazajicek/Documents/illuminairy/archives/curious-cardinals-2026-05-18/app-mentors/app.curiouscardinals.com/mentors/sophia-kennett.html" [1]
2026-05-18 01:03:42 URL:https://app.curiouscardinals.com/mentors/anthony-wang [12264/12264] -> "/Users/briannazajicek/Documents/illuminairy/archives/curious-cardinals-2026-05-18/app-mentors/app.curiouscardinals.com/mentors/anthony-wang.html" [1]
2026-05-18 01:03:43 URL:https://app.curiouscardinals.com/mentors/steven-liao [16833/16833] -> "/Users/briannazajicek/Documents/illuminairy/archives/curious-cardinals-2026-05-18/app-mentors/app.curiouscardinals.com/mentors/steven-liao.html" [1]
2026-05-18 01:03:43 URL:https://app.curiouscardinals.com/mentors/noel-seo [20610/20610] -> "/Users/briannazajicek/Documents/illuminairy/archives/curious-cardinals-2026-05-18/app-mentors/app.curiouscardinals.com/mentors/noel-seo.html" [1]
2026-05-18 01:03:44 URL:https://app.curiouscardinals.com/mentors/eldad-tolla [18416/18416] -> "/Users/briannazajicek/Documents/illuminairy/archives/curious-cardinals-2026-05-18/app-mentors/app.curiouscardinals.com/mentors/eldad-tolla.html" [1]
2026-05-18 01:03:45 URL:https://app.curiouscardinals.com/mentors/hannah-pescaru [13319/13319] -> "/Users/briannazajicek/Documents/illuminairy/archives/curious-cardinals-2026-05-18/app-mentors/app.curiouscardinals.com/mentors/hannah-pescaru.html" [1]
2026-05-18 01:03:46 URL:https://app.curiouscardinals.com/mentors/makayla-fradin [13692/13692] -> "/Users/briannazajicek/Documents/illuminairy/archives/curious-cardinals-2026-05-18/app-mentors/app.curiouscardinals.com/mentors/makayla-fradin.html" [1]
2026-05-18 01:03:47 URL:https://app.curiouscardinals.com/mentors/johnny-jang [13068/13068] -> "/Users/briannazajicek/Documents/illuminairy/archives/curious-cardinals-2026-05-18/app-mentors/app.curiouscardinals.com/mentors/johnny-jang.html" [1]
2026-05-18 01:03:48 URL:https://app.curiouscardinals.com/mentors/beckett-elkins [13386/13386] -> "/Users/briannazajicek/Documents/illuminairy/archives/curious-cardinals-2026-05-18/app-mentors/app.curiouscardinals.com/mentors/beckett-elkins.html" [1]
2026-05-18 01:03:49 URL:https://app.curiouscardinals.com/mentors/jason-chang [16797/16797] -> "/Users/briannazajicek/Documents/illuminairy/archives/curious-cardinals-2026-05-18/app-mentors/app.curiouscardinals.com/mentors/jason-chang.html" [1]
2026-05-18 01:03:51 URL:https://app.curiouscardinals.com/mentors/anna-tranum [14961/14961] -> "/Users/briannazajicek/Documents/illuminairy/archives/curious-cardinals-2026-05-18/app-mentors/app.curiouscardinals.com/mentors/anna-tranum.html" [1]
2026-05-18 01:03:52 URL:https://app.curiouscardinals.com/mentors/matias-castaneda [12505/12505] -> "/Users/briannazajicek/Documents/illuminairy/archives/curious-cardinals-2026-05-18/app-mentors/app.curiouscardinals.com/mentors/matias-castaneda.html" [1]
2026-05-18 01:03:53 URL:https://app.curiouscardinals.com/mentors/anirudh-meyyappan [19313/19313] -> "/Users/briannazajicek/Documents/illuminairy/archives/curious-cardinals-2026-05-18/app-mentors/app.curiouscardinals.com/mentors/anirudh-meyyappan.html" [1]
2026-05-18 01:03:54 URL:https://app.curiouscardinals.com/mentors/stephen-trainor [16940/16940] -> "/Users/briannazajicek/Documents/illuminairy/archives/curious-cardinals-2026-05-18/app-mentors/app.curiouscardinals.com/mentors/stephen-trainor.html" [1]
2026-05-18 01:03:55 URL:https://app.curiouscardinals.com/mentors/prince-nwalozie [18212/18212] -> "/Users/briannazajicek/Documents/illuminairy/archives/curious-cardinals-2026-05-18/app-mentors/app.curiouscardinals.com/mentors/prince-nwalozie.html" [1]
2026-05-18 01:03:56 URL:https://app.curiouscardinals.com/mentors/justine-karp [14944/14944] -> "/Users/briannazajicek/Documents/illuminairy/archives/curious-cardinals-2026-05-18/app-mentors/app.curiouscardinals.com/mentors/justine-karp.html" [1]
2026-05-18 01:03:56 URL:https://app.curiouscardinals.com/mentors/valentina-cuellar [12709/12709] -> "/Users/briannazajicek/Documents/illuminairy/archives/curious-cardinals-2026-05-18/app-mentors/app.curiouscardinals.com/mentors/valentina-cuellar.html" [1]
2026-05-18 01:03:57 URL:https://app.curiouscardinals.com/mentors/anna-elizabeth-1 [14301/14301] -> "/Users/briannazajicek/Documents/illuminairy/archives/curious-cardinals-2026-05-18/app-mentors/app.curiouscardinals.com/mentors/anna-elizabeth-1.html" [1]
2026-05-18 01:03:58 URL:https://app.curiouscardinals.com/mentors/marian-caballo [19755/19755] -> "/Users/briannazajicek/Documents/illuminairy/archives/curious-cardinals-2026-05-18/app-mentors/app.curiouscardinals.com/mentors/marian-caballo.html" [1]
2026-05-18 01:03:59 URL:https://app.curiouscardinals.com/mentors/jeongmi-ahn [16200/16200] -> "/Users/briannazajicek/Documents/illuminairy/archives/curious-cardinals-2026-05-18/app-mentors/app.curiouscardinals.com/mentors/jeongmi-ahn.html" [1]
2026-05-18 01:03:59 URL:https://app.curiouscardinals.com/mentors/carter-hollingsworth [15772/15772] -> "/Users/briannazajicek/Documents/illuminairy/archives/curious-cardinals-2026-05-18/app-mentors/app.curiouscardinals.com/mentors/carter-hollingsworth.html" [1]
2026-05-18 01:04:00 URL:https://app.curiouscardinals.com/mentors/marissa-joseph [15795/15795] -> "/Users/briannazajicek/Documents/illuminairy/archives/curious-cardinals-2026-05-18/app-mentors/app.curiouscardinals.com/mentors/marissa-joseph.html" [1]
2026-05-18 01:04:00 URL:https://app.curiouscardinals.com/mentors/eleanor-tapping [15317/15317] -> "/Users/briannazajicek/Documents/illuminairy/archives/curious-cardinals-2026-05-18/app-mentors/app.curiouscardinals.com/mentors/eleanor-tapping.html" [1]
2026-05-18 01:04:01 URL:https://app.curiouscardinals.com/mentors/kathleen-mazzu [17370/17370] -> "/Users/briannazajicek/Documents/illuminairy/archives/curious-cardinals-2026-05-18/app-mentors/app.curiouscardinals.com/mentors/kathleen-mazzu.html" [1]
2026-05-18 01:04:02 URL:https://app.curiouscardinals.com/mentors/shubhan-bhattacharya [15590/15590] -> "/Users/briannazajicek/Documents/illuminairy/archives/curious-cardinals-2026-05-18/app-mentors/app.curiouscardinals.com/mentors/shubhan-bhattacharya.html" [1]
2026-05-18 01:04:02 URL:https://app.curiouscardinals.com/mentors/samuel-howard [15811/15811] -> "/Users/briannazajicek/Documents/illuminairy/archives/curious-cardinals-2026-05-18/app-mentors/app.curiouscardinals.com/mentors/samuel-howard.html" [1]
2026-05-18 01:04:02 URL:https://app.curiouscardinals.com/mentors/kathryn-spiegel [15830/15830] -> "/Users/briannazajicek/Documents/illuminairy/archives/curious-cardinals-2026-05-18/app-mentors/app.curiouscardinals.com/mentors/kathryn-spiegel.html" [1]
2026-05-18 01:04:03 URL:https://app.curiouscardinals.com/mentors/chloe-wong [14809/14809] -> "/Users/briannazajicek/Documents/illuminairy/archives/curious-cardinals-2026-05-18/app-mentors/app.curiouscardinals.com/mentors/chloe-wong.html" [1]
2026-05-18 01:04:03 URL:https://app.curiouscardinals.com/mentors/janelle-tecson [20610/20610] -> "/Users/briannazajicek/Documents/illuminairy/archives/curious-cardinals-2026-05-18/app-mentors/app.curiouscardinals.com/mentors/janelle-tecson.html" [1]
2026-05-18 01:04:04 URL:https://app.curiouscardinals.com/mentors/jude-farley [9081/9081] -> "/Users/briannazajicek/Documents/illuminairy/archives/curious-cardinals-2026-05-18/app-mentors/app.curiouscardinals.com/mentors/jude-farley.html" [1]
2026-05-18 01:04:05 URL:https://app.curiouscardinals.com/mentors/libby-markham [13526/13526] -> "/Users/briannazajicek/Documents/illuminairy/archives/curious-cardinals-2026-05-18/app-mentors/app.curiouscardinals.com/mentors/libby-markham.html" [1]
2026-05-18 01:04:06 URL:https://app.curiouscardinals.com/mentors/julia-thompson [13914/13914] -> "/Users/briannazajicek/Documents/illuminairy/archives/curious-cardinals-2026-05-18/app-mentors/app.curiouscardinals.com/mentors/julia-thompson.html" [1]
2026-05-18 01:04:07 URL:https://app.curiouscardinals.com/mentors/logan-wojcik [15470/15470] -> "/Users/briannazajicek/Documents/illuminairy/archives/curious-cardinals-2026-05-18/app-mentors/app.curiouscardinals.com/mentors/logan-wojcik.html" [1]
2026-05-18 01:04:08 URL:https://app.curiouscardinals.com/mentors/jacob-kao-1 [13304/13304] -> "/Users/briannazajicek/Documents/illuminairy/archives/curious-cardinals-2026-05-18/app-mentors/app.curiouscardinals.com/mentors/jacob-kao-1.html" [1]
2026-05-18 01:04:09 URL:https://app.curiouscardinals.com/mentors/lydia-yilekal-1 [11543/11543] -> "/Users/briannazajicek/Documents/illuminairy/archives/curious-cardinals-2026-05-18/app-mentors/app.curiouscardinals.com/mentors/lydia-yilekal-1.html" [1]
2026-05-18 01:04:10 URL:https://app.curiouscardinals.com/mentors/raefa-malik [15182/15182] -> "/Users/briannazajicek/Documents/illuminairy/archives/curious-cardinals-2026-05-18/app-mentors/app.curiouscardinals.com/mentors/raefa-malik.html" [1]
2026-05-18 01:04:11 URL:https://app.curiouscardinals.com/mentors/nika-gottlieb [17482/17482] -> "/Users/briannazajicek/Documents/illuminairy/archives/curious-cardinals-2026-05-18/app-mentors/app.curiouscardinals.com/mentors/nika-gottlieb.html" [1]
2026-05-18 01:04:13 URL:https://app.curiouscardinals.com/mentors/liya-fasil-1 [15588/15588] -> "/Users/briannazajicek/Documents/illuminairy/archives/curious-cardinals-2026-05-18/app-mentors/app.curiouscardinals.com/mentors/liya-fasil-1.html" [1]
2026-05-18 01:04:14 URL:https://app.curiouscardinals.com/mentors/camila-young [15085/15085] -> "/Users/briannazajicek/Documents/illuminairy/archives/curious-cardinals-2026-05-18/app-mentors/app.curiouscardinals.com/mentors/camila-young.html" [1]
2026-05-18 01:04:15 URL:https://app.curiouscardinals.com/mentors/valeria-gonzalez [8870/8870] -> "/Users/briannazajicek/Documents/illuminairy/archives/curious-cardinals-2026-05-18/app-mentors/app.curiouscardinals.com/mentors/valeria-gonzalez.html" [1]
2026-05-18 01:04:16 URL:https://app.curiouscardinals.com/mentors/haeun-moon [15708/15708] -> "/Users/briannazajicek/Documents/illuminairy/archives/curious-cardinals-2026-05-18/app-mentors/app.curiouscardinals.com/mentors/haeun-moon.html" [1]
2026-05-18 01:04:18 URL:https://app.curiouscardinals.com/mentors/paulina-terrazas [8432/8432] -> "/Users/briannazajicek/Documents/illuminairy/archives/curious-cardinals-2026-05-18/app-mentors/app.curiouscardinals.com/mentors/paulina-terrazas.html" [1]
2026-05-18 01:04:18 URL:https://app.curiouscardinals.com/mentors/elara-karimi [17877/17877] -> "/Users/briannazajicek/Documents/illuminairy/archives/curious-cardinals-2026-05-18/app-mentors/app.curiouscardinals.com/mentors/elara-karimi.html" [1]
2026-05-18 01:04:19 URL:https://app.curiouscardinals.com/mentors/tad-carney [12062/12062] -> "/Users/briannazajicek/Documents/illuminairy/archives/curious-cardinals-2026-05-18/app-mentors/app.curiouscardinals.com/mentors/tad-carney.html" [1]
2026-05-18 01:04:20 URL:https://app.curiouscardinals.com/mentors/owen-brock [9810/9810] -> "/Users/briannazajicek/Documents/illuminairy/archives/curious-cardinals-2026-05-18/app-mentors/app.curiouscardinals.com/mentors/owen-brock.html" [1]
2026-05-18 01:04:21 URL:https://app.curiouscardinals.com/mentors/anisha-giri-1 [13020/13020] -> "/Users/briannazajicek/Documents/illuminairy/archives/curious-cardinals-2026-05-18/app-mentors/app.curiouscardinals.com/mentors/anisha-giri-1.html" [1]
2026-05-18 01:04:22 URL:https://app.curiouscardinals.com/mentors/tess-gray [16301/16301] -> "/Users/briannazajicek/Documents/illuminairy/archives/curious-cardinals-2026-05-18/app-mentors/app.curiouscardinals.com/mentors/tess-gray.html" [1]
2026-05-18 01:04:24 URL:https://app.curiouscardinals.com/mentors/charlotte-lo [15566/15566] -> "/Users/briannazajicek/Documents/illuminairy/archives/curious-cardinals-2026-05-18/app-mentors/app.curiouscardinals.com/mentors/charlotte-lo.html" [1]
2026-05-18 01:04:25 URL:https://app.curiouscardinals.com/mentors/joe-dittmann [18643/18643] -> "/Users/briannazajicek/Documents/illuminairy/archives/curious-cardinals-2026-05-18/app-mentors/app.curiouscardinals.com/mentors/joe-dittmann.html" [1]
2026-05-18 01:04:26 URL:https://app.curiouscardinals.com/mentors/collin-finnan-1 [16130/16130] -> "/Users/briannazajicek/Documents/illuminairy/archives/curious-cardinals-2026-05-18/app-mentors/app.curiouscardinals.com/mentors/collin-finnan-1.html" [1]
2026-05-18 01:04:27 URL:https://app.curiouscardinals.com/mentors/alexa-torres [15820/15820] -> "/Users/briannazajicek/Documents/illuminairy/archives/curious-cardinals-2026-05-18/app-mentors/app.curiouscardinals.com/mentors/alexa-torres.html" [1]
2026-05-18 01:04:28 URL:https://app.curiouscardinals.com/mentors/yoon-jae-3 [14339/14339] -> "/Users/briannazajicek/Documents/illuminairy/archives/curious-cardinals-2026-05-18/app-mentors/app.curiouscardinals.com/mentors/yoon-jae-3.html" [1]
2026-05-18 01:04:29 URL:https://app.curiouscardinals.com/mentors/arihant-jain [11575/11575] -> "/Users/briannazajicek/Documents/illuminairy/archives/curious-cardinals-2026-05-18/app-mentors/app.curiouscardinals.com/mentors/arihant-jain.html" [1]
2026-05-18 01:04:30 URL:https://app.curiouscardinals.com/mentors/breanna-hibbert-1 [12486/12486] -> "/Users/briannazajicek/Documents/illuminairy/archives/curious-cardinals-2026-05-18/app-mentors/app.curiouscardinals.com/mentors/breanna-hibbert-1.html" [1]
2026-05-18 01:04:31 URL:https://app.curiouscardinals.com/mentors/arya-bhushan [8331/8331] -> "/Users/briannazajicek/Documents/illuminairy/archives/curious-cardinals-2026-05-18/app-mentors/app.curiouscardinals.com/mentors/arya-bhushan.html" [1]
2026-05-18 01:04:32 URL:https://app.curiouscardinals.com/mentors/damon-choy [16356/16356] -> "/Users/briannazajicek/Documents/illuminairy/archives/curious-cardinals-2026-05-18/app-mentors/app.curiouscardinals.com/mentors/damon-choy.html" [1]
2026-05-18 01:04:33 URL:https://app.curiouscardinals.com/mentors/otis-knapper-1 [13636/13636] -> "/Users/briannazajicek/Documents/illuminairy/archives/curious-cardinals-2026-05-18/app-mentors/app.curiouscardinals.com/mentors/otis-knapper-1.html" [1]
2026-05-18 01:04:34 URL:https://app.curiouscardinals.com/mentors/vanessa-wilson [13839/13839] -> "/Users/briannazajicek/Documents/illuminairy/archives/curious-cardinals-2026-05-18/app-mentors/app.curiouscardinals.com/mentors/vanessa-wilson.html" [1]
2026-05-18 01:04:35 URL:https://app.curiouscardinals.com/mentors/ethan-aguiar [15895/15895] -> "/Users/briannazajicek/Documents/illuminairy/archives/curious-cardinals-2026-05-18/app-mentors/app.curiouscardinals.com/mentors/ethan-aguiar.html" [1]
2026-05-18 01:04:36 URL:https://app.curiouscardinals.com/mentors/nolan-wu [17265/17265] -> "/Users/briannazajicek/Documents/illuminairy/archives/curious-cardinals-2026-05-18/app-mentors/app.curiouscardinals.com/mentors/nolan-wu.html" [1]
2026-05-18 01:04:36 URL:https://app.curiouscardinals.com/mentors/jessica-li [13952/13952] -> "/Users/briannazajicek/Documents/illuminairy/archives/curious-cardinals-2026-05-18/app-mentors/app.curiouscardinals.com/mentors/jessica-li.html" [1]
2026-05-18 01:04:37 URL:https://app.curiouscardinals.com/mentors/catherine-lee [17666/17666] -> "/Users/briannazajicek/Documents/illuminairy/archives/curious-cardinals-2026-05-18/app-mentors/app.curiouscardinals.com/mentors/catherine-lee.html" [1]
2026-05-18 01:04:38 URL:https://app.curiouscardinals.com/mentors/kosi-lewis [13729/13729] -> "/Users/briannazajicek/Documents/illuminairy/archives/curious-cardinals-2026-05-18/app-mentors/app.curiouscardinals.com/mentors/kosi-lewis.html" [1]
2026-05-18 01:04:39 URL:https://app.curiouscardinals.com/mentors/carsten-peters [11662/11662] -> "/Users/briannazajicek/Documents/illuminairy/archives/curious-cardinals-2026-05-18/app-mentors/app.curiouscardinals.com/mentors/carsten-peters.html" [1]
2026-05-18 01:04:41 URL:https://app.curiouscardinals.com/mentors/jack-shadden [18039/18039] -> "/Users/briannazajicek/Documents/illuminairy/archives/curious-cardinals-2026-05-18/app-mentors/app.curiouscardinals.com/mentors/jack-shadden.html" [1]
2026-05-18 01:04:42 URL:https://app.curiouscardinals.com/mentors/sonali-sinha [21781/21781] -> "/Users/briannazajicek/Documents/illuminairy/archives/curious-cardinals-2026-05-18/app-mentors/app.curiouscardinals.com/mentors/sonali-sinha.html" [1]
2026-05-18 01:04:42 URL:https://app.curiouscardinals.com/mentors/annie-liu [15850/15850] -> "/Users/briannazajicek/Documents/illuminairy/archives/curious-cardinals-2026-05-18/app-mentors/app.curiouscardinals.com/mentors/annie-liu.html" [1]
2026-05-18 01:04:44 URL:https://app.curiouscardinals.com/mentors/hannah-kurczeski [14675/14675] -> "/Users/briannazajicek/Documents/illuminairy/archives/curious-cardinals-2026-05-18/app-mentors/app.curiouscardinals.com/mentors/hannah-kurczeski.html" [1]
2026-05-18 01:04:45 URL:https://app.curiouscardinals.com/mentors/sweta-karki [14883/14883] -> "/Users/briannazajicek/Documents/illuminairy/archives/curious-cardinals-2026-05-18/app-mentors/app.curiouscardinals.com/mentors/sweta-karki.html" [1]
2026-05-18 01:04:46 URL:https://app.curiouscardinals.com/mentors/andre-ferreira [20307/20307] -> "/Users/briannazajicek/Documents/illuminairy/archives/curious-cardinals-2026-05-18/app-mentors/app.curiouscardinals.com/mentors/andre-ferreira.html" [1]
2026-05-18 01:04:47 URL:https://app.curiouscardinals.com/mentors/giannka-picache [13776/13776] -> "/Users/briannazajicek/Documents/illuminairy/archives/curious-cardinals-2026-05-18/app-mentors/app.curiouscardinals.com/mentors/giannka-picache.html" [1]
2026-05-18 01:04:48 URL:https://app.curiouscardinals.com/mentors/eunice-lee [14567/14567] -> "/Users/briannazajicek/Documents/illuminairy/archives/curious-cardinals-2026-05-18/app-mentors/app.curiouscardinals.com/mentors/eunice-lee.html" [1]
2026-05-18 01:04:49 URL:https://app.curiouscardinals.com/mentors/marc-chappelle [12128/12128] -> "/Users/briannazajicek/Documents/illuminairy/archives/curious-cardinals-2026-05-18/app-mentors/app.curiouscardinals.com/mentors/marc-chappelle.html" [1]
2026-05-18 01:04:50 URL:https://app.curiouscardinals.com/mentors/mansi-more [21737/21737] -> "/Users/briannazajicek/Documents/illuminairy/archives/curious-cardinals-2026-05-18/app-mentors/app.curiouscardinals.com/mentors/mansi-more.html" [1]
2026-05-18 01:04:50 URL:https://app.curiouscardinals.com/mentors/sophia-fodor-1 [14253/14253] -> "/Users/briannazajicek/Documents/illuminairy/archives/curious-cardinals-2026-05-18/app-mentors/app.curiouscardinals.com/mentors/sophia-fodor-1.html" [1]
2026-05-18 01:04:51 URL:https://app.curiouscardinals.com/mentors/oliver-goldman [12693/12693] -> "/Users/briannazajicek/Documents/illuminairy/archives/curious-cardinals-2026-05-18/app-mentors/app.curiouscardinals.com/mentors/oliver-goldman.html" [1]
2026-05-18 01:04:52 URL:https://app.curiouscardinals.com/mentors/annalise-peterson [13029/13029] -> "/Users/briannazajicek/Documents/illuminairy/archives/curious-cardinals-2026-05-18/app-mentors/app.curiouscardinals.com/mentors/annalise-peterson.html" [1]
2026-05-18 01:04:53 URL:https://app.curiouscardinals.com/mentors/baillie-weil-1 [13248/13248] -> "/Users/briannazajicek/Documents/illuminairy/archives/curious-cardinals-2026-05-18/app-mentors/app.curiouscardinals.com/mentors/baillie-weil-1.html" [1]
2026-05-18 01:04:54 URL:https://app.curiouscardinals.com/mentors/nihar-kummetha [16210/16210] -> "/Users/briannazajicek/Documents/illuminairy/archives/curious-cardinals-2026-05-18/app-mentors/app.curiouscardinals.com/mentors/nihar-kummetha.html" [1]
2026-05-18 01:04:56 URL:https://app.curiouscardinals.com/mentors/aaron-zhao [12651/12651] -> "/Users/briannazajicek/Documents/illuminairy/archives/curious-cardinals-2026-05-18/app-mentors/app.curiouscardinals.com/mentors/aaron-zhao.html" [1]
2026-05-18 01:04:56 URL:https://app.curiouscardinals.com/mentors/neil-sanderson [15517/15517] -> "/Users/briannazajicek/Documents/illuminairy/archives/curious-cardinals-2026-05-18/app-mentors/app.curiouscardinals.com/mentors/neil-sanderson.html" [1]
2026-05-18 01:04:57 URL:https://app.curiouscardinals.com/mentors/sam-perez-1 [13532/13532] -> "/Users/briannazajicek/Documents/illuminairy/archives/curious-cardinals-2026-05-18/app-mentors/app.curiouscardinals.com/mentors/sam-perez-1.html" [1]
2026-05-18 01:04:58 URL:https://app.curiouscardinals.com/mentors/charmaine-guo-1 [21099/21099] -> "/Users/briannazajicek/Documents/illuminairy/archives/curious-cardinals-2026-05-18/app-mentors/app.curiouscardinals.com/mentors/charmaine-guo-1.html" [1]
2026-05-18 01:04:59 URL:https://app.curiouscardinals.com/mentors/eli-blumkin [12570/12570] -> "/Users/briannazajicek/Documents/illuminairy/archives/curious-cardinals-2026-05-18/app-mentors/app.curiouscardinals.com/mentors/eli-blumkin.html" [1]
2026-05-18 01:05:00 URL:https://app.curiouscardinals.com/mentors/matthew-fields [13420/13420] -> "/Users/briannazajicek/Documents/illuminairy/archives/curious-cardinals-2026-05-18/app-mentors/app.curiouscardinals.com/mentors/matthew-fields.html" [1]
2026-05-18 01:05:01 URL:https://app.curiouscardinals.com/mentors/jake-miller-1 [12556/12556] -> "/Users/briannazajicek/Documents/illuminairy/archives/curious-cardinals-2026-05-18/app-mentors/app.curiouscardinals.com/mentors/jake-miller-1.html" [1]
2026-05-18 01:05:02 URL:https://app.curiouscardinals.com/mentors/claire-paul [11039/11039] -> "/Users/briannazajicek/Documents/illuminairy/archives/curious-cardinals-2026-05-18/app-mentors/app.curiouscardinals.com/mentors/claire-paul.html" [1]
2026-05-18 01:05:03 URL:https://app.curiouscardinals.com/mentors/saudia-usher-1 [16696/16696] -> "/Users/briannazajicek/Documents/illuminairy/archives/curious-cardinals-2026-05-18/app-mentors/app.curiouscardinals.com/mentors/saudia-usher-1.html" [1]
2026-05-18 01:05:04 URL:https://app.curiouscardinals.com/mentors/patrick-ruibin [14611/14611] -> "/Users/briannazajicek/Documents/illuminairy/archives/curious-cardinals-2026-05-18/app-mentors/app.curiouscardinals.com/mentors/patrick-ruibin.html" [1]
2026-05-18 01:05:05 URL:https://app.curiouscardinals.com/mentors/akshara-santoshkumar [14954/14954] -> "/Users/briannazajicek/Documents/illuminairy/archives/curious-cardinals-2026-05-18/app-mentors/app.curiouscardinals.com/mentors/akshara-santoshkumar.html" [1]
2026-05-18 01:05:06 URL:https://app.curiouscardinals.com/mentors/alexander-barry [14718/14718] -> "/Users/briannazajicek/Documents/illuminairy/archives/curious-cardinals-2026-05-18/app-mentors/app.curiouscardinals.com/mentors/alexander-barry.html" [1]
2026-05-18 01:05:07 URL:https://app.curiouscardinals.com/mentors/daniel-oh-2 [10504/10504] -> "/Users/briannazajicek/Documents/illuminairy/archives/curious-cardinals-2026-05-18/app-mentors/app.curiouscardinals.com/mentors/daniel-oh-2.html" [1]
2026-05-18 01:05:08 URL:https://app.curiouscardinals.com/mentors/sashank-gadisetti [17603/17603] -> "/Users/briannazajicek/Documents/illuminairy/archives/curious-cardinals-2026-05-18/app-mentors/app.curiouscardinals.com/mentors/sashank-gadisetti.html" [1]
2026-05-18 01:05:08 URL:https://app.curiouscardinals.com/mentors/abubakar-sial [17134/17134] -> "/Users/briannazajicek/Documents/illuminairy/archives/curious-cardinals-2026-05-18/app-mentors/app.curiouscardinals.com/mentors/abubakar-sial.html" [1]
2026-05-18 01:05:09 URL:https://app.curiouscardinals.com/mentors/jayden-geneus [14752/14752] -> "/Users/briannazajicek/Documents/illuminairy/archives/curious-cardinals-2026-05-18/app-mentors/app.curiouscardinals.com/mentors/jayden-geneus.html" [1]
2026-05-18 01:05:09 URL:https://app.curiouscardinals.com/mentors/niki-yoon [14648/14648] -> "/Users/briannazajicek/Documents/illuminairy/archives/curious-cardinals-2026-05-18/app-mentors/app.curiouscardinals.com/mentors/niki-yoon.html" [1]
2026-05-18 01:05:10 URL:https://app.curiouscardinals.com/mentors/john-yun [15780/15780] -> "/Users/briannazajicek/Documents/illuminairy/archives/curious-cardinals-2026-05-18/app-mentors/app.curiouscardinals.com/mentors/john-yun.html" [1]
2026-05-18 01:05:11 URL:https://app.curiouscardinals.com/mentors/mia-nicolosi [15412/15412] -> "/Users/briannazajicek/Documents/illuminairy/archives/curious-cardinals-2026-05-18/app-mentors/app.curiouscardinals.com/mentors/mia-nicolosi.html" [1]
2026-05-18 01:05:11 URL:https://app.curiouscardinals.com/mentors/aditya-jain-1 [15367/15367] -> "/Users/briannazajicek/Documents/illuminairy/archives/curious-cardinals-2026-05-18/app-mentors/app.curiouscardinals.com/mentors/aditya-jain-1.html" [1]
2026-05-18 01:05:12 URL:https://app.curiouscardinals.com/mentors/lea-herzfeld [14646/14646] -> "/Users/briannazajicek/Documents/illuminairy/archives/curious-cardinals-2026-05-18/app-mentors/app.curiouscardinals.com/mentors/lea-herzfeld.html" [1]
2026-05-18 01:05:12 URL:https://app.curiouscardinals.com/mentors/iman-khanbhai [15441/15441] -> "/Users/briannazajicek/Documents/illuminairy/archives/curious-cardinals-2026-05-18/app-mentors/app.curiouscardinals.com/mentors/iman-khanbhai.html" [1]
2026-05-18 01:05:13 URL:https://app.curiouscardinals.com/mentors/tricia-derecho [15378/15378] -> "/Users/briannazajicek/Documents/illuminairy/archives/curious-cardinals-2026-05-18/app-mentors/app.curiouscardinals.com/mentors/tricia-derecho.html" [1]
2026-05-18 01:05:13 URL:https://app.curiouscardinals.com/mentors/anya-sheila [14803/14803] -> "/Users/briannazajicek/Documents/illuminairy/archives/curious-cardinals-2026-05-18/app-mentors/app.curiouscardinals.com/mentors/anya-sheila.html" [1]
2026-05-18 01:05:14 URL:https://app.curiouscardinals.com/mentors/sofia-cobos [18087/18087] -> "/Users/briannazajicek/Documents/illuminairy/archives/curious-cardinals-2026-05-18/app-mentors/app.curiouscardinals.com/mentors/sofia-cobos.html" [1]
2026-05-18 01:05:14 URL:https://app.curiouscardinals.com/mentors/greta-garrison [12112/12112] -> "/Users/briannazajicek/Documents/illuminairy/archives/curious-cardinals-2026-05-18/app-mentors/app.curiouscardinals.com/mentors/greta-garrison.html" [1]
2026-05-18 01:05:15 URL:https://app.curiouscardinals.com/mentors/stephanie-castaneda [16224/16224] -> "/Users/briannazajicek/Documents/illuminairy/archives/curious-cardinals-2026-05-18/app-mentors/app.curiouscardinals.com/mentors/stephanie-castaneda.html" [1]
2026-05-18 01:05:15 URL:https://app.curiouscardinals.com/mentors/carla-decombes-1 [14493/14493] -> "/Users/briannazajicek/Documents/illuminairy/archives/curious-cardinals-2026-05-18/app-mentors/app.curiouscardinals.com/mentors/carla-decombes-1.html" [1]
2026-05-18 01:05:16 URL:https://app.curiouscardinals.com/mentors/aaron-chao [13043/13043] -> "/Users/briannazajicek/Documents/illuminairy/archives/curious-cardinals-2026-05-18/app-mentors/app.curiouscardinals.com/mentors/aaron-chao.html" [1]
2026-05-18 01:05:17 URL:https://app.curiouscardinals.com/mentors/henry-sanderson [7416/7416] -> "/Users/briannazajicek/Documents/illuminairy/archives/curious-cardinals-2026-05-18/app-mentors/app.curiouscardinals.com/mentors/henry-sanderson.html" [1]
2026-05-18 01:05:17 URL:https://app.curiouscardinals.com/mentors/linden-hansen [14648/14648] -> "/Users/briannazajicek/Documents/illuminairy/archives/curious-cardinals-2026-05-18/app-mentors/app.curiouscardinals.com/mentors/linden-hansen.html" [1]
2026-05-18 01:05:18 URL:https://app.curiouscardinals.com/mentors/andrew-hong [15236/15236] -> "/Users/briannazajicek/Documents/illuminairy/archives/curious-cardinals-2026-05-18/app-mentors/app.curiouscardinals.com/mentors/andrew-hong.html" [1]
2026-05-18 01:05:18 URL:https://app.curiouscardinals.com/mentors/jyotsna-hira [18165/18165] -> "/Users/briannazajicek/Documents/illuminairy/archives/curious-cardinals-2026-05-18/app-mentors/app.curiouscardinals.com/mentors/jyotsna-hira.html" [1]
2026-05-18 01:05:19 URL:https://app.curiouscardinals.com/mentors/matthew-jackson [19270/19270] -> "/Users/briannazajicek/Documents/illuminairy/archives/curious-cardinals-2026-05-18/app-mentors/app.curiouscardinals.com/mentors/matthew-jackson.html" [1]
2026-05-18 01:05:20 URL:https://app.curiouscardinals.com/mentors/kennedy-carroll [13852/13852] -> "/Users/briannazajicek/Documents/illuminairy/archives/curious-cardinals-2026-05-18/app-mentors/app.curiouscardinals.com/mentors/kennedy-carroll.html" [1]
2026-05-18 01:05:20 URL:https://app.curiouscardinals.com/mentors/calum-james [18599/18599] -> "/Users/briannazajicek/Documents/illuminairy/archives/curious-cardinals-2026-05-18/app-mentors/app.curiouscardinals.com/mentors/calum-james.html" [1]
2026-05-18 01:05:21 URL:https://app.curiouscardinals.com/mentors/tendo-kalule [14211/14211] -> "/Users/briannazajicek/Documents/illuminairy/archives/curious-cardinals-2026-05-18/app-mentors/app.curiouscardinals.com/mentors/tendo-kalule.html" [1]
2026-05-18 01:05:21 URL:https://app.curiouscardinals.com/mentors/chetanya-pandey [12301/12301] -> "/Users/briannazajicek/Documents/illuminairy/archives/curious-cardinals-2026-05-18/app-mentors/app.curiouscardinals.com/mentors/chetanya-pandey.html" [1]
2026-05-18 01:05:22 URL:https://app.curiouscardinals.com/mentors/andre-aguiar [16457/16457] -> "/Users/briannazajicek/Documents/illuminairy/archives/curious-cardinals-2026-05-18/app-mentors/app.curiouscardinals.com/mentors/andre-aguiar.html" [1]
2026-05-18 01:05:22 URL:https://app.curiouscardinals.com/mentors/fiona-price-1 [17228/17228] -> "/Users/briannazajicek/Documents/illuminairy/archives/curious-cardinals-2026-05-18/app-mentors/app.curiouscardinals.com/mentors/fiona-price-1.html" [1]
2026-05-18 01:05:23 URL:https://app.curiouscardinals.com/mentors/laura-coe [17950/17950] -> "/Users/briannazajicek/Documents/illuminairy/archives/curious-cardinals-2026-05-18/app-mentors/app.curiouscardinals.com/mentors/laura-coe.html" [1]
2026-05-18 01:05:23 URL:https://app.curiouscardinals.com/mentors/matthew-hirschberger [10956/10956] -> "/Users/briannazajicek/Documents/illuminairy/archives/curious-cardinals-2026-05-18/app-mentors/app.curiouscardinals.com/mentors/matthew-hirschberger.html" [1]
2026-05-18 01:05:24 URL:https://app.curiouscardinals.com/mentors/zach-teplin [8712/8712] -> "/Users/briannazajicek/Documents/illuminairy/archives/curious-cardinals-2026-05-18/app-mentors/app.curiouscardinals.com/mentors/zach-teplin.html" [1]
2026-05-18 01:05:24 URL:https://app.curiouscardinals.com/mentors/jackson-slater [14769/14769] -> "/Users/briannazajicek/Documents/illuminairy/archives/curious-cardinals-2026-05-18/app-mentors/app.curiouscardinals.com/mentors/jackson-slater.html" [1]
2026-05-18 01:05:25 URL:https://app.curiouscardinals.com/mentors/omeed-miraftabsalo [11519/11519] -> "/Users/briannazajicek/Documents/illuminairy/archives/curious-cardinals-2026-05-18/app-mentors/app.curiouscardinals.com/mentors/omeed-miraftabsalo.html" [1]
2026-05-18 01:05:25 URL:https://app.curiouscardinals.com/mentors/carly-schulman [19146/19146] -> "/Users/briannazajicek/Documents/illuminairy/archives/curious-cardinals-2026-05-18/app-mentors/app.curiouscardinals.com/mentors/carly-schulman.html" [1]
2026-05-18 01:05:26 URL:https://app.curiouscardinals.com/mentors/julia-nichols-2 [18413/18413] -> "/Users/briannazajicek/Documents/illuminairy/archives/curious-cardinals-2026-05-18/app-mentors/app.curiouscardinals.com/mentors/julia-nichols-2.html" [1]
2026-05-18 01:05:26 URL:https://app.curiouscardinals.com/mentors/emma-briskin [18148/18148] -> "/Users/briannazajicek/Documents/illuminairy/archives/curious-cardinals-2026-05-18/app-mentors/app.curiouscardinals.com/mentors/emma-briskin.html" [1]
2026-05-18 01:05:27 URL:https://app.curiouscardinals.com/mentors/sheldon-skoboloff [15810/15810] -> "/Users/briannazajicek/Documents/illuminairy/archives/curious-cardinals-2026-05-18/app-mentors/app.curiouscardinals.com/mentors/sheldon-skoboloff.html" [1]
2026-05-18 01:05:28 URL:https://app.curiouscardinals.com/mentors/kelly-donahue [13410/13410] -> "/Users/briannazajicek/Documents/illuminairy/archives/curious-cardinals-2026-05-18/app-mentors/app.curiouscardinals.com/mentors/kelly-donahue.html" [1]
2026-05-18 01:05:28 URL:https://app.curiouscardinals.com/mentors/audrey-garon [14077/14077] -> "/Users/briannazajicek/Documents/illuminairy/archives/curious-cardinals-2026-05-18/app-mentors/app.curiouscardinals.com/mentors/audrey-garon.html" [1]
2026-05-18 01:05:29 URL:https://app.curiouscardinals.com/mentors/vyann-eteme [14949/14949] -> "/Users/briannazajicek/Documents/illuminairy/archives/curious-cardinals-2026-05-18/app-mentors/app.curiouscardinals.com/mentors/vyann-eteme.html" [1]
2026-05-18 01:05:29 URL:https://app.curiouscardinals.com/mentors/samuel-henes [16669/16669] -> "/Users/briannazajicek/Documents/illuminairy/archives/curious-cardinals-2026-05-18/app-mentors/app.curiouscardinals.com/mentors/samuel-henes.html" [1]
2026-05-18 01:05:30 URL:https://app.curiouscardinals.com/mentors/trinity-price [17196/17196] -> "/Users/briannazajicek/Documents/illuminairy/archives/curious-cardinals-2026-05-18/app-mentors/app.curiouscardinals.com/mentors/trinity-price.html" [1]
2026-05-18 01:05:31 URL:https://app.curiouscardinals.com/mentors/philippa-solf [19265/19265] -> "/Users/briannazajicek/Documents/illuminairy/archives/curious-cardinals-2026-05-18/app-mentors/app.curiouscardinals.com/mentors/philippa-solf.html" [1]
2026-05-18 01:05:31 URL:https://app.curiouscardinals.com/mentors/valentina-doerretorres [14288/14288] -> "/Users/briannazajicek/Documents/illuminairy/archives/curious-cardinals-2026-05-18/app-mentors/app.curiouscardinals.com/mentors/valentina-doerretorres.html" [1]
2026-05-18 01:05:31 URL:https://app.curiouscardinals.com/mentors/nicholas-karakunnel [15210/15210] -> "/Users/briannazajicek/Documents/illuminairy/archives/curious-cardinals-2026-05-18/app-mentors/app.curiouscardinals.com/mentors/nicholas-karakunnel.html" [1]
2026-05-18 01:05:32 URL:https://app.curiouscardinals.com/mentors/steven-walxim [14891/14891] -> "/Users/briannazajicek/Documents/illuminairy/archives/curious-cardinals-2026-05-18/app-mentors/app.curiouscardinals.com/mentors/steven-walxim.html" [1]
2026-05-18 01:05:33 URL:https://app.curiouscardinals.com/mentors/daido-ouattara [17801/17801] -> "/Users/briannazajicek/Documents/illuminairy/archives/curious-cardinals-2026-05-18/app-mentors/app.curiouscardinals.com/mentors/daido-ouattara.html" [1]
2026-05-18 01:05:33 URL:https://app.curiouscardinals.com/mentors/zhiyuan-lin [13276/13276] -> "/Users/briannazajicek/Documents/illuminairy/archives/curious-cardinals-2026-05-18/app-mentors/app.curiouscardinals.com/mentors/zhiyuan-lin.html" [1]
2026-05-18 01:05:34 URL:https://app.curiouscardinals.com/mentors/jasmine-liu-2 [18727/18727] -> "/Users/briannazajicek/Documents/illuminairy/archives/curious-cardinals-2026-05-18/app-mentors/app.curiouscardinals.com/mentors/jasmine-liu-2.html" [1]
2026-05-18 01:05:34 URL:https://app.curiouscardinals.com/mentors/devine-bauman [12855/12855] -> "/Users/briannazajicek/Documents/illuminairy/archives/curious-cardinals-2026-05-18/app-mentors/app.curiouscardinals.com/mentors/devine-bauman.html" [1]
2026-05-18 01:05:35 URL:https://app.curiouscardinals.com/mentors/katherine-mclaughlin [18441/18441] -> "/Users/briannazajicek/Documents/illuminairy/archives/curious-cardinals-2026-05-18/app-mentors/app.curiouscardinals.com/mentors/katherine-mclaughlin.html" [1]
2026-05-18 01:05:36 URL:https://app.curiouscardinals.com/mentors/calvin-hansen [18504/18504] -> "/Users/briannazajicek/Documents/illuminairy/archives/curious-cardinals-2026-05-18/app-mentors/app.curiouscardinals.com/mentors/calvin-hansen.html" [1]
2026-05-18 01:05:36 URL:https://app.curiouscardinals.com/mentors/goeun-lee [14811/14811] -> "/Users/briannazajicek/Documents/illuminairy/archives/curious-cardinals-2026-05-18/app-mentors/app.curiouscardinals.com/mentors/goeun-lee.html" [1]
2026-05-18 01:05:37 URL:https://app.curiouscardinals.com/mentors/ezra-burghouts [16732/16732] -> "/Users/briannazajicek/Documents/illuminairy/archives/curious-cardinals-2026-05-18/app-mentors/app.curiouscardinals.com/mentors/ezra-burghouts.html" [1]
2026-05-18 01:05:37 URL:https://app.curiouscardinals.com/mentors/gio-martinez [14242/14242] -> "/Users/briannazajicek/Documents/illuminairy/archives/curious-cardinals-2026-05-18/app-mentors/app.curiouscardinals.com/mentors/gio-martinez.html" [1]
2026-05-18 01:05:38 URL:https://app.curiouscardinals.com/mentors/juliet-sostena [17479/17479] -> "/Users/briannazajicek/Documents/illuminairy/archives/curious-cardinals-2026-05-18/app-mentors/app.curiouscardinals.com/mentors/juliet-sostena.html" [1]
2026-05-18 01:05:38 URL:https://app.curiouscardinals.com/mentors/elizabeth-tian [15272/15272] -> "/Users/briannazajicek/Documents/illuminairy/archives/curious-cardinals-2026-05-18/app-mentors/app.curiouscardinals.com/mentors/elizabeth-tian.html" [1]
2026-05-18 01:05:39 URL:https://app.curiouscardinals.com/mentors/collin-pang [14886/14886] -> "/Users/briannazajicek/Documents/illuminairy/archives/curious-cardinals-2026-05-18/app-mentors/app.curiouscardinals.com/mentors/collin-pang.html" [1]
2026-05-18 01:05:39 URL:https://app.curiouscardinals.com/mentors/eliza-f [13925/13925] -> "/Users/briannazajicek/Documents/illuminairy/archives/curious-cardinals-2026-05-18/app-mentors/app.curiouscardinals.com/mentors/eliza-f.html" [1]
2026-05-18 01:05:40 URL:https://app.curiouscardinals.com/mentors/gabriel-marous [12020/12020] -> "/Users/briannazajicek/Documents/illuminairy/archives/curious-cardinals-2026-05-18/app-mentors/app.curiouscardinals.com/mentors/gabriel-marous.html" [1]
2026-05-18 01:05:41 URL:https://app.curiouscardinals.com/mentors/kate-muldoon [14128/14128] -> "/Users/briannazajicek/Documents/illuminairy/archives/curious-cardinals-2026-05-18/app-mentors/app.curiouscardinals.com/mentors/kate-muldoon.html" [1]
2026-05-18 01:05:41 URL:https://app.curiouscardinals.com/mentors/golda-gershanok [11253/11253] -> "/Users/briannazajicek/Documents/illuminairy/archives/curious-cardinals-2026-05-18/app-mentors/app.curiouscardinals.com/mentors/golda-gershanok.html" [1]
2026-05-18 01:05:42 URL:https://app.curiouscardinals.com/mentors/aahil-pallath [14503/14503] -> "/Users/briannazajicek/Documents/illuminairy/archives/curious-cardinals-2026-05-18/app-mentors/app.curiouscardinals.com/mentors/aahil-pallath.html" [1]
2026-05-18 01:05:43 URL:https://app.curiouscardinals.com/mentors/charlotte-staudenmayer [16444/16444] -> "/Users/briannazajicek/Documents/illuminairy/archives/curious-cardinals-2026-05-18/app-mentors/app.curiouscardinals.com/mentors/charlotte-staudenmayer.html" [1]
2026-05-18 01:05:43 URL:https://app.curiouscardinals.com/mentors/arham-ahmed [16608/16608] -> "/Users/briannazajicek/Documents/illuminairy/archives/curious-cardinals-2026-05-18/app-mentors/app.curiouscardinals.com/mentors/arham-ahmed.html" [1]
2026-05-18 01:05:44 URL:https://app.curiouscardinals.com/mentors/siri-waxenberg [13224/13224] -> "/Users/briannazajicek/Documents/illuminairy/archives/curious-cardinals-2026-05-18/app-mentors/app.curiouscardinals.com/mentors/siri-waxenberg.html" [1]
2026-05-18 01:05:45 URL:https://app.curiouscardinals.com/mentors/afiafahmida-rahman [20408/20408] -> "/Users/briannazajicek/Documents/illuminairy/archives/curious-cardinals-2026-05-18/app-mentors/app.curiouscardinals.com/mentors/afiafahmida-rahman.html" [1]
2026-05-18 01:05:45 URL:https://app.curiouscardinals.com/mentors/ada-anderson [8447/8447] -> "/Users/briannazajicek/Documents/illuminairy/archives/curious-cardinals-2026-05-18/app-mentors/app.curiouscardinals.com/mentors/ada-anderson.html" [1]
2026-05-18 01:05:46 URL:https://app.curiouscardinals.com/mentors/olivia-gopnikparker-1 [12770/12770] -> "/Users/briannazajicek/Documents/illuminairy/archives/curious-cardinals-2026-05-18/app-mentors/app.curiouscardinals.com/mentors/olivia-gopnikparker-1.html" [1]
2026-05-18 01:05:46 URL:https://app.curiouscardinals.com/mentors/jade-franson [8602/8602] -> "/Users/briannazajicek/Documents/illuminairy/archives/curious-cardinals-2026-05-18/app-mentors/app.curiouscardinals.com/mentors/jade-franson.html" [1]
2026-05-18 01:05:47 URL:https://app.curiouscardinals.com/mentors/jessica-wolfe [12514/12514] -> "/Users/briannazajicek/Documents/illuminairy/archives/curious-cardinals-2026-05-18/app-mentors/app.curiouscardinals.com/mentors/jessica-wolfe.html" [1]
2026-05-18 01:05:47 URL:https://app.curiouscardinals.com/mentors/ava-levinson-1 [14084/14084] -> "/Users/briannazajicek/Documents/illuminairy/archives/curious-cardinals-2026-05-18/app-mentors/app.curiouscardinals.com/mentors/ava-levinson-1.html" [1]
2026-05-18 01:05:48 URL:https://app.curiouscardinals.com/mentors/asher-hensley [11638/11638] -> "/Users/briannazajicek/Documents/illuminairy/archives/curious-cardinals-2026-05-18/app-mentors/app.curiouscardinals.com/mentors/asher-hensley.html" [1]
2026-05-18 01:05:48 URL:https://app.curiouscardinals.com/mentors/noah-haile [16564/16564] -> "/Users/briannazajicek/Documents/illuminairy/archives/curious-cardinals-2026-05-18/app-mentors/app.curiouscardinals.com/mentors/noah-haile.html" [1]
2026-05-18 01:05:49 URL:https://app.curiouscardinals.com/mentors/kylie-noa [14324/14324] -> "/Users/briannazajicek/Documents/illuminairy/archives/curious-cardinals-2026-05-18/app-mentors/app.curiouscardinals.com/mentors/kylie-noa.html" [1]
2026-05-18 01:05:49 URL:https://app.curiouscardinals.com/mentors/anwar-perry [19226/19226] -> "/Users/briannazajicek/Documents/illuminairy/archives/curious-cardinals-2026-05-18/app-mentors/app.curiouscardinals.com/mentors/anwar-perry.html" [1]
2026-05-18 01:05:50 URL:https://app.curiouscardinals.com/mentors/jack-ferris [14124/14124] -> "/Users/briannazajicek/Documents/illuminairy/archives/curious-cardinals-2026-05-18/app-mentors/app.curiouscardinals.com/mentors/jack-ferris.html" [1]
2026-05-18 01:05:50 URL:https://app.curiouscardinals.com/mentors/solomon-ruff [18555/18555] -> "/Users/briannazajicek/Documents/illuminairy/archives/curious-cardinals-2026-05-18/app-mentors/app.curiouscardinals.com/mentors/solomon-ruff.html" [1]
2026-05-18 01:05:51 URL:https://app.curiouscardinals.com/mentors/malik-adi-1 [10516/10516] -> "/Users/briannazajicek/Documents/illuminairy/archives/curious-cardinals-2026-05-18/app-mentors/app.curiouscardinals.com/mentors/malik-adi-1.html" [1]
2026-05-18 01:05:52 URL:https://app.curiouscardinals.com/mentors/yanlin-wu [20197/20197] -> "/Users/briannazajicek/Documents/illuminairy/archives/curious-cardinals-2026-05-18/app-mentors/app.curiouscardinals.com/mentors/yanlin-wu.html" [1]
2026-05-18 01:05:52 URL:https://app.curiouscardinals.com/mentors/elleanna-biller [13365/13365] -> "/Users/briannazajicek/Documents/illuminairy/archives/curious-cardinals-2026-05-18/app-mentors/app.curiouscardinals.com/mentors/elleanna-biller.html" [1]
2026-05-18 01:05:53 URL:https://app.curiouscardinals.com/mentors/rashad-ismail [14251/14251] -> "/Users/briannazajicek/Documents/illuminairy/archives/curious-cardinals-2026-05-18/app-mentors/app.curiouscardinals.com/mentors/rashad-ismail.html" [1]
2026-05-18 01:05:54 URL:https://app.curiouscardinals.com/mentors/keira-morrell [14027/14027] -> "/Users/briannazajicek/Documents/illuminairy/archives/curious-cardinals-2026-05-18/app-mentors/app.curiouscardinals.com/mentors/keira-morrell.html" [1]
2026-05-18 01:05:54 URL:https://app.curiouscardinals.com/mentors/declan-ratchford [17638/17638] -> "/Users/briannazajicek/Documents/illuminairy/archives/curious-cardinals-2026-05-18/app-mentors/app.curiouscardinals.com/mentors/declan-ratchford.html" [1]
2026-05-18 01:05:55 URL:https://app.curiouscardinals.com/mentors/daniel-chong [11070/11070] -> "/Users/briannazajicek/Documents/illuminairy/archives/curious-cardinals-2026-05-18/app-mentors/app.curiouscardinals.com/mentors/daniel-chong.html" [1]
2026-05-18 01:05:55 URL:https://app.curiouscardinals.com/mentors/jack-trapanick [15842/15842] -> "/Users/briannazajicek/Documents/illuminairy/archives/curious-cardinals-2026-05-18/app-mentors/app.curiouscardinals.com/mentors/jack-trapanick.html" [1]
2026-05-18 01:05:56 URL:https://app.curiouscardinals.com/mentors/vivek-sharma [18210/18210] -> "/Users/briannazajicek/Documents/illuminairy/archives/curious-cardinals-2026-05-18/app-mentors/app.curiouscardinals.com/mentors/vivek-sharma.html" [1]
2026-05-18 01:05:57 URL:https://app.curiouscardinals.com/mentors/devon-sawyer [15698/15698] -> "/Users/briannazajicek/Documents/illuminairy/archives/curious-cardinals-2026-05-18/app-mentors/app.curiouscardinals.com/mentors/devon-sawyer.html" [1]
2026-05-18 01:05:57 URL:https://app.curiouscardinals.com/mentors/anya-kornfeld [11444/11444] -> "/Users/briannazajicek/Documents/illuminairy/archives/curious-cardinals-2026-05-18/app-mentors/app.curiouscardinals.com/mentors/anya-kornfeld.html" [1]
2026-05-18 01:05:58 URL:https://app.curiouscardinals.com/mentors/max-harris [7947/7947] -> "/Users/briannazajicek/Documents/illuminairy/archives/curious-cardinals-2026-05-18/app-mentors/app.curiouscardinals.com/mentors/max-harris.html" [1]
2026-05-18 01:05:58 URL:https://app.curiouscardinals.com/mentors/niklas-hill [15476/15476] -> "/Users/briannazajicek/Documents/illuminairy/archives/curious-cardinals-2026-05-18/app-mentors/app.curiouscardinals.com/mentors/niklas-hill.html" [1]
2026-05-18 01:05:59 URL:https://app.curiouscardinals.com/mentors/eastwood-yeboah [15852/15852] -> "/Users/briannazajicek/Documents/illuminairy/archives/curious-cardinals-2026-05-18/app-mentors/app.curiouscardinals.com/mentors/eastwood-yeboah.html" [1]
2026-05-18 01:05:59 URL:https://app.curiouscardinals.com/mentors/princess-fodeke [14626/14626] -> "/Users/briannazajicek/Documents/illuminairy/archives/curious-cardinals-2026-05-18/app-mentors/app.curiouscardinals.com/mentors/princess-fodeke.html" [1]
2026-05-18 01:06:00 URL:https://app.curiouscardinals.com/mentors/sam-howellpetersen [14380/14380] -> "/Users/briannazajicek/Documents/illuminairy/archives/curious-cardinals-2026-05-18/app-mentors/app.curiouscardinals.com/mentors/sam-howellpetersen.html" [1]
2026-05-18 01:06:00 URL:https://app.curiouscardinals.com/mentors/elias-haddad [17054/17054] -> "/Users/briannazajicek/Documents/illuminairy/archives/curious-cardinals-2026-05-18/app-mentors/app.curiouscardinals.com/mentors/elias-haddad.html" [1]
2026-05-18 01:06:01 URL:https://app.curiouscardinals.com/mentors/sienna-granillo [16837/16837] -> "/Users/briannazajicek/Documents/illuminairy/archives/curious-cardinals-2026-05-18/app-mentors/app.curiouscardinals.com/mentors/sienna-granillo.html" [1]
2026-05-18 01:06:02 URL:https://app.curiouscardinals.com/mentors/elena-georgia [17708/17708] -> "/Users/briannazajicek/Documents/illuminairy/archives/curious-cardinals-2026-05-18/app-mentors/app.curiouscardinals.com/mentors/elena-georgia.html" [1]
2026-05-18 01:06:02 URL:https://app.curiouscardinals.com/mentors/hannah-barbashtaylor [8163/8163] -> "/Users/briannazajicek/Documents/illuminairy/archives/curious-cardinals-2026-05-18/app-mentors/app.curiouscardinals.com/mentors/hannah-barbashtaylor.html" [1]
2026-05-18 01:06:03 URL:https://app.curiouscardinals.com/mentors/julia-luyten [11630/11630] -> "/Users/briannazajicek/Documents/illuminairy/archives/curious-cardinals-2026-05-18/app-mentors/app.curiouscardinals.com/mentors/julia-luyten.html" [1]
2026-05-18 01:06:03 URL:https://app.curiouscardinals.com/mentors/elizabeth-ameke [13368/13368] -> "/Users/briannazajicek/Documents/illuminairy/archives/curious-cardinals-2026-05-18/app-mentors/app.curiouscardinals.com/mentors/elizabeth-ameke.html" [1]
2026-05-18 01:06:04 URL:https://app.curiouscardinals.com/mentors/david-duan [15390/15390] -> "/Users/briannazajicek/Documents/illuminairy/archives/curious-cardinals-2026-05-18/app-mentors/app.curiouscardinals.com/mentors/david-duan.html" [1]
2026-05-18 01:06:04 URL:https://app.curiouscardinals.com/mentors/brian-seo-1 [15058/15058] -> "/Users/briannazajicek/Documents/illuminairy/archives/curious-cardinals-2026-05-18/app-mentors/app.curiouscardinals.com/mentors/brian-seo-1.html" [1]
2026-05-18 01:06:05 URL:https://app.curiouscardinals.com/mentors/ilan-mayer [18035/18035] -> "/Users/briannazajicek/Documents/illuminairy/archives/curious-cardinals-2026-05-18/app-mentors/app.curiouscardinals.com/mentors/ilan-mayer.html" [1]
2026-05-18 01:06:05 URL:https://app.curiouscardinals.com/mentors/eleanor-white [13963/13963] -> "/Users/briannazajicek/Documents/illuminairy/archives/curious-cardinals-2026-05-18/app-mentors/app.curiouscardinals.com/mentors/eleanor-white.html" [1]
2026-05-18 01:06:06 URL:https://app.curiouscardinals.com/mentors/madeline-casas [8686/8686] -> "/Users/briannazajicek/Documents/illuminairy/archives/curious-cardinals-2026-05-18/app-mentors/app.curiouscardinals.com/mentors/madeline-casas.html" [1]
2026-05-18 01:06:07 URL:https://app.curiouscardinals.com/mentors/mallika-kenkare-1 [12151/12151] -> "/Users/briannazajicek/Documents/illuminairy/archives/curious-cardinals-2026-05-18/app-mentors/app.curiouscardinals.com/mentors/mallika-kenkare-1.html" [1]
2026-05-18 01:06:07 URL:https://app.curiouscardinals.com/mentors/aryana-ramosvazquez [16836/16836] -> "/Users/briannazajicek/Documents/illuminairy/archives/curious-cardinals-2026-05-18/app-mentors/app.curiouscardinals.com/mentors/aryana-ramosvazquez.html" [1]
2026-05-18 01:06:08 URL:https://app.curiouscardinals.com/mentors/adam-anulewicz [15897/15897] -> "/Users/briannazajicek/Documents/illuminairy/archives/curious-cardinals-2026-05-18/app-mentors/app.curiouscardinals.com/mentors/adam-anulewicz.html" [1]
2026-05-18 01:06:08 URL:https://app.curiouscardinals.com/mentors/ishaan-samantray [18335/18335] -> "/Users/briannazajicek/Documents/illuminairy/archives/curious-cardinals-2026-05-18/app-mentors/app.curiouscardinals.com/mentors/ishaan-samantray.html" [1]
2026-05-18 01:06:09 URL:https://app.curiouscardinals.com/mentors/gabrielle-rivera [17110/17110] -> "/Users/briannazajicek/Documents/illuminairy/archives/curious-cardinals-2026-05-18/app-mentors/app.curiouscardinals.com/mentors/gabrielle-rivera.html" [1]
2026-05-18 01:06:09 URL:https://app.curiouscardinals.com/mentors/alejandro-gaytan [16419/16419] -> "/Users/briannazajicek/Documents/illuminairy/archives/curious-cardinals-2026-05-18/app-mentors/app.curiouscardinals.com/mentors/alejandro-gaytan.html" [1]
2026-05-18 01:06:10 URL:https://app.curiouscardinals.com/mentors/joshua-midha [13007/13007] -> "/Users/briannazajicek/Documents/illuminairy/archives/curious-cardinals-2026-05-18/app-mentors/app.curiouscardinals.com/mentors/joshua-midha.html" [1]
2026-05-18 01:06:10 URL:https://app.curiouscardinals.com/mentors/herron-havi [14307/14307] -> "/Users/briannazajicek/Documents/illuminairy/archives/curious-cardinals-2026-05-18/app-mentors/app.curiouscardinals.com/mentors/herron-havi.html" [1]
2026-05-18 01:06:11 URL:https://app.curiouscardinals.com/mentors/aidan-niswender [12670/12670] -> "/Users/briannazajicek/Documents/illuminairy/archives/curious-cardinals-2026-05-18/app-mentors/app.curiouscardinals.com/mentors/aidan-niswender.html" [1]
2026-05-18 01:06:12 URL:https://app.curiouscardinals.com/mentors/yanis-vandecasteele [10481/10481] -> "/Users/briannazajicek/Documents/illuminairy/archives/curious-cardinals-2026-05-18/app-mentors/app.curiouscardinals.com/mentors/yanis-vandecasteele.html" [1]
2026-05-18 01:06:12 URL:https://app.curiouscardinals.com/mentors/amarins-laanstracorn [9097/9097] -> "/Users/briannazajicek/Documents/illuminairy/archives/curious-cardinals-2026-05-18/app-mentors/app.curiouscardinals.com/mentors/amarins-laanstracorn.html" [1]
2026-05-18 01:06:13 URL:https://app.curiouscardinals.com/mentors/kelly-niethammer [9301/9301] -> "/Users/briannazajicek/Documents/illuminairy/archives/curious-cardinals-2026-05-18/app-mentors/app.curiouscardinals.com/mentors/kelly-niethammer.html" [1]
2026-05-18 01:06:13 URL:https://app.curiouscardinals.com/mentors/remi-seamon [14974/14974] -> "/Users/briannazajicek/Documents/illuminairy/archives/curious-cardinals-2026-05-18/app-mentors/app.curiouscardinals.com/mentors/remi-seamon.html" [1]
2026-05-18 01:06:14 URL:https://app.curiouscardinals.com/mentors/sloane-ptashek [11793/11793] -> "/Users/briannazajicek/Documents/illuminairy/archives/curious-cardinals-2026-05-18/app-mentors/app.curiouscardinals.com/mentors/sloane-ptashek.html" [1]
2026-05-18 01:06:14 URL:https://app.curiouscardinals.com/mentors/abhinav-kiran [12406/12406] -> "/Users/briannazajicek/Documents/illuminairy/archives/curious-cardinals-2026-05-18/app-mentors/app.curiouscardinals.com/mentors/abhinav-kiran.html" [1]
2026-05-18 01:06:15 URL:https://app.curiouscardinals.com/mentors/biruk-amene [11273/11273] -> "/Users/briannazajicek/Documents/illuminairy/archives/curious-cardinals-2026-05-18/app-mentors/app.curiouscardinals.com/mentors/biruk-amene.html" [1]
2026-05-18 01:06:16 URL:https://app.curiouscardinals.com/mentors/jarret-zundel [18064/18064] -> "/Users/briannazajicek/Documents/illuminairy/archives/curious-cardinals-2026-05-18/app-mentors/app.curiouscardinals.com/mentors/jarret-zundel.html" [1]
2026-05-18 01:06:16 URL:https://app.curiouscardinals.com/mentors/eddie-tchaouchev [9401/9401] -> "/Users/briannazajicek/Documents/illuminairy/archives/curious-cardinals-2026-05-18/app-mentors/app.curiouscardinals.com/mentors/eddie-tchaouchev.html" [1]
2026-05-18 01:06:17 URL:https://app.curiouscardinals.com/mentors/alejandro-goldstein [11068/11068] -> "/Users/briannazajicek/Documents/illuminairy/archives/curious-cardinals-2026-05-18/app-mentors/app.curiouscardinals.com/mentors/alejandro-goldstein.html" [1]
2026-05-18 01:06:17 URL:https://app.curiouscardinals.com/mentors/sanjana-pendharkar [14616/14616] -> "/Users/briannazajicek/Documents/illuminairy/archives/curious-cardinals-2026-05-18/app-mentors/app.curiouscardinals.com/mentors/sanjana-pendharkar.html" [1]
2026-05-18 01:06:18 URL:https://app.curiouscardinals.com/mentors/michael-chhay [8754/8754] -> "/Users/briannazajicek/Documents/illuminairy/archives/curious-cardinals-2026-05-18/app-mentors/app.curiouscardinals.com/mentors/michael-chhay.html" [1]
2026-05-18 01:06:19 URL:https://app.curiouscardinals.com/mentors/mia-costa [15931/15931] -> "/Users/briannazajicek/Documents/illuminairy/archives/curious-cardinals-2026-05-18/app-mentors/app.curiouscardinals.com/mentors/mia-costa.html" [1]
2026-05-18 01:06:19 URL:https://app.curiouscardinals.com/mentors/vincent-tse [14882/14882] -> "/Users/briannazajicek/Documents/illuminairy/archives/curious-cardinals-2026-05-18/app-mentors/app.curiouscardinals.com/mentors/vincent-tse.html" [1]
2026-05-18 01:06:20 URL:https://app.curiouscardinals.com/mentors/mia-tran [18249/18249] -> "/Users/briannazajicek/Documents/illuminairy/archives/curious-cardinals-2026-05-18/app-mentors/app.curiouscardinals.com/mentors/mia-tran.html" [1]
2026-05-18 01:06:20 URL:https://app.curiouscardinals.com/mentors/melody-yu [12051/12051] -> "/Users/briannazajicek/Documents/illuminairy/archives/curious-cardinals-2026-05-18/app-mentors/app.curiouscardinals.com/mentors/melody-yu.html" [1]
2026-05-18 01:06:21 URL:https://app.curiouscardinals.com/mentors/charlie-herrman [14983/14983] -> "/Users/briannazajicek/Documents/illuminairy/archives/curious-cardinals-2026-05-18/app-mentors/app.curiouscardinals.com/mentors/charlie-herrman.html" [1]
2026-05-18 01:06:21 URL:https://app.curiouscardinals.com/mentors/alex-schnurman [15857/15857] -> "/Users/briannazajicek/Documents/illuminairy/archives/curious-cardinals-2026-05-18/app-mentors/app.curiouscardinals.com/mentors/alex-schnurman.html" [1]
2026-05-18 01:06:22 URL:https://app.curiouscardinals.com/mentors/matteo-lecat-1 [14304/14304] -> "/Users/briannazajicek/Documents/illuminairy/archives/curious-cardinals-2026-05-18/app-mentors/app.curiouscardinals.com/mentors/matteo-lecat-1.html" [1]
2026-05-18 01:06:22 URL:https://app.curiouscardinals.com/mentors/lianna-glaunsinger [15483/15483] -> "/Users/briannazajicek/Documents/illuminairy/archives/curious-cardinals-2026-05-18/app-mentors/app.curiouscardinals.com/mentors/lianna-glaunsinger.html" [1]
2026-05-18 01:06:23 URL:https://app.curiouscardinals.com/mentors/noah-glickman [7934/7934] -> "/Users/briannazajicek/Documents/illuminairy/archives/curious-cardinals-2026-05-18/app-mentors/app.curiouscardinals.com/mentors/noah-glickman.html" [1]
2026-05-18 01:06:23 URL:https://app.curiouscardinals.com/mentors/sophie-kane [12796/12796] -> "/Users/briannazajicek/Documents/illuminairy/archives/curious-cardinals-2026-05-18/app-mentors/app.curiouscardinals.com/mentors/sophie-kane.html" [1]
2026-05-18 01:06:24 URL:https://app.curiouscardinals.com/mentors/tochukwu-njoku [15203/15203] -> "/Users/briannazajicek/Documents/illuminairy/archives/curious-cardinals-2026-05-18/app-mentors/app.curiouscardinals.com/mentors/tochukwu-njoku.html" [1]
2026-05-18 01:06:24 URL:https://app.curiouscardinals.com/mentors/ethan-lai [18304/18304] -> "/Users/briannazajicek/Documents/illuminairy/archives/curious-cardinals-2026-05-18/app-mentors/app.curiouscardinals.com/mentors/ethan-lai.html" [1]
2026-05-18 01:06:25 URL:https://app.curiouscardinals.com/mentors/sterling-marks [16574/16574] -> "/Users/briannazajicek/Documents/illuminairy/archives/curious-cardinals-2026-05-18/app-mentors/app.curiouscardinals.com/mentors/sterling-marks.html" [1]
2026-05-18 01:06:26 URL:https://app.curiouscardinals.com/mentors/merritt-wurts [9030/9030] -> "/Users/briannazajicek/Documents/illuminairy/archives/curious-cardinals-2026-05-18/app-mentors/app.curiouscardinals.com/mentors/merritt-wurts.html" [1]
2026-05-18 01:06:26 URL:https://app.curiouscardinals.com/mentors/michael-leroux [14196/14196] -> "/Users/briannazajicek/Documents/illuminairy/archives/curious-cardinals-2026-05-18/app-mentors/app.curiouscardinals.com/mentors/michael-leroux.html" [1]
2026-05-18 01:06:27 URL:https://app.curiouscardinals.com/mentors/mirelys-mendezpons [16118/16118] -> "/Users/briannazajicek/Documents/illuminairy/archives/curious-cardinals-2026-05-18/app-mentors/app.curiouscardinals.com/mentors/mirelys-mendezpons.html" [1]
2026-05-18 01:06:27 URL:https://app.curiouscardinals.com/mentors/sara-bukair [15252/15252] -> "/Users/briannazajicek/Documents/illuminairy/archives/curious-cardinals-2026-05-18/app-mentors/app.curiouscardinals.com/mentors/sara-bukair.html" [1]
2026-05-18 01:06:28 URL:https://app.curiouscardinals.com/mentors/dharma-sedagonzalez [13561/13561] -> "/Users/briannazajicek/Documents/illuminairy/archives/curious-cardinals-2026-05-18/app-mentors/app.curiouscardinals.com/mentors/dharma-sedagonzalez.html" [1]
2026-05-18 01:06:29 URL:https://app.curiouscardinals.com/mentors/shawn-varshney [18842/18842] -> "/Users/briannazajicek/Documents/illuminairy/archives/curious-cardinals-2026-05-18/app-mentors/app.curiouscardinals.com/mentors/shawn-varshney.html" [1]
2026-05-18 01:06:29 URL:https://app.curiouscardinals.com/mentors/michelle-mazzu-1 [18037/18037] -> "/Users/briannazajicek/Documents/illuminairy/archives/curious-cardinals-2026-05-18/app-mentors/app.curiouscardinals.com/mentors/michelle-mazzu-1.html" [1]
2026-05-18 01:06:30 URL:https://app.curiouscardinals.com/mentors/alejandro-zuluaga [21687/21687] -> "/Users/briannazajicek/Documents/illuminairy/archives/curious-cardinals-2026-05-18/app-mentors/app.curiouscardinals.com/mentors/alejandro-zuluaga.html" [1]
2026-05-18 01:06:30 URL:https://app.curiouscardinals.com/mentors/georgia-kennedybailey [9307/9307] -> "/Users/briannazajicek/Documents/illuminairy/archives/curious-cardinals-2026-05-18/app-mentors/app.curiouscardinals.com/mentors/georgia-kennedybailey.html" [1]
2026-05-18 01:06:31 URL:https://app.curiouscardinals.com/mentors/sanaa-alam [17464/17464] -> "/Users/briannazajicek/Documents/illuminairy/archives/curious-cardinals-2026-05-18/app-mentors/app.curiouscardinals.com/mentors/sanaa-alam.html" [1]
2026-05-18 01:06:31 URL:https://app.curiouscardinals.com/mentors/elim-chen [15814/15814] -> "/Users/briannazajicek/Documents/illuminairy/archives/curious-cardinals-2026-05-18/app-mentors/app.curiouscardinals.com/mentors/elim-chen.html" [1]
2026-05-18 01:06:32 URL:https://app.curiouscardinals.com/mentors/ella-raybosh [23775/23775] -> "/Users/briannazajicek/Documents/illuminairy/archives/curious-cardinals-2026-05-18/app-mentors/app.curiouscardinals.com/mentors/ella-raybosh.html" [1]
2026-05-18 01:06:32 URL:https://app.curiouscardinals.com/mentors/livia-minaides [19704/19704] -> "/Users/briannazajicek/Documents/illuminairy/archives/curious-cardinals-2026-05-18/app-mentors/app.curiouscardinals.com/mentors/livia-minaides.html" [1]
2026-05-18 01:06:33 URL:https://app.curiouscardinals.com/mentors/hale-snyder-1 [18354/18354] -> "/Users/briannazajicek/Documents/illuminairy/archives/curious-cardinals-2026-05-18/app-mentors/app.curiouscardinals.com/mentors/hale-snyder-1.html" [1]
2026-05-18 01:06:33 URL:https://app.curiouscardinals.com/mentors/ryan-fahim [24866/24866] -> "/Users/briannazajicek/Documents/illuminairy/archives/curious-cardinals-2026-05-18/app-mentors/app.curiouscardinals.com/mentors/ryan-fahim.html" [1]
2026-05-18 01:06:34 URL:https://app.curiouscardinals.com/mentors/sarah-park [12559/12559] -> "/Users/briannazajicek/Documents/illuminairy/archives/curious-cardinals-2026-05-18/app-mentors/app.curiouscardinals.com/mentors/sarah-park.html" [1]
2026-05-18 01:06:35 URL:https://app.curiouscardinals.com/mentors/maxwell-li [18839/18839] -> "/Users/briannazajicek/Documents/illuminairy/archives/curious-cardinals-2026-05-18/app-mentors/app.curiouscardinals.com/mentors/maxwell-li.html" [1]
2026-05-18 01:06:35 URL:https://app.curiouscardinals.com/mentors/jessica-mach [18544/18544] -> "/Users/briannazajicek/Documents/illuminairy/archives/curious-cardinals-2026-05-18/app-mentors/app.curiouscardinals.com/mentors/jessica-mach.html" [1]
2026-05-18 01:06:36 URL:https://app.curiouscardinals.com/mentors/ty-josephy [11863/11863] -> "/Users/briannazajicek/Documents/illuminairy/archives/curious-cardinals-2026-05-18/app-mentors/app.curiouscardinals.com/mentors/ty-josephy.html" [1]
2026-05-18 01:06:36 URL:https://app.curiouscardinals.com/mentors/mariam-hassan [19058/19058] -> "/Users/briannazajicek/Documents/illuminairy/archives/curious-cardinals-2026-05-18/app-mentors/app.curiouscardinals.com/mentors/mariam-hassan.html" [1]
2026-05-18 01:06:37 URL:https://app.curiouscardinals.com/mentors/barney-white-1 [16022/16022] -> "/Users/briannazajicek/Documents/illuminairy/archives/curious-cardinals-2026-05-18/app-mentors/app.curiouscardinals.com/mentors/barney-white-1.html" [1]
2026-05-18 01:06:37 URL:https://app.curiouscardinals.com/mentors/tiffany-sadiq [24516/24516] -> "/Users/briannazajicek/Documents/illuminairy/archives/curious-cardinals-2026-05-18/app-mentors/app.curiouscardinals.com/mentors/tiffany-sadiq.html" [1]
2026-05-18 01:06:38 URL:https://app.curiouscardinals.com/mentors/catherine-kindschuh-1 [12678/12678] -> "/Users/briannazajicek/Documents/illuminairy/archives/curious-cardinals-2026-05-18/app-mentors/app.curiouscardinals.com/mentors/catherine-kindschuh-1.html" [1]
2026-05-18 01:06:39 URL:https://app.curiouscardinals.com/mentors/sheridan-holliday [12291/12291] -> "/Users/briannazajicek/Documents/illuminairy/archives/curious-cardinals-2026-05-18/app-mentors/app.curiouscardinals.com/mentors/sheridan-holliday.html" [1]
2026-05-18 01:06:39 URL:https://app.curiouscardinals.com/mentors/madeline-vanhooser [18947/18947] -> "/Users/briannazajicek/Documents/illuminairy/archives/curious-cardinals-2026-05-18/app-mentors/app.curiouscardinals.com/mentors/madeline-vanhooser.html" [1]
2026-05-18 01:06:40 URL:https://app.curiouscardinals.com/mentors/abhinav-madabhushi [15253/15253] -> "/Users/briannazajicek/Documents/illuminairy/archives/curious-cardinals-2026-05-18/app-mentors/app.curiouscardinals.com/mentors/abhinav-madabhushi.html" [1]
2026-05-18 01:06:40 URL:https://app.curiouscardinals.com/mentors/angela-oseiampadu [8289/8289] -> "/Users/briannazajicek/Documents/illuminairy/archives/curious-cardinals-2026-05-18/app-mentors/app.curiouscardinals.com/mentors/angela-oseiampadu.html" [1]
2026-05-18 01:06:40 URL:https://app.curiouscardinals.com/mentors/akshay-jaitly [8147/8147] -> "/Users/briannazajicek/Documents/illuminairy/archives/curious-cardinals-2026-05-18/app-mentors/app.curiouscardinals.com/mentors/akshay-jaitly.html" [1]
2026-05-18 01:06:41 URL:https://app.curiouscardinals.com/mentors/jocelyn-pica [14117/14117] -> "/Users/briannazajicek/Documents/illuminairy/archives/curious-cardinals-2026-05-18/app-mentors/app.curiouscardinals.com/mentors/jocelyn-pica.html" [1]
2026-05-18 01:06:41 URL:https://app.curiouscardinals.com/mentors/william-chen [13419/13419] -> "/Users/briannazajicek/Documents/illuminairy/archives/curious-cardinals-2026-05-18/app-mentors/app.curiouscardinals.com/mentors/william-chen.html" [1]
2026-05-18 01:06:42 URL:https://app.curiouscardinals.com/mentors/maeve-miller [16123/16123] -> "/Users/briannazajicek/Documents/illuminairy/archives/curious-cardinals-2026-05-18/app-mentors/app.curiouscardinals.com/mentors/maeve-miller.html" [1]
2026-05-18 01:06:43 URL:https://app.curiouscardinals.com/mentors/grayson-peel [20316/20316] -> "/Users/briannazajicek/Documents/illuminairy/archives/curious-cardinals-2026-05-18/app-mentors/app.curiouscardinals.com/mentors/grayson-peel.html" [1]
2026-05-18 01:06:43 URL:https://app.curiouscardinals.com/mentors/samson-raskin [12858/12858] -> "/Users/briannazajicek/Documents/illuminairy/archives/curious-cardinals-2026-05-18/app-mentors/app.curiouscardinals.com/mentors/samson-raskin.html" [1]
2026-05-18 01:06:44 URL:https://app.curiouscardinals.com/mentors/jacob-meek [18203/18203] -> "/Users/briannazajicek/Documents/illuminairy/archives/curious-cardinals-2026-05-18/app-mentors/app.curiouscardinals.com/mentors/jacob-meek.html" [1]
2026-05-18 01:06:44 URL:https://app.curiouscardinals.com/mentors/yasha-paola [14324/14324] -> "/Users/briannazajicek/Documents/illuminairy/archives/curious-cardinals-2026-05-18/app-mentors/app.curiouscardinals.com/mentors/yasha-paola.html" [1]
2026-05-18 01:06:45 URL:https://app.curiouscardinals.com/mentors/shannon-lin-1 [16763/16763] -> "/Users/briannazajicek/Documents/illuminairy/archives/curious-cardinals-2026-05-18/app-mentors/app.curiouscardinals.com/mentors/shannon-lin-1.html" [1]
2026-05-18 01:06:45 URL:https://app.curiouscardinals.com/mentors/tia-sewell [12788/12788] -> "/Users/briannazajicek/Documents/illuminairy/archives/curious-cardinals-2026-05-18/app-mentors/app.curiouscardinals.com/mentors/tia-sewell.html" [1]
2026-05-18 01:06:46 URL:https://app.curiouscardinals.com/mentors/minjue-wu-1 [12872/12872] -> "/Users/briannazajicek/Documents/illuminairy/archives/curious-cardinals-2026-05-18/app-mentors/app.curiouscardinals.com/mentors/minjue-wu-1.html" [1]
2026-05-18 01:06:46 URL:https://app.curiouscardinals.com/mentors/jasmine-abu [13988/13988] -> "/Users/briannazajicek/Documents/illuminairy/archives/curious-cardinals-2026-05-18/app-mentors/app.curiouscardinals.com/mentors/jasmine-abu.html" [1]
2026-05-18 01:06:47 URL:https://app.curiouscardinals.com/mentors/alicia-mohli [15700/15700] -> "/Users/briannazajicek/Documents/illuminairy/archives/curious-cardinals-2026-05-18/app-mentors/app.curiouscardinals.com/mentors/alicia-mohli.html" [1]
2026-05-18 01:06:47 URL:https://app.curiouscardinals.com/mentors/julia-kozlowski-1 [19453/19453] -> "/Users/briannazajicek/Documents/illuminairy/archives/curious-cardinals-2026-05-18/app-mentors/app.curiouscardinals.com/mentors/julia-kozlowski-1.html" [1]
2026-05-18 01:06:48 URL:https://app.curiouscardinals.com/mentors/marianna-sierra [15950/15950] -> "/Users/briannazajicek/Documents/illuminairy/archives/curious-cardinals-2026-05-18/app-mentors/app.curiouscardinals.com/mentors/marianna-sierra.html" [1]
2026-05-18 01:06:48 URL:https://app.curiouscardinals.com/mentors/griffin-taylor [13219/13219] -> "/Users/briannazajicek/Documents/illuminairy/archives/curious-cardinals-2026-05-18/app-mentors/app.curiouscardinals.com/mentors/griffin-taylor.html" [1]
2026-05-18 01:06:49 URL:https://app.curiouscardinals.com/mentors/charlie-paradis [8402/8402] -> "/Users/briannazajicek/Documents/illuminairy/archives/curious-cardinals-2026-05-18/app-mentors/app.curiouscardinals.com/mentors/charlie-paradis.html" [1]
2026-05-18 01:06:50 URL:https://app.curiouscardinals.com/mentors/molly-fallek [7758/7758] -> "/Users/briannazajicek/Documents/illuminairy/archives/curious-cardinals-2026-05-18/app-mentors/app.curiouscardinals.com/mentors/molly-fallek.html" [1]
2026-05-18 01:06:50 URL:https://app.curiouscardinals.com/mentors/christian-fonkalsrud [14174/14174] -> "/Users/briannazajicek/Documents/illuminairy/archives/curious-cardinals-2026-05-18/app-mentors/app.curiouscardinals.com/mentors/christian-fonkalsrud.html" [1]
2026-05-18 01:06:51 URL:https://app.curiouscardinals.com/mentors/maya-mishra [13722/13722] -> "/Users/briannazajicek/Documents/illuminairy/archives/curious-cardinals-2026-05-18/app-mentors/app.curiouscardinals.com/mentors/maya-mishra.html" [1]
2026-05-18 01:06:51 URL:https://app.curiouscardinals.com/mentors/alexa-clemesha [15817/15817] -> "/Users/briannazajicek/Documents/illuminairy/archives/curious-cardinals-2026-05-18/app-mentors/app.curiouscardinals.com/mentors/alexa-clemesha.html" [1]
2026-05-18 01:06:52 URL:https://app.curiouscardinals.com/mentors/merry-wang [11517/11517] -> "/Users/briannazajicek/Documents/illuminairy/archives/curious-cardinals-2026-05-18/app-mentors/app.curiouscardinals.com/mentors/merry-wang.html" [1]
2026-05-18 01:06:52 URL:https://app.curiouscardinals.com/mentors/casey-greene [11815/11815] -> "/Users/briannazajicek/Documents/illuminairy/archives/curious-cardinals-2026-05-18/app-mentors/app.curiouscardinals.com/mentors/casey-greene.html" [1]
2026-05-18 01:06:53 URL:https://app.curiouscardinals.com/mentors/liam-patterson [8462/8462] -> "/Users/briannazajicek/Documents/illuminairy/archives/curious-cardinals-2026-05-18/app-mentors/app.curiouscardinals.com/mentors/liam-patterson.html" [1]
2026-05-18 01:06:53 URL:https://app.curiouscardinals.com/mentors/arjun-mandhare [12175/12175] -> "/Users/briannazajicek/Documents/illuminairy/archives/curious-cardinals-2026-05-18/app-mentors/app.curiouscardinals.com/mentors/arjun-mandhare.html" [1]
2026-05-18 01:06:54 URL:https://app.curiouscardinals.com/mentors/nicholas-rose [19877/19877] -> "/Users/briannazajicek/Documents/illuminairy/archives/curious-cardinals-2026-05-18/app-mentors/app.curiouscardinals.com/mentors/nicholas-rose.html" [1]
2026-05-18 01:06:54 URL:https://app.curiouscardinals.com/mentors/caroline-li [15820/15820] -> "/Users/briannazajicek/Documents/illuminairy/archives/curious-cardinals-2026-05-18/app-mentors/app.curiouscardinals.com/mentors/caroline-li.html" [1]
2026-05-18 01:06:55 URL:https://app.curiouscardinals.com/mentors/evelyn-eisenstein-1 [13015/13015] -> "/Users/briannazajicek/Documents/illuminairy/archives/curious-cardinals-2026-05-18/app-mentors/app.curiouscardinals.com/mentors/evelyn-eisenstein-1.html" [1]
2026-05-18 01:06:55 URL:https://app.curiouscardinals.com/mentors/ruben-stepanian [16810/16810] -> "/Users/briannazajicek/Documents/illuminairy/archives/curious-cardinals-2026-05-18/app-mentors/app.curiouscardinals.com/mentors/ruben-stepanian.html" [1]
2026-05-18 01:06:56 URL:https://app.curiouscardinals.com/mentors/alina-santander [14491/14491] -> "/Users/briannazajicek/Documents/illuminairy/archives/curious-cardinals-2026-05-18/app-mentors/app.curiouscardinals.com/mentors/alina-santander.html" [1]
2026-05-18 01:06:56 URL:https://app.curiouscardinals.com/mentors/ayanna-butler [12417/12417] -> "/Users/briannazajicek/Documents/illuminairy/archives/curious-cardinals-2026-05-18/app-mentors/app.curiouscardinals.com/mentors/ayanna-butler.html" [1]
2026-05-18 01:06:57 URL:https://app.curiouscardinals.com/mentors/seba-marinquiros [8471/8471] -> "/Users/briannazajicek/Documents/illuminairy/archives/curious-cardinals-2026-05-18/app-mentors/app.curiouscardinals.com/mentors/seba-marinquiros.html" [1]
2026-05-18 01:06:58 URL:https://app.curiouscardinals.com/mentors/jessica-shiflett [12422/12422] -> "/Users/briannazajicek/Documents/illuminairy/archives/curious-cardinals-2026-05-18/app-mentors/app.curiouscardinals.com/mentors/jessica-shiflett.html" [1]
2026-05-18 01:06:58 URL:https://app.curiouscardinals.com/mentors/lauren-weil [14449/14449] -> "/Users/briannazajicek/Documents/illuminairy/archives/curious-cardinals-2026-05-18/app-mentors/app.curiouscardinals.com/mentors/lauren-weil.html" [1]
2026-05-18 01:06:59 URL:https://app.curiouscardinals.com/mentors/michael-ma [13077/13077] -> "/Users/briannazajicek/Documents/illuminairy/archives/curious-cardinals-2026-05-18/app-mentors/app.curiouscardinals.com/mentors/michael-ma.html" [1]
2026-05-18 01:06:59 URL:https://app.curiouscardinals.com/mentors/abdulaziz-khanfar [14034/14034] -> "/Users/briannazajicek/Documents/illuminairy/archives/curious-cardinals-2026-05-18/app-mentors/app.curiouscardinals.com/mentors/abdulaziz-khanfar.html" [1]
2026-05-18 01:07:00 URL:https://app.curiouscardinals.com/mentors/nidhi-munugeti [15757/15757] -> "/Users/briannazajicek/Documents/illuminairy/archives/curious-cardinals-2026-05-18/app-mentors/app.curiouscardinals.com/mentors/nidhi-munugeti.html" [1]
2026-05-18 01:07:00 URL:https://app.curiouscardinals.com/mentors/zhangyang-wu [9036/9036] -> "/Users/briannazajicek/Documents/illuminairy/archives/curious-cardinals-2026-05-18/app-mentors/app.curiouscardinals.com/mentors/zhangyang-wu.html" [1]
2026-05-18 01:07:01 URL:https://app.curiouscardinals.com/mentors/ceciliana-ferraiuoli-1 [14563/14563] -> "/Users/briannazajicek/Documents/illuminairy/archives/curious-cardinals-2026-05-18/app-mentors/app.curiouscardinals.com/mentors/ceciliana-ferraiuoli-1.html" [1]
2026-05-18 01:07:01 URL:https://app.curiouscardinals.com/mentors/shruthi-arunkumar [16343/16343] -> "/Users/briannazajicek/Documents/illuminairy/archives/curious-cardinals-2026-05-18/app-mentors/app.curiouscardinals.com/mentors/shruthi-arunkumar.html" [1]
2026-05-18 01:07:02 URL:https://app.curiouscardinals.com/mentors/tara-modi [15193/15193] -> "/Users/briannazajicek/Documents/illuminairy/archives/curious-cardinals-2026-05-18/app-mentors/app.curiouscardinals.com/mentors/tara-modi.html" [1]
2026-05-18 01:07:02 URL:https://app.curiouscardinals.com/mentors/nina-michelle [14068/14068] -> "/Users/briannazajicek/Documents/illuminairy/archives/curious-cardinals-2026-05-18/app-mentors/app.curiouscardinals.com/mentors/nina-michelle.html" [1]
2026-05-18 01:07:03 URL:https://app.curiouscardinals.com/mentors/mahlon-sorensen [7732/7732] -> "/Users/briannazajicek/Documents/illuminairy/archives/curious-cardinals-2026-05-18/app-mentors/app.curiouscardinals.com/mentors/mahlon-sorensen.html" [1]
2026-05-18 01:07:04 URL:https://app.curiouscardinals.com/mentors/max-liedtka [15200/15200] -> "/Users/briannazajicek/Documents/illuminairy/archives/curious-cardinals-2026-05-18/app-mentors/app.curiouscardinals.com/mentors/max-liedtka.html" [1]
2026-05-18 01:07:04 URL:https://app.curiouscardinals.com/mentors/clara-pakman [8270/8270] -> "/Users/briannazajicek/Documents/illuminairy/archives/curious-cardinals-2026-05-18/app-mentors/app.curiouscardinals.com/mentors/clara-pakman.html" [1]
2026-05-18 01:07:05 URL:https://app.curiouscardinals.com/mentors/mason-mcilwain [10208/10208] -> "/Users/briannazajicek/Documents/illuminairy/archives/curious-cardinals-2026-05-18/app-mentors/app.curiouscardinals.com/mentors/mason-mcilwain.html" [1]
2026-05-18 01:07:06 URL:https://app.curiouscardinals.com/mentors/celia-kongjohnson [16384/16384] -> "/Users/briannazajicek/Documents/illuminairy/archives/curious-cardinals-2026-05-18/app-mentors/app.curiouscardinals.com/mentors/celia-kongjohnson.html" [1]
2026-05-18 01:07:06 URL:https://app.curiouscardinals.com/mentors/sanjana-boyapalli [18592/18592] -> "/Users/briannazajicek/Documents/illuminairy/archives/curious-cardinals-2026-05-18/app-mentors/app.curiouscardinals.com/mentors/sanjana-boyapalli.html" [1]
2026-05-18 01:07:07 URL:https://app.curiouscardinals.com/mentors/pengxiang-tian [10485/10485] -> "/Users/briannazajicek/Documents/illuminairy/archives/curious-cardinals-2026-05-18/app-mentors/app.curiouscardinals.com/mentors/pengxiang-tian.html" [1]
2026-05-18 01:07:07 URL:https://app.curiouscardinals.com/mentors/mina-khan [14526/14526] -> "/Users/briannazajicek/Documents/illuminairy/archives/curious-cardinals-2026-05-18/app-mentors/app.curiouscardinals.com/mentors/mina-khan.html" [1]
2026-05-18 01:07:08 URL:https://app.curiouscardinals.com/mentors/adam-yang [13527/13527] -> "/Users/briannazajicek/Documents/illuminairy/archives/curious-cardinals-2026-05-18/app-mentors/app.curiouscardinals.com/mentors/adam-yang.html" [1]
2026-05-18 01:07:08 URL:https://app.curiouscardinals.com/mentors/keagan-jon [16187/16187] -> "/Users/briannazajicek/Documents/illuminairy/archives/curious-cardinals-2026-05-18/app-mentors/app.curiouscardinals.com/mentors/keagan-jon.html" [1]
2026-05-18 01:07:09 URL:https://app.curiouscardinals.com/mentors/mahima-bhaskar [8355/8355] -> "/Users/briannazajicek/Documents/illuminairy/archives/curious-cardinals-2026-05-18/app-mentors/app.curiouscardinals.com/mentors/mahima-bhaskar.html" [1]
2026-05-18 01:07:10 URL:https://app.curiouscardinals.com/mentors/gabriel-markwei [17301/17301] -> "/Users/briannazajicek/Documents/illuminairy/archives/curious-cardinals-2026-05-18/app-mentors/app.curiouscardinals.com/mentors/gabriel-markwei.html" [1]
2026-05-18 01:07:10 URL:https://app.curiouscardinals.com/mentors/lia-kitahata [16297/16297] -> "/Users/briannazajicek/Documents/illuminairy/archives/curious-cardinals-2026-05-18/app-mentors/app.curiouscardinals.com/mentors/lia-kitahata.html" [1]
2026-05-18 01:07:10 URL:https://app.curiouscardinals.com/mentors/samira-maria [21561/21561] -> "/Users/briannazajicek/Documents/illuminairy/archives/curious-cardinals-2026-05-18/app-mentors/app.curiouscardinals.com/mentors/samira-maria.html" [1]
2026-05-18 01:07:11 URL:https://app.curiouscardinals.com/mentors/lea-wangtomic [11734/11734] -> "/Users/briannazajicek/Documents/illuminairy/archives/curious-cardinals-2026-05-18/app-mentors/app.curiouscardinals.com/mentors/lea-wangtomic.html" [1]
2026-05-18 01:07:12 URL:https://app.curiouscardinals.com/mentors/chlo-donovan [14908/14908] -> "/Users/briannazajicek/Documents/illuminairy/archives/curious-cardinals-2026-05-18/app-mentors/app.curiouscardinals.com/mentors/chlo-donovan.html" [1]
2026-05-18 01:07:12 URL:https://app.curiouscardinals.com/mentors/layton-purchase [7250/7250] -> "/Users/briannazajicek/Documents/illuminairy/archives/curious-cardinals-2026-05-18/app-mentors/app.curiouscardinals.com/mentors/layton-purchase.html" [1]
2026-05-18 01:07:13 URL:https://app.curiouscardinals.com/mentors/claire-s [13448/13448] -> "/Users/briannazajicek/Documents/illuminairy/archives/curious-cardinals-2026-05-18/app-mentors/app.curiouscardinals.com/mentors/claire-s.html" [1]
2026-05-18 01:07:14 URL:https://app.curiouscardinals.com/mentors/kyra-kraft [8459/8459] -> "/Users/briannazajicek/Documents/illuminairy/archives/curious-cardinals-2026-05-18/app-mentors/app.curiouscardinals.com/mentors/kyra-kraft.html" [1]
2026-05-18 01:07:14 URL:https://app.curiouscardinals.com/mentors/henry-hillgorman [11765/11765] -> "/Users/briannazajicek/Documents/illuminairy/archives/curious-cardinals-2026-05-18/app-mentors/app.curiouscardinals.com/mentors/henry-hillgorman.html" [1]
2026-05-18 01:07:15 URL:https://app.curiouscardinals.com/mentors/carolyn-minhthi [8899/8899] -> "/Users/briannazajicek/Documents/illuminairy/archives/curious-cardinals-2026-05-18/app-mentors/app.curiouscardinals.com/mentors/carolyn-minhthi.html" [1]
2026-05-18 01:07:16 URL:https://app.curiouscardinals.com/mentors/susan-ahmed [15308/15308] -> "/Users/briannazajicek/Documents/illuminairy/archives/curious-cardinals-2026-05-18/app-mentors/app.curiouscardinals.com/mentors/susan-ahmed.html" [1]
2026-05-18 01:07:16 URL:https://app.curiouscardinals.com/mentors/jacob-duffles [11704/11704] -> "/Users/briannazajicek/Documents/illuminairy/archives/curious-cardinals-2026-05-18/app-mentors/app.curiouscardinals.com/mentors/jacob-duffles.html" [1]
2026-05-18 01:07:17 URL:https://app.curiouscardinals.com/mentors/jillian-flynn [7861/7861] -> "/Users/briannazajicek/Documents/illuminairy/archives/curious-cardinals-2026-05-18/app-mentors/app.curiouscardinals.com/mentors/jillian-flynn.html" [1]
2026-05-18 01:07:18 URL:https://app.curiouscardinals.com/mentors/lauren-castleman-1 [10168/10168] -> "/Users/briannazajicek/Documents/illuminairy/archives/curious-cardinals-2026-05-18/app-mentors/app.curiouscardinals.com/mentors/lauren-castleman-1.html" [1]
2026-05-18 01:07:18 URL:https://app.curiouscardinals.com/mentors/claire-houghton [14426/14426] -> "/Users/briannazajicek/Documents/illuminairy/archives/curious-cardinals-2026-05-18/app-mentors/app.curiouscardinals.com/mentors/claire-houghton.html" [1]
2026-05-18 01:07:19 URL:https://app.curiouscardinals.com/mentors/morgan-holien [23853/23853] -> "/Users/briannazajicek/Documents/illuminairy/archives/curious-cardinals-2026-05-18/app-mentors/app.curiouscardinals.com/mentors/morgan-holien.html" [1]
2026-05-18 01:07:19 URL:https://app.curiouscardinals.com/mentors/daria-lenz [12362/12362] -> "/Users/briannazajicek/Documents/illuminairy/archives/curious-cardinals-2026-05-18/app-mentors/app.curiouscardinals.com/mentors/daria-lenz.html" [1]
2026-05-18 01:07:20 URL:https://app.curiouscardinals.com/mentors/rayna-dadhania [18187/18187] -> "/Users/briannazajicek/Documents/illuminairy/archives/curious-cardinals-2026-05-18/app-mentors/app.curiouscardinals.com/mentors/rayna-dadhania.html" [1]
2026-05-18 01:07:21 URL:https://app.curiouscardinals.com/mentors/stella-anastasakis [16518/16518] -> "/Users/briannazajicek/Documents/illuminairy/archives/curious-cardinals-2026-05-18/app-mentors/app.curiouscardinals.com/mentors/stella-anastasakis.html" [1]
2026-05-18 01:07:21 URL:https://app.curiouscardinals.com/mentors/ella-chun [14471/14471] -> "/Users/briannazajicek/Documents/illuminairy/archives/curious-cardinals-2026-05-18/app-mentors/app.curiouscardinals.com/mentors/ella-chun.html" [1]
2026-05-18 01:07:22 URL:https://app.curiouscardinals.com/mentors/dorcas-gadri [18854/18854] -> "/Users/briannazajicek/Documents/illuminairy/archives/curious-cardinals-2026-05-18/app-mentors/app.curiouscardinals.com/mentors/dorcas-gadri.html" [1]
2026-05-18 01:07:22 URL:https://app.curiouscardinals.com/mentors/catrina-chen [17508/17508] -> "/Users/briannazajicek/Documents/illuminairy/archives/curious-cardinals-2026-05-18/app-mentors/app.curiouscardinals.com/mentors/catrina-chen.html" [1]
2026-05-18 01:07:23 URL:https://app.curiouscardinals.com/mentors/alec-katz [18815/18815] -> "/Users/briannazajicek/Documents/illuminairy/archives/curious-cardinals-2026-05-18/app-mentors/app.curiouscardinals.com/mentors/alec-katz.html" [1]
2026-05-18 01:07:24 URL:https://app.curiouscardinals.com/mentors/clara-ki [17352/17352] -> "/Users/briannazajicek/Documents/illuminairy/archives/curious-cardinals-2026-05-18/app-mentors/app.curiouscardinals.com/mentors/clara-ki.html" [1]
2026-05-18 01:07:24 URL:https://app.curiouscardinals.com/mentors/kate-estevez-1 [13000/13000] -> "/Users/briannazajicek/Documents/illuminairy/archives/curious-cardinals-2026-05-18/app-mentors/app.curiouscardinals.com/mentors/kate-estevez-1.html" [1]
2026-05-18 01:07:25 URL:https://app.curiouscardinals.com/mentors/sofia-kouri [14235/14235] -> "/Users/briannazajicek/Documents/illuminairy/archives/curious-cardinals-2026-05-18/app-mentors/app.curiouscardinals.com/mentors/sofia-kouri.html" [1]
2026-05-18 01:07:25 URL:https://app.curiouscardinals.com/mentors/catalina-holliday [18761/18761] -> "/Users/briannazajicek/Documents/illuminairy/archives/curious-cardinals-2026-05-18/app-mentors/app.curiouscardinals.com/mentors/catalina-holliday.html" [1]
2026-05-18 01:07:26 URL:https://app.curiouscardinals.com/mentors/ayana-griffin [8453/8453] -> "/Users/briannazajicek/Documents/illuminairy/archives/curious-cardinals-2026-05-18/app-mentors/app.curiouscardinals.com/mentors/ayana-griffin.html" [1]
2026-05-18 01:07:26 URL:https://app.curiouscardinals.com/mentors/adie-selassie [12829/12829] -> "/Users/briannazajicek/Documents/illuminairy/archives/curious-cardinals-2026-05-18/app-mentors/app.curiouscardinals.com/mentors/adie-selassie.html" [1]
2026-05-18 01:07:27 URL:https://app.curiouscardinals.com/mentors/satwik-bondelepati [14273/14273] -> "/Users/briannazajicek/Documents/illuminairy/archives/curious-cardinals-2026-05-18/app-mentors/app.curiouscardinals.com/mentors/satwik-bondelepati.html" [1]
2026-05-18 01:07:28 URL:https://app.curiouscardinals.com/mentors/crystal-wu [15156/15156] -> "/Users/briannazajicek/Documents/illuminairy/archives/curious-cardinals-2026-05-18/app-mentors/app.curiouscardinals.com/mentors/crystal-wu.html" [1]
2026-05-18 01:07:28 URL:https://app.curiouscardinals.com/mentors/alvaro-jesus [14386/14386] -> "/Users/briannazajicek/Documents/illuminairy/archives/curious-cardinals-2026-05-18/app-mentors/app.curiouscardinals.com/mentors/alvaro-jesus.html" [1]
2026-05-18 01:07:29 URL:https://app.curiouscardinals.com/mentors/caroline-spertus [11518/11518] -> "/Users/briannazajicek/Documents/illuminairy/archives/curious-cardinals-2026-05-18/app-mentors/app.curiouscardinals.com/mentors/caroline-spertus.html" [1]
2026-05-18 01:07:29 URL:https://app.curiouscardinals.com/mentors/evan-chen [9462/9462] -> "/Users/briannazajicek/Documents/illuminairy/archives/curious-cardinals-2026-05-18/app-mentors/app.curiouscardinals.com/mentors/evan-chen.html" [1]
2026-05-18 01:07:30 URL:https://app.curiouscardinals.com/mentors/yenjay-hu [15533/15533] -> "/Users/briannazajicek/Documents/illuminairy/archives/curious-cardinals-2026-05-18/app-mentors/app.curiouscardinals.com/mentors/yenjay-hu.html" [1]
2026-05-18 01:07:30 URL:https://app.curiouscardinals.com/mentors/marielle-buxbaum [17159/17159] -> "/Users/briannazajicek/Documents/illuminairy/archives/curious-cardinals-2026-05-18/app-mentors/app.curiouscardinals.com/mentors/marielle-buxbaum.html" [1]
2026-05-18 01:07:31 URL:https://app.curiouscardinals.com/mentors/sean-treichler-2 [14500/14500] -> "/Users/briannazajicek/Documents/illuminairy/archives/curious-cardinals-2026-05-18/app-mentors/app.curiouscardinals.com/mentors/sean-treichler-2.html" [1]
2026-05-18 01:07:31 URL:https://app.curiouscardinals.com/mentors/will-kardasis [12811/12811] -> "/Users/briannazajicek/Documents/illuminairy/archives/curious-cardinals-2026-05-18/app-mentors/app.curiouscardinals.com/mentors/will-kardasis.html" [1]
2026-05-18 01:07:32 URL:https://app.curiouscardinals.com/mentors/lou-cubberly [13815/13815] -> "/Users/briannazajicek/Documents/illuminairy/archives/curious-cardinals-2026-05-18/app-mentors/app.curiouscardinals.com/mentors/lou-cubberly.html" [1]
2026-05-18 01:07:33 URL:https://app.curiouscardinals.com/mentors/zeke-mcdavid [15276/15276] -> "/Users/briannazajicek/Documents/illuminairy/archives/curious-cardinals-2026-05-18/app-mentors/app.curiouscardinals.com/mentors/zeke-mcdavid.html" [1]
2026-05-18 01:07:33 URL:https://app.curiouscardinals.com/mentors/millie-reich-1 [15734/15734] -> "/Users/briannazajicek/Documents/illuminairy/archives/curious-cardinals-2026-05-18/app-mentors/app.curiouscardinals.com/mentors/millie-reich-1.html" [1]
2026-05-18 01:07:34 URL:https://app.curiouscardinals.com/mentors/benjamin-kotik [14415/14415] -> "/Users/briannazajicek/Documents/illuminairy/archives/curious-cardinals-2026-05-18/app-mentors/app.curiouscardinals.com/mentors/benjamin-kotik.html" [1]
2026-05-18 01:07:34 URL:https://app.curiouscardinals.com/mentors/maya-shah [20569/20569] -> "/Users/briannazajicek/Documents/illuminairy/archives/curious-cardinals-2026-05-18/app-mentors/app.curiouscardinals.com/mentors/maya-shah.html" [1]
2026-05-18 01:07:35 URL:https://app.curiouscardinals.com/mentors/joshua-abbas [13525/13525] -> "/Users/briannazajicek/Documents/illuminairy/archives/curious-cardinals-2026-05-18/app-mentors/app.curiouscardinals.com/mentors/joshua-abbas.html" [1]
2026-05-18 01:07:35 URL:https://app.curiouscardinals.com/mentors/chris-huang [14922/14922] -> "/Users/briannazajicek/Documents/illuminairy/archives/curious-cardinals-2026-05-18/app-mentors/app.curiouscardinals.com/mentors/chris-huang.html" [1]
2026-05-18 01:07:36 URL:https://app.curiouscardinals.com/mentors/cassidy-bruno [13053/13053] -> "/Users/briannazajicek/Documents/illuminairy/archives/curious-cardinals-2026-05-18/app-mentors/app.curiouscardinals.com/mentors/cassidy-bruno.html" [1]
2026-05-18 01:07:36 URL:https://app.curiouscardinals.com/mentors/jason-cui [16444/16444] -> "/Users/briannazajicek/Documents/illuminairy/archives/curious-cardinals-2026-05-18/app-mentors/app.curiouscardinals.com/mentors/jason-cui.html" [1]
2026-05-18 01:07:37 URL:https://app.curiouscardinals.com/mentors/ashwin-reddy [13882/13882] -> "/Users/briannazajicek/Documents/illuminairy/archives/curious-cardinals-2026-05-18/app-mentors/app.curiouscardinals.com/mentors/ashwin-reddy.html" [1]
2026-05-18 01:07:37 URL:https://app.curiouscardinals.com/mentors/michael-hailu [16809/16809] -> "/Users/briannazajicek/Documents/illuminairy/archives/curious-cardinals-2026-05-18/app-mentors/app.curiouscardinals.com/mentors/michael-hailu.html" [1]
2026-05-18 01:07:38 URL:https://app.curiouscardinals.com/mentors/delaney-vu [15228/15228] -> "/Users/briannazajicek/Documents/illuminairy/archives/curious-cardinals-2026-05-18/app-mentors/app.curiouscardinals.com/mentors/delaney-vu.html" [1]
2026-05-18 01:07:38 URL:https://app.curiouscardinals.com/mentors/hannah-katchen [15032/15032] -> "/Users/briannazajicek/Documents/illuminairy/archives/curious-cardinals-2026-05-18/app-mentors/app.curiouscardinals.com/mentors/hannah-katchen.html" [1]
2026-05-18 01:07:39 URL:https://app.curiouscardinals.com/mentors/nirmayi-kelkar [13778/13778] -> "/Users/briannazajicek/Documents/illuminairy/archives/curious-cardinals-2026-05-18/app-mentors/app.curiouscardinals.com/mentors/nirmayi-kelkar.html" [1]
2026-05-18 01:07:40 URL:https://app.curiouscardinals.com/mentors/luke-sharp [16577/16577] -> "/Users/briannazajicek/Documents/illuminairy/archives/curious-cardinals-2026-05-18/app-mentors/app.curiouscardinals.com/mentors/luke-sharp.html" [1]
2026-05-18 01:07:40 URL:https://app.curiouscardinals.com/mentors/alexander-clark [16108/16108] -> "/Users/briannazajicek/Documents/illuminairy/archives/curious-cardinals-2026-05-18/app-mentors/app.curiouscardinals.com/mentors/alexander-clark.html" [1]
2026-05-18 01:07:41 URL:https://app.curiouscardinals.com/mentors/nina-soofi [14410/14410] -> "/Users/briannazajicek/Documents/illuminairy/archives/curious-cardinals-2026-05-18/app-mentors/app.curiouscardinals.com/mentors/nina-soofi.html" [1]
2026-05-18 01:07:42 URL:https://app.curiouscardinals.com/mentors/yuxi-hou [17801/17801] -> "/Users/briannazajicek/Documents/illuminairy/archives/curious-cardinals-2026-05-18/app-mentors/app.curiouscardinals.com/mentors/yuxi-hou.html" [1]
2026-05-18 01:07:42 URL:https://app.curiouscardinals.com/mentors/moana-m [14953/14953] -> "/Users/briannazajicek/Documents/illuminairy/archives/curious-cardinals-2026-05-18/app-mentors/app.curiouscardinals.com/mentors/moana-m.html" [1]
2026-05-18 01:07:43 URL:https://app.curiouscardinals.com/mentors/sherry-huang [16061/16061] -> "/Users/briannazajicek/Documents/illuminairy/archives/curious-cardinals-2026-05-18/app-mentors/app.curiouscardinals.com/mentors/sherry-huang.html" [1]
2026-05-18 01:07:43 URL:https://app.curiouscardinals.com/mentors/cormac-thorpe [8500/8500] -> "/Users/briannazajicek/Documents/illuminairy/archives/curious-cardinals-2026-05-18/app-mentors/app.curiouscardinals.com/mentors/cormac-thorpe.html" [1]
2026-05-18 01:07:44 URL:https://app.curiouscardinals.com/mentors/pennie-lu [17353/17353] -> "/Users/briannazajicek/Documents/illuminairy/archives/curious-cardinals-2026-05-18/app-mentors/app.curiouscardinals.com/mentors/pennie-lu.html" [1]
2026-05-18 01:07:45 URL:https://app.curiouscardinals.com/mentors/kendall-morris [11684/11684] -> "/Users/briannazajicek/Documents/illuminairy/archives/curious-cardinals-2026-05-18/app-mentors/app.curiouscardinals.com/mentors/kendall-morris.html" [1]
2026-05-18 01:07:45 URL:https://app.curiouscardinals.com/mentors/alex-miramontes [18304/18304] -> "/Users/briannazajicek/Documents/illuminairy/archives/curious-cardinals-2026-05-18/app-mentors/app.curiouscardinals.com/mentors/alex-miramontes.html" [1]
2026-05-18 01:07:46 URL:https://app.curiouscardinals.com/mentors/mayowa-jolayemi [8686/8686] -> "/Users/briannazajicek/Documents/illuminairy/archives/curious-cardinals-2026-05-18/app-mentors/app.curiouscardinals.com/mentors/mayowa-jolayemi.html" [1]
2026-05-18 01:07:46 URL:https://app.curiouscardinals.com/mentors/judith-jatto [15538/15538] -> "/Users/briannazajicek/Documents/illuminairy/archives/curious-cardinals-2026-05-18/app-mentors/app.curiouscardinals.com/mentors/judith-jatto.html" [1]
2026-05-18 01:07:47 URL:https://app.curiouscardinals.com/mentors/morgan-moreno [9400/9400] -> "/Users/briannazajicek/Documents/illuminairy/archives/curious-cardinals-2026-05-18/app-mentors/app.curiouscardinals.com/mentors/morgan-moreno.html" [1]
2026-05-18 01:07:47 URL:https://app.curiouscardinals.com/mentors/peter-sykes [14375/14375] -> "/Users/briannazajicek/Documents/illuminairy/archives/curious-cardinals-2026-05-18/app-mentors/app.curiouscardinals.com/mentors/peter-sykes.html" [1]
2026-05-18 01:07:48 URL:https://app.curiouscardinals.com/mentors/sarah-kim [14255/14255] -> "/Users/briannazajicek/Documents/illuminairy/archives/curious-cardinals-2026-05-18/app-mentors/app.curiouscardinals.com/mentors/sarah-kim.html" [1]
2026-05-18 01:07:48 URL:https://app.curiouscardinals.com/mentors/jonathan-ro [13684/13684] -> "/Users/briannazajicek/Documents/illuminairy/archives/curious-cardinals-2026-05-18/app-mentors/app.curiouscardinals.com/mentors/jonathan-ro.html" [1]
2026-05-18 01:07:49 URL:https://app.curiouscardinals.com/mentors/nyah-ware [12891/12891] -> "/Users/briannazajicek/Documents/illuminairy/archives/curious-cardinals-2026-05-18/app-mentors/app.curiouscardinals.com/mentors/nyah-ware.html" [1]
2026-05-18 01:07:49 URL:https://app.curiouscardinals.com/mentors/kade-barnes [16853/16853] -> "/Users/briannazajicek/Documents/illuminairy/archives/curious-cardinals-2026-05-18/app-mentors/app.curiouscardinals.com/mentors/kade-barnes.html" [1]
2026-05-18 01:07:50 URL:https://app.curiouscardinals.com/mentors/kaitlyn-greta [14502/14502] -> "/Users/briannazajicek/Documents/illuminairy/archives/curious-cardinals-2026-05-18/app-mentors/app.curiouscardinals.com/mentors/kaitlyn-greta.html" [1]
2026-05-18 01:07:51 URL:https://app.curiouscardinals.com/mentors/hannah-rasekhi [8571/8571] -> "/Users/briannazajicek/Documents/illuminairy/archives/curious-cardinals-2026-05-18/app-mentors/app.curiouscardinals.com/mentors/hannah-rasekhi.html" [1]
2026-05-18 01:07:51 URL:https://app.curiouscardinals.com/mentors/hakeem-shittabey [15208/15208] -> "/Users/briannazajicek/Documents/illuminairy/archives/curious-cardinals-2026-05-18/app-mentors/app.curiouscardinals.com/mentors/hakeem-shittabey.html" [1]
2026-05-18 01:07:52 URL:https://app.curiouscardinals.com/mentors/ellen-hwang [13179/13179] -> "/Users/briannazajicek/Documents/illuminairy/archives/curious-cardinals-2026-05-18/app-mentors/app.curiouscardinals.com/mentors/ellen-hwang.html" [1]
2026-05-18 01:07:52 URL:https://app.curiouscardinals.com/mentors/eva-morales [20055/20055] -> "/Users/briannazajicek/Documents/illuminairy/archives/curious-cardinals-2026-05-18/app-mentors/app.curiouscardinals.com/mentors/eva-morales.html" [1]
2026-05-18 01:07:53 URL:https://app.curiouscardinals.com/mentors/ella-adebonojo [15218/15218] -> "/Users/briannazajicek/Documents/illuminairy/archives/curious-cardinals-2026-05-18/app-mentors/app.curiouscardinals.com/mentors/ella-adebonojo.html" [1]
2026-05-18 01:07:54 URL:https://app.curiouscardinals.com/mentors/caden-huy [14640/14640] -> "/Users/briannazajicek/Documents/illuminairy/archives/curious-cardinals-2026-05-18/app-mentors/app.curiouscardinals.com/mentors/caden-huy.html" [1]
2026-05-18 01:07:54 URL:https://app.curiouscardinals.com/mentors/charlottekirsty-hall [8442/8442] -> "/Users/briannazajicek/Documents/illuminairy/archives/curious-cardinals-2026-05-18/app-mentors/app.curiouscardinals.com/mentors/charlottekirsty-hall.html" [1]
2026-05-18 01:07:55 URL:https://app.curiouscardinals.com/mentors/caie-kelley [8755/8755] -> "/Users/briannazajicek/Documents/illuminairy/archives/curious-cardinals-2026-05-18/app-mentors/app.curiouscardinals.com/mentors/caie-kelley.html" [1]
2026-05-18 01:07:56 URL:https://app.curiouscardinals.com/mentors/freddie-shanel [7827/7827] -> "/Users/briannazajicek/Documents/illuminairy/archives/curious-cardinals-2026-05-18/app-mentors/app.curiouscardinals.com/mentors/freddie-shanel.html" [1]
2026-05-18 01:07:56 URL:https://app.curiouscardinals.com/mentors/karim-rishani [14370/14370] -> "/Users/briannazajicek/Documents/illuminairy/archives/curious-cardinals-2026-05-18/app-mentors/app.curiouscardinals.com/mentors/karim-rishani.html" [1]
2026-05-18 01:07:57 URL:https://app.curiouscardinals.com/mentors/avery-watkins [8805/8805] -> "/Users/briannazajicek/Documents/illuminairy/archives/curious-cardinals-2026-05-18/app-mentors/app.curiouscardinals.com/mentors/avery-watkins.html" [1]
2026-05-18 01:07:58 URL:https://app.curiouscardinals.com/mentors/simon-lamar [12213/12213] -> "/Users/briannazajicek/Documents/illuminairy/archives/curious-cardinals-2026-05-18/app-mentors/app.curiouscardinals.com/mentors/simon-lamar.html" [1]
2026-05-18 01:07:58 URL:https://app.curiouscardinals.com/mentors/eleanor-prince [16155/16155] -> "/Users/briannazajicek/Documents/illuminairy/archives/curious-cardinals-2026-05-18/app-mentors/app.curiouscardinals.com/mentors/eleanor-prince.html" [1]
2026-05-18 01:07:59 URL:https://app.curiouscardinals.com/mentors/max-serranowu [9469/9469] -> "/Users/briannazajicek/Documents/illuminairy/archives/curious-cardinals-2026-05-18/app-mentors/app.curiouscardinals.com/mentors/max-serranowu.html" [1]
2026-05-18 01:07:59 URL:https://app.curiouscardinals.com/mentors/ronak-shetty [14351/14351] -> "/Users/briannazajicek/Documents/illuminairy/archives/curious-cardinals-2026-05-18/app-mentors/app.curiouscardinals.com/mentors/ronak-shetty.html" [1]
2026-05-18 01:08:00 URL:https://app.curiouscardinals.com/mentors/manuely-felizportes [14141/14141] -> "/Users/briannazajicek/Documents/illuminairy/archives/curious-cardinals-2026-05-18/app-mentors/app.curiouscardinals.com/mentors/manuely-felizportes.html" [1]
2026-05-18 01:08:00 URL:https://app.curiouscardinals.com/mentors/naod-araya [13272/13272] -> "/Users/briannazajicek/Documents/illuminairy/archives/curious-cardinals-2026-05-18/app-mentors/app.curiouscardinals.com/mentors/naod-araya.html" [1]
2026-05-18 01:08:01 URL:https://app.curiouscardinals.com/mentors/ciara-ortizdiaz [13991/13991] -> "/Users/briannazajicek/Documents/illuminairy/archives/curious-cardinals-2026-05-18/app-mentors/app.curiouscardinals.com/mentors/ciara-ortizdiaz.html" [1]
2026-05-18 01:08:02 URL:https://app.curiouscardinals.com/mentors/hudson-gage [13989/13989] -> "/Users/briannazajicek/Documents/illuminairy/archives/curious-cardinals-2026-05-18/app-mentors/app.curiouscardinals.com/mentors/hudson-gage.html" [1]
2026-05-18 01:08:02 URL:https://app.curiouscardinals.com/mentors/willow-woodward [9353/9353] -> "/Users/briannazajicek/Documents/illuminairy/archives/curious-cardinals-2026-05-18/app-mentors/app.curiouscardinals.com/mentors/willow-woodward.html" [1]
2026-05-18 01:08:03 URL:https://app.curiouscardinals.com/mentors/isabella-jordan [16810/16810] -> "/Users/briannazajicek/Documents/illuminairy/archives/curious-cardinals-2026-05-18/app-mentors/app.curiouscardinals.com/mentors/isabella-jordan.html" [1]
2026-05-18 01:08:03 URL:https://app.curiouscardinals.com/mentors/sachin-allums [7692/7692] -> "/Users/briannazajicek/Documents/illuminairy/archives/curious-cardinals-2026-05-18/app-mentors/app.curiouscardinals.com/mentors/sachin-allums.html" [1]
2026-05-18 01:08:04 URL:https://app.curiouscardinals.com/mentors/elizabeth-palafox [15233/15233] -> "/Users/briannazajicek/Documents/illuminairy/archives/curious-cardinals-2026-05-18/app-mentors/app.curiouscardinals.com/mentors/elizabeth-palafox.html" [1]
2026-05-18 01:08:04 URL:https://app.curiouscardinals.com/mentors/anirudh-sridharan [16308/16308] -> "/Users/briannazajicek/Documents/illuminairy/archives/curious-cardinals-2026-05-18/app-mentors/app.curiouscardinals.com/mentors/anirudh-sridharan.html" [1]
2026-05-18 01:08:05 URL:https://app.curiouscardinals.com/mentors/jonah-mendel [8563/8563] -> "/Users/briannazajicek/Documents/illuminairy/archives/curious-cardinals-2026-05-18/app-mentors/app.curiouscardinals.com/mentors/jonah-mendel.html" [1]
2026-05-18 01:08:05 URL:https://app.curiouscardinals.com/mentors/malia-munley-1 [16401/16401] -> "/Users/briannazajicek/Documents/illuminairy/archives/curious-cardinals-2026-05-18/app-mentors/app.curiouscardinals.com/mentors/malia-munley-1.html" [1]
2026-05-18 01:08:06 URL:https://app.curiouscardinals.com/mentors/katie-han [12322/12322] -> "/Users/briannazajicek/Documents/illuminairy/archives/curious-cardinals-2026-05-18/app-mentors/app.curiouscardinals.com/mentors/katie-han.html" [1]
2026-05-18 01:08:07 URL:https://app.curiouscardinals.com/mentors/julianne-lefelhocz [14935/14935] -> "/Users/briannazajicek/Documents/illuminairy/archives/curious-cardinals-2026-05-18/app-mentors/app.curiouscardinals.com/mentors/julianne-lefelhocz.html" [1]
2026-05-18 01:08:07 URL:https://app.curiouscardinals.com/mentors/wonjin-ko [13639/13639] -> "/Users/briannazajicek/Documents/illuminairy/archives/curious-cardinals-2026-05-18/app-mentors/app.curiouscardinals.com/mentors/wonjin-ko.html" [1]
2026-05-18 01:08:08 URL:https://app.curiouscardinals.com/mentors/sean-patrick [9059/9059] -> "/Users/briannazajicek/Documents/illuminairy/archives/curious-cardinals-2026-05-18/app-mentors/app.curiouscardinals.com/mentors/sean-patrick.html" [1]
2026-05-18 01:08:08 URL:https://app.curiouscardinals.com/mentors/lucy-harvey [14298/14298] -> "/Users/briannazajicek/Documents/illuminairy/archives/curious-cardinals-2026-05-18/app-mentors/app.curiouscardinals.com/mentors/lucy-harvey.html" [1]
2026-05-18 01:08:09 URL:https://app.curiouscardinals.com/mentors/daniel-vayman [14870/14870] -> "/Users/briannazajicek/Documents/illuminairy/archives/curious-cardinals-2026-05-18/app-mentors/app.curiouscardinals.com/mentors/daniel-vayman.html" [1]
2026-05-18 01:08:09 URL:https://app.curiouscardinals.com/mentors/alex-agris [14035/14035] -> "/Users/briannazajicek/Documents/illuminairy/archives/curious-cardinals-2026-05-18/app-mentors/app.curiouscardinals.com/mentors/alex-agris.html" [1]
2026-05-18 01:08:10 URL:https://app.curiouscardinals.com/mentors/aurelia-han-1 [11874/11874] -> "/Users/briannazajicek/Documents/illuminairy/archives/curious-cardinals-2026-05-18/app-mentors/app.curiouscardinals.com/mentors/aurelia-han-1.html" [1]
2026-05-18 01:08:10 URL:https://app.curiouscardinals.com/mentors/thomaz-bonato [11845/11845] -> "/Users/briannazajicek/Documents/illuminairy/archives/curious-cardinals-2026-05-18/app-mentors/app.curiouscardinals.com/mentors/thomaz-bonato.html" [1]
2026-05-18 01:08:11 URL:https://app.curiouscardinals.com/mentors/nicholas-pez [9402/9402] -> "/Users/briannazajicek/Documents/illuminairy/archives/curious-cardinals-2026-05-18/app-mentors/app.curiouscardinals.com/mentors/nicholas-pez.html" [1]
2026-05-18 01:08:11 URL:https://app.curiouscardinals.com/mentors/asier-belay [11333/11333] -> "/Users/briannazajicek/Documents/illuminairy/archives/curious-cardinals-2026-05-18/app-mentors/app.curiouscardinals.com/mentors/asier-belay.html" [1]
2026-05-18 01:08:12 URL:https://app.curiouscardinals.com/mentors/patricio-perezelorza [9403/9403] -> "/Users/briannazajicek/Documents/illuminairy/archives/curious-cardinals-2026-05-18/app-mentors/app.curiouscardinals.com/mentors/patricio-perezelorza.html" [1]
2026-05-18 01:08:12 URL:https://app.curiouscardinals.com/mentors/nadia-ralston [7848/7848] -> "/Users/briannazajicek/Documents/illuminairy/archives/curious-cardinals-2026-05-18/app-mentors/app.curiouscardinals.com/mentors/nadia-ralston.html" [1]
2026-05-18 01:08:13 URL:https://app.curiouscardinals.com/mentors/jonathan-siskind [15754/15754] -> "/Users/briannazajicek/Documents/illuminairy/archives/curious-cardinals-2026-05-18/app-mentors/app.curiouscardinals.com/mentors/jonathan-siskind.html" [1]
2026-05-18 01:08:14 URL:https://app.curiouscardinals.com/mentors/gavin-ghafoori [14668/14668] -> "/Users/briannazajicek/Documents/illuminairy/archives/curious-cardinals-2026-05-18/app-mentors/app.curiouscardinals.com/mentors/gavin-ghafoori.html" [1]
2026-05-18 01:08:14 URL:https://app.curiouscardinals.com/mentors/mackenna-riley [17023/17023] -> "/Users/briannazajicek/Documents/illuminairy/archives/curious-cardinals-2026-05-18/app-mentors/app.curiouscardinals.com/mentors/mackenna-riley.html" [1]
2026-05-18 01:08:15 URL:https://app.curiouscardinals.com/mentors/damian-dobrowolski [21042/21042] -> "/Users/briannazajicek/Documents/illuminairy/archives/curious-cardinals-2026-05-18/app-mentors/app.curiouscardinals.com/mentors/damian-dobrowolski.html" [1]
2026-05-18 01:08:16 URL:https://app.curiouscardinals.com/mentors/anjali-debrah [12188/12188] -> "/Users/briannazajicek/Documents/illuminairy/archives/curious-cardinals-2026-05-18/app-mentors/app.curiouscardinals.com/mentors/anjali-debrah.html" [1]
2026-05-18 01:08:16 URL:https://app.curiouscardinals.com/mentors/max-jones [14229/14229] -> "/Users/briannazajicek/Documents/illuminairy/archives/curious-cardinals-2026-05-18/app-mentors/app.curiouscardinals.com/mentors/max-jones.html" [1]
2026-05-18 01:08:17 URL:https://app.curiouscardinals.com/mentors/brooke-stanford [8155/8155] -> "/Users/briannazajicek/Documents/illuminairy/archives/curious-cardinals-2026-05-18/app-mentors/app.curiouscardinals.com/mentors/brooke-stanford.html" [1]
2026-05-18 01:08:17 URL:https://app.curiouscardinals.com/mentors/keith-pemberton [13582/13582] -> "/Users/briannazajicek/Documents/illuminairy/archives/curious-cardinals-2026-05-18/app-mentors/app.curiouscardinals.com/mentors/keith-pemberton.html" [1]
2026-05-18 01:08:18 URL:https://app.curiouscardinals.com/mentors/lev-sheinfeld [12880/12880] -> "/Users/briannazajicek/Documents/illuminairy/archives/curious-cardinals-2026-05-18/app-mentors/app.curiouscardinals.com/mentors/lev-sheinfeld.html" [1]
2026-05-18 01:08:19 URL:https://app.curiouscardinals.com/mentors/weston-gray-1 [8098/8098] -> "/Users/briannazajicek/Documents/illuminairy/archives/curious-cardinals-2026-05-18/app-mentors/app.curiouscardinals.com/mentors/weston-gray-1.html" [1]
2026-05-18 01:08:19 URL:https://app.curiouscardinals.com/mentors/kyle-john [7402/7402] -> "/Users/briannazajicek/Documents/illuminairy/archives/curious-cardinals-2026-05-18/app-mentors/app.curiouscardinals.com/mentors/kyle-john.html" [1]
2026-05-18 01:08:20 URL:https://app.curiouscardinals.com/mentors/emmy-kahan [11877/11877] -> "/Users/briannazajicek/Documents/illuminairy/archives/curious-cardinals-2026-05-18/app-mentors/app.curiouscardinals.com/mentors/emmy-kahan.html" [1]
2026-05-18 01:08:20 URL:https://app.curiouscardinals.com/mentors/lauren-smilen [18192/18192] -> "/Users/briannazajicek/Documents/illuminairy/archives/curious-cardinals-2026-05-18/app-mentors/app.curiouscardinals.com/mentors/lauren-smilen.html" [1]
2026-05-18 01:08:21 URL:https://app.curiouscardinals.com/mentors/madison-vanwyngarden [10629/10629] -> "/Users/briannazajicek/Documents/illuminairy/archives/curious-cardinals-2026-05-18/app-mentors/app.curiouscardinals.com/mentors/madison-vanwyngarden.html" [1]
2026-05-18 01:08:21 URL:https://app.curiouscardinals.com/mentors/gerald-chavin [12717/12717] -> "/Users/briannazajicek/Documents/illuminairy/archives/curious-cardinals-2026-05-18/app-mentors/app.curiouscardinals.com/mentors/gerald-chavin.html" [1]
2026-05-18 01:08:22 URL:https://app.curiouscardinals.com/mentors/eleanor-lockhart [12084/12084] -> "/Users/briannazajicek/Documents/illuminairy/archives/curious-cardinals-2026-05-18/app-mentors/app.curiouscardinals.com/mentors/eleanor-lockhart.html" [1]
2026-05-18 01:08:22 URL:https://app.curiouscardinals.com/mentors/sarah-jade [12827/12827] -> "/Users/briannazajicek/Documents/illuminairy/archives/curious-cardinals-2026-05-18/app-mentors/app.curiouscardinals.com/mentors/sarah-jade.html" [1]
2026-05-18 01:08:23 URL:https://app.curiouscardinals.com/mentors/yonatan-laderman [13931/13931] -> "/Users/briannazajicek/Documents/illuminairy/archives/curious-cardinals-2026-05-18/app-mentors/app.curiouscardinals.com/mentors/yonatan-laderman.html" [1]
2026-05-18 01:08:24 URL:https://app.curiouscardinals.com/mentors/elena-mosse [8701/8701] -> "/Users/briannazajicek/Documents/illuminairy/archives/curious-cardinals-2026-05-18/app-mentors/app.curiouscardinals.com/mentors/elena-mosse.html" [1]
2026-05-18 01:08:24 URL:https://app.curiouscardinals.com/mentors/rhea-malhotra [8695/8695] -> "/Users/briannazajicek/Documents/illuminairy/archives/curious-cardinals-2026-05-18/app-mentors/app.curiouscardinals.com/mentors/rhea-malhotra.html" [1]
2026-05-18 01:08:25 URL:https://app.curiouscardinals.com/mentors/noah-berrie [12337/12337] -> "/Users/briannazajicek/Documents/illuminairy/archives/curious-cardinals-2026-05-18/app-mentors/app.curiouscardinals.com/mentors/noah-berrie.html" [1]
2026-05-18 01:08:25 URL:https://app.curiouscardinals.com/mentors/william-wen [13474/13474] -> "/Users/briannazajicek/Documents/illuminairy/archives/curious-cardinals-2026-05-18/app-mentors/app.curiouscardinals.com/mentors/william-wen.html" [1]
2026-05-18 01:08:26 URL:https://app.curiouscardinals.com/mentors/caitlynn-toduyen [10174/10174] -> "/Users/briannazajicek/Documents/illuminairy/archives/curious-cardinals-2026-05-18/app-mentors/app.curiouscardinals.com/mentors/caitlynn-toduyen.html" [1]
2026-05-18 01:08:27 URL:https://app.curiouscardinals.com/mentors/hashem-abdou [8430/8430] -> "/Users/briannazajicek/Documents/illuminairy/archives/curious-cardinals-2026-05-18/app-mentors/app.curiouscardinals.com/mentors/hashem-abdou.html" [1]
2026-05-18 01:08:27 URL:https://app.curiouscardinals.com/mentors/alexander-aibel [8550/8550] -> "/Users/briannazajicek/Documents/illuminairy/archives/curious-cardinals-2026-05-18/app-mentors/app.curiouscardinals.com/mentors/alexander-aibel.html" [1]
2026-05-18 01:08:28 URL:https://app.curiouscardinals.com/mentors/annabelle-stoker [8876/8876] -> "/Users/briannazajicek/Documents/illuminairy/archives/curious-cardinals-2026-05-18/app-mentors/app.curiouscardinals.com/mentors/annabelle-stoker.html" [1]
2026-05-18 01:08:28 URL:https://app.curiouscardinals.com/mentors/caroline-moseley [13912/13912] -> "/Users/briannazajicek/Documents/illuminairy/archives/curious-cardinals-2026-05-18/app-mentors/app.curiouscardinals.com/mentors/caroline-moseley.html" [1]
2026-05-18 01:08:29 URL:https://app.curiouscardinals.com/mentors/dorothea-robertson [10919/10919] -> "/Users/briannazajicek/Documents/illuminairy/archives/curious-cardinals-2026-05-18/app-mentors/app.curiouscardinals.com/mentors/dorothea-robertson.html" [1]
2026-05-18 01:08:29 URL:https://app.curiouscardinals.com/mentors/emma-bucaj-1 [8282/8282] -> "/Users/briannazajicek/Documents/illuminairy/archives/curious-cardinals-2026-05-18/app-mentors/app.curiouscardinals.com/mentors/emma-bucaj-1.html" [1]
2026-05-18 01:08:30 URL:https://app.curiouscardinals.com/mentors/sarah-norwood [13925/13925] -> "/Users/briannazajicek/Documents/illuminairy/archives/curious-cardinals-2026-05-18/app-mentors/app.curiouscardinals.com/mentors/sarah-norwood.html" [1]
2026-05-18 01:08:31 URL:https://app.curiouscardinals.com/mentors/brianna-ilit [12818/12818] -> "/Users/briannazajicek/Documents/illuminairy/archives/curious-cardinals-2026-05-18/app-mentors/app.curiouscardinals.com/mentors/brianna-ilit.html" [1]
2026-05-18 01:08:31 URL:https://app.curiouscardinals.com/mentors/melissa-bell [13942/13942] -> "/Users/briannazajicek/Documents/illuminairy/archives/curious-cardinals-2026-05-18/app-mentors/app.curiouscardinals.com/mentors/melissa-bell.html" [1]
2026-05-18 01:08:32 URL:https://app.curiouscardinals.com/mentors/john-duffy-1 [12528/12528] -> "/Users/briannazajicek/Documents/illuminairy/archives/curious-cardinals-2026-05-18/app-mentors/app.curiouscardinals.com/mentors/john-duffy-1.html" [1]
2026-05-18 01:08:33 URL:https://app.curiouscardinals.com/mentors/anna-elizabeth [8691/8691] -> "/Users/briannazajicek/Documents/illuminairy/archives/curious-cardinals-2026-05-18/app-mentors/app.curiouscardinals.com/mentors/anna-elizabeth.html" [1]
2026-05-18 01:08:33 URL:https://app.curiouscardinals.com/mentors/joseph-robinson [16529/16529] -> "/Users/briannazajicek/Documents/illuminairy/archives/curious-cardinals-2026-05-18/app-mentors/app.curiouscardinals.com/mentors/joseph-robinson.html" [1]
2026-05-18 01:08:34 URL:https://app.curiouscardinals.com/mentors/katherine-gan [8660/8660] -> "/Users/briannazajicek/Documents/illuminairy/archives/curious-cardinals-2026-05-18/app-mentors/app.curiouscardinals.com/mentors/katherine-gan.html" [1]
2026-05-18 01:08:34 URL:https://app.curiouscardinals.com/mentors/jack-kelly-1 [13296/13296] -> "/Users/briannazajicek/Documents/illuminairy/archives/curious-cardinals-2026-05-18/app-mentors/app.curiouscardinals.com/mentors/jack-kelly-1.html" [1]
2026-05-18 01:08:35 URL:https://app.curiouscardinals.com/mentors/selin-dursun [9009/9009] -> "/Users/briannazajicek/Documents/illuminairy/archives/curious-cardinals-2026-05-18/app-mentors/app.curiouscardinals.com/mentors/selin-dursun.html" [1]
2026-05-18 01:08:35 URL:https://app.curiouscardinals.com/mentors/elena-debre [10551/10551] -> "/Users/briannazajicek/Documents/illuminairy/archives/curious-cardinals-2026-05-18/app-mentors/app.curiouscardinals.com/mentors/elena-debre.html" [1]
2026-05-18 01:08:36 URL:https://app.curiouscardinals.com/mentors/jennifer-ye [10458/10458] -> "/Users/briannazajicek/Documents/illuminairy/archives/curious-cardinals-2026-05-18/app-mentors/app.curiouscardinals.com/mentors/jennifer-ye.html" [1]
2026-05-18 01:08:36 URL:https://app.curiouscardinals.com/mentors/sean-summers [13629/13629] -> "/Users/briannazajicek/Documents/illuminairy/archives/curious-cardinals-2026-05-18/app-mentors/app.curiouscardinals.com/mentors/sean-summers.html" [1]
2026-05-18 01:08:37 URL:https://app.curiouscardinals.com/mentors/aidan-ginor [11029/11029] -> "/Users/briannazajicek/Documents/illuminairy/archives/curious-cardinals-2026-05-18/app-mentors/app.curiouscardinals.com/mentors/aidan-ginor.html" [1]
2026-05-18 01:08:37 URL:https://app.curiouscardinals.com/mentors/lila-temple-1 [11604/11604] -> "/Users/briannazajicek/Documents/illuminairy/archives/curious-cardinals-2026-05-18/app-mentors/app.curiouscardinals.com/mentors/lila-temple-1.html" [1]
2026-05-18 01:08:38 URL:https://app.curiouscardinals.com/mentors/will-pittock [8546/8546] -> "/Users/briannazajicek/Documents/illuminairy/archives/curious-cardinals-2026-05-18/app-mentors/app.curiouscardinals.com/mentors/will-pittock.html" [1]
2026-05-18 01:08:38 URL:https://app.curiouscardinals.com/mentors/nate-levan [14751/14751] -> "/Users/briannazajicek/Documents/illuminairy/archives/curious-cardinals-2026-05-18/app-mentors/app.curiouscardinals.com/mentors/nate-levan.html" [1]
2026-05-18 01:08:39 URL:https://app.curiouscardinals.com/mentors/laila-skramstad [11521/11521] -> "/Users/briannazajicek/Documents/illuminairy/archives/curious-cardinals-2026-05-18/app-mentors/app.curiouscardinals.com/mentors/laila-skramstad.html" [1]
2026-05-18 01:08:40 URL:https://app.curiouscardinals.com/mentors/alegria-ruselersmith [8168/8168] -> "/Users/briannazajicek/Documents/illuminairy/archives/curious-cardinals-2026-05-18/app-mentors/app.curiouscardinals.com/mentors/alegria-ruselersmith.html" [1]
2026-05-18 01:08:41 URL:https://app.curiouscardinals.com/mentors/dhruv-javangula [17786/17786] -> "/Users/briannazajicek/Documents/illuminairy/archives/curious-cardinals-2026-05-18/app-mentors/app.curiouscardinals.com/mentors/dhruv-javangula.html" [1]
2026-05-18 01:08:41 URL:https://app.curiouscardinals.com/mentors/caity-mcginley [9149/9149] -> "/Users/briannazajicek/Documents/illuminairy/archives/curious-cardinals-2026-05-18/app-mentors/app.curiouscardinals.com/mentors/caity-mcginley.html" [1]
2026-05-18 01:08:42 URL:https://app.curiouscardinals.com/mentors/joshua-young-1 [19153/19153] -> "/Users/briannazajicek/Documents/illuminairy/archives/curious-cardinals-2026-05-18/app-mentors/app.curiouscardinals.com/mentors/joshua-young-1.html" [1]
2026-05-18 01:08:42 URL:https://app.curiouscardinals.com/mentors/sophie-poole [13292/13292] -> "/Users/briannazajicek/Documents/illuminairy/archives/curious-cardinals-2026-05-18/app-mentors/app.curiouscardinals.com/mentors/sophie-poole.html" [1]
2026-05-18 01:08:43 URL:https://app.curiouscardinals.com/mentors/alex-escudero [12876/12876] -> "/Users/briannazajicek/Documents/illuminairy/archives/curious-cardinals-2026-05-18/app-mentors/app.curiouscardinals.com/mentors/alex-escudero.html" [1]
2026-05-18 01:08:44 URL:https://app.curiouscardinals.com/mentors/anika-k [8968/8968] -> "/Users/briannazajicek/Documents/illuminairy/archives/curious-cardinals-2026-05-18/app-mentors/app.curiouscardinals.com/mentors/anika-k.html" [1]
2026-05-18 01:08:44 URL:https://app.curiouscardinals.com/mentors/cameron-connor [14937/14937] -> "/Users/briannazajicek/Documents/illuminairy/archives/curious-cardinals-2026-05-18/app-mentors/app.curiouscardinals.com/mentors/cameron-connor.html" [1]
2026-05-18 01:08:45 URL:https://app.curiouscardinals.com/mentors/will-michaels [8498/8498] -> "/Users/briannazajicek/Documents/illuminairy/archives/curious-cardinals-2026-05-18/app-mentors/app.curiouscardinals.com/mentors/will-michaels.html" [1]
2026-05-18 01:08:45 URL:https://app.curiouscardinals.com/mentors/olivia-clark [7820/7820] -> "/Users/briannazajicek/Documents/illuminairy/archives/curious-cardinals-2026-05-18/app-mentors/app.curiouscardinals.com/mentors/olivia-clark.html" [1]
2026-05-18 01:08:46 URL:https://app.curiouscardinals.com/mentors/lidya-demilew [11945/11945] -> "/Users/briannazajicek/Documents/illuminairy/archives/curious-cardinals-2026-05-18/app-mentors/app.curiouscardinals.com/mentors/lidya-demilew.html" [1]
2026-05-18 01:08:46 URL:https://app.curiouscardinals.com/mentors/ria-dhull [8281/8281] -> "/Users/briannazajicek/Documents/illuminairy/archives/curious-cardinals-2026-05-18/app-mentors/app.curiouscardinals.com/mentors/ria-dhull.html" [1]
2026-05-18 01:08:57 URL:https://app.curiouscardinals.com/mentors/lucy-carpenter [9440/9440] -> "/Users/briannazajicek/Documents/illuminairy/archives/curious-cardinals-2026-05-18/app-mentors/app.curiouscardinals.com/mentors/lucy-carpenter.html" [1]
2026-05-18 01:08:57 URL:https://app.curiouscardinals.com/mentors/orly-lewittes [15610/15610] -> "/Users/briannazajicek/Documents/illuminairy/archives/curious-cardinals-2026-05-18/app-mentors/app.curiouscardinals.com/mentors/orly-lewittes.html" [1]
2026-05-18 01:08:58 URL:https://app.curiouscardinals.com/mentors/stella-delp [8063/8063] -> "/Users/briannazajicek/Documents/illuminairy/archives/curious-cardinals-2026-05-18/app-mentors/app.curiouscardinals.com/mentors/stella-delp.html" [1]
2026-05-18 01:08:58 URL:https://app.curiouscardinals.com/mentors/chase-hurwitz [10838/10838] -> "/Users/briannazajicek/Documents/illuminairy/archives/curious-cardinals-2026-05-18/app-mentors/app.curiouscardinals.com/mentors/chase-hurwitz.html" [1]
2026-05-18 01:08:59 URL:https://app.curiouscardinals.com/mentors/marwah-sabrah [8475/8475] -> "/Users/briannazajicek/Documents/illuminairy/archives/curious-cardinals-2026-05-18/app-mentors/app.curiouscardinals.com/mentors/marwah-sabrah.html" [1]
2026-05-18 01:09:00 URL:https://app.curiouscardinals.com/mentors/zach-rosenblum [12310/12310] -> "/Users/briannazajicek/Documents/illuminairy/archives/curious-cardinals-2026-05-18/app-mentors/app.curiouscardinals.com/mentors/zach-rosenblum.html" [1]
2026-05-18 01:09:00 URL:https://app.curiouscardinals.com/mentors/katie-dykstra [8828/8828] -> "/Users/briannazajicek/Documents/illuminairy/archives/curious-cardinals-2026-05-18/app-mentors/app.curiouscardinals.com/mentors/katie-dykstra.html" [1]
2026-05-18 01:09:01 URL:https://app.curiouscardinals.com/mentors/yab-demisie [7793/7793] -> "/Users/briannazajicek/Documents/illuminairy/archives/curious-cardinals-2026-05-18/app-mentors/app.curiouscardinals.com/mentors/yab-demisie.html" [1]
2026-05-18 01:09:01 URL:https://app.curiouscardinals.com/mentors/clara-everett [7655/7655] -> "/Users/briannazajicek/Documents/illuminairy/archives/curious-cardinals-2026-05-18/app-mentors/app.curiouscardinals.com/mentors/clara-everett.html" [1]
2026-05-18 01:09:02 URL:https://app.curiouscardinals.com/mentors/lydia-cawley [8620/8620] -> "/Users/briannazajicek/Documents/illuminairy/archives/curious-cardinals-2026-05-18/app-mentors/app.curiouscardinals.com/mentors/lydia-cawley.html" [1]
2026-05-18 01:09:03 URL:https://app.curiouscardinals.com/mentors/renee-bertrand [15111/15111] -> "/Users/briannazajicek/Documents/illuminairy/archives/curious-cardinals-2026-05-18/app-mentors/app.curiouscardinals.com/mentors/renee-bertrand.html" [1]
2026-05-18 01:09:03 URL:https://app.curiouscardinals.com/mentors/meha-magesh [12080/12080] -> "/Users/briannazajicek/Documents/illuminairy/archives/curious-cardinals-2026-05-18/app-mentors/app.curiouscardinals.com/mentors/meha-magesh.html" [1]
2026-05-18 01:09:04 URL:https://app.curiouscardinals.com/mentors/tanner-christensen [15270/15270] -> "/Users/briannazajicek/Documents/illuminairy/archives/curious-cardinals-2026-05-18/app-mentors/app.curiouscardinals.com/mentors/tanner-christensen.html" [1]
2026-05-18 01:09:05 URL:https://app.curiouscardinals.com/mentors/leo-spunt [13710/13710] -> "/Users/briannazajicek/Documents/illuminairy/archives/curious-cardinals-2026-05-18/app-mentors/app.curiouscardinals.com/mentors/leo-spunt.html" [1]
2026-05-18 01:09:05 URL:https://app.curiouscardinals.com/mentors/serena-emanuel [9354/9354] -> "/Users/briannazajicek/Documents/illuminairy/archives/curious-cardinals-2026-05-18/app-mentors/app.curiouscardinals.com/mentors/serena-emanuel.html" [1]
2026-05-18 01:09:06 URL:https://app.curiouscardinals.com/mentors/ava-milberg [7836/7836] -> "/Users/briannazajicek/Documents/illuminairy/archives/curious-cardinals-2026-05-18/app-mentors/app.curiouscardinals.com/mentors/ava-milberg.html" [1]
2026-05-18 01:09:07 URL:https://app.curiouscardinals.com/mentors/nestor-tkachenko [8113/8113] -> "/Users/briannazajicek/Documents/illuminairy/archives/curious-cardinals-2026-05-18/app-mentors/app.curiouscardinals.com/mentors/nestor-tkachenko.html" [1]
2026-05-18 01:09:07 URL:https://app.curiouscardinals.com/mentors/evan-saracay [9144/9144] -> "/Users/briannazajicek/Documents/illuminairy/archives/curious-cardinals-2026-05-18/app-mentors/app.curiouscardinals.com/mentors/evan-saracay.html" [1]
2026-05-18 01:09:08 URL:https://app.curiouscardinals.com/mentors/reilly-pigott [7471/7471] -> "/Users/briannazajicek/Documents/illuminairy/archives/curious-cardinals-2026-05-18/app-mentors/app.curiouscardinals.com/mentors/reilly-pigott.html" [1]
2026-05-18 01:09:08 URL:https://app.curiouscardinals.com/mentors/camille-reeves [12712/12712] -> "/Users/briannazajicek/Documents/illuminairy/archives/curious-cardinals-2026-05-18/app-mentors/app.curiouscardinals.com/mentors/camille-reeves.html" [1]
2026-05-18 01:09:09 URL:https://app.curiouscardinals.com/mentors/eric-liu [13192/13192] -> "/Users/briannazajicek/Documents/illuminairy/archives/curious-cardinals-2026-05-18/app-mentors/app.curiouscardinals.com/mentors/eric-liu.html" [1]
2026-05-18 01:09:09 URL:https://app.curiouscardinals.com/mentors/genevieve-harris-1 [13456/13456] -> "/Users/briannazajicek/Documents/illuminairy/archives/curious-cardinals-2026-05-18/app-mentors/app.curiouscardinals.com/mentors/genevieve-harris-1.html" [1]
2026-05-18 01:09:10 URL:https://app.curiouscardinals.com/mentors/christian-everett [12847/12847] -> "/Users/briannazajicek/Documents/illuminairy/archives/curious-cardinals-2026-05-18/app-mentors/app.curiouscardinals.com/mentors/christian-everett.html" [1]
2026-05-18 01:09:11 URL:https://app.curiouscardinals.com/mentors/enjolique-hughes [8721/8721] -> "/Users/briannazajicek/Documents/illuminairy/archives/curious-cardinals-2026-05-18/app-mentors/app.curiouscardinals.com/mentors/enjolique-hughes.html" [1]
2026-05-18 01:09:11 URL:https://app.curiouscardinals.com/mentors/tania- [9777/9777] -> "/Users/briannazajicek/Documents/illuminairy/archives/curious-cardinals-2026-05-18/app-mentors/app.curiouscardinals.com/mentors/tania-.html" [1]
2026-05-18 01:09:12 URL:https://app.curiouscardinals.com/mentors/emma-born [8785/8785] -> "/Users/briannazajicek/Documents/illuminairy/archives/curious-cardinals-2026-05-18/app-mentors/app.curiouscardinals.com/mentors/emma-born.html" [1]
2026-05-18 01:09:12 URL:https://app.curiouscardinals.com/mentors/jonathan-gamarra [13696/13696] -> "/Users/briannazajicek/Documents/illuminairy/archives/curious-cardinals-2026-05-18/app-mentors/app.curiouscardinals.com/mentors/jonathan-gamarra.html" [1]
2026-05-18 01:09:13 URL:https://app.curiouscardinals.com/mentors/claudia-isabel [7840/7840] -> "/Users/briannazajicek/Documents/illuminairy/archives/curious-cardinals-2026-05-18/app-mentors/app.curiouscardinals.com/mentors/claudia-isabel.html" [1]
2026-05-18 01:09:14 URL:https://app.curiouscardinals.com/mentors/tabish-soleman [11147/11147] -> "/Users/briannazajicek/Documents/illuminairy/archives/curious-cardinals-2026-05-18/app-mentors/app.curiouscardinals.com/mentors/tabish-soleman.html" [1]
2026-05-18 01:09:14 URL:https://app.curiouscardinals.com/mentors/darwin-luna [7881/7881] -> "/Users/briannazajicek/Documents/illuminairy/archives/curious-cardinals-2026-05-18/app-mentors/app.curiouscardinals.com/mentors/darwin-luna.html" [1]
2026-05-18 01:09:15 URL:https://app.curiouscardinals.com/mentors/sofia-pesantez [8349/8349] -> "/Users/briannazajicek/Documents/illuminairy/archives/curious-cardinals-2026-05-18/app-mentors/app.curiouscardinals.com/mentors/sofia-pesantez.html" [1]
2026-05-18 01:09:16 URL:https://app.curiouscardinals.com/mentors/nicole-cortes [13250/13250] -> "/Users/briannazajicek/Documents/illuminairy/archives/curious-cardinals-2026-05-18/app-mentors/app.curiouscardinals.com/mentors/nicole-cortes.html" [1]
2026-05-18 01:09:16 URL:https://app.curiouscardinals.com/mentors/roxy-wilcox [12309/12309] -> "/Users/briannazajicek/Documents/illuminairy/archives/curious-cardinals-2026-05-18/app-mentors/app.curiouscardinals.com/mentors/roxy-wilcox.html" [1]
2026-05-18 01:09:17 URL:https://app.curiouscardinals.com/mentors/tijesunimi-borode [12637/12637] -> "/Users/briannazajicek/Documents/illuminairy/archives/curious-cardinals-2026-05-18/app-mentors/app.curiouscardinals.com/mentors/tijesunimi-borode.html" [1]
2026-05-18 01:09:17 URL:https://app.curiouscardinals.com/mentors/emma-jaeger [10502/10502] -> "/Users/briannazajicek/Documents/illuminairy/archives/curious-cardinals-2026-05-18/app-mentors/app.curiouscardinals.com/mentors/emma-jaeger.html" [1]
2026-05-18 01:09:18 URL:https://app.curiouscardinals.com/mentors/mahalia-foster-1 [13623/13623] -> "/Users/briannazajicek/Documents/illuminairy/archives/curious-cardinals-2026-05-18/app-mentors/app.curiouscardinals.com/mentors/mahalia-foster-1.html" [1]
2026-05-18 01:09:18 URL:https://app.curiouscardinals.com/mentors/salil-pai-1 [11355/11355] -> "/Users/briannazajicek/Documents/illuminairy/archives/curious-cardinals-2026-05-18/app-mentors/app.curiouscardinals.com/mentors/salil-pai-1.html" [1]
2026-05-18 01:09:19 URL:https://app.curiouscardinals.com/mentors/isaac-yang [12977/12977] -> "/Users/briannazajicek/Documents/illuminairy/archives/curious-cardinals-2026-05-18/app-mentors/app.curiouscardinals.com/mentors/isaac-yang.html" [1]
2026-05-18 01:09:20 URL:https://app.curiouscardinals.com/mentors/varsha-saravanan [8848/8848] -> "/Users/briannazajicek/Documents/illuminairy/archives/curious-cardinals-2026-05-18/app-mentors/app.curiouscardinals.com/mentors/varsha-saravanan.html" [1]
2026-05-18 01:09:20 URL:https://app.curiouscardinals.com/mentors/daniel-geil [11458/11458] -> "/Users/briannazajicek/Documents/illuminairy/archives/curious-cardinals-2026-05-18/app-mentors/app.curiouscardinals.com/mentors/daniel-geil.html" [1]
2026-05-18 01:09:21 URL:https://app.curiouscardinals.com/mentors/emma- [12552/12552] -> "/Users/briannazajicek/Documents/illuminairy/archives/curious-cardinals-2026-05-18/app-mentors/app.curiouscardinals.com/mentors/emma-.html" [1]
2026-05-18 01:09:21 URL:https://app.curiouscardinals.com/mentors/shiley-einav [8857/8857] -> "/Users/briannazajicek/Documents/illuminairy/archives/curious-cardinals-2026-05-18/app-mentors/app.curiouscardinals.com/mentors/shiley-einav.html" [1]
2026-05-18 01:09:22 URL:https://app.curiouscardinals.com/mentors/claudia-munozsola [16782/16782] -> "/Users/briannazajicek/Documents/illuminairy/archives/curious-cardinals-2026-05-18/app-mentors/app.curiouscardinals.com/mentors/claudia-munozsola.html" [1]
2026-05-18 01:09:23 URL:https://app.curiouscardinals.com/mentors/rainier-harris [13675/13675] -> "/Users/briannazajicek/Documents/illuminairy/archives/curious-cardinals-2026-05-18/app-mentors/app.curiouscardinals.com/mentors/rainier-harris.html" [1]
2026-05-18 01:09:23 URL:https://app.curiouscardinals.com/mentors/matthew-moseley [13213/13213] -> "/Users/briannazajicek/Documents/illuminairy/archives/curious-cardinals-2026-05-18/app-mentors/app.curiouscardinals.com/mentors/matthew-moseley.html" [1]
2026-05-18 01:09:24 URL:https://app.curiouscardinals.com/mentors/declan-franey [14540/14540] -> "/Users/briannazajicek/Documents/illuminairy/archives/curious-cardinals-2026-05-18/app-mentors/app.curiouscardinals.com/mentors/declan-franey.html" [1]
2026-05-18 01:09:24 URL:https://app.curiouscardinals.com/mentors/david-hill [12624/12624] -> "/Users/briannazajicek/Documents/illuminairy/archives/curious-cardinals-2026-05-18/app-mentors/app.curiouscardinals.com/mentors/david-hill.html" [1]
2026-05-18 01:09:25 URL:https://app.curiouscardinals.com/mentors/khue-tran [19106/19106] -> "/Users/briannazajicek/Documents/illuminairy/archives/curious-cardinals-2026-05-18/app-mentors/app.curiouscardinals.com/mentors/khue-tran.html" [1]
2026-05-18 01:09:25 URL:https://app.curiouscardinals.com/mentors/santiago-lugo [15234/15234] -> "/Users/briannazajicek/Documents/illuminairy/archives/curious-cardinals-2026-05-18/app-mentors/app.curiouscardinals.com/mentors/santiago-lugo.html" [1]
2026-05-18 01:09:26 URL:https://app.curiouscardinals.com/mentors/chidubem-nzekwe [14621/14621] -> "/Users/briannazajicek/Documents/illuminairy/archives/curious-cardinals-2026-05-18/app-mentors/app.curiouscardinals.com/mentors/chidubem-nzekwe.html" [1]
2026-05-18 01:09:26 URL:https://app.curiouscardinals.com/mentors/nicholas-penaloza [13330/13330] -> "/Users/briannazajicek/Documents/illuminairy/archives/curious-cardinals-2026-05-18/app-mentors/app.curiouscardinals.com/mentors/nicholas-penaloza.html" [1]
2026-05-18 01:09:27 URL:https://app.curiouscardinals.com/mentors/jackson-schwartz [16475/16475] -> "/Users/briannazajicek/Documents/illuminairy/archives/curious-cardinals-2026-05-18/app-mentors/app.curiouscardinals.com/mentors/jackson-schwartz.html" [1]
2026-05-18 01:09:28 URL:https://app.curiouscardinals.com/mentors/andrea-meadorsafont [15086/15086] -> "/Users/briannazajicek/Documents/illuminairy/archives/curious-cardinals-2026-05-18/app-mentors/app.curiouscardinals.com/mentors/andrea-meadorsafont.html" [1]
2026-05-18 01:09:28 URL:https://app.curiouscardinals.com/mentors/alyssa-chang [13473/13473] -> "/Users/briannazajicek/Documents/illuminairy/archives/curious-cardinals-2026-05-18/app-mentors/app.curiouscardinals.com/mentors/alyssa-chang.html" [1]
2026-05-18 01:09:29 URL:https://app.curiouscardinals.com/mentors/paul-tjoumakaris [12266/12266] -> "/Users/briannazajicek/Documents/illuminairy/archives/curious-cardinals-2026-05-18/app-mentors/app.curiouscardinals.com/mentors/paul-tjoumakaris.html" [1]
2026-05-18 01:09:29 URL:https://app.curiouscardinals.com/mentors/aliyah-steinberg [12486/12486] -> "/Users/briannazajicek/Documents/illuminairy/archives/curious-cardinals-2026-05-18/app-mentors/app.curiouscardinals.com/mentors/aliyah-steinberg.html" [1]
2026-05-18 01:09:30 URL:https://app.curiouscardinals.com/mentors/macarthy-mahoney [9349/9349] -> "/Users/briannazajicek/Documents/illuminairy/archives/curious-cardinals-2026-05-18/app-mentors/app.curiouscardinals.com/mentors/macarthy-mahoney.html" [1]
2026-05-18 01:09:31 URL:https://app.curiouscardinals.com/mentors/nora-draper [8740/8740] -> "/Users/briannazajicek/Documents/illuminairy/archives/curious-cardinals-2026-05-18/app-mentors/app.curiouscardinals.com/mentors/nora-draper.html" [1]
2026-05-18 01:09:32 URL:https://app.curiouscardinals.com/mentors/nandini-kotamurthy [14802/14802] -> "/Users/briannazajicek/Documents/illuminairy/archives/curious-cardinals-2026-05-18/app-mentors/app.curiouscardinals.com/mentors/nandini-kotamurthy.html" [1]
2026-05-18 01:09:32 URL:https://app.curiouscardinals.com/mentors/mckenna-ragen [14630/14630] -> "/Users/briannazajicek/Documents/illuminairy/archives/curious-cardinals-2026-05-18/app-mentors/app.curiouscardinals.com/mentors/mckenna-ragen.html" [1]
2026-05-18 01:09:33 URL:https://app.curiouscardinals.com/mentors/mattheus-tellini [16747/16747] -> "/Users/briannazajicek/Documents/illuminairy/archives/curious-cardinals-2026-05-18/app-mentors/app.curiouscardinals.com/mentors/mattheus-tellini.html" [1]
2026-05-18 01:09:34 URL:https://app.curiouscardinals.com/mentors/andre-ramsey-1 [14224/14224] -> "/Users/briannazajicek/Documents/illuminairy/archives/curious-cardinals-2026-05-18/app-mentors/app.curiouscardinals.com/mentors/andre-ramsey-1.html" [1]
2026-05-18 01:09:35 URL:https://app.curiouscardinals.com/mentors/sara-boyers [14522/14522] -> "/Users/briannazajicek/Documents/illuminairy/archives/curious-cardinals-2026-05-18/app-mentors/app.curiouscardinals.com/mentors/sara-boyers.html" [1]
2026-05-18 01:09:35 URL:https://app.curiouscardinals.com/mentors/princess-awambu [13067/13067] -> "/Users/briannazajicek/Documents/illuminairy/archives/curious-cardinals-2026-05-18/app-mentors/app.curiouscardinals.com/mentors/princess-awambu.html" [1]
2026-05-18 01:09:36 URL:https://app.curiouscardinals.com/mentors/sophia-nehme [14027/14027] -> "/Users/briannazajicek/Documents/illuminairy/archives/curious-cardinals-2026-05-18/app-mentors/app.curiouscardinals.com/mentors/sophia-nehme.html" [1]
2026-05-18 01:09:37 URL:https://app.curiouscardinals.com/mentors/marissa-scott [14879/14879] -> "/Users/briannazajicek/Documents/illuminairy/archives/curious-cardinals-2026-05-18/app-mentors/app.curiouscardinals.com/mentors/marissa-scott.html" [1]
2026-05-18 01:09:37 URL:https://app.curiouscardinals.com/mentors/mataya-philbrick-1 [13238/13238] -> "/Users/briannazajicek/Documents/illuminairy/archives/curious-cardinals-2026-05-18/app-mentors/app.curiouscardinals.com/mentors/mataya-philbrick-1.html" [1]
2026-05-18 01:09:38 URL:https://app.curiouscardinals.com/mentors/leyla-giordano [14124/14124] -> "/Users/briannazajicek/Documents/illuminairy/archives/curious-cardinals-2026-05-18/app-mentors/app.curiouscardinals.com/mentors/leyla-giordano.html" [1]
2026-05-18 01:09:38 URL:https://app.curiouscardinals.com/mentors/holly-anderson-1 [17777/17777] -> "/Users/briannazajicek/Documents/illuminairy/archives/curious-cardinals-2026-05-18/app-mentors/app.curiouscardinals.com/mentors/holly-anderson-1.html" [1]
2026-05-18 01:09:39 URL:https://app.curiouscardinals.com/mentors/aryan-k [12295/12295] -> "/Users/briannazajicek/Documents/illuminairy/archives/curious-cardinals-2026-05-18/app-mentors/app.curiouscardinals.com/mentors/aryan-k.html" [1]
2026-05-18 01:09:39 URL:https://app.curiouscardinals.com/mentors/tiger-li [15120/15120] -> "/Users/briannazajicek/Documents/illuminairy/archives/curious-cardinals-2026-05-18/app-mentors/app.curiouscardinals.com/mentors/tiger-li.html" [1]
2026-05-18 01:09:40 URL:https://app.curiouscardinals.com/mentors/kia-ghods [15438/15438] -> "/Users/briannazajicek/Documents/illuminairy/archives/curious-cardinals-2026-05-18/app-mentors/app.curiouscardinals.com/mentors/kia-ghods.html" [1]
2026-05-18 01:09:41 URL:https://app.curiouscardinals.com/mentors/emma-eisenhauer [15575/15575] -> "/Users/briannazajicek/Documents/illuminairy/archives/curious-cardinals-2026-05-18/app-mentors/app.curiouscardinals.com/mentors/emma-eisenhauer.html" [1]
2026-05-18 01:09:41 URL:https://app.curiouscardinals.com/mentors/henry-weikel [12460/12460] -> "/Users/briannazajicek/Documents/illuminairy/archives/curious-cardinals-2026-05-18/app-mentors/app.curiouscardinals.com/mentors/henry-weikel.html" [1]
2026-05-18 01:09:42 URL:https://app.curiouscardinals.com/mentors/sydney-marie [16300/16300] -> "/Users/briannazajicek/Documents/illuminairy/archives/curious-cardinals-2026-05-18/app-mentors/app.curiouscardinals.com/mentors/sydney-marie.html" [1]
2026-05-18 01:09:42 URL:https://app.curiouscardinals.com/mentors/jennifer-butler [13569/13569] -> "/Users/briannazajicek/Documents/illuminairy/archives/curious-cardinals-2026-05-18/app-mentors/app.curiouscardinals.com/mentors/jennifer-butler.html" [1]
2026-05-18 01:09:43 URL:https://app.curiouscardinals.com/mentors/bell-riley [11292/11292] -> "/Users/briannazajicek/Documents/illuminairy/archives/curious-cardinals-2026-05-18/app-mentors/app.curiouscardinals.com/mentors/bell-riley.html" [1]
2026-05-18 01:09:44 URL:https://app.curiouscardinals.com/mentors/mackenzie-rabin [15372/15372] -> "/Users/briannazajicek/Documents/illuminairy/archives/curious-cardinals-2026-05-18/app-mentors/app.curiouscardinals.com/mentors/mackenzie-rabin.html" [1]
2026-05-18 01:09:44 URL:https://app.curiouscardinals.com/mentors/james-setty [12044/12044] -> "/Users/briannazajicek/Documents/illuminairy/archives/curious-cardinals-2026-05-18/app-mentors/app.curiouscardinals.com/mentors/james-setty.html" [1]
2026-05-18 01:09:45 URL:https://app.curiouscardinals.com/mentors/hayoung-moon-1 [13050/13050] -> "/Users/briannazajicek/Documents/illuminairy/archives/curious-cardinals-2026-05-18/app-mentors/app.curiouscardinals.com/mentors/hayoung-moon-1.html" [1]
2026-05-18 01:09:45 URL:https://app.curiouscardinals.com/mentors/mari-annest [14903/14903] -> "/Users/briannazajicek/Documents/illuminairy/archives/curious-cardinals-2026-05-18/app-mentors/app.curiouscardinals.com/mentors/mari-annest.html" [1]
2026-05-18 01:09:46 URL:https://app.curiouscardinals.com/mentors/kaylee-cornelius [12536/12536] -> "/Users/briannazajicek/Documents/illuminairy/archives/curious-cardinals-2026-05-18/app-mentors/app.curiouscardinals.com/mentors/kaylee-cornelius.html" [1]
2026-05-18 01:09:46 URL:https://app.curiouscardinals.com/mentors/ramsha-ali [14209/14209] -> "/Users/briannazajicek/Documents/illuminairy/archives/curious-cardinals-2026-05-18/app-mentors/app.curiouscardinals.com/mentors/ramsha-ali.html" [1]
2026-05-18 01:09:47 URL:https://app.curiouscardinals.com/mentors/james-ramos [16167/16167] -> "/Users/briannazajicek/Documents/illuminairy/archives/curious-cardinals-2026-05-18/app-mentors/app.curiouscardinals.com/mentors/james-ramos.html" [1]
2026-05-18 01:09:48 URL:https://app.curiouscardinals.com/mentors/anna-akerele [11864/11864] -> "/Users/briannazajicek/Documents/illuminairy/archives/curious-cardinals-2026-05-18/app-mentors/app.curiouscardinals.com/mentors/anna-akerele.html" [1]
2026-05-18 01:09:48 URL:https://app.curiouscardinals.com/mentors/max-zuckernik [12035/12035] -> "/Users/briannazajicek/Documents/illuminairy/archives/curious-cardinals-2026-05-18/app-mentors/app.curiouscardinals.com/mentors/max-zuckernik.html" [1]
2026-05-18 01:09:49 URL:https://app.curiouscardinals.com/mentors/abdullahi-adeboye [21329/21329] -> "/Users/briannazajicek/Documents/illuminairy/archives/curious-cardinals-2026-05-18/app-mentors/app.curiouscardinals.com/mentors/abdullahi-adeboye.html" [1]
2026-05-18 01:09:49 URL:https://app.curiouscardinals.com/mentors/alex-bhatt [9535/9535] -> "/Users/briannazajicek/Documents/illuminairy/archives/curious-cardinals-2026-05-18/app-mentors/app.curiouscardinals.com/mentors/alex-bhatt.html" [1]
2026-05-18 01:09:50 URL:https://app.curiouscardinals.com/mentors/lily-davis [15832/15832] -> "/Users/briannazajicek/Documents/illuminairy/archives/curious-cardinals-2026-05-18/app-mentors/app.curiouscardinals.com/mentors/lily-davis.html" [1]
2026-05-18 01:09:50 URL:https://app.curiouscardinals.com/mentors/josue-cadena [15133/15133] -> "/Users/briannazajicek/Documents/illuminairy/archives/curious-cardinals-2026-05-18/app-mentors/app.curiouscardinals.com/mentors/josue-cadena.html" [1]
2026-05-18 01:09:51 URL:https://app.curiouscardinals.com/mentors/jordan-zhao-1 [16581/16581] -> "/Users/briannazajicek/Documents/illuminairy/archives/curious-cardinals-2026-05-18/app-mentors/app.curiouscardinals.com/mentors/jordan-zhao-1.html" [1]
2026-05-18 01:09:51 URL:https://app.curiouscardinals.com/mentors/snigdha-vayalapadu [8262/8262] -> "/Users/briannazajicek/Documents/illuminairy/archives/curious-cardinals-2026-05-18/app-mentors/app.curiouscardinals.com/mentors/snigdha-vayalapadu.html" [1]
2026-05-18 01:09:52 URL:https://app.curiouscardinals.com/mentors/tayo-makinde [14282/14282] -> "/Users/briannazajicek/Documents/illuminairy/archives/curious-cardinals-2026-05-18/app-mentors/app.curiouscardinals.com/mentors/tayo-makinde.html" [1]
2026-05-18 01:09:53 URL:https://app.curiouscardinals.com/mentors/aryav-bothra [12449/12449] -> "/Users/briannazajicek/Documents/illuminairy/archives/curious-cardinals-2026-05-18/app-mentors/app.curiouscardinals.com/mentors/aryav-bothra.html" [1]
2026-05-18 01:09:53 URL:https://app.curiouscardinals.com/mentors/ashley-labrie [15259/15259] -> "/Users/briannazajicek/Documents/illuminairy/archives/curious-cardinals-2026-05-18/app-mentors/app.curiouscardinals.com/mentors/ashley-labrie.html" [1]
2026-05-18 01:09:54 URL:https://app.curiouscardinals.com/mentors/raine-osterling [15132/15132] -> "/Users/briannazajicek/Documents/illuminairy/archives/curious-cardinals-2026-05-18/app-mentors/app.curiouscardinals.com/mentors/raine-osterling.html" [1]
2026-05-18 01:09:54 URL:https://app.curiouscardinals.com/mentors/tobie-bertisch [15322/15322] -> "/Users/briannazajicek/Documents/illuminairy/archives/curious-cardinals-2026-05-18/app-mentors/app.curiouscardinals.com/mentors/tobie-bertisch.html" [1]
2026-05-18 01:09:55 URL:https://app.curiouscardinals.com/mentors/leeza-petrov [16549/16549] -> "/Users/briannazajicek/Documents/illuminairy/archives/curious-cardinals-2026-05-18/app-mentors/app.curiouscardinals.com/mentors/leeza-petrov.html" [1]
2026-05-18 01:09:56 URL:https://app.curiouscardinals.com/mentors/malik-figaro-1 [13367/13367] -> "/Users/briannazajicek/Documents/illuminairy/archives/curious-cardinals-2026-05-18/app-mentors/app.curiouscardinals.com/mentors/malik-figaro-1.html" [1]
2026-05-18 01:09:56 URL:https://app.curiouscardinals.com/mentors/malek-abushawish [16454/16454] -> "/Users/briannazajicek/Documents/illuminairy/archives/curious-cardinals-2026-05-18/app-mentors/app.curiouscardinals.com/mentors/malek-abushawish.html" [1]
2026-05-18 01:09:57 URL:https://app.curiouscardinals.com/mentors/kieran-lucus-2 [15059/15059] -> "/Users/briannazajicek/Documents/illuminairy/archives/curious-cardinals-2026-05-18/app-mentors/app.curiouscardinals.com/mentors/kieran-lucus-2.html" [1]
2026-05-18 01:09:57 URL:https://app.curiouscardinals.com/mentors/heera-santhosh [18406/18406] -> "/Users/briannazajicek/Documents/illuminairy/archives/curious-cardinals-2026-05-18/app-mentors/app.curiouscardinals.com/mentors/heera-santhosh.html" [1]
2026-05-18 01:09:57 URL:https://app.curiouscardinals.com/mentors/francisco-aponte [20004/20004] -> "/Users/briannazajicek/Documents/illuminairy/archives/curious-cardinals-2026-05-18/app-mentors/app.curiouscardinals.com/mentors/francisco-aponte.html" [1]
2026-05-18 01:09:58 URL:https://app.curiouscardinals.com/mentors/emma-cortina [15655/15655] -> "/Users/briannazajicek/Documents/illuminairy/archives/curious-cardinals-2026-05-18/app-mentors/app.curiouscardinals.com/mentors/emma-cortina.html" [1]
2026-05-18 01:09:59 URL:https://app.curiouscardinals.com/mentors/creed-gardiner [14256/14256] -> "/Users/briannazajicek/Documents/illuminairy/archives/curious-cardinals-2026-05-18/app-mentors/app.curiouscardinals.com/mentors/creed-gardiner.html" [1]
2026-05-18 01:09:59 URL:https://app.curiouscardinals.com/mentors/isabella-diaz-1 [15176/15176] -> "/Users/briannazajicek/Documents/illuminairy/archives/curious-cardinals-2026-05-18/app-mentors/app.curiouscardinals.com/mentors/isabella-diaz-1.html" [1]
2026-05-18 01:10:00 URL:https://app.curiouscardinals.com/mentors/maddalena-honablue [15952/15952] -> "/Users/briannazajicek/Documents/illuminairy/archives/curious-cardinals-2026-05-18/app-mentors/app.curiouscardinals.com/mentors/maddalena-honablue.html" [1]
2026-05-18 01:10:00 URL:https://app.curiouscardinals.com/mentors/will-lieber [14099/14099] -> "/Users/briannazajicek/Documents/illuminairy/archives/curious-cardinals-2026-05-18/app-mentors/app.curiouscardinals.com/mentors/will-lieber.html" [1]
2026-05-18 01:10:01 URL:https://app.curiouscardinals.com/mentors/cooper-adams [8692/8692] -> "/Users/briannazajicek/Documents/illuminairy/archives/curious-cardinals-2026-05-18/app-mentors/app.curiouscardinals.com/mentors/cooper-adams.html" [1]
2026-05-18 01:10:02 URL:https://app.curiouscardinals.com/mentors/lucia-umbreit [13329/13329] -> "/Users/briannazajicek/Documents/illuminairy/archives/curious-cardinals-2026-05-18/app-mentors/app.curiouscardinals.com/mentors/lucia-umbreit.html" [1]
2026-05-18 01:10:03 URL:https://app.curiouscardinals.com/mentors/lucy-bryce [12429/12429] -> "/Users/briannazajicek/Documents/illuminairy/archives/curious-cardinals-2026-05-18/app-mentors/app.curiouscardinals.com/mentors/lucy-bryce.html" [1]
2026-05-18 01:10:03 URL:https://app.curiouscardinals.com/mentors/edison-sun [13238/13238] -> "/Users/briannazajicek/Documents/illuminairy/archives/curious-cardinals-2026-05-18/app-mentors/app.curiouscardinals.com/mentors/edison-sun.html" [1]
2026-05-18 01:10:04 URL:https://app.curiouscardinals.com/mentors/armaan-kazi [16469/16469] -> "/Users/briannazajicek/Documents/illuminairy/archives/curious-cardinals-2026-05-18/app-mentors/app.curiouscardinals.com/mentors/armaan-kazi.html" [1]
2026-05-18 01:10:05 URL:https://app.curiouscardinals.com/mentors/shreyas-prasad [9927/9927] -> "/Users/briannazajicek/Documents/illuminairy/archives/curious-cardinals-2026-05-18/app-mentors/app.curiouscardinals.com/mentors/shreyas-prasad.html" [1]
2026-05-18 01:10:05 URL:https://app.curiouscardinals.com/mentors/johnathon-soro [14276/14276] -> "/Users/briannazajicek/Documents/illuminairy/archives/curious-cardinals-2026-05-18/app-mentors/app.curiouscardinals.com/mentors/johnathon-soro.html" [1]
2026-05-18 01:10:06 URL:https://app.curiouscardinals.com/mentors/steven-yao [12526/12526] -> "/Users/briannazajicek/Documents/illuminairy/archives/curious-cardinals-2026-05-18/app-mentors/app.curiouscardinals.com/mentors/steven-yao.html" [1]
2026-05-18 01:10:06 URL:https://app.curiouscardinals.com/mentors/bito-boucher [16984/16984] -> "/Users/briannazajicek/Documents/illuminairy/archives/curious-cardinals-2026-05-18/app-mentors/app.curiouscardinals.com/mentors/bito-boucher.html" [1]
2026-05-18 01:10:07 URL:https://app.curiouscardinals.com/mentors/jessie-dong [10864/10864] -> "/Users/briannazajicek/Documents/illuminairy/archives/curious-cardinals-2026-05-18/app-mentors/app.curiouscardinals.com/mentors/jessie-dong.html" [1]
2026-05-18 01:10:07 URL:https://app.curiouscardinals.com/mentors/charlotte-edmunds [13530/13530] -> "/Users/briannazajicek/Documents/illuminairy/archives/curious-cardinals-2026-05-18/app-mentors/app.curiouscardinals.com/mentors/charlotte-edmunds.html" [1]
2026-05-18 01:10:08 URL:https://app.curiouscardinals.com/mentors/janice-cao [14874/14874] -> "/Users/briannazajicek/Documents/illuminairy/archives/curious-cardinals-2026-05-18/app-mentors/app.curiouscardinals.com/mentors/janice-cao.html" [1]
2026-05-18 01:10:08 URL:https://app.curiouscardinals.com/mentors/andreas-karakousis [13410/13410] -> "/Users/briannazajicek/Documents/illuminairy/archives/curious-cardinals-2026-05-18/app-mentors/app.curiouscardinals.com/mentors/andreas-karakousis.html" [1]
2026-05-18 01:10:09 URL:https://app.curiouscardinals.com/mentors/clyde-leef [7966/7966] -> "/Users/briannazajicek/Documents/illuminairy/archives/curious-cardinals-2026-05-18/app-mentors/app.curiouscardinals.com/mentors/clyde-leef.html" [1]
2026-05-18 01:10:10 URL:https://app.curiouscardinals.com/mentors/jessie-kaull [11004/11004] -> "/Users/briannazajicek/Documents/illuminairy/archives/curious-cardinals-2026-05-18/app-mentors/app.curiouscardinals.com/mentors/jessie-kaull.html" [1]
2026-05-18 01:10:10 URL:https://app.curiouscardinals.com/mentors/brooke-blumberg [12350/12350] -> "/Users/briannazajicek/Documents/illuminairy/archives/curious-cardinals-2026-05-18/app-mentors/app.curiouscardinals.com/mentors/brooke-blumberg.html" [1]
2026-05-18 01:10:11 URL:https://app.curiouscardinals.com/mentors/matthew-jennings [15113/15113] -> "/Users/briannazajicek/Documents/illuminairy/archives/curious-cardinals-2026-05-18/app-mentors/app.curiouscardinals.com/mentors/matthew-jennings.html" [1]
2026-05-18 01:10:11 URL:https://app.curiouscardinals.com/mentors/elliot-lewis-1 [12818/12818] -> "/Users/briannazajicek/Documents/illuminairy/archives/curious-cardinals-2026-05-18/app-mentors/app.curiouscardinals.com/mentors/elliot-lewis-1.html" [1]
2026-05-18 01:10:12 URL:https://app.curiouscardinals.com/mentors/leila-orszag [12799/12799] -> "/Users/briannazajicek/Documents/illuminairy/archives/curious-cardinals-2026-05-18/app-mentors/app.curiouscardinals.com/mentors/leila-orszag.html" [1]
2026-05-18 01:10:12 URL:https://app.curiouscardinals.com/mentors/max-rabaudi [10681/10681] -> "/Users/briannazajicek/Documents/illuminairy/archives/curious-cardinals-2026-05-18/app-mentors/app.curiouscardinals.com/mentors/max-rabaudi.html" [1]
2026-05-18 01:10:13 URL:https://app.curiouscardinals.com/mentors/charlotte-maguy-1 [8683/8683] -> "/Users/briannazajicek/Documents/illuminairy/archives/curious-cardinals-2026-05-18/app-mentors/app.curiouscardinals.com/mentors/charlotte-maguy-1.html" [1]
2026-05-18 01:10:14 URL:https://app.curiouscardinals.com/mentors/charlie-odonohue [14982/14982] -> "/Users/briannazajicek/Documents/illuminairy/archives/curious-cardinals-2026-05-18/app-mentors/app.curiouscardinals.com/mentors/charlie-odonohue.html" [1]
2026-05-18 01:10:14 URL:https://app.curiouscardinals.com/mentors/ethan-shen [15065/15065] -> "/Users/briannazajicek/Documents/illuminairy/archives/curious-cardinals-2026-05-18/app-mentors/app.curiouscardinals.com/mentors/ethan-shen.html" [1]
2026-05-18 01:10:15 URL:https://app.curiouscardinals.com/mentors/rosa-saavedra-1 [18109/18109] -> "/Users/briannazajicek/Documents/illuminairy/archives/curious-cardinals-2026-05-18/app-mentors/app.curiouscardinals.com/mentors/rosa-saavedra-1.html" [1]
2026-05-18 01:10:16 URL:https://app.curiouscardinals.com/mentors/jasmine-lee [20700/20700] -> "/Users/briannazajicek/Documents/illuminairy/archives/curious-cardinals-2026-05-18/app-mentors/app.curiouscardinals.com/mentors/jasmine-lee.html" [1]
2026-05-18 01:10:16 URL:https://app.curiouscardinals.com/mentors/mateo-navarro [13957/13957] -> "/Users/briannazajicek/Documents/illuminairy/archives/curious-cardinals-2026-05-18/app-mentors/app.curiouscardinals.com/mentors/mateo-navarro.html" [1]
2026-05-18 01:10:17 URL:https://app.curiouscardinals.com/mentors/andrew-wilmott-1 [13403/13403] -> "/Users/briannazajicek/Documents/illuminairy/archives/curious-cardinals-2026-05-18/app-mentors/app.curiouscardinals.com/mentors/andrew-wilmott-1.html" [1]
2026-05-18 01:10:17 URL:https://app.curiouscardinals.com/mentors/ella-reyl [14893/14893] -> "/Users/briannazajicek/Documents/illuminairy/archives/curious-cardinals-2026-05-18/app-mentors/app.curiouscardinals.com/mentors/ella-reyl.html" [1]
2026-05-18 01:10:18 URL:https://app.curiouscardinals.com/mentors/suheyla-akman [19306/19306] -> "/Users/briannazajicek/Documents/illuminairy/archives/curious-cardinals-2026-05-18/app-mentors/app.curiouscardinals.com/mentors/suheyla-akman.html" [1]
2026-05-18 01:10:18 URL:https://app.curiouscardinals.com/mentors/maelle-tanoh [14904/14904] -> "/Users/briannazajicek/Documents/illuminairy/archives/curious-cardinals-2026-05-18/app-mentors/app.curiouscardinals.com/mentors/maelle-tanoh.html" [1]
2026-05-18 01:10:19 URL:https://app.curiouscardinals.com/mentors/carly-reese [14958/14958] -> "/Users/briannazajicek/Documents/illuminairy/archives/curious-cardinals-2026-05-18/app-mentors/app.curiouscardinals.com/mentors/carly-reese.html" [1]
2026-05-18 01:10:19 URL:https://app.curiouscardinals.com/mentors/selam-zeray [13650/13650] -> "/Users/briannazajicek/Documents/illuminairy/archives/curious-cardinals-2026-05-18/app-mentors/app.curiouscardinals.com/mentors/selam-zeray.html" [1]
2026-05-18 01:10:20 URL:https://app.curiouscardinals.com/mentors/arush-srivastava [19616/19616] -> "/Users/briannazajicek/Documents/illuminairy/archives/curious-cardinals-2026-05-18/app-mentors/app.curiouscardinals.com/mentors/arush-srivastava.html" [1]
2026-05-18 01:10:21 URL:https://app.curiouscardinals.com/mentors/audrey-wisch [15348/15348] -> "/Users/briannazajicek/Documents/illuminairy/archives/curious-cardinals-2026-05-18/app-mentors/app.curiouscardinals.com/mentors/audrey-wisch.html" [1]
2026-05-18 01:10:21 URL:https://app.curiouscardinals.com/mentors/jade-xu-1 [13422/13422] -> "/Users/briannazajicek/Documents/illuminairy/archives/curious-cardinals-2026-05-18/app-mentors/app.curiouscardinals.com/mentors/jade-xu-1.html" [1]
2026-05-18 01:10:22 URL:https://app.curiouscardinals.com/mentors/sydney-lam [14627/14627] -> "/Users/briannazajicek/Documents/illuminairy/archives/curious-cardinals-2026-05-18/app-mentors/app.curiouscardinals.com/mentors/sydney-lam.html" [1]
2026-05-18 01:10:22 URL:https://app.curiouscardinals.com/mentors/jasmine-jones [17364/17364] -> "/Users/briannazajicek/Documents/illuminairy/archives/curious-cardinals-2026-05-18/app-mentors/app.curiouscardinals.com/mentors/jasmine-jones.html" [1]
2026-05-18 01:10:23 URL:https://app.curiouscardinals.com/mentors/katia-george [15306/15306] -> "/Users/briannazajicek/Documents/illuminairy/archives/curious-cardinals-2026-05-18/app-mentors/app.curiouscardinals.com/mentors/katia-george.html" [1]
2026-05-18 01:10:23 URL:https://app.curiouscardinals.com/mentors/sadie-schoenberger [16780/16780] -> "/Users/briannazajicek/Documents/illuminairy/archives/curious-cardinals-2026-05-18/app-mentors/app.curiouscardinals.com/mentors/sadie-schoenberger.html" [1]
2026-05-18 01:10:24 URL:https://app.curiouscardinals.com/mentors/ella-xu [14956/14956] -> "/Users/briannazajicek/Documents/illuminairy/archives/curious-cardinals-2026-05-18/app-mentors/app.curiouscardinals.com/mentors/ella-xu.html" [1]
2026-05-18 01:10:25 URL:https://app.curiouscardinals.com/mentors/kylah-avery [13931/13931] -> "/Users/briannazajicek/Documents/illuminairy/archives/curious-cardinals-2026-05-18/app-mentors/app.curiouscardinals.com/mentors/kylah-avery.html" [1]
2026-05-18 01:10:25 URL:https://app.curiouscardinals.com/mentors/ahmad-ahmad [13630/13630] -> "/Users/briannazajicek/Documents/illuminairy/archives/curious-cardinals-2026-05-18/app-mentors/app.curiouscardinals.com/mentors/ahmad-ahmad.html" [1]
2026-05-18 01:10:26 URL:https://app.curiouscardinals.com/mentors/bless- [16854/16854] -> "/Users/briannazajicek/Documents/illuminairy/archives/curious-cardinals-2026-05-18/app-mentors/app.curiouscardinals.com/mentors/bless-.html" [1]
2026-05-18 01:10:27 URL:https://app.curiouscardinals.com/mentors/laryssa-barbosa [18522/18522] -> "/Users/briannazajicek/Documents/illuminairy/archives/curious-cardinals-2026-05-18/app-mentors/app.curiouscardinals.com/mentors/laryssa-barbosa.html" [1]
2026-05-18 01:10:27 URL:https://app.curiouscardinals.com/mentors/ursula-horn [17839/17839] -> "/Users/briannazajicek/Documents/illuminairy/archives/curious-cardinals-2026-05-18/app-mentors/app.curiouscardinals.com/mentors/ursula-horn.html" [1]
2026-05-18 01:10:28 URL:https://app.curiouscardinals.com/mentors/ethan-sun-1 [14086/14086] -> "/Users/briannazajicek/Documents/illuminairy/archives/curious-cardinals-2026-05-18/app-mentors/app.curiouscardinals.com/mentors/ethan-sun-1.html" [1]
2026-05-18 01:10:28 URL:https://app.curiouscardinals.com/mentors/lucia-dahn [15935/15935] -> "/Users/briannazajicek/Documents/illuminairy/archives/curious-cardinals-2026-05-18/app-mentors/app.curiouscardinals.com/mentors/lucia-dahn.html" [1]
2026-05-18 01:10:29 URL:https://app.curiouscardinals.com/mentors/jason-shan [16525/16525] -> "/Users/briannazajicek/Documents/illuminairy/archives/curious-cardinals-2026-05-18/app-mentors/app.curiouscardinals.com/mentors/jason-shan.html" [1]
2026-05-18 01:10:30 URL:https://app.curiouscardinals.com/mentors/michael-capobianco [14774/14774] -> "/Users/briannazajicek/Documents/illuminairy/archives/curious-cardinals-2026-05-18/app-mentors/app.curiouscardinals.com/mentors/michael-capobianco.html" [1]
2026-05-18 01:10:31 URL:https://app.curiouscardinals.com/mentors/alona-williams [13454/13454] -> "/Users/briannazajicek/Documents/illuminairy/archives/curious-cardinals-2026-05-18/app-mentors/app.curiouscardinals.com/mentors/alona-williams.html" [1]
2026-05-18 01:10:32 URL:https://app.curiouscardinals.com/mentors/angeliki-ktoridi [19182/19182] -> "/Users/briannazajicek/Documents/illuminairy/archives/curious-cardinals-2026-05-18/app-mentors/app.curiouscardinals.com/mentors/angeliki-ktoridi.html" [1]
2026-05-18 01:10:33 URL:https://app.curiouscardinals.com/mentors/arden-yum-1 [14693/14693] -> "/Users/briannazajicek/Documents/illuminairy/archives/curious-cardinals-2026-05-18/app-mentors/app.curiouscardinals.com/mentors/arden-yum-1.html" [1]
2026-05-18 01:10:33 URL:https://app.curiouscardinals.com/mentors/william-ortell [9770/9770] -> "/Users/briannazajicek/Documents/illuminairy/archives/curious-cardinals-2026-05-18/app-mentors/app.curiouscardinals.com/mentors/william-ortell.html" [1]
2026-05-18 01:10:34 URL:https://app.curiouscardinals.com/mentors/christina-cheng [14883/14883] -> "/Users/briannazajicek/Documents/illuminairy/archives/curious-cardinals-2026-05-18/app-mentors/app.curiouscardinals.com/mentors/christina-cheng.html" [1]
2026-05-18 01:10:34 URL:https://app.curiouscardinals.com/mentors/kevin-lopez [16123/16123] -> "/Users/briannazajicek/Documents/illuminairy/archives/curious-cardinals-2026-05-18/app-mentors/app.curiouscardinals.com/mentors/kevin-lopez.html" [1]
2026-05-18 01:10:35 URL:https://app.curiouscardinals.com/mentors/audrey-daouezan [16530/16530] -> "/Users/briannazajicek/Documents/illuminairy/archives/curious-cardinals-2026-05-18/app-mentors/app.curiouscardinals.com/mentors/audrey-daouezan.html" [1]
2026-05-18 01:10:35 URL:https://app.curiouscardinals.com/mentors/hunter-zhang [18918/18918] -> "/Users/briannazajicek/Documents/illuminairy/archives/curious-cardinals-2026-05-18/app-mentors/app.curiouscardinals.com/mentors/hunter-zhang.html" [1]
2026-05-18 01:10:36 URL:https://app.curiouscardinals.com/mentors/natasha-marangu [14329/14329] -> "/Users/briannazajicek/Documents/illuminairy/archives/curious-cardinals-2026-05-18/app-mentors/app.curiouscardinals.com/mentors/natasha-marangu.html" [1]
2026-05-18 01:10:36 URL:https://app.curiouscardinals.com/mentors/amanda-johnson [12059/12059] -> "/Users/briannazajicek/Documents/illuminairy/archives/curious-cardinals-2026-05-18/app-mentors/app.curiouscardinals.com/mentors/amanda-johnson.html" [1]
2026-05-18 01:10:37 URL:https://app.curiouscardinals.com/mentors/joleen-deng [18737/18737] -> "/Users/briannazajicek/Documents/illuminairy/archives/curious-cardinals-2026-05-18/app-mentors/app.curiouscardinals.com/mentors/joleen-deng.html" [1]
2026-05-18 01:10:38 URL:https://app.curiouscardinals.com/mentors/youssef-abdelhalim [16484/16484] -> "/Users/briannazajicek/Documents/illuminairy/archives/curious-cardinals-2026-05-18/app-mentors/app.curiouscardinals.com/mentors/youssef-abdelhalim.html" [1]
2026-05-18 01:10:38 URL:https://app.curiouscardinals.com/mentors/lauren-walker [15439/15439] -> "/Users/briannazajicek/Documents/illuminairy/archives/curious-cardinals-2026-05-18/app-mentors/app.curiouscardinals.com/mentors/lauren-walker.html" [1]
2026-05-18 01:10:39 URL:https://app.curiouscardinals.com/mentors/sam-kassan [15216/15216] -> "/Users/briannazajicek/Documents/illuminairy/archives/curious-cardinals-2026-05-18/app-mentors/app.curiouscardinals.com/mentors/sam-kassan.html" [1]
2026-05-18 01:10:39 URL:https://app.curiouscardinals.com/mentors/mia-pineda [21286/21286] -> "/Users/briannazajicek/Documents/illuminairy/archives/curious-cardinals-2026-05-18/app-mentors/app.curiouscardinals.com/mentors/mia-pineda.html" [1]
2026-05-18 01:10:40 URL:https://app.curiouscardinals.com/mentors/aadi-krishna-1 [13902/13902] -> "/Users/briannazajicek/Documents/illuminairy/archives/curious-cardinals-2026-05-18/app-mentors/app.curiouscardinals.com/mentors/aadi-krishna-1.html" [1]
2026-05-18 01:10:40 URL:https://app.curiouscardinals.com/mentors/katharine-sorensen [9812/9812] -> "/Users/briannazajicek/Documents/illuminairy/archives/curious-cardinals-2026-05-18/app-mentors/app.curiouscardinals.com/mentors/katharine-sorensen.html" [1]
2026-05-18 01:10:41 URL:https://app.curiouscardinals.com/mentors/surya-gopal-1 [17757/17757] -> "/Users/briannazajicek/Documents/illuminairy/archives/curious-cardinals-2026-05-18/app-mentors/app.curiouscardinals.com/mentors/surya-gopal-1.html" [1]
2026-05-18 01:10:42 URL:https://app.curiouscardinals.com/mentors/chiara-vs [15413/15413] -> "/Users/briannazajicek/Documents/illuminairy/archives/curious-cardinals-2026-05-18/app-mentors/app.curiouscardinals.com/mentors/chiara-vs.html" [1]
2026-05-18 01:10:42 URL:https://app.curiouscardinals.com/mentors/kira-clarke [15551/15551] -> "/Users/briannazajicek/Documents/illuminairy/archives/curious-cardinals-2026-05-18/app-mentors/app.curiouscardinals.com/mentors/kira-clarke.html" [1]
2026-05-18 01:10:43 URL:https://app.curiouscardinals.com/mentors/ayan-bhatia [14494/14494] -> "/Users/briannazajicek/Documents/illuminairy/archives/curious-cardinals-2026-05-18/app-mentors/app.curiouscardinals.com/mentors/ayan-bhatia.html" [1]
2026-05-18 01:10:43 URL:https://app.curiouscardinals.com/mentors/ashley-kwak [12453/12453] -> "/Users/briannazajicek/Documents/illuminairy/archives/curious-cardinals-2026-05-18/app-mentors/app.curiouscardinals.com/mentors/ashley-kwak.html" [1]
2026-05-18 01:10:44 URL:https://app.curiouscardinals.com/mentors/lleyton-elliott [15461/15461] -> "/Users/briannazajicek/Documents/illuminairy/archives/curious-cardinals-2026-05-18/app-mentors/app.curiouscardinals.com/mentors/lleyton-elliott.html" [1]
2026-05-18 01:10:45 URL:https://app.curiouscardinals.com/mentors/juliana-montgomery [13868/13868] -> "/Users/briannazajicek/Documents/illuminairy/archives/curious-cardinals-2026-05-18/app-mentors/app.curiouscardinals.com/mentors/juliana-montgomery.html" [1]
2026-05-18 01:10:45 URL:https://app.curiouscardinals.com/mentors/ananya-jakilati [14115/14115] -> "/Users/briannazajicek/Documents/illuminairy/archives/curious-cardinals-2026-05-18/app-mentors/app.curiouscardinals.com/mentors/ananya-jakilati.html" [1]
2026-05-18 01:10:46 URL:https://app.curiouscardinals.com/mentors/denzel-cofie [14966/14966] -> "/Users/briannazajicek/Documents/illuminairy/archives/curious-cardinals-2026-05-18/app-mentors/app.curiouscardinals.com/mentors/denzel-cofie.html" [1]
2026-05-18 01:10:47 URL:https://app.curiouscardinals.com/mentors/hamad-iqbal [15021/15021] -> "/Users/briannazajicek/Documents/illuminairy/archives/curious-cardinals-2026-05-18/app-mentors/app.curiouscardinals.com/mentors/hamad-iqbal.html" [1]
2026-05-18 01:10:47 URL:https://app.curiouscardinals.com/mentors/paul-jeong [13738/13738] -> "/Users/briannazajicek/Documents/illuminairy/archives/curious-cardinals-2026-05-18/app-mentors/app.curiouscardinals.com/mentors/paul-jeong.html" [1]
2026-05-18 01:10:48 URL:https://app.curiouscardinals.com/mentors/lexie-meger [15878/15878] -> "/Users/briannazajicek/Documents/illuminairy/archives/curious-cardinals-2026-05-18/app-mentors/app.curiouscardinals.com/mentors/lexie-meger.html" [1]
2026-05-18 01:10:48 URL:https://app.curiouscardinals.com/mentors/talia-mayerson [17968/17968] -> "/Users/briannazajicek/Documents/illuminairy/archives/curious-cardinals-2026-05-18/app-mentors/app.curiouscardinals.com/mentors/talia-mayerson.html" [1]
2026-05-18 01:10:49 URL:https://app.curiouscardinals.com/mentors/evan-brezicki [17625/17625] -> "/Users/briannazajicek/Documents/illuminairy/archives/curious-cardinals-2026-05-18/app-mentors/app.curiouscardinals.com/mentors/evan-brezicki.html" [1]
2026-05-18 01:10:50 URL:https://app.curiouscardinals.com/mentors/daria-figlus [11413/11413] -> "/Users/briannazajicek/Documents/illuminairy/archives/curious-cardinals-2026-05-18/app-mentors/app.curiouscardinals.com/mentors/daria-figlus.html" [1]
2026-05-18 01:10:50 URL:https://app.curiouscardinals.com/mentors/hassan-bukhari [16356/16356] -> "/Users/briannazajicek/Documents/illuminairy/archives/curious-cardinals-2026-05-18/app-mentors/app.curiouscardinals.com/mentors/hassan-bukhari.html" [1]
2026-05-18 01:10:51 URL:https://app.curiouscardinals.com/mentors/vivian-miller [15960/15960] -> "/Users/briannazajicek/Documents/illuminairy/archives/curious-cardinals-2026-05-18/app-mentors/app.curiouscardinals.com/mentors/vivian-miller.html" [1]
2026-05-18 01:10:51 URL:https://app.curiouscardinals.com/mentors/michael-ndubisi [19258/19258] -> "/Users/briannazajicek/Documents/illuminairy/archives/curious-cardinals-2026-05-18/app-mentors/app.curiouscardinals.com/mentors/michael-ndubisi.html" [1]
2026-05-18 01:10:52 URL:https://app.curiouscardinals.com/mentors/veda-kamaraju [15801/15801] -> "/Users/briannazajicek/Documents/illuminairy/archives/curious-cardinals-2026-05-18/app-mentors/app.curiouscardinals.com/mentors/veda-kamaraju.html" [1]
2026-05-18 01:10:52 URL:https://app.curiouscardinals.com/mentors/udayan-chatterjee [16707/16707] -> "/Users/briannazajicek/Documents/illuminairy/archives/curious-cardinals-2026-05-18/app-mentors/app.curiouscardinals.com/mentors/udayan-chatterjee.html" [1]
2026-05-18 01:10:53 URL:https://app.curiouscardinals.com/mentors/jose-colberg [15983/15983] -> "/Users/briannazajicek/Documents/illuminairy/archives/curious-cardinals-2026-05-18/app-mentors/app.curiouscardinals.com/mentors/jose-colberg.html" [1]
2026-05-18 01:10:53 URL:https://app.curiouscardinals.com/mentors/leonid-shteynblik [19826/19826] -> "/Users/briannazajicek/Documents/illuminairy/archives/curious-cardinals-2026-05-18/app-mentors/app.curiouscardinals.com/mentors/leonid-shteynblik.html" [1]
2026-05-18 01:10:54 URL:https://app.curiouscardinals.com/mentors/mihir-parcha [17011/17011] -> "/Users/briannazajicek/Documents/illuminairy/archives/curious-cardinals-2026-05-18/app-mentors/app.curiouscardinals.com/mentors/mihir-parcha.html" [1]
2026-05-18 01:10:54 URL:https://app.curiouscardinals.com/mentors/christian-piedrahita [17740/17740] -> "/Users/briannazajicek/Documents/illuminairy/archives/curious-cardinals-2026-05-18/app-mentors/app.curiouscardinals.com/mentors/christian-piedrahita.html" [1]
2026-05-18 01:10:55 URL:https://app.curiouscardinals.com/mentors/trevor-bishai [11234/11234] -> "/Users/briannazajicek/Documents/illuminairy/archives/curious-cardinals-2026-05-18/app-mentors/app.curiouscardinals.com/mentors/trevor-bishai.html" [1]
2026-05-18 01:10:55 URL:https://app.curiouscardinals.com/mentors/ayobami-razakshittu [18352/18352] -> "/Users/briannazajicek/Documents/illuminairy/archives/curious-cardinals-2026-05-18/app-mentors/app.curiouscardinals.com/mentors/ayobami-razakshittu.html" [1]
2026-05-18 01:10:56 URL:https://app.curiouscardinals.com/mentors/maya-sahtout [14497/14497] -> "/Users/briannazajicek/Documents/illuminairy/archives/curious-cardinals-2026-05-18/app-mentors/app.curiouscardinals.com/mentors/maya-sahtout.html" [1]
2026-05-18 01:10:57 URL:https://app.curiouscardinals.com/mentors/radha-vyas [19282/19282] -> "/Users/briannazajicek/Documents/illuminairy/archives/curious-cardinals-2026-05-18/app-mentors/app.curiouscardinals.com/mentors/radha-vyas.html" [1]
2026-05-18 01:10:57 URL:https://app.curiouscardinals.com/mentors/serkan-yurday [17571/17571] -> "/Users/briannazajicek/Documents/illuminairy/archives/curious-cardinals-2026-05-18/app-mentors/app.curiouscardinals.com/mentors/serkan-yurday.html" [1]
2026-05-18 01:10:58 URL:https://app.curiouscardinals.com/mentors/akash-shah-1 [10366/10366] -> "/Users/briannazajicek/Documents/illuminairy/archives/curious-cardinals-2026-05-18/app-mentors/app.curiouscardinals.com/mentors/akash-shah-1.html" [1]
2026-05-18 01:10:58 URL:https://app.curiouscardinals.com/mentors/ethan-ristu [15210/15210] -> "/Users/briannazajicek/Documents/illuminairy/archives/curious-cardinals-2026-05-18/app-mentors/app.curiouscardinals.com/mentors/ethan-ristu.html" [1]
2026-05-18 01:10:59 URL:https://app.curiouscardinals.com/mentors/jerry-li [14407/14407] -> "/Users/briannazajicek/Documents/illuminairy/archives/curious-cardinals-2026-05-18/app-mentors/app.curiouscardinals.com/mentors/jerry-li.html" [1]
2026-05-18 01:11:00 URL:https://app.curiouscardinals.com/mentors/serena-saxena [13882/13882] -> "/Users/briannazajicek/Documents/illuminairy/archives/curious-cardinals-2026-05-18/app-mentors/app.curiouscardinals.com/mentors/serena-saxena.html" [1]
2026-05-18 01:11:00 URL:https://app.curiouscardinals.com/mentors/mckenna-fellows [16944/16944] -> "/Users/briannazajicek/Documents/illuminairy/archives/curious-cardinals-2026-05-18/app-mentors/app.curiouscardinals.com/mentors/mckenna-fellows.html" [1]
2026-05-18 01:11:01 URL:https://app.curiouscardinals.com/mentors/mason-cheng [17234/17234] -> "/Users/briannazajicek/Documents/illuminairy/archives/curious-cardinals-2026-05-18/app-mentors/app.curiouscardinals.com/mentors/mason-cheng.html" [1]
2026-05-18 01:11:01 URL:https://app.curiouscardinals.com/mentors/dawit-bonga [12054/12054] -> "/Users/briannazajicek/Documents/illuminairy/archives/curious-cardinals-2026-05-18/app-mentors/app.curiouscardinals.com/mentors/dawit-bonga.html" [1]
2026-05-18 01:11:02 URL:https://app.curiouscardinals.com/mentors/aanya-kasera [19593/19593] -> "/Users/briannazajicek/Documents/illuminairy/archives/curious-cardinals-2026-05-18/app-mentors/app.curiouscardinals.com/mentors/aanya-kasera.html" [1]
2026-05-18 01:11:02 URL:https://app.curiouscardinals.com/mentors/mikheil-vazagashvili [15580/15580] -> "/Users/briannazajicek/Documents/illuminairy/archives/curious-cardinals-2026-05-18/app-mentors/app.curiouscardinals.com/mentors/mikheil-vazagashvili.html" [1]
2026-05-18 01:11:03 URL:https://app.curiouscardinals.com/mentors/kaiti-ness [15196/15196] -> "/Users/briannazajicek/Documents/illuminairy/archives/curious-cardinals-2026-05-18/app-mentors/app.curiouscardinals.com/mentors/kaiti-ness.html" [1]
2026-05-18 01:11:04 URL:https://app.curiouscardinals.com/mentors/zaida-rio [15778/15778] -> "/Users/briannazajicek/Documents/illuminairy/archives/curious-cardinals-2026-05-18/app-mentors/app.curiouscardinals.com/mentors/zaida-rio.html" [1]
2026-05-18 01:11:04 URL:https://app.curiouscardinals.com/mentors/james-dunne [16709/16709] -> "/Users/briannazajicek/Documents/illuminairy/archives/curious-cardinals-2026-05-18/app-mentors/app.curiouscardinals.com/mentors/james-dunne.html" [1]
2026-05-18 01:11:04 URL:https://app.curiouscardinals.com/mentors/jimmy-hayward [14557/14557] -> "/Users/briannazajicek/Documents/illuminairy/archives/curious-cardinals-2026-05-18/app-mentors/app.curiouscardinals.com/mentors/jimmy-hayward.html" [1]
2026-05-18 01:11:05 URL:https://app.curiouscardinals.com/mentors/cynthia-peng [15274/15274] -> "/Users/briannazajicek/Documents/illuminairy/archives/curious-cardinals-2026-05-18/app-mentors/app.curiouscardinals.com/mentors/cynthia-peng.html" [1]
2026-05-18 01:11:06 URL:https://app.curiouscardinals.com/mentors/andres-permuy [23700/23700] -> "/Users/briannazajicek/Documents/illuminairy/archives/curious-cardinals-2026-05-18/app-mentors/app.curiouscardinals.com/mentors/andres-permuy.html" [1]
2026-05-18 01:11:06 URL:https://app.curiouscardinals.com/mentors/ananya-vuppala [17037/17037] -> "/Users/briannazajicek/Documents/illuminairy/archives/curious-cardinals-2026-05-18/app-mentors/app.curiouscardinals.com/mentors/ananya-vuppala.html" [1]
2026-05-18 01:11:07 URL:https://app.curiouscardinals.com/mentors/chance-emerson [13961/13961] -> "/Users/briannazajicek/Documents/illuminairy/archives/curious-cardinals-2026-05-18/app-mentors/app.curiouscardinals.com/mentors/chance-emerson.html" [1]
2026-05-18 01:11:07 URL:https://app.curiouscardinals.com/mentors/sarena-wapnick [16675/16675] -> "/Users/briannazajicek/Documents/illuminairy/archives/curious-cardinals-2026-05-18/app-mentors/app.curiouscardinals.com/mentors/sarena-wapnick.html" [1]
2026-05-18 01:11:08 URL:https://app.curiouscardinals.com/mentors/dumebi-a [8955/8955] -> "/Users/briannazajicek/Documents/illuminairy/archives/curious-cardinals-2026-05-18/app-mentors/app.curiouscardinals.com/mentors/dumebi-a.html" [1]
2026-05-18 01:11:09 URL:https://app.curiouscardinals.com/mentors/grace-gormley [12248/12248] -> "/Users/briannazajicek/Documents/illuminairy/archives/curious-cardinals-2026-05-18/app-mentors/app.curiouscardinals.com/mentors/grace-gormley.html" [1]
2026-05-18 01:11:09 URL:https://app.curiouscardinals.com/mentors/zoe-maroko [13677/13677] -> "/Users/briannazajicek/Documents/illuminairy/archives/curious-cardinals-2026-05-18/app-mentors/app.curiouscardinals.com/mentors/zoe-maroko.html" [1]
2026-05-18 01:11:10 URL:https://app.curiouscardinals.com/mentors/charlotte-herrin [15834/15834] -> "/Users/briannazajicek/Documents/illuminairy/archives/curious-cardinals-2026-05-18/app-mentors/app.curiouscardinals.com/mentors/charlotte-herrin.html" [1]
2026-05-18 01:11:10 URL:https://app.curiouscardinals.com/mentors/jonathan-nguyen [12802/12802] -> "/Users/briannazajicek/Documents/illuminairy/archives/curious-cardinals-2026-05-18/app-mentors/app.curiouscardinals.com/mentors/jonathan-nguyen.html" [1]
2026-05-18 01:11:11 URL:https://app.curiouscardinals.com/mentors/saba-nia [18200/18200] -> "/Users/briannazajicek/Documents/illuminairy/archives/curious-cardinals-2026-05-18/app-mentors/app.curiouscardinals.com/mentors/saba-nia.html" [1]
2026-05-18 01:11:11 URL:https://app.curiouscardinals.com/mentors/alec-udell [13274/13274] -> "/Users/briannazajicek/Documents/illuminairy/archives/curious-cardinals-2026-05-18/app-mentors/app.curiouscardinals.com/mentors/alec-udell.html" [1]
2026-05-18 01:11:12 URL:https://app.curiouscardinals.com/mentors/sungjun-jeon [15190/15190] -> "/Users/briannazajicek/Documents/illuminairy/archives/curious-cardinals-2026-05-18/app-mentors/app.curiouscardinals.com/mentors/sungjun-jeon.html" [1]
2026-05-18 01:11:13 URL:https://app.curiouscardinals.com/mentors/bryson-chang [17621/17621] -> "/Users/briannazajicek/Documents/illuminairy/archives/curious-cardinals-2026-05-18/app-mentors/app.curiouscardinals.com/mentors/bryson-chang.html" [1]
2026-05-18 01:11:13 URL:https://app.curiouscardinals.com/mentors/shane-kuk [17335/17335] -> "/Users/briannazajicek/Documents/illuminairy/archives/curious-cardinals-2026-05-18/app-mentors/app.curiouscardinals.com/mentors/shane-kuk.html" [1]
2026-05-18 01:11:14 URL:https://app.curiouscardinals.com/mentors/sage-preston-1 [16322/16322] -> "/Users/briannazajicek/Documents/illuminairy/archives/curious-cardinals-2026-05-18/app-mentors/app.curiouscardinals.com/mentors/sage-preston-1.html" [1]
2026-05-18 01:11:14 URL:https://app.curiouscardinals.com/mentors/yousuf-shehadi [13372/13372] -> "/Users/briannazajicek/Documents/illuminairy/archives/curious-cardinals-2026-05-18/app-mentors/app.curiouscardinals.com/mentors/yousuf-shehadi.html" [1]
2026-05-18 01:11:15 URL:https://app.curiouscardinals.com/mentors/gabriel-chalick [13278/13278] -> "/Users/briannazajicek/Documents/illuminairy/archives/curious-cardinals-2026-05-18/app-mentors/app.curiouscardinals.com/mentors/gabriel-chalick.html" [1]
2026-05-18 01:11:16 URL:https://app.curiouscardinals.com/mentors/dylan-wardlaw [17154/17154] -> "/Users/briannazajicek/Documents/illuminairy/archives/curious-cardinals-2026-05-18/app-mentors/app.curiouscardinals.com/mentors/dylan-wardlaw.html" [1]
2026-05-18 01:11:16 URL:https://app.curiouscardinals.com/mentors/victoria-hunter-1 [13325/13325] -> "/Users/briannazajicek/Documents/illuminairy/archives/curious-cardinals-2026-05-18/app-mentors/app.curiouscardinals.com/mentors/victoria-hunter-1.html" [1]
2026-05-18 01:11:17 URL:https://app.curiouscardinals.com/mentors/katherine-wei [12427/12427] -> "/Users/briannazajicek/Documents/illuminairy/archives/curious-cardinals-2026-05-18/app-mentors/app.curiouscardinals.com/mentors/katherine-wei.html" [1]
2026-05-18 01:11:17 URL:https://app.curiouscardinals.com/mentors/hannah-bottarel [16704/16704] -> "/Users/briannazajicek/Documents/illuminairy/archives/curious-cardinals-2026-05-18/app-mentors/app.curiouscardinals.com/mentors/hannah-bottarel.html" [1]
2026-05-18 01:11:18 URL:https://app.curiouscardinals.com/mentors/layla-kaiden [16803/16803] -> "/Users/briannazajicek/Documents/illuminairy/archives/curious-cardinals-2026-05-18/app-mentors/app.curiouscardinals.com/mentors/layla-kaiden.html" [1]
2026-05-18 01:11:18 URL:https://app.curiouscardinals.com/mentors/savannah-shaub [14409/14409] -> "/Users/briannazajicek/Documents/illuminairy/archives/curious-cardinals-2026-05-18/app-mentors/app.curiouscardinals.com/mentors/savannah-shaub.html" [1]
2026-05-18 01:11:19 URL:https://app.curiouscardinals.com/mentors/hannah-corwin-1 [14939/14939] -> "/Users/briannazajicek/Documents/illuminairy/archives/curious-cardinals-2026-05-18/app-mentors/app.curiouscardinals.com/mentors/hannah-corwin-1.html" [1]
2026-05-18 01:11:19 URL:https://app.curiouscardinals.com/mentors/linus-bray [15970/15970] -> "/Users/briannazajicek/Documents/illuminairy/archives/curious-cardinals-2026-05-18/app-mentors/app.curiouscardinals.com/mentors/linus-bray.html" [1]
2026-05-18 01:11:20 URL:https://app.curiouscardinals.com/mentors/lupe-miranda-1 [18588/18588] -> "/Users/briannazajicek/Documents/illuminairy/archives/curious-cardinals-2026-05-18/app-mentors/app.curiouscardinals.com/mentors/lupe-miranda-1.html" [1]
2026-05-18 01:11:20 URL:https://app.curiouscardinals.com/mentors/lucas-yan [19469/19469] -> "/Users/briannazajicek/Documents/illuminairy/archives/curious-cardinals-2026-05-18/app-mentors/app.curiouscardinals.com/mentors/lucas-yan.html" [1]
2026-05-18 01:11:21 URL:https://app.curiouscardinals.com/mentors/eric-young [10805/10805] -> "/Users/briannazajicek/Documents/illuminairy/archives/curious-cardinals-2026-05-18/app-mentors/app.curiouscardinals.com/mentors/eric-young.html" [1]
2026-05-18 01:11:21 URL:https://app.curiouscardinals.com/mentors/aayushi-sharma [15896/15896] -> "/Users/briannazajicek/Documents/illuminairy/archives/curious-cardinals-2026-05-18/app-mentors/app.curiouscardinals.com/mentors/aayushi-sharma.html" [1]
2026-05-18 01:11:22 URL:https://app.curiouscardinals.com/mentors/hermance-luff [14817/14817] -> "/Users/briannazajicek/Documents/illuminairy/archives/curious-cardinals-2026-05-18/app-mentors/app.curiouscardinals.com/mentors/hermance-luff.html" [1]
2026-05-18 01:11:23 URL:https://app.curiouscardinals.com/mentors/esteban-figueroa [15272/15272] -> "/Users/briannazajicek/Documents/illuminairy/archives/curious-cardinals-2026-05-18/app-mentors/app.curiouscardinals.com/mentors/esteban-figueroa.html" [1]
2026-05-18 01:11:23 URL:https://app.curiouscardinals.com/mentors/rohith-vuribindi [14700/14700] -> "/Users/briannazajicek/Documents/illuminairy/archives/curious-cardinals-2026-05-18/app-mentors/app.curiouscardinals.com/mentors/rohith-vuribindi.html" [1]
2026-05-18 01:11:23 URL:https://app.curiouscardinals.com/mentors/aranyo-ray [15406/15406] -> "/Users/briannazajicek/Documents/illuminairy/archives/curious-cardinals-2026-05-18/app-mentors/app.curiouscardinals.com/mentors/aranyo-ray.html" [1]
2026-05-18 01:11:24 URL:https://app.curiouscardinals.com/mentors/flora-timney [16312/16312] -> "/Users/briannazajicek/Documents/illuminairy/archives/curious-cardinals-2026-05-18/app-mentors/app.curiouscardinals.com/mentors/flora-timney.html" [1]
2026-05-18 01:11:25 URL:https://app.curiouscardinals.com/mentors/anuka-amit [14487/14487] -> "/Users/briannazajicek/Documents/illuminairy/archives/curious-cardinals-2026-05-18/app-mentors/app.curiouscardinals.com/mentors/anuka-amit.html" [1]
2026-05-18 01:11:25 URL:https://app.curiouscardinals.com/mentors/allanah-rolph [18785/18785] -> "/Users/briannazajicek/Documents/illuminairy/archives/curious-cardinals-2026-05-18/app-mentors/app.curiouscardinals.com/mentors/allanah-rolph.html" [1]
2026-05-18 01:11:25 URL:https://app.curiouscardinals.com/mentors/will-schmeltz [13315/13315] -> "/Users/briannazajicek/Documents/illuminairy/archives/curious-cardinals-2026-05-18/app-mentors/app.curiouscardinals.com/mentors/will-schmeltz.html" [1]
2026-05-18 01:11:26 URL:https://app.curiouscardinals.com/mentors/alexandra-chou [14131/14131] -> "/Users/briannazajicek/Documents/illuminairy/archives/curious-cardinals-2026-05-18/app-mentors/app.curiouscardinals.com/mentors/alexandra-chou.html" [1]
2026-05-18 01:11:26 URL:https://app.curiouscardinals.com/mentors/joy-cai [21388/21388] -> "/Users/briannazajicek/Documents/illuminairy/archives/curious-cardinals-2026-05-18/app-mentors/app.curiouscardinals.com/mentors/joy-cai.html" [1]
2026-05-18 01:11:27 URL:https://app.curiouscardinals.com/mentors/karsten-assoua-1 [14115/14115] -> "/Users/briannazajicek/Documents/illuminairy/archives/curious-cardinals-2026-05-18/app-mentors/app.curiouscardinals.com/mentors/karsten-assoua-1.html" [1]
2026-05-18 01:11:28 URL:https://app.curiouscardinals.com/mentors/whitney-currie [14909/14909] -> "/Users/briannazajicek/Documents/illuminairy/archives/curious-cardinals-2026-05-18/app-mentors/app.curiouscardinals.com/mentors/whitney-currie.html" [1]
2026-05-18 01:11:28 URL:https://app.curiouscardinals.com/mentors/nikolas-li [17944/17944] -> "/Users/briannazajicek/Documents/illuminairy/archives/curious-cardinals-2026-05-18/app-mentors/app.curiouscardinals.com/mentors/nikolas-li.html" [1]
2026-05-18 01:11:29 URL:https://app.curiouscardinals.com/mentors/abigail-hopkins [15593/15593] -> "/Users/briannazajicek/Documents/illuminairy/archives/curious-cardinals-2026-05-18/app-mentors/app.curiouscardinals.com/mentors/abigail-hopkins.html" [1]
2026-05-18 01:11:29 URL:https://app.curiouscardinals.com/mentors/michael-crystal [14822/14822] -> "/Users/briannazajicek/Documents/illuminairy/archives/curious-cardinals-2026-05-18/app-mentors/app.curiouscardinals.com/mentors/michael-crystal.html" [1]
2026-05-18 01:11:30 URL:https://app.curiouscardinals.com/mentors/daniel-chu [15316/15316] -> "/Users/briannazajicek/Documents/illuminairy/archives/curious-cardinals-2026-05-18/app-mentors/app.curiouscardinals.com/mentors/daniel-chu.html" [1]
2026-05-18 01:11:30 URL:https://app.curiouscardinals.com/mentors/maryclare-chinedo [25056/25056] -> "/Users/briannazajicek/Documents/illuminairy/archives/curious-cardinals-2026-05-18/app-mentors/app.curiouscardinals.com/mentors/maryclare-chinedo.html" [1]
2026-05-18 01:11:31 URL:https://app.curiouscardinals.com/mentors/sunrit-panda [21193/21193] -> "/Users/briannazajicek/Documents/illuminairy/archives/curious-cardinals-2026-05-18/app-mentors/app.curiouscardinals.com/mentors/sunrit-panda.html" [1]
2026-05-18 01:11:32 URL:https://app.curiouscardinals.com/mentors/arushi-somani [16755/16755] -> "/Users/briannazajicek/Documents/illuminairy/archives/curious-cardinals-2026-05-18/app-mentors/app.curiouscardinals.com/mentors/arushi-somani.html" [1]
2026-05-18 01:11:33 URL:https://app.curiouscardinals.com/mentors/rayaan-attari [16389/16389] -> "/Users/briannazajicek/Documents/illuminairy/archives/curious-cardinals-2026-05-18/app-mentors/app.curiouscardinals.com/mentors/rayaan-attari.html" [1]
2026-05-18 01:11:33 URL:https://app.curiouscardinals.com/mentors/lailah-nabegu [10843/10843] -> "/Users/briannazajicek/Documents/illuminairy/archives/curious-cardinals-2026-05-18/app-mentors/app.curiouscardinals.com/mentors/lailah-nabegu.html" [1]
2026-05-18 01:11:34 URL:https://app.curiouscardinals.com/mentors/griffin-clinton [14516/14516] -> "/Users/briannazajicek/Documents/illuminairy/archives/curious-cardinals-2026-05-18/app-mentors/app.curiouscardinals.com/mentors/griffin-clinton.html" [1]
2026-05-18 01:11:35 URL:https://app.curiouscardinals.com/mentors/maya-drame [19137/19137] -> "/Users/briannazajicek/Documents/illuminairy/archives/curious-cardinals-2026-05-18/app-mentors/app.curiouscardinals.com/mentors/maya-drame.html" [1]
2026-05-18 01:11:35 URL:https://app.curiouscardinals.com/mentors/sophia-ruser [16602/16602] -> "/Users/briannazajicek/Documents/illuminairy/archives/curious-cardinals-2026-05-18/app-mentors/app.curiouscardinals.com/mentors/sophia-ruser.html" [1]
2026-05-18 01:11:36 URL:https://app.curiouscardinals.com/mentors/mckayla-ashley-1 [18349/18349] -> "/Users/briannazajicek/Documents/illuminairy/archives/curious-cardinals-2026-05-18/app-mentors/app.curiouscardinals.com/mentors/mckayla-ashley-1.html" [1]
2026-05-18 01:11:37 URL:https://app.curiouscardinals.com/mentors/louis-parrygeorge [17156/17156] -> "/Users/briannazajicek/Documents/illuminairy/archives/curious-cardinals-2026-05-18/app-mentors/app.curiouscardinals.com/mentors/louis-parrygeorge.html" [1]
2026-05-18 01:11:37 URL:https://app.curiouscardinals.com/mentors/tyler-timmers [22061/22061] -> "/Users/briannazajicek/Documents/illuminairy/archives/curious-cardinals-2026-05-18/app-mentors/app.curiouscardinals.com/mentors/tyler-timmers.html" [1]
2026-05-18 01:11:38 URL:https://app.curiouscardinals.com/mentors/surya-chandramouleeswaran [13313/13313] -> "/Users/briannazajicek/Documents/illuminairy/archives/curious-cardinals-2026-05-18/app-mentors/app.curiouscardinals.com/mentors/surya-chandramouleeswaran.html" [1]
2026-05-18 01:11:38 URL:https://app.curiouscardinals.com/mentors/joshua-donovan [15061/15061] -> "/Users/briannazajicek/Documents/illuminairy/archives/curious-cardinals-2026-05-18/app-mentors/app.curiouscardinals.com/mentors/joshua-donovan.html" [1]
2026-05-18 01:11:39 URL:https://app.curiouscardinals.com/mentors/lucy-zimmerman [12651/12651] -> "/Users/briannazajicek/Documents/illuminairy/archives/curious-cardinals-2026-05-18/app-mentors/app.curiouscardinals.com/mentors/lucy-zimmerman.html" [1]
2026-05-18 01:11:39 URL:https://app.curiouscardinals.com/mentors/aurora-goldishdesanto [17304/17304] -> "/Users/briannazajicek/Documents/illuminairy/archives/curious-cardinals-2026-05-18/app-mentors/app.curiouscardinals.com/mentors/aurora-goldishdesanto.html" [1]
2026-05-18 01:11:40 URL:https://app.curiouscardinals.com/mentors/bruna-melo [14464/14464] -> "/Users/briannazajicek/Documents/illuminairy/archives/curious-cardinals-2026-05-18/app-mentors/app.curiouscardinals.com/mentors/bruna-melo.html" [1]
2026-05-18 01:11:40 URL:https://app.curiouscardinals.com/mentors/nico-christofferson [13891/13891] -> "/Users/briannazajicek/Documents/illuminairy/archives/curious-cardinals-2026-05-18/app-mentors/app.curiouscardinals.com/mentors/nico-christofferson.html" [1]
2026-05-18 01:11:41 URL:https://app.curiouscardinals.com/mentors/olivia-mcallisternevins [15239/15239] -> "/Users/briannazajicek/Documents/illuminairy/archives/curious-cardinals-2026-05-18/app-mentors/app.curiouscardinals.com/mentors/olivia-mcallisternevins.html" [1]
2026-05-18 01:11:42 URL:https://app.curiouscardinals.com/mentors/liz-sparacino [17505/17505] -> "/Users/briannazajicek/Documents/illuminairy/archives/curious-cardinals-2026-05-18/app-mentors/app.curiouscardinals.com/mentors/liz-sparacino.html" [1]
2026-05-18 01:11:42 URL:https://app.curiouscardinals.com/mentors/ibrahim-saiger [16172/16172] -> "/Users/briannazajicek/Documents/illuminairy/archives/curious-cardinals-2026-05-18/app-mentors/app.curiouscardinals.com/mentors/ibrahim-saiger.html" [1]
2026-05-18 01:11:43 URL:https://app.curiouscardinals.com/mentors/teodoro-rossbach [13042/13042] -> "/Users/briannazajicek/Documents/illuminairy/archives/curious-cardinals-2026-05-18/app-mentors/app.curiouscardinals.com/mentors/teodoro-rossbach.html" [1]
2026-05-18 01:11:43 URL:https://app.curiouscardinals.com/mentors/carol-klingler-1 [14788/14788] -> "/Users/briannazajicek/Documents/illuminairy/archives/curious-cardinals-2026-05-18/app-mentors/app.curiouscardinals.com/mentors/carol-klingler-1.html" [1]
2026-05-18 01:11:44 URL:https://app.curiouscardinals.com/mentors/yagmur-ozturkoglu [16599/16599] -> "/Users/briannazajicek/Documents/illuminairy/archives/curious-cardinals-2026-05-18/app-mentors/app.curiouscardinals.com/mentors/yagmur-ozturkoglu.html" [1]
2026-05-18 01:11:44 URL:https://app.curiouscardinals.com/mentors/prerana-dewan [15240/15240] -> "/Users/briannazajicek/Documents/illuminairy/archives/curious-cardinals-2026-05-18/app-mentors/app.curiouscardinals.com/mentors/prerana-dewan.html" [1]
2026-05-18 01:11:45 URL:https://app.curiouscardinals.com/mentors/shrivas-sudharsan [19634/19634] -> "/Users/briannazajicek/Documents/illuminairy/archives/curious-cardinals-2026-05-18/app-mentors/app.curiouscardinals.com/mentors/shrivas-sudharsan.html" [1]
2026-05-18 01:11:46 URL:https://app.curiouscardinals.com/mentors/casey-vigo-1 [16691/16691] -> "/Users/briannazajicek/Documents/illuminairy/archives/curious-cardinals-2026-05-18/app-mentors/app.curiouscardinals.com/mentors/casey-vigo-1.html" [1]
2026-05-18 01:11:46 URL:https://app.curiouscardinals.com/mentors/sophia-schloss [13809/13809] -> "/Users/briannazajicek/Documents/illuminairy/archives/curious-cardinals-2026-05-18/app-mentors/app.curiouscardinals.com/mentors/sophia-schloss.html" [1]
2026-05-18 01:11:47 URL:https://app.curiouscardinals.com/mentors/riva-sharma [14505/14505] -> "/Users/briannazajicek/Documents/illuminairy/archives/curious-cardinals-2026-05-18/app-mentors/app.curiouscardinals.com/mentors/riva-sharma.html" [1]
2026-05-18 01:11:47 URL:https://app.curiouscardinals.com/mentors/malena-smith-1 [17382/17382] -> "/Users/briannazajicek/Documents/illuminairy/archives/curious-cardinals-2026-05-18/app-mentors/app.curiouscardinals.com/mentors/malena-smith-1.html" [1]
2026-05-18 01:11:48 URL:https://app.curiouscardinals.com/mentors/emelia-richling [13561/13561] -> "/Users/briannazajicek/Documents/illuminairy/archives/curious-cardinals-2026-05-18/app-mentors/app.curiouscardinals.com/mentors/emelia-richling.html" [1]
2026-05-18 01:11:48 URL:https://app.curiouscardinals.com/mentors/dadmehr-ghasemfar [13955/13955] -> "/Users/briannazajicek/Documents/illuminairy/archives/curious-cardinals-2026-05-18/app-mentors/app.curiouscardinals.com/mentors/dadmehr-ghasemfar.html" [1]
2026-05-18 01:11:49 URL:https://app.curiouscardinals.com/mentors/lula-talenfeld [17684/17684] -> "/Users/briannazajicek/Documents/illuminairy/archives/curious-cardinals-2026-05-18/app-mentors/app.curiouscardinals.com/mentors/lula-talenfeld.html" [1]
2026-05-18 01:11:49 URL:https://app.curiouscardinals.com/mentors/nailah-donatto [16129/16129] -> "/Users/briannazajicek/Documents/illuminairy/archives/curious-cardinals-2026-05-18/app-mentors/app.curiouscardinals.com/mentors/nailah-donatto.html" [1]
2026-05-18 01:11:50 URL:https://app.curiouscardinals.com/mentors/sydney-hahn [15145/15145] -> "/Users/briannazajicek/Documents/illuminairy/archives/curious-cardinals-2026-05-18/app-mentors/app.curiouscardinals.com/mentors/sydney-hahn.html" [1]
2026-05-18 01:11:50 URL:https://app.curiouscardinals.com/mentors/cali-ordas [14836/14836] -> "/Users/briannazajicek/Documents/illuminairy/archives/curious-cardinals-2026-05-18/app-mentors/app.curiouscardinals.com/mentors/cali-ordas.html" [1]
2026-05-18 01:11:51 URL:https://app.curiouscardinals.com/mentors/jailyn-cardwell [14788/14788] -> "/Users/briannazajicek/Documents/illuminairy/archives/curious-cardinals-2026-05-18/app-mentors/app.curiouscardinals.com/mentors/jailyn-cardwell.html" [1]
2026-05-18 01:11:51 URL:https://app.curiouscardinals.com/mentors/hw-krause [22302/22302] -> "/Users/briannazajicek/Documents/illuminairy/archives/curious-cardinals-2026-05-18/app-mentors/app.curiouscardinals.com/mentors/hw-krause.html" [1]
2026-05-18 01:11:52 URL:https://app.curiouscardinals.com/mentors/pearl-mallick [13702/13702] -> "/Users/briannazajicek/Documents/illuminairy/archives/curious-cardinals-2026-05-18/app-mentors/app.curiouscardinals.com/mentors/pearl-mallick.html" [1]
2026-05-18 01:11:52 URL:https://app.curiouscardinals.com/mentors/aidan-armaly [13519/13519] -> "/Users/briannazajicek/Documents/illuminairy/archives/curious-cardinals-2026-05-18/app-mentors/app.curiouscardinals.com/mentors/aidan-armaly.html" [1]
2026-05-18 01:11:53 URL:https://app.curiouscardinals.com/mentors/sasha-masson [15587/15587] -> "/Users/briannazajicek/Documents/illuminairy/archives/curious-cardinals-2026-05-18/app-mentors/app.curiouscardinals.com/mentors/sasha-masson.html" [1]
2026-05-18 01:11:53 URL:https://app.curiouscardinals.com/mentors/ethan-pereira [18645/18645] -> "/Users/briannazajicek/Documents/illuminairy/archives/curious-cardinals-2026-05-18/app-mentors/app.curiouscardinals.com/mentors/ethan-pereira.html" [1]
2026-05-18 01:11:54 URL:https://app.curiouscardinals.com/mentors/sebastian-dejesus [13419/13419] -> "/Users/briannazajicek/Documents/illuminairy/archives/curious-cardinals-2026-05-18/app-mentors/app.curiouscardinals.com/mentors/sebastian-dejesus.html" [1]
2026-05-18 01:11:55 URL:https://app.curiouscardinals.com/mentors/mason-usher [15687/15687] -> "/Users/briannazajicek/Documents/illuminairy/archives/curious-cardinals-2026-05-18/app-mentors/app.curiouscardinals.com/mentors/mason-usher.html" [1]
2026-05-18 01:11:55 URL:https://app.curiouscardinals.com/mentors/mimi-larrieux [16692/16692] -> "/Users/briannazajicek/Documents/illuminairy/archives/curious-cardinals-2026-05-18/app-mentors/app.curiouscardinals.com/mentors/mimi-larrieux.html" [1]
2026-05-18 01:11:56 URL:https://app.curiouscardinals.com/mentors/gabrielle-unson [16066/16066] -> "/Users/briannazajicek/Documents/illuminairy/archives/curious-cardinals-2026-05-18/app-mentors/app.curiouscardinals.com/mentors/gabrielle-unson.html" [1]
2026-05-18 01:11:56 URL:https://app.curiouscardinals.com/mentors/sam-grinstead [15838/15838] -> "/Users/briannazajicek/Documents/illuminairy/archives/curious-cardinals-2026-05-18/app-mentors/app.curiouscardinals.com/mentors/sam-grinstead.html" [1]
2026-05-18 01:11:57 URL:https://app.curiouscardinals.com/mentors/luis- [25142/25142] -> "/Users/briannazajicek/Documents/illuminairy/archives/curious-cardinals-2026-05-18/app-mentors/app.curiouscardinals.com/mentors/luis-.html" [1]
2026-05-18 01:11:57 URL:https://app.curiouscardinals.com/mentors/charlotte-fink [18597/18597] -> "/Users/briannazajicek/Documents/illuminairy/archives/curious-cardinals-2026-05-18/app-mentors/app.curiouscardinals.com/mentors/charlotte-fink.html" [1]
2026-05-18 01:11:58 URL:https://app.curiouscardinals.com/mentors/madeleine-adriance [14911/14911] -> "/Users/briannazajicek/Documents/illuminairy/archives/curious-cardinals-2026-05-18/app-mentors/app.curiouscardinals.com/mentors/madeleine-adriance.html" [1]
2026-05-18 01:11:59 URL:https://app.curiouscardinals.com/mentors/ann-licharew [14622/14622] -> "/Users/briannazajicek/Documents/illuminairy/archives/curious-cardinals-2026-05-18/app-mentors/app.curiouscardinals.com/mentors/ann-licharew.html" [1]
2026-05-18 01:11:59 URL:https://app.curiouscardinals.com/mentors/katie-batten [14558/14558] -> "/Users/briannazajicek/Documents/illuminairy/archives/curious-cardinals-2026-05-18/app-mentors/app.curiouscardinals.com/mentors/katie-batten.html" [1]
2026-05-18 01:11:59 URL:https://app.curiouscardinals.com/mentors/annabelle-baird [14668/14668] -> "/Users/briannazajicek/Documents/illuminairy/archives/curious-cardinals-2026-05-18/app-mentors/app.curiouscardinals.com/mentors/annabelle-baird.html" [1]
2026-05-18 01:12:00 URL:https://app.curiouscardinals.com/mentors/taralyn-rose [16700/16700] -> "/Users/briannazajicek/Documents/illuminairy/archives/curious-cardinals-2026-05-18/app-mentors/app.curiouscardinals.com/mentors/taralyn-rose.html" [1]
2026-05-18 01:12:01 URL:https://app.curiouscardinals.com/mentors/lola-simon [15177/15177] -> "/Users/briannazajicek/Documents/illuminairy/archives/curious-cardinals-2026-05-18/app-mentors/app.curiouscardinals.com/mentors/lola-simon.html" [1]
2026-05-18 01:12:01 URL:https://app.curiouscardinals.com/mentors/abigail-obengmarnu [12736/12736] -> "/Users/briannazajicek/Documents/illuminairy/archives/curious-cardinals-2026-05-18/app-mentors/app.curiouscardinals.com/mentors/abigail-obengmarnu.html" [1]
2026-05-18 01:12:02 URL:https://app.curiouscardinals.com/mentors/ford-rollhaus-2 [16778/16778] -> "/Users/briannazajicek/Documents/illuminairy/archives/curious-cardinals-2026-05-18/app-mentors/app.curiouscardinals.com/mentors/ford-rollhaus-2.html" [1]
2026-05-18 01:12:02 URL:https://app.curiouscardinals.com/mentors/pranav-mettu-1 [20622/20622] -> "/Users/briannazajicek/Documents/illuminairy/archives/curious-cardinals-2026-05-18/app-mentors/app.curiouscardinals.com/mentors/pranav-mettu-1.html" [1]
2026-05-18 01:12:03 URL:https://app.curiouscardinals.com/mentors/drew-naiburgsmith [13866/13866] -> "/Users/briannazajicek/Documents/illuminairy/archives/curious-cardinals-2026-05-18/app-mentors/app.curiouscardinals.com/mentors/drew-naiburgsmith.html" [1]
2026-05-18 01:12:03 URL:https://app.curiouscardinals.com/mentors/sean-li [12675/12675] -> "/Users/briannazajicek/Documents/illuminairy/archives/curious-cardinals-2026-05-18/app-mentors/app.curiouscardinals.com/mentors/sean-li.html" [1]
2026-05-18 01:12:04 URL:https://app.curiouscardinals.com/mentors/franck-temgoua [15307/15307] -> "/Users/briannazajicek/Documents/illuminairy/archives/curious-cardinals-2026-05-18/app-mentors/app.curiouscardinals.com/mentors/franck-temgoua.html" [1]
2026-05-18 01:12:05 URL:https://app.curiouscardinals.com/mentors/chase-finizio [15430/15430] -> "/Users/briannazajicek/Documents/illuminairy/archives/curious-cardinals-2026-05-18/app-mentors/app.curiouscardinals.com/mentors/chase-finizio.html" [1]
2026-05-18 01:12:05 URL:https://app.curiouscardinals.com/mentors/skye-horiguchi [14280/14280] -> "/Users/briannazajicek/Documents/illuminairy/archives/curious-cardinals-2026-05-18/app-mentors/app.curiouscardinals.com/mentors/skye-horiguchi.html" [1]
2026-05-18 01:12:05 URL:https://app.curiouscardinals.com/mentors/henry-hattemer [17512/17512] -> "/Users/briannazajicek/Documents/illuminairy/archives/curious-cardinals-2026-05-18/app-mentors/app.curiouscardinals.com/mentors/henry-hattemer.html" [1]
2026-05-18 01:12:06 URL:https://app.curiouscardinals.com/mentors/margaret-moffat [17171/17171] -> "/Users/briannazajicek/Documents/illuminairy/archives/curious-cardinals-2026-05-18/app-mentors/app.curiouscardinals.com/mentors/margaret-moffat.html" [1]
2026-05-18 01:12:07 URL:https://app.curiouscardinals.com/mentors/samuel-calderon [14913/14913] -> "/Users/briannazajicek/Documents/illuminairy/archives/curious-cardinals-2026-05-18/app-mentors/app.curiouscardinals.com/mentors/samuel-calderon.html" [1]
2026-05-18 01:12:07 URL:https://app.curiouscardinals.com/mentors/augustin-tanoh-1 [13171/13171] -> "/Users/briannazajicek/Documents/illuminairy/archives/curious-cardinals-2026-05-18/app-mentors/app.curiouscardinals.com/mentors/augustin-tanoh-1.html" [1]
2026-05-18 01:12:08 URL:https://app.curiouscardinals.com/mentors/caroline-adkins [20187/20187] -> "/Users/briannazajicek/Documents/illuminairy/archives/curious-cardinals-2026-05-18/app-mentors/app.curiouscardinals.com/mentors/caroline-adkins.html" [1]
2026-05-18 01:12:08 URL:https://app.curiouscardinals.com/mentors/jamie-helmick [14128/14128] -> "/Users/briannazajicek/Documents/illuminairy/archives/curious-cardinals-2026-05-18/app-mentors/app.curiouscardinals.com/mentors/jamie-helmick.html" [1]
2026-05-18 01:12:09 URL:https://app.curiouscardinals.com/mentors/kofi-opoku [12336/12336] -> "/Users/briannazajicek/Documents/illuminairy/archives/curious-cardinals-2026-05-18/app-mentors/app.curiouscardinals.com/mentors/kofi-opoku.html" [1]
2026-05-18 01:12:09 URL:https://app.curiouscardinals.com/mentors/matthew-luulay [12226/12226] -> "/Users/briannazajicek/Documents/illuminairy/archives/curious-cardinals-2026-05-18/app-mentors/app.curiouscardinals.com/mentors/matthew-luulay.html" [1]
2026-05-18 01:12:10 URL:https://app.curiouscardinals.com/mentors/noam-borgnia [24598/24598] -> "/Users/briannazajicek/Documents/illuminairy/archives/curious-cardinals-2026-05-18/app-mentors/app.curiouscardinals.com/mentors/noam-borgnia.html" [1]
2026-05-18 01:12:11 URL:https://app.curiouscardinals.com/mentors/savannah-neibart [7031/7031] -> "/Users/briannazajicek/Documents/illuminairy/archives/curious-cardinals-2026-05-18/app-mentors/app.curiouscardinals.com/mentors/savannah-neibart.html" [1]
2026-05-18 01:12:11 URL:https://app.curiouscardinals.com/mentors/sultan-khanfar [17650/17650] -> "/Users/briannazajicek/Documents/illuminairy/archives/curious-cardinals-2026-05-18/app-mentors/app.curiouscardinals.com/mentors/sultan-khanfar.html" [1]
2026-05-18 01:12:12 URL:https://app.curiouscardinals.com/mentors/iris-wang [13784/13784] -> "/Users/briannazajicek/Documents/illuminairy/archives/curious-cardinals-2026-05-18/app-mentors/app.curiouscardinals.com/mentors/iris-wang.html" [1]
2026-05-18 01:12:13 URL:https://app.curiouscardinals.com/mentors/lily-steckel [15285/15285] -> "/Users/briannazajicek/Documents/illuminairy/archives/curious-cardinals-2026-05-18/app-mentors/app.curiouscardinals.com/mentors/lily-steckel.html" [1]
2026-05-18 01:12:13 URL:https://app.curiouscardinals.com/mentors/kene-chukwuma [17583/17583] -> "/Users/briannazajicek/Documents/illuminairy/archives/curious-cardinals-2026-05-18/app-mentors/app.curiouscardinals.com/mentors/kene-chukwuma.html" [1]
2026-05-18 01:12:14 URL:https://app.curiouscardinals.com/mentors/lindsay-batten [16055/16055] -> "/Users/briannazajicek/Documents/illuminairy/archives/curious-cardinals-2026-05-18/app-mentors/app.curiouscardinals.com/mentors/lindsay-batten.html" [1]
2026-05-18 01:12:14 URL:https://app.curiouscardinals.com/mentors/michael-yao [14024/14024] -> "/Users/briannazajicek/Documents/illuminairy/archives/curious-cardinals-2026-05-18/app-mentors/app.curiouscardinals.com/mentors/michael-yao.html" [1]
2026-05-18 01:12:15 URL:https://app.curiouscardinals.com/mentors/isabella-fish [13425/13425] -> "/Users/briannazajicek/Documents/illuminairy/archives/curious-cardinals-2026-05-18/app-mentors/app.curiouscardinals.com/mentors/isabella-fish.html" [1]
2026-05-18 01:12:15 URL:https://app.curiouscardinals.com/mentors/danika-lyle [10371/10371] -> "/Users/briannazajicek/Documents/illuminairy/archives/curious-cardinals-2026-05-18/app-mentors/app.curiouscardinals.com/mentors/danika-lyle.html" [1]
2026-05-18 01:12:16 URL:https://app.curiouscardinals.com/mentors/andrew-gerard [13799/13799] -> "/Users/briannazajicek/Documents/illuminairy/archives/curious-cardinals-2026-05-18/app-mentors/app.curiouscardinals.com/mentors/andrew-gerard.html" [1]
2026-05-18 01:12:17 URL:https://app.curiouscardinals.com/mentors/leila-ruser [14783/14783] -> "/Users/briannazajicek/Documents/illuminairy/archives/curious-cardinals-2026-05-18/app-mentors/app.curiouscardinals.com/mentors/leila-ruser.html" [1]
2026-05-18 01:12:17 URL:https://app.curiouscardinals.com/mentors/john-kelly [13549/13549] -> "/Users/briannazajicek/Documents/illuminairy/archives/curious-cardinals-2026-05-18/app-mentors/app.curiouscardinals.com/mentors/john-kelly.html" [1]
2026-05-18 01:12:17 URL:https://app.curiouscardinals.com/mentors/tatiana-vonbothmer [14981/14981] -> "/Users/briannazajicek/Documents/illuminairy/archives/curious-cardinals-2026-05-18/app-mentors/app.curiouscardinals.com/mentors/tatiana-vonbothmer.html" [1]
2026-05-18 01:12:18 URL:https://app.curiouscardinals.com/mentors/rina-li [15623/15623] -> "/Users/briannazajicek/Documents/illuminairy/archives/curious-cardinals-2026-05-18/app-mentors/app.curiouscardinals.com/mentors/rina-li.html" [1]
2026-05-18 01:12:19 URL:https://app.curiouscardinals.com/mentors/canon-grace [13345/13345] -> "/Users/briannazajicek/Documents/illuminairy/archives/curious-cardinals-2026-05-18/app-mentors/app.curiouscardinals.com/mentors/canon-grace.html" [1]
2026-05-18 01:12:19 URL:https://app.curiouscardinals.com/mentors/ricky-yamin [14648/14648] -> "/Users/briannazajicek/Documents/illuminairy/archives/curious-cardinals-2026-05-18/app-mentors/app.curiouscardinals.com/mentors/ricky-yamin.html" [1]
2026-05-18 01:12:20 URL:https://app.curiouscardinals.com/mentors/carl-lundstedt [14681/14681] -> "/Users/briannazajicek/Documents/illuminairy/archives/curious-cardinals-2026-05-18/app-mentors/app.curiouscardinals.com/mentors/carl-lundstedt.html" [1]
2026-05-18 01:12:20 URL:https://app.curiouscardinals.com/mentors/ericka-familia [15037/15037] -> "/Users/briannazajicek/Documents/illuminairy/archives/curious-cardinals-2026-05-18/app-mentors/app.curiouscardinals.com/mentors/ericka-familia.html" [1]
2026-05-18 01:12:21 URL:https://app.curiouscardinals.com/mentors/ruhani-sachdeva [13040/13040] -> "/Users/briannazajicek/Documents/illuminairy/archives/curious-cardinals-2026-05-18/app-mentors/app.curiouscardinals.com/mentors/ruhani-sachdeva.html" [1]
2026-05-18 01:12:21 URL:https://app.curiouscardinals.com/mentors/niara-botchwey [18888/18888] -> "/Users/briannazajicek/Documents/illuminairy/archives/curious-cardinals-2026-05-18/app-mentors/app.curiouscardinals.com/mentors/niara-botchwey.html" [1]
2026-05-18 01:12:22 URL:https://app.curiouscardinals.com/mentors/iveena-mukherjee [14169/14169] -> "/Users/briannazajicek/Documents/illuminairy/archives/curious-cardinals-2026-05-18/app-mentors/app.curiouscardinals.com/mentors/iveena-mukherjee.html" [1]
2026-05-18 01:12:22 URL:https://app.curiouscardinals.com/mentors/andrs-triana [16475/16475] -> "/Users/briannazajicek/Documents/illuminairy/archives/curious-cardinals-2026-05-18/app-mentors/app.curiouscardinals.com/mentors/andrs-triana.html" [1]
2026-05-18 01:12:23 URL:https://app.curiouscardinals.com/mentors/gabriel-steinberg [15951/15951] -> "/Users/briannazajicek/Documents/illuminairy/archives/curious-cardinals-2026-05-18/app-mentors/app.curiouscardinals.com/mentors/gabriel-steinberg.html" [1]
2026-05-18 01:12:24 URL:https://app.curiouscardinals.com/mentors/jonathan-wu [14420/14420] -> "/Users/briannazajicek/Documents/illuminairy/archives/curious-cardinals-2026-05-18/app-mentors/app.curiouscardinals.com/mentors/jonathan-wu.html" [1]
2026-05-18 01:12:24 URL:https://app.curiouscardinals.com/mentors/alice-cui [16445/16445] -> "/Users/briannazajicek/Documents/illuminairy/archives/curious-cardinals-2026-05-18/app-mentors/app.curiouscardinals.com/mentors/alice-cui.html" [1]
2026-05-18 01:12:25 URL:https://app.curiouscardinals.com/mentors/joe-mccord [13725/13725] -> "/Users/briannazajicek/Documents/illuminairy/archives/curious-cardinals-2026-05-18/app-mentors/app.curiouscardinals.com/mentors/joe-mccord.html" [1]
2026-05-18 01:12:25 URL:https://app.curiouscardinals.com/mentors/akshay-badlani [15913/15913] -> "/Users/briannazajicek/Documents/illuminairy/archives/curious-cardinals-2026-05-18/app-mentors/app.curiouscardinals.com/mentors/akshay-badlani.html" [1]
2026-05-18 01:12:26 URL:https://app.curiouscardinals.com/mentors/adelaide-dahl [14314/14314] -> "/Users/briannazajicek/Documents/illuminairy/archives/curious-cardinals-2026-05-18/app-mentors/app.curiouscardinals.com/mentors/adelaide-dahl.html" [1]
2026-05-18 01:12:27 URL:https://app.curiouscardinals.com/mentors/maanasa-sista [14170/14170] -> "/Users/briannazajicek/Documents/illuminairy/archives/curious-cardinals-2026-05-18/app-mentors/app.curiouscardinals.com/mentors/maanasa-sista.html" [1]
2026-05-18 01:12:27 URL:https://app.curiouscardinals.com/mentors/miriam-niestat [13458/13458] -> "/Users/briannazajicek/Documents/illuminairy/archives/curious-cardinals-2026-05-18/app-mentors/app.curiouscardinals.com/mentors/miriam-niestat.html" [1]
2026-05-18 01:12:28 URL:https://app.curiouscardinals.com/mentors/danyal-jawed [12748/12748] -> "/Users/briannazajicek/Documents/illuminairy/archives/curious-cardinals-2026-05-18/app-mentors/app.curiouscardinals.com/mentors/danyal-jawed.html" [1]
2026-05-18 01:12:28 URL:https://app.curiouscardinals.com/mentors/ethan-patel [22133/22133] -> "/Users/briannazajicek/Documents/illuminairy/archives/curious-cardinals-2026-05-18/app-mentors/app.curiouscardinals.com/mentors/ethan-patel.html" [1]
2026-05-18 01:12:29 URL:https://app.curiouscardinals.com/mentors/jack-bachman-1 [14628/14628] -> "/Users/briannazajicek/Documents/illuminairy/archives/curious-cardinals-2026-05-18/app-mentors/app.curiouscardinals.com/mentors/jack-bachman-1.html" [1]
2026-05-18 01:12:30 URL:https://app.curiouscardinals.com/mentors/mackenzie-graves [13624/13624] -> "/Users/briannazajicek/Documents/illuminairy/archives/curious-cardinals-2026-05-18/app-mentors/app.curiouscardinals.com/mentors/mackenzie-graves.html" [1]
2026-05-18 01:12:30 URL:https://app.curiouscardinals.com/mentors/pia-brker [17306/17306] -> "/Users/briannazajicek/Documents/illuminairy/archives/curious-cardinals-2026-05-18/app-mentors/app.curiouscardinals.com/mentors/pia-brker.html" [1]
2026-05-18 01:12:31 URL:https://app.curiouscardinals.com/mentors/adrian-lopez [12890/12890] -> "/Users/briannazajicek/Documents/illuminairy/archives/curious-cardinals-2026-05-18/app-mentors/app.curiouscardinals.com/mentors/adrian-lopez.html" [1]
2026-05-18 01:12:31 URL:https://app.curiouscardinals.com/mentors/gwendolyncastlekern-spencer [15438/15438] -> "/Users/briannazajicek/Documents/illuminairy/archives/curious-cardinals-2026-05-18/app-mentors/app.curiouscardinals.com/mentors/gwendolyncastlekern-spencer.html" [1]
2026-05-18 01:12:32 URL:https://app.curiouscardinals.com/mentors/halle-clottey [9720/9720] -> "/Users/briannazajicek/Documents/illuminairy/archives/curious-cardinals-2026-05-18/app-mentors/app.curiouscardinals.com/mentors/halle-clottey.html" [1]
2026-05-18 01:12:32 URL:https://app.curiouscardinals.com/mentors/nicholas-knoth [21423/21423] -> "/Users/briannazajicek/Documents/illuminairy/archives/curious-cardinals-2026-05-18/app-mentors/app.curiouscardinals.com/mentors/nicholas-knoth.html" [1]
2026-05-18 01:12:33 URL:https://app.curiouscardinals.com/mentors/rhea-rajvansh [15498/15498] -> "/Users/briannazajicek/Documents/illuminairy/archives/curious-cardinals-2026-05-18/app-mentors/app.curiouscardinals.com/mentors/rhea-rajvansh.html" [1]
2026-05-18 01:12:34 URL:https://app.curiouscardinals.com/mentors/pei-qi [13048/13048] -> "/Users/briannazajicek/Documents/illuminairy/archives/curious-cardinals-2026-05-18/app-mentors/app.curiouscardinals.com/mentors/pei-qi.html" [1]
2026-05-18 01:12:34 URL:https://app.curiouscardinals.com/mentors/jacob-young [13165/13165] -> "/Users/briannazajicek/Documents/illuminairy/archives/curious-cardinals-2026-05-18/app-mentors/app.curiouscardinals.com/mentors/jacob-young.html" [1]
2026-05-18 01:12:35 URL:https://app.curiouscardinals.com/mentors/yasmeen-alfaqeeh [15759/15759] -> "/Users/briannazajicek/Documents/illuminairy/archives/curious-cardinals-2026-05-18/app-mentors/app.curiouscardinals.com/mentors/yasmeen-alfaqeeh.html" [1]
2026-05-18 01:12:35 URL:https://app.curiouscardinals.com/mentors/joshua-burrows [10227/10227] -> "/Users/briannazajicek/Documents/illuminairy/archives/curious-cardinals-2026-05-18/app-mentors/app.curiouscardinals.com/mentors/joshua-burrows.html" [1]
2026-05-18 01:12:36 URL:https://app.curiouscardinals.com/mentors/tash-mainsah [17830/17830] -> "/Users/briannazajicek/Documents/illuminairy/archives/curious-cardinals-2026-05-18/app-mentors/app.curiouscardinals.com/mentors/tash-mainsah.html" [1]
2026-05-18 01:12:36 URL:https://app.curiouscardinals.com/mentors/helene-goldberg [17229/17229] -> "/Users/briannazajicek/Documents/illuminairy/archives/curious-cardinals-2026-05-18/app-mentors/app.curiouscardinals.com/mentors/helene-goldberg.html" [1]
2026-05-18 01:12:37 URL:https://app.curiouscardinals.com/mentors/katelyn-ma [17092/17092] -> "/Users/briannazajicek/Documents/illuminairy/archives/curious-cardinals-2026-05-18/app-mentors/app.curiouscardinals.com/mentors/katelyn-ma.html" [1]
2026-05-18 01:12:37 URL:https://app.curiouscardinals.com/mentors/zadan-mason [16569/16569] -> "/Users/briannazajicek/Documents/illuminairy/archives/curious-cardinals-2026-05-18/app-mentors/app.curiouscardinals.com/mentors/zadan-mason.html" [1]
2026-05-18 01:12:38 URL:https://app.curiouscardinals.com/mentors/ollie-nishikawa [14533/14533] -> "/Users/briannazajicek/Documents/illuminairy/archives/curious-cardinals-2026-05-18/app-mentors/app.curiouscardinals.com/mentors/ollie-nishikawa.html" [1]
2026-05-18 01:12:39 URL:https://app.curiouscardinals.com/mentors/bridget-lim [15941/15941] -> "/Users/briannazajicek/Documents/illuminairy/archives/curious-cardinals-2026-05-18/app-mentors/app.curiouscardinals.com/mentors/bridget-lim.html" [1]
2026-05-18 01:12:39 URL:https://app.curiouscardinals.com/mentors/vikram-chatterjee [15755/15755] -> "/Users/briannazajicek/Documents/illuminairy/archives/curious-cardinals-2026-05-18/app-mentors/app.curiouscardinals.com/mentors/vikram-chatterjee.html" [1]
2026-05-18 01:12:40 URL:https://app.curiouscardinals.com/mentors/hasani-spann [14568/14568] -> "/Users/briannazajicek/Documents/illuminairy/archives/curious-cardinals-2026-05-18/app-mentors/app.curiouscardinals.com/mentors/hasani-spann.html" [1]
2026-05-18 01:12:40 URL:https://app.curiouscardinals.com/mentors/lucia-ponti-1 [11314/11314] -> "/Users/briannazajicek/Documents/illuminairy/archives/curious-cardinals-2026-05-18/app-mentors/app.curiouscardinals.com/mentors/lucia-ponti-1.html" [1]
2026-05-18 01:12:41 URL:https://app.curiouscardinals.com/mentors/elizabeth-schmidt [16436/16436] -> "/Users/briannazajicek/Documents/illuminairy/archives/curious-cardinals-2026-05-18/app-mentors/app.curiouscardinals.com/mentors/elizabeth-schmidt.html" [1]
2026-05-18 01:12:42 URL:https://app.curiouscardinals.com/mentors/kaesyn-price [15393/15393] -> "/Users/briannazajicek/Documents/illuminairy/archives/curious-cardinals-2026-05-18/app-mentors/app.curiouscardinals.com/mentors/kaesyn-price.html" [1]
2026-05-18 01:12:42 URL:https://app.curiouscardinals.com/mentors/cimrun-srivastava [12844/12844] -> "/Users/briannazajicek/Documents/illuminairy/archives/curious-cardinals-2026-05-18/app-mentors/app.curiouscardinals.com/mentors/cimrun-srivastava.html" [1]
2026-05-18 01:12:43 URL:https://app.curiouscardinals.com/mentors/victor-li [16226/16226] -> "/Users/briannazajicek/Documents/illuminairy/archives/curious-cardinals-2026-05-18/app-mentors/app.curiouscardinals.com/mentors/victor-li.html" [1]
2026-05-18 01:12:43 URL:https://app.curiouscardinals.com/mentors/matthew-lowe [22484/22484] -> "/Users/briannazajicek/Documents/illuminairy/archives/curious-cardinals-2026-05-18/app-mentors/app.curiouscardinals.com/mentors/matthew-lowe.html" [1]
2026-05-18 01:12:43 URL:https://app.curiouscardinals.com/mentors/zen-yoshikawa [13752/13752] -> "/Users/briannazajicek/Documents/illuminairy/archives/curious-cardinals-2026-05-18/app-mentors/app.curiouscardinals.com/mentors/zen-yoshikawa.html" [1]
2026-05-18 01:12:44 URL:https://app.curiouscardinals.com/mentors/nathaniel-hylton [11771/11771] -> "/Users/briannazajicek/Documents/illuminairy/archives/curious-cardinals-2026-05-18/app-mentors/app.curiouscardinals.com/mentors/nathaniel-hylton.html" [1]
2026-05-18 01:12:44 URL:https://app.curiouscardinals.com/mentors/favour-olagunju [18879/18879] -> "/Users/briannazajicek/Documents/illuminairy/archives/curious-cardinals-2026-05-18/app-mentors/app.curiouscardinals.com/mentors/favour-olagunju.html" [1]
2026-05-18 01:12:45 URL:https://app.curiouscardinals.com/mentors/teddy-cavanagh [11527/11527] -> "/Users/briannazajicek/Documents/illuminairy/archives/curious-cardinals-2026-05-18/app-mentors/app.curiouscardinals.com/mentors/teddy-cavanagh.html" [1]
2026-05-18 01:12:45 URL:https://app.curiouscardinals.com/mentors/adetomiwa-adeyemi [14684/14684] -> "/Users/briannazajicek/Documents/illuminairy/archives/curious-cardinals-2026-05-18/app-mentors/app.curiouscardinals.com/mentors/adetomiwa-adeyemi.html" [1]
2026-05-18 01:12:46 URL:https://app.curiouscardinals.com/mentors/august-taylor [11914/11914] -> "/Users/briannazajicek/Documents/illuminairy/archives/curious-cardinals-2026-05-18/app-mentors/app.curiouscardinals.com/mentors/august-taylor.html" [1]
2026-05-18 01:12:46 URL:https://app.curiouscardinals.com/mentors/atul-venkatesh [16268/16268] -> "/Users/briannazajicek/Documents/illuminairy/archives/curious-cardinals-2026-05-18/app-mentors/app.curiouscardinals.com/mentors/atul-venkatesh.html" [1]
2026-05-18 01:12:47 URL:https://app.curiouscardinals.com/mentors/abel-profeta-1 [14925/14925] -> "/Users/briannazajicek/Documents/illuminairy/archives/curious-cardinals-2026-05-18/app-mentors/app.curiouscardinals.com/mentors/abel-profeta-1.html" [1]
2026-05-18 01:12:47 URL:https://app.curiouscardinals.com/mentors/luca-livigni [17073/17073] -> "/Users/briannazajicek/Documents/illuminairy/archives/curious-cardinals-2026-05-18/app-mentors/app.curiouscardinals.com/mentors/luca-livigni.html" [1]
2026-05-18 01:12:48 URL:https://app.curiouscardinals.com/mentors/lana-hadziosmanovic [12971/12971] -> "/Users/briannazajicek/Documents/illuminairy/archives/curious-cardinals-2026-05-18/app-mentors/app.curiouscardinals.com/mentors/lana-hadziosmanovic.html" [1]
2026-05-18 01:12:49 URL:https://app.curiouscardinals.com/mentors/conner-william [19454/19454] -> "/Users/briannazajicek/Documents/illuminairy/archives/curious-cardinals-2026-05-18/app-mentors/app.curiouscardinals.com/mentors/conner-william.html" [1]
2026-05-18 01:12:49 URL:https://app.curiouscardinals.com/mentors/ada-sosic [20611/20611] -> "/Users/briannazajicek/Documents/illuminairy/archives/curious-cardinals-2026-05-18/app-mentors/app.curiouscardinals.com/mentors/ada-sosic.html" [1]
2026-05-18 01:12:50 URL:https://app.curiouscardinals.com/mentors/anay-patel [15376/15376] -> "/Users/briannazajicek/Documents/illuminairy/archives/curious-cardinals-2026-05-18/app-mentors/app.curiouscardinals.com/mentors/anay-patel.html" [1]
2026-05-18 01:12:50 URL:https://app.curiouscardinals.com/mentors/daniel-anigioro [14382/14382] -> "/Users/briannazajicek/Documents/illuminairy/archives/curious-cardinals-2026-05-18/app-mentors/app.curiouscardinals.com/mentors/daniel-anigioro.html" [1]
2026-05-18 01:12:51 URL:https://app.curiouscardinals.com/mentors/julia-schetelig [13647/13647] -> "/Users/briannazajicek/Documents/illuminairy/archives/curious-cardinals-2026-05-18/app-mentors/app.curiouscardinals.com/mentors/julia-schetelig.html" [1]
2026-05-18 01:12:52 URL:https://app.curiouscardinals.com/mentors/felipe-flix [13936/13936] -> "/Users/briannazajicek/Documents/illuminairy/archives/curious-cardinals-2026-05-18/app-mentors/app.curiouscardinals.com/mentors/felipe-flix.html" [1]
2026-05-18 01:12:52 URL:https://app.curiouscardinals.com/mentors/cayley-tolbertschwartz [14389/14389] -> "/Users/briannazajicek/Documents/illuminairy/archives/curious-cardinals-2026-05-18/app-mentors/app.curiouscardinals.com/mentors/cayley-tolbertschwartz.html" [1]
2026-05-18 01:12:53 URL:https://app.curiouscardinals.com/mentors/laila-larkin-1 [14592/14592] -> "/Users/briannazajicek/Documents/illuminairy/archives/curious-cardinals-2026-05-18/app-mentors/app.curiouscardinals.com/mentors/laila-larkin-1.html" [1]
2026-05-18 01:12:54 URL:https://app.curiouscardinals.com/mentors/julia-patterson [14487/14487] -> "/Users/briannazajicek/Documents/illuminairy/archives/curious-cardinals-2026-05-18/app-mentors/app.curiouscardinals.com/mentors/julia-patterson.html" [1]
2026-05-18 01:12:54 URL:https://app.curiouscardinals.com/mentors/micah-draper [14069/14069] -> "/Users/briannazajicek/Documents/illuminairy/archives/curious-cardinals-2026-05-18/app-mentors/app.curiouscardinals.com/mentors/micah-draper.html" [1]
2026-05-18 01:12:55 URL:https://app.curiouscardinals.com/mentors/carlos-pablo [16327/16327] -> "/Users/briannazajicek/Documents/illuminairy/archives/curious-cardinals-2026-05-18/app-mentors/app.curiouscardinals.com/mentors/carlos-pablo.html" [1]
2026-05-18 01:12:55 URL:https://app.curiouscardinals.com/mentors/nancy-chen [19154/19154] -> "/Users/briannazajicek/Documents/illuminairy/archives/curious-cardinals-2026-05-18/app-mentors/app.curiouscardinals.com/mentors/nancy-chen.html" [1]
2026-05-18 01:12:56 URL:https://app.curiouscardinals.com/mentors/mikaelah-freeman [19588/19588] -> "/Users/briannazajicek/Documents/illuminairy/archives/curious-cardinals-2026-05-18/app-mentors/app.curiouscardinals.com/mentors/mikaelah-freeman.html" [1]
2026-05-18 01:12:56 URL:https://app.curiouscardinals.com/mentors/francesca-nyakora [15393/15393] -> "/Users/briannazajicek/Documents/illuminairy/archives/curious-cardinals-2026-05-18/app-mentors/app.curiouscardinals.com/mentors/francesca-nyakora.html" [1]
2026-05-18 01:12:57 URL:https://app.curiouscardinals.com/mentors/jeffrey-moon [15285/15285] -> "/Users/briannazajicek/Documents/illuminairy/archives/curious-cardinals-2026-05-18/app-mentors/app.curiouscardinals.com/mentors/jeffrey-moon.html" [1]
2026-05-18 01:12:58 URL:https://app.curiouscardinals.com/mentors/christian-laquis [16586/16586] -> "/Users/briannazajicek/Documents/illuminairy/archives/curious-cardinals-2026-05-18/app-mentors/app.curiouscardinals.com/mentors/christian-laquis.html" [1]
2026-05-18 01:12:58 URL:https://app.curiouscardinals.com/mentors/nicole-viloria [20790/20790] -> "/Users/briannazajicek/Documents/illuminairy/archives/curious-cardinals-2026-05-18/app-mentors/app.curiouscardinals.com/mentors/nicole-viloria.html" [1]
2026-05-18 01:12:59 URL:https://app.curiouscardinals.com/mentors/ashley-steen [14825/14825] -> "/Users/briannazajicek/Documents/illuminairy/archives/curious-cardinals-2026-05-18/app-mentors/app.curiouscardinals.com/mentors/ashley-steen.html" [1]
2026-05-18 01:12:59 URL:https://app.curiouscardinals.com/mentors/francois-jeanbaptiste [16112/16112] -> "/Users/briannazajicek/Documents/illuminairy/archives/curious-cardinals-2026-05-18/app-mentors/app.curiouscardinals.com/mentors/francois-jeanbaptiste.html" [1]
2026-05-18 01:13:00 URL:https://app.curiouscardinals.com/mentors/galia-santanaoikawa [14885/14885] -> "/Users/briannazajicek/Documents/illuminairy/archives/curious-cardinals-2026-05-18/app-mentors/app.curiouscardinals.com/mentors/galia-santanaoikawa.html" [1]
2026-05-18 01:13:00 URL:https://app.curiouscardinals.com/mentors/samantha-pohly [17403/17403] -> "/Users/briannazajicek/Documents/illuminairy/archives/curious-cardinals-2026-05-18/app-mentors/app.curiouscardinals.com/mentors/samantha-pohly.html" [1]
2026-05-18 01:13:01 URL:https://app.curiouscardinals.com/mentors/mira-sivaprasad [13958/13958] -> "/Users/briannazajicek/Documents/illuminairy/archives/curious-cardinals-2026-05-18/app-mentors/app.curiouscardinals.com/mentors/mira-sivaprasad.html" [1]
2026-05-18 01:13:01 URL:https://app.curiouscardinals.com/mentors/grace-halak [13934/13934] -> "/Users/briannazajicek/Documents/illuminairy/archives/curious-cardinals-2026-05-18/app-mentors/app.curiouscardinals.com/mentors/grace-halak.html" [1]
2026-05-18 01:13:02 URL:https://app.curiouscardinals.com/mentors/hamzeh-hamdan [14065/14065] -> "/Users/briannazajicek/Documents/illuminairy/archives/curious-cardinals-2026-05-18/app-mentors/app.curiouscardinals.com/mentors/hamzeh-hamdan.html" [1]
2026-05-18 01:13:03 URL:https://app.curiouscardinals.com/mentors/swan-yi [16479/16479] -> "/Users/briannazajicek/Documents/illuminairy/archives/curious-cardinals-2026-05-18/app-mentors/app.curiouscardinals.com/mentors/swan-yi.html" [1]
2026-05-18 01:13:03 URL:https://app.curiouscardinals.com/mentors/parisa-verma [21257/21257] -> "/Users/briannazajicek/Documents/illuminairy/archives/curious-cardinals-2026-05-18/app-mentors/app.curiouscardinals.com/mentors/parisa-verma.html" [1]
2026-05-18 01:13:04 URL:https://app.curiouscardinals.com/mentors/amanda-ng [13327/13327] -> "/Users/briannazajicek/Documents/illuminairy/archives/curious-cardinals-2026-05-18/app-mentors/app.curiouscardinals.com/mentors/amanda-ng.html" [1]
2026-05-18 01:13:04 URL:https://app.curiouscardinals.com/mentors/adriana-garcia [16479/16479] -> "/Users/briannazajicek/Documents/illuminairy/archives/curious-cardinals-2026-05-18/app-mentors/app.curiouscardinals.com/mentors/adriana-garcia.html" [1]
2026-05-18 01:13:05 URL:https://app.curiouscardinals.com/mentors/ritvik-ellendula [15759/15759] -> "/Users/briannazajicek/Documents/illuminairy/archives/curious-cardinals-2026-05-18/app-mentors/app.curiouscardinals.com/mentors/ritvik-ellendula.html" [1]
2026-05-18 01:13:05 URL:https://app.curiouscardinals.com/mentors/alexandra-lin [14260/14260] -> "/Users/briannazajicek/Documents/illuminairy/archives/curious-cardinals-2026-05-18/app-mentors/app.curiouscardinals.com/mentors/alexandra-lin.html" [1]
2026-05-18 01:13:06 URL:https://app.curiouscardinals.com/mentors/clara-ma [17020/17020] -> "/Users/briannazajicek/Documents/illuminairy/archives/curious-cardinals-2026-05-18/app-mentors/app.curiouscardinals.com/mentors/clara-ma.html" [1]
2026-05-18 01:13:06 URL:https://app.curiouscardinals.com/mentors/savannah-herrera [24282/24282] -> "/Users/briannazajicek/Documents/illuminairy/archives/curious-cardinals-2026-05-18/app-mentors/app.curiouscardinals.com/mentors/savannah-herrera.html" [1]
2026-05-18 01:13:07 URL:https://app.curiouscardinals.com/mentors/logan-kelly-1 [17647/17647] -> "/Users/briannazajicek/Documents/illuminairy/archives/curious-cardinals-2026-05-18/app-mentors/app.curiouscardinals.com/mentors/logan-kelly-1.html" [1]
2026-05-18 01:13:07 URL:https://app.curiouscardinals.com/mentors/natachi-onwuamaegbu [14868/14868] -> "/Users/briannazajicek/Documents/illuminairy/archives/curious-cardinals-2026-05-18/app-mentors/app.curiouscardinals.com/mentors/natachi-onwuamaegbu.html" [1]
2026-05-18 01:13:08 URL:https://app.curiouscardinals.com/mentors/julia-peet [14813/14813] -> "/Users/briannazajicek/Documents/illuminairy/archives/curious-cardinals-2026-05-18/app-mentors/app.curiouscardinals.com/mentors/julia-peet.html" [1]
2026-05-18 01:13:08 URL:https://app.curiouscardinals.com/mentors/audrey-chen-1 [16226/16226] -> "/Users/briannazajicek/Documents/illuminairy/archives/curious-cardinals-2026-05-18/app-mentors/app.curiouscardinals.com/mentors/audrey-chen-1.html" [1]
2026-05-18 01:13:09 URL:https://app.curiouscardinals.com/mentors/alexis-her [16807/16807] -> "/Users/briannazajicek/Documents/illuminairy/archives/curious-cardinals-2026-05-18/app-mentors/app.curiouscardinals.com/mentors/alexis-her.html" [1]
2026-05-18 01:13:10 URL:https://app.curiouscardinals.com/mentors/shreya-karthik [17506/17506] -> "/Users/briannazajicek/Documents/illuminairy/archives/curious-cardinals-2026-05-18/app-mentors/app.curiouscardinals.com/mentors/shreya-karthik.html" [1]
2026-05-18 01:13:10 URL:https://app.curiouscardinals.com/mentors/arthur-roshal [13858/13858] -> "/Users/briannazajicek/Documents/illuminairy/archives/curious-cardinals-2026-05-18/app-mentors/app.curiouscardinals.com/mentors/arthur-roshal.html" [1]
2026-05-18 01:13:10 URL:https://app.curiouscardinals.com/mentors/olivia-thuy [16427/16427] -> "/Users/briannazajicek/Documents/illuminairy/archives/curious-cardinals-2026-05-18/app-mentors/app.curiouscardinals.com/mentors/olivia-thuy.html" [1]
2026-05-18 01:13:11 URL:https://app.curiouscardinals.com/mentors/yahya-arastu [19324/19324] -> "/Users/briannazajicek/Documents/illuminairy/archives/curious-cardinals-2026-05-18/app-mentors/app.curiouscardinals.com/mentors/yahya-arastu.html" [1]
2026-05-18 01:13:11 URL:https://app.curiouscardinals.com/mentors/samuel-lee [14215/14215] -> "/Users/briannazajicek/Documents/illuminairy/archives/curious-cardinals-2026-05-18/app-mentors/app.curiouscardinals.com/mentors/samuel-lee.html" [1]
2026-05-18 01:13:12 URL:https://app.curiouscardinals.com/mentors/ismael-perez [14241/14241] -> "/Users/briannazajicek/Documents/illuminairy/archives/curious-cardinals-2026-05-18/app-mentors/app.curiouscardinals.com/mentors/ismael-perez.html" [1]
FINISHED --2026-05-18 01:13:12--
Total wall clock time: 23m 15s
Downloaded: 2376 files, 41M in 9.2s (4.52 MB/s)
